MFCC_1,MFCC_2,MFCC_3,MFCC_4,MFCC_5,MFCC_6,MFCC_7,MFCC_8,MFCC_9,MFCC_10,MFCC_11,MFCC_12,MFCC_13,MFCC_14,MFCC_15,MFCC_16,MFCC_17,MFCC_18,MFCC_19,MFCC_20,MFCC_21,MFCC_22,MFCC_23,MFCC_24,MFCC_25,MFCC_26,MFCC_27,MFCC_28,MFCC_29,MFCC_30,MFCC_31,MFCC_32,MFCC_33,MFCC_34,MFCC_35,MFCC_36,MFCC_37,MFCC_38,MFCC_39,MFCC_40,emotion,filename
-635.40546,46.724274,-9.126486,7.6220226,-9.228819,-2.252636,-11.927204,-5.1333394,-2.8860652,-3.1843457,-4.7457595,-3.0650966,-2.5977137,-6.1249785,-1.8442603,-3.0448897,-1.4771304,-0.90403044,0.019703778,-0.9195292,-0.5437418,1.2913762,-2.1677918,-0.87197727,-0.43448424,0.49864596,1.7971783,0.29728475,2.768628,2.799539,3.8628983,3.0850015,0.9427709,-0.76422495,0.5940232,-0.5204445,-0.37546742,-1.0186619,-0.54634106,-3.2355938,neutral,03-01-01-01-01-01-02.wav
-636.1977,40.699337,-8.0251665,9.808751,-10.634167,-1.0344394,-11.675278,-2.8833816,-3.891005,-1.806389,-4.7946687,-3.4168859,-2.4210331,-5.8858147,-2.8536484,-1.628712,-1.5706836,-1.1164511,-0.33890226,-1.6288657,-1.8779429,0.3645356,-2.3251672,-2.4539585,-1.9333153,1.1894447,3.0112898,0.82466334,3.5081983,4.371406,3.172842,2.6520247,1.9363155,0.1815618,1.3364193,-1.1691475,-0.46082067,-0.9393358,0.20539886,-1.5758439,neutral,03-01-01-01-01-02-02.wav
-610.567,45.034027,-11.266638,4.745263,-8.560231,-2.1599095,-12.786818,-6.30015,-4.42165,-3.2478728,-5.74154,-3.9214094,-0.40447563,-6.5593915,-2.523208,-4.164769,-2.0991545,0.054164384,-0.085531615,-0.18958148,-0.69397914,0.33623514,0.08886227,0.31936684,3.7546244,2.3481395,2.9113605,0.57219326,2.098282,2.3106267,0.89238787,3.2536004,2.499207,-1.2684526,-0.20317166,-0.32072014,1.7249858,0.38941616,0.12227801,-2.1898234,neutral,03-01-01-01-02-01-02.wav
-627.9353,40.644955,-10.158667,4.523316,-11.419609,-3.3669298,-13.973921,-7.337733,-5.521185,-4.2694473,-6.2527127,-6.426897,-2.23848,-7.3765316,-1.8709474,-4.972972,-2.4123797,-0.49205887,-0.2928442,-1.4658835,-2.11219,-0.5861603,-1.4740665,1.2042359,3.7476616,3.4715815,4.7352242,2.8507466,2.6593876,0.47723028,-0.9301665,3.0501766,4.270379,1.183467,1.0270427,-1.0604407,0.5618443,-0.1516643,0.17189631,-1.8588717,neutral,03-01-01-01-02-02-02.wav
-647.83813,44.68281,-2.6711228,9.461971,-9.021506,0.6391363,-10.630218,-3.574412,-4.0354004,-1.9083245,-6.7329845,-2.015586,-1.1265398,-4.8357143,-2.6187415,-2.570771,-3.790157,-2.778386,-1.3472196,-2.3578146,-0.82062846,0.31345424,0.044768333,3.1605966,5.4855337,7.5014176,6.8202767,3.736141,3.6742032,2.421471,3.471705,2.7131703,1.5101216,-0.3954232,1.602861,0.25376546,1.3632351,0.94166005,0.09719038,-1.6247612,calm,03-01-02-01-01-01-02.wav
-644.3049,39.74072,-8.272569,7.1271725,-10.224844,-0.43002543,-12.671678,-3.6364284,-4.8013005,-2.552783,-9.39635,-2.6190321,-1.1304439,-6.1052313,-3.622529,-4.9973717,-4.7319417,-4.2473364,-1.6228746,-2.8643155,-1.126356,-0.34864768,-0.44185707,0.58030933,1.3159525,3.4963348,5.7681413,4.7668905,5.708604,3.2103455,2.0143523,0.3851143,2.4267762,3.339616,5.175338,1.667654,1.0418866,-0.85989153,-0.41058412,-1.8758718,calm,03-01-02-01-01-02-02.wav
-641.79755,39.74957,-7.2182965,2.888638,-8.270582,-4.028354,-12.377616,-6.6888366,-4.975251,-4.631062,-7.816871,-4.441982,-2.03532,-8.808444,-3.688048,-3.4089859,-5.0226016,-3.1727803,-2.9067488,-5.5258365,-1.2525978,-1.0060136,-0.30204323,0.7086753,4.285861,6.1170907,8.270617,6.3312845,5.9516606,4.074417,2.4994476,4.0840364,3.9939256,2.9271796,3.628154,1.8005335,2.595521,-0.043497674,-0.028893407,-2.0616663,calm,03-01-02-01-02-01-02.wav
-634.46356,41.665356,-13.791749,0.7677086,-10.538466,-4.5988154,-15.451441,-7.8763046,-6.1932344,-5.586053,-9.089184,-7.3609815,-3.6912847,-9.423522,-4.6202536,-4.461276,-5.964747,-4.877182,-4.336855,-6.2102513,-2.443071,-1.0131999,-0.8680982,0.94987875,2.6353385,3.873549,7.3371983,5.4499683,5.9667315,4.2960415,2.4456608,3.855237,3.906173,2.980647,4.151185,1.069197,1.2706257,-0.298241,-0.3360314,-2.1092594,calm,03-01-02-01-02-02-02.wav
-630.25793,36.54704,-5.7362823,6.132927,-11.085209,-2.071126,-9.924001,-6.7612033,-4.411791,-3.1549423,-9.031953,-3.2253582,-4.171502,-5.541437,-5.4374757,-4.6295652,-4.528741,-4.5740075,-1.6841452,-4.313327,-1.851076,-1.9736239,-2.0611444,-0.5629836,0.7195639,2.95233,2.3997052,0.897944,1.5406151,2.390949,4.3715596,6.169303,6.4741445,2.38564,2.6343935,-0.09635951,0.064624965,-0.8174913,-0.07688088,-0.85094684,calm,03-01-02-02-01-01-02.wav
-641.808,38.204582,-8.419167,4.941075,-11.31685,-0.23404428,-12.550733,-5.4237995,-5.843285,-1.5354774,-9.743683,-3.8492563,-2.2305534,-6.2765646,-5.073647,-5.5932903,-4.243116,-5.2325926,-4.239467,-6.507016,-3.5646436,-0.727421,0.41920626,1.0338094,0.5268877,-0.84869784,0.8793477,0.660552,2.7555223,3.4337883,4.3017364,5.7861724,6.471596,3.2353175,1.0453349,-1.6198549,0.03206188,-0.22103874,-1.4544371,-3.39446,calm,03-01-02-02-01-02-02.wav
-645.7035,35.32699,-8.023512,-1.1053988,-8.707755,-3.7567449,-15.876344,-8.9088955,-5.9582906,-5.237083,-12.118075,-5.109925,-4.684057,-7.5672183,-3.5161567,-4.8095636,-5.1681557,-5.5418344,-2.4405093,-6.779232,-1.5219533,-1.4811007,-1.034793,4.2613297,4.24298,6.375496,5.4749103,3.835002,4.237474,2.9656444,2.713843,5.0276275,4.399607,0.98195285,0.398501,-0.83640474,0.07934902,-0.8027836,-1.9865566,-3.3204675,calm,03-01-02-02-02-01-02.wav
-647.8738,41.797832,-6.257358,0.904021,-8.125261,-3.0570939,-14.571233,-6.8589916,-4.0271206,-3.8591478,-12.477927,-5.371197,-3.5474203,-7.3475327,-4.079311,-5.2800465,-5.0726943,-5.824871,-3.927422,-7.605731,-2.590573,-3.189015,-2.0436196,1.0733963,2.8172796,4.313116,4.9277887,2.6801612,3.433068,3.5152688,4.956377,7.952451,5.640008,0.62855095,-0.7699862,-1.9179649,0.45420223,0.77869534,-0.5571986,-3.572277,calm,03-01-02-02-02-02-02.wav
-575.2524,34.172585,-20.05832,9.664356,-14.001209,-1.2343472,-15.455996,-7.162723,-4.462488,-4.478281,-5.23597,-7.062744,-1.9498271,-5.70678,-3.36319,-1.5041636,-3.453593,0.17340957,-0.8864303,-3.2551174,-1.3083724,-0.970237,0.14767241,-0.7496658,1.3369466,1.860402,3.1883037,-0.94955146,0.16693722,3.246499,4.264438,2.5842624,-1.7322818,-1.1519423,2.116469,0.3327827,-0.3735687,-0.97862697,-0.7414515,-2.8002,happy,03-01-03-01-01-01-02.wav
-590.0678,35.446938,-15.525521,12.249591,-14.445168,-1.3680013,-15.171151,-5.885669,-4.9971614,-5.660035,-4.101605,-6.1983957,-0.9052255,-5.7598915,-3.7474477,-0.8690628,-2.9286616,1.2491997,-0.5256824,-3.4237068,-1.2856437,-1.7641525,-2.237583,-3.0354047,0.56709373,1.7807008,3.906168,1.202343,2.0424736,4.8441153,4.688431,3.3446307,0.7438183,0.43833956,1.6521261,-0.99886364,0.23337303,0.05203123,-1.4687304,-3.091001,happy,03-01-03-01-01-02-02.wav
-588.44073,33.536575,-20.77354,5.7390127,-13.61126,-4.9055796,-19.264112,-7.600759,-4.714629,-7.3966002,-5.307241,-8.648794,-1.7790102,-7.5284324,-4.571315,-3.1712193,-5.5360103,0.45180768,-0.21558455,-2.7876437,-0.60453886,-0.61497617,1.139241,1.9187036,3.8690467,1.4491414,1.5333167,-1.5205569,-0.37452438,2.9515994,4.6269836,6.0880547,2.2368288,-0.016940676,1.9029924,2.7731726,2.0350075,-0.45820898,-2.3812847,-1.5097402,happy,03-01-03-01-02-01-02.wav
-575.8838,37.82465,-14.791084,7.9226303,-12.259492,-4.9851446,-17.317606,-5.3238964,-3.042528,-5.766606,-4.653114,-6.4670844,-1.9824499,-7.7297435,-3.6874084,-3.0747774,-4.282234,0.75015545,-1.2102109,-4.258762,-2.4822693,-1.8101511,-0.14078382,2.0044568,2.992122,1.0055221,2.4393616,-0.0842137,0.32319155,1.3329643,2.6226149,4.738893,0.29647502,-2.3732982,-1.11756,1.3033694,1.1561246,-2.1159909,-2.9517157,-2.4786842,happy,03-01-03-01-02-02-02.wav
-467.038,21.11978,-28.63964,8.207037,-22.987545,-6.8591876,-17.250235,-7.080891,-7.9824443,-9.308076,-4.2222476,-10.219842,-0.7199815,-8.438803,-3.6784258,1.5317544,-0.6854451,1.8470665,-1.0491089,-3.59988,0.5476098,-0.12198304,0.7065354,-0.9635054,2.1858306,3.6049578,4.7208695,2.6746247,2.7091658,2.6236227,1.537024,2.7892122,2.0042448,0.67004275,0.88680696,-1.105383,0.8809566,0.7362627,-1.0198206,-2.442176,happy,03-01-03-02-01-01-02.wav
-475.66223,25.609335,-31.023457,8.7571335,-21.603931,-9.58214,-16.478636,-7.758221,-6.1511827,-8.922474,-2.578115,-9.42736,0.9276043,-7.4048553,-0.6759654,3.347477,-0.749749,2.0306256,-0.52961993,-3.0955684,-0.5312944,-0.33845186,-0.8234752,-0.99493927,0.9288699,1.7142812,3.1885,4.00776,6.560603,6.4812207,2.5954134,2.694519,2.275599,3.113857,3.3037548,0.61941636,0.24046461,-1.5175953,-1.5130591,-1.4902153,happy,03-01-03-02-01-02-02.wav
-519.67847,29.003983,-23.798498,6.2715926,-15.269007,-10.747621,-18.993977,-7.2102695,-3.8944848,-10.847803,-4.4591684,-9.637912,-1.3445903,-9.163794,-5.370697,-3.278334,-5.5824046,0.32000786,2.2893777,-1.5758222,0.77824706,2.7969725,2.08688,2.6260035,3.3651357,0.7596072,0.36201292,2.4697266,4.81178,6.2918024,2.0250342,2.7835813,2.177197,1.1571857,2.2153075,2.4471624,1.3656956,-0.201643,-0.6737648,-2.1038132,happy,03-01-03-02-02-01-02.wav
-525.10736,27.800629,-23.747856,5.3111835,-17.929525,-9.002614,-17.249086,-8.939772,-6.843163,-10.369581,-4.3812165,-10.044222,-0.5737063,-9.294173,-3.4219418,0.7111543,-2.4661584,1.835208,0.36691588,-4.8310685,-0.22198495,0.22955972,1.2919316,0.48334882,2.7582223,2.1940932,3.3154237,4.2539787,7.332032,7.7613187,3.7950878,4.54088,2.5499363,2.4082255,2.2365727,1.4399735,-0.448767,-1.3624351,-0.4381108,-1.480415,happy,03-01-03-02-02-02-02.wav
-661.0233,44.365345,-10.496012,6.4579415,-10.824492,-3.057783,-13.94004,-7.0842586,-6.160957,-3.3826346,-8.176196,-2.044797,-1.0401772,-5.262519,-3.9839206,-3.4107916,-4.1333117,-3.954326,-1.3460047,-2.6856031,-1.8337141,1.5724543,1.0119387,0.8570146,2.2280157,2.8474534,4.6106596,3.8400636,8.406046,9.12556,7.357072,5.937254,1.8062423,-1.2355294,-0.3311556,-0.77897555,0.7512043,-1.416565,-2.060231,-2.5302544,sad,03-01-04-01-01-01-02.wav
-655.04297,47.295467,-9.504826,8.1560755,-10.038513,-0.92788035,-11.882472,-7.2978115,-4.161465,-3.0830946,-6.666557,-2.6196318,-2.154352,-5.177692,-4.572778,-3.280814,-4.467719,-3.9861536,-0.9358628,-2.7112582,-3.4996917,0.5945879,-0.37384096,-1.0870906,3.0328062,2.1558554,5.377579,3.8107982,6.7987814,6.711296,4.0510964,2.5162363,-0.5618753,-2.1418972,0.7705075,-0.1748926,-0.23246674,-1.4176915,0.46725118,-0.52621526,sad,03-01-04-01-01-02-02.wav
-641.686,36.85587,-6.0221353,3.4416218,-8.657608,-5.389701,-15.849226,-5.957723,-4.353003,-5.2437425,-5.900148,-4.619018,-2.2900846,-6.608458,-3.7952542,-2.914644,-4.377953,-2.9808903,-2.0678046,-5.397914,-4.451828,-0.90663445,-1.9225322,0.8068945,3.0884264,2.3509667,2.2543218,1.9265693,8.165493,12.503864,11.966543,9.72847,2.8365877,-1.3134612,1.7477512,1.7579525,1.8117497,-0.9741519,-0.87513745,-2.5993762,sad,03-01-04-01-02-01-02.wav
-669.17004,38.393654,-6.3836093,6.501678,-7.428947,-3.638206,-12.907678,-6.6740823,-2.4010277,-4.2381663,-6.1573977,-3.8255277,-2.799119,-5.4045615,-2.6002054,-3.344373,-3.2418308,-3.5518627,-1.9213512,-5.1511245,-5.0061855,-1.6637831,-2.6350553,-1.2896672,2.236146,3.5937383,6.6142817,6.810506,10.974826,12.938182,10.26529,8.364322,2.3632689,-2.0212243,0.17668225,1.8653879,2.2661462,-0.6537058,-1.6774061,-2.4436703,sad,03-01-04-01-02-02-02.wav
-650.843,40.72871,-9.246672,4.180254,-13.377858,-5.800053,-18.130136,-11.082564,-6.891073,-6.2695537,-5.4709635,-4.121294,1.5505104,-6.5799522,-4.981374,-1.1836476,-3.0529075,-0.95885324,0.9968438,-0.04386077,-0.14042279,4.907524,5.047304,6.384138,5.1672387,1.634061,0.67912984,-3.0931401,0.8961703,1.5476238,0.24652086,-1.5253341,-1.2298809,-1.5745203,-1.172126,-1.7569482,-0.94797766,-0.326075,0.21599331,-3.0756762,sad,03-01-04-02-01-01-02.wav
-666.3118,47.67977,-5.437079,6.5096207,-9.213475,-5.8889737,-16.619791,-10.045007,-6.673647,-4.9528112,-6.170078,-4.3595476,-2.837475,-4.8323994,-4.144913,-0.5426186,-4.375935,-2.6897137,-1.7199697,-2.1048381,-0.98259825,2.1289728,2.1177192,3.2364943,6.0392675,5.4316516,4.9446025,1.2067374,1.3074777,0.32184857,0.7126847,0.1264621,-1.1213505,-2.7858355,-1.1997925,-0.82387817,-0.43421045,-2.393669,-1.4094374,-1.762346,sad,03-01-04-02-01-02-02.wav
-643.6321,37.03512,-7.283425,1.9764456,-9.561776,-6.450409,-18.484287,-12.16946,-7.461353,-6.730093,-6.8438177,-7.4928823,-2.4249718,-8.040396,-6.6414437,-1.9143269,-7.9336653,-3.8162785,-3.3606284,-4.874248,-1.717744,3.373796,3.2807264,2.82617,3.4843948,2.0065496,4.393949,2.8426914,4.397984,1.7379191,-0.4341002,-1.3834984,0.27370006,-1.83941,-1.9797279,-1.589196,-0.9907635,-1.6954873,-0.9991919,-3.373198,sad,03-01-04-02-02-01-02.wav
-651.98224,38.88322,-7.591327,5.015376,-9.922703,-9.294632,-18.363504,-10.839063,-5.1660285,-8.2222595,-6.815825,-6.707876,-1.6541314,-7.09458,-6.179384,-0.74858433,-6.9962826,-2.744106,-1.84946,-2.232152,0.21941543,6.612179,4.7965236,4.177625,3.1740704,-0.82365733,-0.4037648,-1.8467058,1.3813356,0.55787426,-2.44017,-2.2394392,-1.2354542,-2.8463614,-2.6326206,-1.2473431,-0.22845614,-0.77889276,0.01492281,-2.3901272,sad,03-01-04-02-02-02-02.wav
-550.4616,37.126804,-10.296967,5.8845444,-11.541992,-0.78828025,-12.100042,-6.3632298,-3.7522051,-1.9433959,-4.1014924,-3.0602338,-0.70873916,-5.8213696,-3.9135854,-3.180115,-2.2603955,0.026028516,2.6414213,0.6697565,-0.11989133,-0.743168,1.423465,2.5449893,4.542288,1.1265928,0.6143507,-0.66830236,2.205826,3.2748363,2.3572645,1.2634883,0.48974642,-0.16194804,1.4982992,0.4857669,0.7709413,0.44989896,0.72181606,-0.31733426,angry,03-01-05-01-01-01-02.wav
-518.1756,33.209614,-15.092018,6.941053,-13.081229,-1.0203849,-13.879342,-4.284098,-2.1836257,-0.83456486,-3.6677818,-2.245758,-2.012723,-5.175923,-3.59002,-1.6462817,-2.15177,2.10987,2.289927,0.38085523,-0.44854268,-0.043789115,0.36439055,2.1889844,3.3604612,0.5274339,0.70826346,-0.5948925,3.2672164,3.333369,2.712693,2.94608,0.9691184,0.20924303,0.9741364,0.051778477,2.0892055,0.9001478,0.3928742,-1.1711377,angry,03-01-05-01-01-02-02.wav
-560.54895,39.410366,-9.880576,2.6073468,-11.7290535,-1.152456,-13.671922,-7.4221516,-3.9886932,-4.4058976,-4.804212,-4.958453,-1.4840814,-6.5448265,-3.982841,-3.9974177,-6.520889,-2.8176892,-1.5527493,-1.6054859,0.80585796,0.5825803,1.7842609,2.366491,4.807837,3.7150733,4.165577,1.5602788,1.7179203,1.2147894,1.8373449,2.1601744,1.1424978,0.3250933,0.1948155,-1.7979947,-0.9363142,1.0626273,-0.028126342,-1.6356585,angry,03-01-05-01-02-01-02.wav
-551.44244,33.720516,-15.628715,2.4794524,-16.706732,-1.9327705,-14.841024,-8.201318,-4.62863,-3.71951,-5.2521486,-5.94276,-0.057671558,-6.3854227,-2.6672673,-5.2421694,-8.001143,-3.057691,-1.822784,-2.9368412,-0.5868319,0.5819847,1.119863,1.7677138,4.1192365,4.3861,6.3908,1.5731175,0.94515,-0.039507974,2.1049397,2.926168,1.376573,-1.5235952,0.3777317,0.579167,-0.65075475,-1.6920995,-0.45966136,-0.110193044,angry,03-01-05-01-02-02-02.wav
-432.47113,21.181581,-22.267942,1.7722628,-20.865084,0.6702692,-15.065822,-5.3763976,-4.8051167,-3.4947882,-4.5532856,-6.056248,-1.7733209,-3.7526755,-0.014437816,1.8984773,2.321859,3.124136,3.168462,0.07031919,-0.9638833,0.41863292,2.1208472,4.1451135,2.7590017,-1.2368021,-1.2735366,0.033443168,3.0497353,0.37802652,1.3595506,1.9692137,-0.89594144,0.81209344,1.1945664,1.2780863,-0.37063402,0.6956987,0.92211664,-0.38632223,angry,03-01-05-02-01-01-02.wav
-456.5021,23.712025,-23.363634,1.925018,-21.036789,3.1798277,-12.504065,-6.817718,-5.4676394,-3.1349218,-3.4960146,-7.050501,-0.7370178,-6.0031686,-2.115153,0.38602638,0.5108225,2.1161397,1.5339967,-0.06593943,0.9484592,2.316728,3.1687067,3.183084,1.6411991,0.23116352,1.9966744,0.31455702,1.44156,-1.2251233,0.0027479448,2.5886996,1.0513219,1.1734285,-0.055673145,0.4360747,-0.40242386,-0.18549877,0.830189,-1.1519961,angry,03-01-05-02-01-02-02.wav
-415.10547,16.743078,-31.730055,-4.858996,-25.534586,-2.9725332,-18.155628,-11.792139,-7.853075,-8.317683,-6.355126,-10.710406,-4.545664,-5.5090237,-0.5885159,2.368427,4.1036553,5.372609,6.398519,4.2716374,2.8208385,0.2301924,-0.45035043,-0.5768704,0.7746764,-2.6925013,-1.3710254,-0.8095917,1.7664795,-0.304934,-0.11007751,2.688712,0.5939595,1.4406646,1.3915247,4.1411066,0.3227766,0.67107826,1.1894717,0.56701946,angry,03-01-05-02-02-01-02.wav
-405.35672,14.025391,-30.700766,-3.5098982,-25.765701,-1.278237,-17.203098,-10.068624,-7.7132626,-8.038142,-6.514185,-10.943448,-4.103093,-5.869577,1.0162462,2.5122638,0.2521888,2.539094,2.213218,2.2586067,4.6113405,3.113983,1.6768308,-0.78284913,0.44600737,-0.73036104,0.906138,-2.0233088,0.090117924,1.048128,1.9024581,0.55042726,-1.7608395,0.626852,-0.4675826,-1.7153764,-1.2933332,1.7136871,2.6146135,0.32838312,angry,03-01-05-02-02-02-02.wav
-553.35486,22.084358,-24.241869,4.419842,-18.99474,-4.8398247,-18.337267,-8.205303,-8.710852,-5.7867055,-7.413481,-2.4286277,-0.22646399,-5.747267,-6.9750113,-5.387644,-2.1153154,3.1708858,9.056832,7.876337,8.931735,7.3280244,1.9174572,1.9572188,2.771611,0.82925975,-0.073565975,-3.4761086,-0.72350216,-1.5010228,-1.5872054,-0.937616,-3.578432,-3.8105543,-1.6205935,-0.49393398,0.4622444,0.091164686,0.4356683,-0.8665968,fearful,03-01-06-01-01-01-02.wav
-554.9267,23.37704,-25.109528,2.4909868,-17.461088,-3.7598553,-18.397785,-9.799361,-7.1433105,-6.4658303,-7.2985888,-3.3904448,0.8843308,-7.439679,-3.9271169,-1.2695373,1.062087,6.4759674,10.044752,7.6286883,5.092423,5.1431313,0.49968243,-0.4998777,0.960756,-0.38570556,-0.57716906,-4.4766216,-1.2025726,-0.9933291,-1.6005884,0.3566516,-2.1385777,-1.4899627,-0.060875066,-1.1560013,0.5437102,2.7638104,1.8728245,-0.5741174,fearful,03-01-06-01-01-02-02.wav
-556.5882,22.68968,-24.389767,3.2090921,-15.66788,-6.8145657,-20.599209,-8.281238,-4.5752516,-8.108864,-6.540923,-3.8226018,0.13805586,-7.795336,-3.3019247,-2.6683843,-0.21740438,5.74441,9.273486,7.095667,6.057363,6.3144426,0.9254587,1.8059776,3.9801316,0.06389016,0.5572212,-4.173853,-0.2729863,-1.5951521,-1.9342111,-0.56870204,-2.1093972,-1.5417067,0.12617087,0.25902942,0.87318116,2.0269945,0.99938387,-1.4000307,fearful,03-01-06-01-02-01-02.wav
-552.8506,19.319302,-28.938042,0.76407886,-15.469777,-9.738176,-23.288126,-8.2599,-4.075149,-9.204049,-8.058018,-1.9026372,-0.114907905,-8.632951,-2.551273,-2.2360744,4.364157,12.267844,16.841711,10.286965,4.908766,3.0506992,-4.1327877,-1.4043245,0.5204906,0.2709331,-0.50497735,-5.498575,-0.5661854,-0.8328096,-3.0904224,-1.1461604,-3.3814359,-0.9698798,1.4398487,2.3662612,2.2074172,1.5220606,3.3232744,1.925462,fearful,03-01-06-01-02-02-02.wav
-506.29843,10.649076,-30.898521,-0.10552164,-22.248175,-6.7164493,-18.021626,-9.845248,-4.1571794,-9.243191,-7.8876915,-3.8822067,2.9593987,2.0934446,10.383625,13.8319845,7.206981,2.6018004,-2.6688957,-6.3159094,-2.7216418,0.13304843,-5.788411,-5.471724,-2.6325536,-0.3798434,-0.8450188,-1.6092703,4.648432,6.127453,2.5654519,1.2114253,0.83546335,-1.485901,-1.6201322,-0.29188633,2.4717333,-1.9920057,-1.8247355,-0.35854566,fearful,03-01-06-02-01-01-02.wav
-484.66223,8.933294,-29.595257,0.34644845,-21.960833,-7.349624,-16.628222,-11.360639,-5.909407,-9.750346,-5.4632497,-2.4243984,3.1027262,-0.03563396,9.784521,16.053387,9.712563,3.9880588,-1.7604579,-7.9210677,-4.2154307,-0.2567984,-4.810481,-4.5325575,-3.6326265,-1.194848,1.0697976,-3.279969,0.4545214,1.7112658,5.0063787,2.4537377,1.4077927,1.1660087,-0.94995785,-3.7899592,0.43626958,1.4683269,-1.8997498,-1.7014788,fearful,03-01-06-02-01-02-02.wav
-484.19293,8.521112,-28.745632,-3.2581992,-18.584824,-8.28969,-15.662823,-9.021528,-6.7460775,-9.723969,-7.034196,-4.668544,2.7913232,0.07995116,7.3284144,11.823795,8.720245,5.842655,0.9971836,-5.8328114,-3.6705215,-1.0934651,-4.63711,-4.432917,-2.9546142,-2.2821412,-0.69942516,-0.5708903,4.0423417,0.5318853,0.5374907,2.3245096,-0.6033463,-0.11368679,5.177298,2.3659625,-1.3682451,-1.5566705,-0.6656815,-2.011045,fearful,03-01-06-02-02-01-02.wav
-474.03302,12.107175,-26.953959,-2.4110575,-17.175589,-8.160783,-20.118282,-8.285341,-3.9573731,-9.08622,-5.9123626,-2.6851134,2.212074,1.6368482,11.410329,12.891219,7.98497,5.2528143,1.5362426,-2.8454635,-1.2888274,-1.7483324,-6.068274,-2.2371838,-0.932752,-2.059246,0.086379126,0.8845372,5.2801995,-0.23675434,0.31340322,3.8597844,0.20373791,0.39351985,4.5093255,2.6282918,-0.8233027,-0.36486068,1.0301559,-0.75010675,fearful,03-01-06-02-02-02-02.wav
-617.7003,41.746655,-10.398191,3.8063245,-8.826359,-0.07053913,-17.855112,-4.9599404,-3.8105469,-3.3404682,-4.411337,-3.1221197,-1.5538105,-4.940987,-3.7294137,-3.9189107,-5.7142987,-3.2620108,-2.9651186,-4.157937,-3.9864266,-0.15355901,-2.0412393,0.5053427,-0.30742383,-0.18026255,-0.011250965,1.4103265,3.2497976,4.368742,4.963126,3.3647382,1.0427483,-0.003882914,0.9630268,2.960512,2.0027385,-0.65258104,-0.37779054,-1.3993477,disgust,03-01-07-01-01-01-02.wav
-631.088,47.63037,-10.991911,5.546584,-11.430086,-0.012520698,-18.375973,-8.204264,-2.7825136,-4.1660247,-5.9692445,-5.699266,-2.4660647,-3.9939985,-5.593035,-2.4106765,-6.0144234,-3.9626238,-3.0819924,-5.013044,-6.541366,-2.4945555,-4.2587023,-1.303671,-1.3889302,0.8510769,2.4748795,-0.35847637,1.8700109,0.41644427,2.6564815,2.9599142,2.7753732,1.4830127,0.5315922,1.4822618,1.1609657,0.13830572,-0.5779637,-2.0424232,disgust,03-01-07-01-01-02-02.wav
-605.10474,44.49103,-10.093559,2.9463415,-8.565523,-3.123838,-16.709223,-8.804073,-1.8229946,-7.674584,-4.57372,-6.7585697,-2.633117,-6.5562296,-3.970984,-3.2656646,-6.362483,-3.5427837,-3.449747,-7.065368,-5.9276304,-3.8942363,-7.5323105,-3.3704548,-3.3091648,1.342839,4.050066,5.00431,5.0573316,2.8687596,1.2191346,0.90206766,0.81724423,1.8081716,4.1888785,3.9484055,1.7659086,-0.6633907,-0.11669312,-1.682001,disgust,03-01-07-01-02-01-02.wav
-617.51355,41.153774,-14.413462,4.043523,-12.625558,-4.6262026,-19.71516,-7.515694,-1.164576,-9.25172,-4.7045374,-8.332717,-4.012648,-6.472664,-3.1556697,-4.590388,-6.1110525,-3.9330134,-3.3934264,-7.1543856,-3.9676633,-3.2661428,-6.1646657,-1.3611823,-2.1987603,2.2404418,3.3938813,4.187072,5.3659024,4.729156,3.3033254,2.771542,2.0211785,3.328257,4.817525,4.4565716,0.26501822,-1.6369249,-0.47199106,0.40442666,disgust,03-01-07-01-02-02-02.wav
-560.94763,34.19694,-14.990398,0.31479633,-16.369978,-1.5205615,-18.337688,-8.790094,-3.145705,-6.913703,-6.3565507,-5.2832274,-3.1207206,-7.364546,-4.9932704,-4.0035553,-5.6000686,-4.493441,-4.075024,-4.872075,-5.488246,-2.1435397,-3.0669706,0.20074345,0.5205557,2.9324505,3.8198812,1.3689271,3.3728967,2.6194022,2.621047,1.9877428,-0.025892053,-0.63239044,-0.5001614,1.4245005,0.6034852,-0.71148705,-1.2837543,-1.8841172,disgust,03-01-07-02-01-01-02.wav
-563.1773,37.54295,-10.572156,2.2958417,-13.628082,0.9041541,-14.654043,-7.223343,-2.1385393,-3.6822753,-5.6068077,-4.6438007,-2.5545526,-6.510129,-4.374695,-3.7012813,-4.871175,-3.2173278,-1.8602887,-4.1867676,-3.5662947,-0.4849945,0.55292976,2.661753,3.8216083,3.2804425,3.9809947,1.6207235,3.2245493,2.342333,0.9282525,0.39852917,-0.11951831,0.10002384,0.38914624,-0.102480814,-0.6595211,-1.1337545,-2.019431,-2.1044347,disgust,03-01-07-02-01-02-02.wav
-537.9256,38.48642,-16.25257,-3.689826,-13.258373,-7.279717,-21.49163,-8.234714,-3.9292386,-10.44427,-2.4484403,-8.760854,-3.7075322,-6.9319825,-5.304658,-2.9572434,-6.5138955,-5.625692,-2.8090012,-8.359668,-3.530552,-3.2658405,-2.952931,3.6349628,3.929021,7.3690324,4.772725,4.6240673,3.3741806,5.5453663,5.5527864,3.0146608,0.70491624,0.6228298,0.37273777,1.631311,-0.9479796,-3.0029705,-1.2675066,-1.5258352,disgust,03-01-07-02-02-01-02.wav
-548.59875,37.44811,-16.196356,-1.3143166,-13.076074,-6.155222,-18.702179,-8.166266,-2.5871577,-6.927865,-1.6678935,-8.091857,-1.316215,-6.123953,-3.2198687,-1.3880178,-8.407546,-3.644995,-4.8036914,-4.860454,-4.391434,-2.6164258,-3.626157,2.1810596,3.706667,4.528285,5.8992515,6.6860123,8.670632,6.2364173,4.469803,2.288696,0.49770188,1.6946065,0.7372421,0.99417096,-0.9893724,-0.0544026,-0.82502115,-1.1537596,disgust,03-01-07-02-02-02-02.wav
-555.83997,29.290012,-13.096715,8.953996,-14.7843,-2.5444891,-8.286427,-3.1942692,-5.3291316,-3.179134,-6.795137,-1.0133808,-0.11445449,0.13021187,1.6472851,-0.78215295,-0.8676373,1.883735,1.3376114,-1.2104496,-1.7436867,0.5568156,0.6720798,2.8748894,4.184232,3.7866347,5.7851353,4.743259,4.29406,1.2103474,2.086901,3.5303736,3.2883465,1.044116,2.0809672,1.0004504,0.64237666,-0.026261833,0.27294895,-0.2995256,surprised,03-01-08-01-01-01-02.wav
-589.65607,31.98993,-17.224478,5.4101243,-13.008881,-2.5514345,-9.568748,-6.9922857,-6.78177,-6.2413726,-5.301222,-3.5672235,-0.74595094,-1.6189011,-1.3234884,-1.425261,-2.2544963,-0.0021484825,1.0178603,-1.2680458,-2.3772507,-3.1897237,-1.0203087,1.911783,3.5661492,2.8466697,2.6340535,1.9710013,2.9231446,2.1639206,1.85957,2.276268,0.97333884,-0.6732136,0.57092613,2.4921331,2.3306074,0.8469296,-0.021548454,-1.4755895,surprised,03-01-08-01-01-02-02.wav
-580.1185,33.142296,-14.648585,3.2120256,-14.045164,-2.7247381,-12.091038,-6.525799,-5.07375,-7.4249496,-6.306604,-6.3141284,1.0720224,-4.163701,0.34415248,-1.2611713,-4.164903,-0.86456054,-0.6237438,-2.0363443,-0.24121961,-1.3357108,-0.88928455,-1.164075,0.8956178,0.38006112,3.0133317,4.116849,4.6965356,1.8600782,0.2602308,1.3761619,0.6216624,-0.34072953,0.8999617,1.1714827,0.23366071,0.23808879,-0.29680175,-0.85704917,surprised,03-01-08-01-02-01-02.wav
-574.94324,32.673702,-17.528267,6.1643066,-15.625961,-7.577698,-14.576489,-8.137153,-6.9602757,-7.2082148,-7.4732137,-3.0039113,2.6608305,-2.748984,-0.6659037,-3.6965384,-5.0044775,-0.8263464,1.3861141,-1.5804312,-1.5181146,0.6799716,1.1880546,1.3179772,4.27946,4.7364025,4.786568,1.6603224,3.113111,0.97616154,-0.5694947,1.0839412,0.91684055,-1.6233351,0.7145249,2.791274,2.6030583,1.204291,-0.9961695,-1.2238309,surprised,03-01-08-01-02-02-02.wav
-517.66364,25.280918,-16.597189,5.061655,-15.150991,-1.4619261,-11.5517435,-6.085297,-5.999113,-3.9126785,-5.4329977,0.62559307,5.858849,1.1103376,-0.69725984,-2.3876076,-4.946304,-1.1902661,1.4192715,-3.9741259,-2.439855,0.1194098,2.9523203,3.0841148,3.065562,6.7098913,4.4474216,3.4261487,2.401469,3.3085551,0.76541436,1.432481,0.84884936,0.49567476,0.093991384,0.8614338,0.13224442,0.33560628,-1.3627503,-1.4548482,surprised,03-01-08-02-01-01-02.wav
-527.2085,26.783066,-21.94385,3.7863414,-17.607645,-2.4311497,-9.916307,-6.2256064,-5.7998614,-4.6320357,-4.8813853,1.6112479,5.101179,1.3444346,-1.0965178,0.014754044,-4.209637,-1.6707137,-0.44218257,-5.3442993,-3.0903072,-1.0084783,1.009574,1.8195128,3.988804,4.277218,2.7352464,1.5537657,4.4938703,3.9451947,2.7892683,1.218809,1.0946625,-0.028817905,0.8198237,1.472691,-0.721933,-0.9356311,-0.47140315,-1.6293697,surprised,03-01-08-02-01-02-02.wav
-526.59064,26.880774,-16.510292,-0.20381612,-18.786037,-6.204519,-12.691205,-9.744315,-7.456968,-5.6285043,-3.0510652,-3.3038127,3.813634,0.1293895,0.70319974,-0.70112115,-2.5376902,-0.49009877,-1.0155411,-2.4729764,1.0511312,1.6984822,2.873624,2.3869498,3.4292107,2.9151926,2.0767362,1.857938,3.0641475,3.0588067,2.5246487,2.8426464,0.29162356,-1.609486,0.43098184,0.16686545,-1.0835997,-0.10174683,-0.06767032,-1.0795523,surprised,03-01-08-02-02-01-02.wav
-506.26773,27.73102,-23.342062,-4.750439,-18.310797,-7.5625215,-16.935822,-9.276205,-7.383553,-7.991889,-8.287772,-6.1579723,-0.5861149,-6.2056155,-3.0084915,-0.27479032,-1.4780453,0.9600343,-0.0688798,-4.204999,-0.060650367,-0.22835457,1.3077198,0.016151346,2.2425442,3.1756282,2.9453437,0.588376,2.0543795,3.0526063,2.6676664,2.3008294,1.0339521,0.004967876,-0.0011152286,0.5616855,0.4689633,0.23974891,-1.0813928,-0.68773335,surprised,03-01-08-02-02-02-02.wav
-605.2227,52.040966,-3.5687604,12.550495,-0.9915152,-8.083779,-13.936629,-2.1665583,-10.8826885,-2.0119717,-4.4555078,-3.7527802,-3.0403993,-5.112951,-2.5471694,-5.5541883,-1.1366462,-5.4129515,-4.4209905,-5.483606,-3.6384203,-3.975766,-3.2249072,-1.1371273,-2.6859472,-1.9525529,-2.4163532,-1.2065285,-1.9732431,-0.9441259,1.0646812,0.11218768,-2.2076879,-2.8867006,-2.226558,1.3192881,4.116694,3.4820354,0.48884675,-0.7227875,neutral,03-01-01-01-01-01-03.wav
-609.915,65.0368,3.846368,20.325369,5.055613,-3.2898688,-10.124157,1.9369645,-6.2945876,0.8318261,-1.092068,1.500414,-0.34180257,-1.5239204,3.5204308,-1.8417014,3.2322183,-1.3580328,-0.4998362,-1.155023,-1.193146,-1.8791939,-0.1402919,1.521743,1.5159786,3.018483,1.5267256,1.8674221,0.75945824,1.236809,2.3151734,2.0809374,1.614779,1.2834834,1.0119225,1.2002019,0.9078508,1.2252605,-0.27836365,0.20350501,neutral,03-01-01-01-01-02-03.wav
-617.15356,53.97014,-1.1232238,14.063348,1.9245092,-8.1164,-14.305121,-2.5319965,-11.446804,0.53800905,-6.5005417,-2.335401,-1.9756641,-5.3090878,-1.8850226,-5.490064,-2.8342297,-4.616942,-6.4682455,-4.0916047,-3.9049919,-6.763004,-2.985501,-1.823969,-3.8425212,-0.9420734,-3.0426934,-2.5071604,-4.2434077,-3.214822,-2.3980618,-2.8550131,-4.3570986,-3.896544,-3.9229262,-0.3822318,0.7519319,0.098017745,-1.8703067,-1.6671686,neutral,03-01-01-01-02-01-03.wav
-604.01715,51.534996,2.3086402,12.3393755,4.176553,-8.921254,-16.94944,-4.267659,-12.321475,-2.0262222,-4.998059,-2.3202302,-3.343789,-4.9875736,-1.2330298,-4.818677,-1.859359,-2.2275712,-4.2198715,-3.8455603,-3.2034338,-5.4393864,-2.3234487,-1.6849045,-1.8208517,0.14453082,-2.5748558,-1.8553104,-2.89259,-2.6620631,-1.0052104,-1.4000422,-2.016654,-2.5664322,-2.627232,-0.52016664,-0.73675334,0.045211498,0.36794758,3.5933042,neutral,03-01-01-01-02-02-03.wav
-624.97815,60.35457,3.9504747,12.869618,2.8017905,-7.465623,-12.233694,0.56076306,-9.241049,4.31713,-6.628827,-1.5704014,-4.1586747,-4.0641975,-0.83929765,-5.71521,-0.29552853,-5.0997105,-3.5522475,-4.216888,-3.6949022,-5.125244,-3.1411219,-1.7551047,-3.0151312,-0.64680874,-2.3801055,-2.0028207,-3.5850325,-2.5428965,-1.4054573,-2.2200987,-3.0189312,-4.9193983,-5.1851883,-2.883478,-1.7594486,-2.4283783,-3.4180756,-3.608344,calm,03-01-02-01-01-01-03.wav
-609.49506,55.072403,-1.3350654,12.477716,-0.21825346,-9.018402,-13.11662,-0.013822291,-9.2794485,3.6908886,-7.7978554,-2.519488,-4.088159,-6.762905,-1.5220636,-6.579365,0.3842823,-6.298407,-3.4720018,-4.1254907,-4.8586617,-5.922129,-3.1826344,-2.970199,-3.4744744,-0.5713628,-3.5155337,-2.6804423,-4.5810237,-3.5648906,-2.7928538,-2.8274446,-3.5822785,-4.803383,-5.807174,-3.2289243,-2.071997,-3.2560031,-4.093298,-4.5289245,calm,03-01-02-01-01-02-03.wav
-616.66534,64.41561,-4.160761,12.285501,7.681935,-17.095922,-11.564803,2.7025268,-13.88208,7.4119577,-9.891091,-1.4976993,-5.3968616,-2.4613173,-2.7121553,-2.267914,-3.052348,-3.596326,-4.6010103,-4.555341,-2.455393,-5.775388,-4.2984543,-1.5639615,-2.9779117,-2.0871212,-2.7498581,-4.968971,-2.1492763,-2.659077,-2.6571534,-1.6385409,-2.3886073,-5.408633,-4.9927063,-2.653394,-1.987449,-3.6254134,-4.621375,-4.437192,calm,03-01-02-01-02-01-03.wav
-536.37067,49.15891,-4.234461,5.8290358,4.0836926,-11.008492,-14.750864,0.95873547,-13.161001,6.417721,-9.30146,-2.8925414,-3.9563508,-4.8901153,0.39458722,-7.176519,-0.3363108,-4.703719,-5.657458,-2.049052,-3.6839592,-4.593653,-1.9001756,-0.094350405,-3.5796616,0.08202136,-2.1893694,-2.406943,-1.6891534,-4.021657,-2.5844858,-1.1984656,-1.7429943,-2.5383751,-1.645267,1.9686296,4.813556,6.4678288,5.2138767,4.4693036,calm,03-01-02-01-02-02-03.wav
-531.5706,67.72112,-17.88495,6.2327476,-4.992172,-13.8465395,-18.128164,0.50076026,-16.71169,14.679652,-8.162973,-1.7169709,-2.7251036,-6.035909,1.7103541,-5.4835067,-0.48697484,-4.137307,-8.726159,-3.343888,-2.8386614,-3.866596,-2.8441358,-2.319432,-0.7567449,-0.012828969,-2.475126,-3.596981,-3.3207614,-3.349396,-1.5507634,-1.8614142,-1.6891466,-5.054956,-5.01335,-2.3577743,-2.2335656,-0.3721734,-3.8159082,-4.259804,calm,03-01-02-02-01-01-03.wav
-509.06165,51.230152,-13.956103,10.966834,-0.6749703,-9.530342,-17.290983,-4.5014825,-9.926752,5.1015205,-6.7022896,-1.2260692,-4.047306,-3.4052696,1.904837,-6.0583024,2.1183493,-3.3230715,-5.633395,-2.8157341,-3.4033582,-3.092978,-1.9769776,-2.1612926,-1.7674361,0.79133934,-2.7412434,-2.9455938,-3.703805,-5.3271203,-1.8857881,-2.2505867,-1.1497785,-2.8838594,-3.604794,0.35583138,1.7651948,5.4757657,3.8633273,3.6445677,calm,03-01-02-02-01-02-03.wav
-512.0678,54.46985,-6.289137,9.728766,4.162131,-9.632253,-13.220607,1.3033339,-12.261052,12.935199,-7.586123,0.9725434,-0.14318067,-2.0850472,2.9827251,-4.6337633,2.96295,-5.00476,-4.189965,0.13902244,-3.1737857,-2.7300124,-2.107767,0.7470564,-2.3862243,1.4616554,-0.3491487,-1.2290906,-0.19058603,-3.500126,-1.8680577,0.025448447,-0.37462875,-2.7720444,-3.1501737,-4.2116284,-1.8622153,-0.6551752,0.84707135,3.136311,calm,03-01-02-02-02-01-03.wav
-517.20575,53.631878,-5.9710765,6.710732,2.9485412,-8.996418,-17.68497,2.1691892,-11.65558,11.440254,-10.792045,-0.45372137,-1.9407681,-3.9136736,3.3174078,-5.6128335,0.5626365,-4.860479,-6.8505864,0.15477377,-4.431991,-3.5897367,-1.3149918,-1.6748706,-1.9779001,0.836564,-1.4477656,-2.1553175,-1.4355792,-3.1775715,-2.6873987,-0.42660275,0.486329,-3.4591005,-2.19547,-2.2088408,3.9045126,6.2477255,6.17788,5.670643,calm,03-01-02-02-02-02-03.wav
-525.558,55.202705,-13.45164,7.062095,0.34989884,-8.330358,-18.389341,-8.941861,-13.404325,4.2099504,-9.440667,-3.7047935,-4.3570104,-4.534528,-2.2065349,-5.714324,-4.0827804,-6.104051,-6.234166,-5.523967,-3.5682523,-6.392897,-3.100858,-2.774109,-3.4762237,-0.114563264,-3.467827,-0.553121,-0.70684123,2.030322,4.0832043,2.577366,0.10809643,-3.619041,-5.530743,0.67507315,1.5545474,1.3775872,1.1842595,1.4015638,happy,03-01-03-01-01-01-03.wav
-501.7478,52.33558,-16.365025,-1.9797975,-4.1793923,-6.375537,-19.180357,-8.158416,-16.201387,2.395962,-11.740681,-3.71823,-5.1378703,-6.601686,-5.4949656,-7.209294,-1.7134644,-6.1412916,-7.6479573,-3.8213136,-4.4945774,-1.2242903,-2.0752876,-0.33874512,-1.3804493,5.476651,4.699952,4.7150145,5.7442675,3.0491273,3.9165013,3.873952,1.0345635,-1.2646446,-3.7745893,0.8513562,1.6409885,0.6222595,-0.68568826,-1.4311746,happy,03-01-03-01-01-02-03.wav
-517.20044,41.0169,-7.874438,4.8421974,0.17925133,-12.720079,-19.716051,-6.4054794,-16.534386,-2.0834696,-12.425524,-4.5996313,-6.6346545,-6.0202746,-4.445005,-6.9806905,-2.545808,-4.503169,-5.4968147,-3.5678606,-5.5244737,-4.1547556,-3.8637536,-2.6922898,-2.4679437,0.04173573,-1.7451695,-1.6249992,-2.5578356,-0.6895461,0.99315023,3.394706,2.7756896,1.4937057,-1.3347626,0.18625195,-1.1800361,-0.939044,-1.8453175,-0.74976194,happy,03-01-03-01-02-01-03.wav
-544.32837,46.2592,-5.2707114,-0.4276339,0.7803272,-7.1599054,-20.203266,-4.5176926,-14.833068,1.4878399,-10.555747,-3.6434731,-6.30029,-3.6180558,-5.623668,-6.9909525,-2.2602525,-5.61746,-8.252395,-5.5457253,-5.6811886,-6.0334687,-6.1889243,-4.5022902,-4.043074,-0.123127416,-2.3984573,-1.4479133,-1.5516694,-1.2651191,-0.31701535,1.7463632,1.4919889,0.620013,-3.6683004,-2.980166,-3.4350955,-0.20988338,-1.2364298,-3.1706614,happy,03-01-03-01-02-02-03.wav
-419.25168,40.5335,-13.389385,-6.633519,-6.7014503,-7.6970243,-19.18504,-5.1499925,-17.700594,4.3471355,-11.3345375,-4.345008,-3.0399518,-6.708236,-5.172331,-6.3608346,-2.9363284,-6.5354176,-6.2118626,-2.2990122,-2.3898323,5.919246,10.044355,12.274957,11.113509,6.3431287,-0.18447945,0.018495236,2.4999113,4.2323008,2.8867471,0.22985749,0.10297953,-0.19529125,0.056724083,-2.2810986,-1.1761932,1.718363,0.9119025,-1.2806301,happy,03-01-03-02-01-01-03.wav
-382.54004,36.176525,-18.791285,-7.22009,-11.492605,-4.8358216,-21.14619,-9.166432,-20.545965,4.191907,-12.935855,-3.5088875,-3.997015,-9.5413885,-5.334998,-7.1393266,-2.0451262,-8.100917,-9.396226,-1.7544628,-4.347801,5.184422,8.075733,9.759658,13.454173,11.844385,6.0805097,2.0153756,1.3145281,0.9026615,1.8062289,4.93498,3.147893,0.3279722,-0.021778604,0.747673,0.38040218,0.68020666,-0.100589864,0.5126507,happy,03-01-03-02-01-02-03.wav
-335.5033,38.600143,-8.55825,-6.6297774,-9.129692,-3.8005779,-21.75795,-11.237164,-22.272278,-3.2812219,-8.123103,-8.784406,-0.22068739,-3.326092,-5.852853,-6.1431904,-3.6495404,-4.6296234,-0.5953204,5.261618,4.1113906,3.6977022,4.4364457,3.0174775,2.412798,5.3058457,7.3003387,5.216135,3.757823,0.57447606,0.342463,5.352939,5.624679,1.6713868,-0.57232606,1.6306447,4.1857986,4.8063107,2.1653707,1.894634,happy,03-01-03-02-02-01-03.wav
-386.04715,41.89214,-15.8371725,-6.259356,-1.0956513,-7.8925643,-18.68197,-7.6303434,-17.444378,2.6346486,-12.900138,-3.6212962,-3.3854308,-4.2435994,-5.278964,-4.5414176,-1.6416599,-7.656247,-8.577563,-0.99416965,1.2470601,4.3743215,5.193059,4.8312817,6.4666233,8.262473,5.7272754,0.9753685,-0.80896974,1.2710326,3.904243,5.1115994,2.246425,0.12696263,-2.343976,1.7876666,2.1735768,-0.5946914,2.0810685,0.74338365,happy,03-01-03-02-02-02-03.wav
-640.4811,67.85048,-5.5089717,13.030829,2.8812807,-4.6558013,-12.832261,-2.0298076,-10.601823,1.712562,-7.1791987,-2.0920608,-4.110309,-5.306176,-3.8104327,-3.5668056,-1.9504371,-6.375956,-2.9751701,-4.590224,-2.7175043,-3.8008347,-3.322618,-2.82784,-2.4800036,-1.1503234,-1.8386183,-0.9576681,-3.7543216,-2.3431642,-2.1413412,-0.059230704,-1.9092615,-4.2481246,-3.3612874,-1.6699864,-0.88760793,-0.47164387,-1.3330878,-2.0373511,sad,03-01-04-01-01-01-03.wav
-646.45154,67.515305,-1.7165782,13.49999,2.27731,-5.8121066,-11.587449,-0.27179322,-8.111685,-1.1032991,-5.8359613,-1.8487835,-4.0966525,-3.0660293,-1.763405,-3.4322567,-2.1442246,-6.0991387,-2.547978,-5.452151,-1.9050425,-4.08225,-3.1879354,-2.4378014,-2.298498,-0.54667413,-0.024468184,-2.3561456,-2.21193,-1.4106865,-2.315902,0.19682972,-1.1333042,-1.517024,-1.4413843,0.07173654,0.14777462,0.7391152,0.3660407,0.6736122,sad,03-01-04-01-01-02-03.wav
-584.0099,56.872253,-6.6167407,14.802873,0.09057854,-8.720733,-16.480282,-3.8609302,-11.595771,1.716515,-6.75014,-2.2350166,-1.1353979,-2.982539,-0.08380304,-4.041935,-0.92864627,-3.9325695,-6.5423822,-2.7900653,0.23986654,-6.464785,-3.3736482,0.27042636,-0.6580226,0.8138588,-1.1228702,-0.38060722,-1.1361996,-1.6398029,-1.3383044,-0.1114973,-1.8601148,-2.0060856,-3.2898774,1.1592993,3.995168,4.6089454,3.7238615,1.503676,sad,03-01-04-01-02-01-03.wav
-593.0243,63.235664,1.0186441,14.389076,4.497442,-7.286324,-17.54312,-0.42754135,-12.264777,2.5966475,-4.921157,-2.5884721,-2.2894435,-1.228058,-1.6599352,-2.746805,-2.180822,-4.366967,-5.6616793,-4.998085,-1.499982,-5.325447,-5.1533947,-1.445472,-1.2286099,-1.3429643,-1.8604753,-2.4832027,-4.834903,-3.538241,-4.054371,-1.8307834,-3.0749972,-4.375303,-4.1241446,1.6057028,4.189878,4.587364,1.8318408,-1.0841666,sad,03-01-04-01-02-02-03.wav
-501.0203,53.92032,-19.122564,0.11362127,-6.128234,-13.963996,-22.961594,-17.073076,-24.196796,-6.2258267,-10.08516,-10.502692,-7.4033484,-5.6661696,-2.5334852,-5.479976,-0.90442145,-1.3164502,-2.7744403,-0.36618972,-1.7500409,-2.0533307,-3.6986136,1.6850693,-0.69862384,1.3843367,1.6915816,1.3611238,3.0237226,1.8170345,4.959587,4.9451494,1.5067481,1.0078424,-1.6033905,-1.84909,2.5328228,-0.10906502,-0.14642566,-0.6506986,sad,03-01-04-02-01-01-03.wav
-458.09705,43.374012,-10.415863,6.013222,-4.752197,-8.894656,-21.022062,-10.400878,-17.075335,-3.3750768,-12.321757,-9.375605,-7.2000384,-6.091829,-3.6553588,-5.455201,-0.81083876,0.16492905,-0.85950035,2.319041,1.6072825,-1.7072393,0.092595845,1.8922743,-3.488143,2.183973,2.0152905,4.164019,4.3409414,0.69983524,3.1856165,2.9749463,2.0923295,0.7745303,-1.0010608,0.6285222,0.7011599,-0.11331317,1.9281675,0.5850479,sad,03-01-04-02-01-02-03.wav
-411.45462,46.529655,-12.816728,10.840225,1.1845729,-6.6653056,-20.60141,-14.339831,-16.475769,-3.0241108,-11.773087,-3.490455,-6.1824465,-4.185046,2.3262112,-3.016541,0.53607,1.59117,-3.2663763,-1.9207404,1.5894127,-4.763508,-2.581358,2.243774,-0.7097831,4.2044015,3.012084,4.4625044,2.9768708,4.774267,7.88542,8.32298,8.0921335,7.74767,4.2942986,4.0444326,3.190002,3.3624377,2.5674524,2.542149,sad,03-01-04-02-02-01-03.wav
-463.15417,51.530678,-8.522223,9.637262,1.330858,-5.365744,-15.851729,-11.534445,-16.695692,-1.8197902,-9.118158,-4.2257285,-3.9522126,-2.336831,0.20927745,-5.579427,-0.24342057,-0.6484283,-6.687207,-2.835165,-0.4603152,-5.8569746,-1.6057922,0.5061103,-0.56012744,2.7235615,2.6725042,5.839741,4.1382084,5.388774,7.1960917,7.3371153,8.008169,6.6483974,1.5132626,1.7829486,1.7024437,1.4084442,2.0626502,2.539456,sad,03-01-04-02-02-02-03.wav
-596.62854,61.21967,2.058039,20.207941,-2.0338295,-3.1048608,-15.028739,-8.121734,-6.654639,-5.266876,-6.299022,-1.712888,-5.96843,-4.773141,0.03381275,-3.207418,-3.542256,0.12976605,-3.4896812,-3.3495133,-5.157633,-4.7860456,-4.519005,-3.6308706,-1.9983242,-0.040703904,-2.9942267,-0.8909713,-2.103951,-2.745464,-2.5471132,-1.5528371,-1.651703,-4.0671024,-4.383115,-3.756883,-2.1903055,-2.5429149,-2.659829,-3.7173133,angry,03-01-05-01-01-01-03.wav
-493.5078,49.306282,-10.447231,16.675983,-4.449862,-4.117061,-15.741804,-8.60726,-9.002644,-8.973192,-6.059424,-2.135907,-6.1139545,-6.978157,0.5851563,-3.0411263,-0.64996266,-1.7178841,-2.6504326,-4.079665,-4.0852747,-2.9674416,-4.674371,-2.6023107,-1.9351546,-0.3446277,-1.3194034,-2.1231275,-1.625561,-2.8616261,-0.9413537,1.055692,0.6917919,-0.47020012,-3.0413337,-1.507735,1.3124076,-0.39163396,0.13677983,-1.4549313,angry,03-01-05-01-01-02-03.wav
-510.0236,51.75036,-10.829004,15.026038,-5.077527,-6.6255493,-20.998735,-9.721963,-8.6474495,-6.964484,-5.2885523,-0.6422658,-9.11451,-4.902641,-0.80618817,-2.9825275,-2.7650032,-3.2230158,-2.2868223,-3.161052,-4.562421,-5.378946,-4.25454,-3.9151175,-2.565332,-0.7347825,-2.8391135,-1.5365683,-3.6114647,-4.0762863,-2.8439114,-1.9706557,-2.7282143,-3.2200608,-6.222652,-2.590964,-1.5768394,-0.8125087,-0.6418667,-1.343674,angry,03-01-05-01-02-01-03.wav
-467.7599,50.12727,-12.48063,7.664305,-4.344163,-9.831741,-19.304193,-9.941559,-10.910917,-6.4521966,-5.9434705,-2.3737097,-8.025955,-7.327261,-1.2279729,-3.1596208,-0.4454666,-2.5478432,-3.5052001,-4.146106,-2.7875361,-5.1409597,-5.714735,-1.8541088,-4.0877576,0.045246188,-2.8344302,-3.173771,-3.5144846,-2.5657082,-1.9700897,-0.82240856,-1.0463023,-2.679001,-3.729203,0.9395345,3.3900092,3.897046,3.700794,1.6788535,angry,03-01-05-01-02-02-03.wav
-319.79218,32.09838,-15.700404,6.901438,-16.136528,1.5539144,-19.50934,-7.508131,-8.291082,-6.6625576,-3.7991307,-3.2524729,-3.8110754,-2.4914038,1.1736748,-5.5117645,-0.77152914,-0.5816408,-1.0555979,2.5590286,3.5999641,6.2196817,4.17333,8.236908,8.651525,7.5289288,6.732289,5.4138966,4.865213,3.0180004,1.1975956,3.3573825,2.4532115,1.9861264,0.62830496,-0.4718688,2.7728164,3.3611279,2.9488406,1.369203,angry,03-01-05-02-01-01-03.wav
-313.47717,33.079082,-12.646799,9.14375,-10.578795,-2.1588302,-18.380907,-9.152364,-6.6020303,-6.5571537,-6.129975,-2.6909094,-3.6445954,-4.188702,-0.4859189,-4.451515,-2.0148196,-0.3621019,-1.8235707,0.70199686,4.20721,6.0858846,3.3226583,6.5948644,6.4636497,5.3824334,6.1541605,5.9604077,6.24396,2.5394578,0.625012,2.4326034,3.1446931,3.2988086,1.5635164,-0.6837698,1.678901,2.7687533,2.676339,1.0136923,angry,03-01-05-02-01-02-03.wav
-335.01047,39.817154,-13.353869,4.436827,-14.308421,-0.43263605,-18.491108,-11.299492,-8.257701,-5.2699947,-5.350966,-3.4610121,-4.8078203,-4.6861024,1.178173,-3.2086172,-0.33511922,0.8676196,-2.5685627,0.9932159,0.5442787,1.350593,2.5203178,3.8506498,5.017423,5.0768747,3.2480578,2.9342563,3.6419027,2.865301,4.3750796,2.7985876,1.807737,0.91715455,0.2155476,1.0398276,0.43829963,1.4062068,2.8417537,0.40104297,angry,03-01-05-02-02-01-03.wav
-306.1087,34.577744,-12.185777,3.75683,-15.264971,0.2333783,-16.025394,-11.193345,-8.7258625,-2.2757158,-5.901749,-4.624162,-2.7530646,-6.042192,-1.7159287,-2.5719194,0.7646839,-0.24479653,-3.695294,1.2018751,1.2402178,1.7302616,3.2059617,4.8756795,4.667242,5.5950723,7.4416666,5.6810145,5.301796,0.53917783,1.5181264,2.804944,3.0840242,1.4916109,0.12224363,0.98313934,1.8399664,1.1884081,1.3068757,0.018781837,angry,03-01-05-02-02-02-03.wav
-560.70935,58.061478,-3.6222706,13.750654,-0.27666003,-4.2606754,-22.688728,-3.8846397,-6.3597226,-4.0528903,-7.7134666,-5.6169577,-6.505107,-4.372504,-2.457819,-4.3338013,-1.4856993,-4.143042,-5.8837137,-5.0384126,-2.0242066,-4.165752,-2.3155472,-3.708358,-0.40580398,-0.81779414,-1.9167428,-0.3409697,-1.2977272,-1.3117869,-2.307556,-0.37681362,-1.3500535,-1.8217471,-2.7924058,0.83598095,1.7061274,2.7964127,1.8638203,-0.31010565,fearful,03-01-06-01-01-01-03.wav
-496.97232,56.56861,-9.706727,12.668229,-3.7891374,-11.515722,-22.899261,-6.5845203,-11.461831,-7.23523,-9.5675955,-8.21777,-6.511688,-7.0080667,-5.213625,-6.8789506,-1.6096914,-6.8087816,-8.28002,-7.165837,-3.391707,-7.0321097,-5.978978,-2.3728359,-1.656447,-1.5960637,-2.113138,-1.0404409,-2.3360412,-2.9486074,-2.9754248,-3.0660775,-1.8601204,-4.2175145,-3.6437593,0.7056215,2.6858025,3.6856298,2.42188,1.734021,fearful,03-01-06-01-01-02-03.wav
-514.4865,48.16425,-5.772235,9.360527,-3.3700023,-8.782053,-21.111155,-8.489655,-12.181164,-2.8923805,-7.900127,-7.730573,-3.8370337,-5.2339005,-4.785267,-6.65308,-1.768493,-4.7410727,-7.3795495,-4.5696745,-4.414263,-6.2992206,-4.066449,-1.4351273,-2.3748662,-1.4733775,-2.5193877,-1.698701,-2.6670136,-3.5492332,-2.8958192,-2.1380804,-2.2731736,-3.5412772,-3.097334,1.3430084,5.3692255,6.078773,4.7195168,4.7627964,fearful,03-01-06-01-02-01-03.wav
-531.4225,52.60909,-12.455482,12.538661,-1.3205917,-8.335107,-21.537441,-6.9612026,-11.639007,1.7415378,-6.5413303,-3.9427788,-2.2430332,-0.8504113,0.7654532,-5.702146,1.9631813,-3.0618014,-6.3677173,-5.0976195,-2.0126476,-4.1324716,-4.1462145,1.0158472,0.07054495,0.36787912,-0.43973002,-0.49643338,-3.0588381,-1.2963834,-2.1619642,-0.87188363,-0.85424614,-2.4963036,-4.0245514,-2.1704173,2.2430682,3.4131315,4.2064776,5.332599,fearful,03-01-06-01-02-02-03.wav
-351.59283,59.318527,-12.3570595,17.15879,2.544496,-0.6949332,-9.531508,-3.4905806,-13.965668,11.380735,-9.998168,-3.1116064,2.1294005,0.5704363,1.8391571,-5.6773868,2.6249163,-1.0826962,-5.3013997,0.75916696,-0.5503496,-2.5365689,0.91508985,2.64187,4.6792636,3.9460332,7.5249066,7.3501635,7.382542,5.3758273,4.4683805,5.8207955,5.93672,5.357107,4.014493,2.6514058,5.091649,3.7459548,5.3378015,1.6185496,fearful,03-01-06-02-01-01-03.wav
-313.75317,40.435028,-24.38886,3.6906478,-7.0289383,-4.7420564,-28.207846,-11.15649,-19.646547,0.4896356,-13.211947,-7.140603,-0.2476864,-2.3646555,1.5732352,-6.018825,0.47798672,3.2589326,-3.9754436,3.3731472,3.501702,2.3596935,10.476778,11.868206,9.557829,10.57515,7.450736,8.34257,4.8754086,3.7901094,2.9122689,2.5433688,5.151801,2.685119,-0.82817155,-1.4443468,-1.9452101,0.48953044,2.0571063,-1.8119467,fearful,03-01-06-02-01-02-03.wav
-375.6185,44.334286,-10.001801,9.072418,0.8562136,1.2131358,-22.044111,-9.885685,-16.650087,2.7746124,-9.104903,-8.3010235,-2.068269,-0.8359905,2.3170164,-4.795902,0.20097198,2.2743,-5.309848,0.89997256,5.7919793,3.1993985,7.5239134,11.817364,11.273798,9.319804,10.77766,6.1772637,7.187438,3.9592996,4.734262,5.336041,6.799128,2.6885705,-0.111161456,2.4537363,3.4678564,3.2156858,1.7162971,0.31812543,fearful,03-01-06-02-02-01-03.wav
-323.7972,43.222282,-27.674086,-5.3458934,-7.9072475,-10.551735,-26.774565,-9.982283,-25.828419,8.230389,-8.499163,-8.23915,3.283867,1.1288897,2.2631507,-5.3549857,-0.8742355,1.6807387,-7.0162044,1.7153087,8.277977,4.740286,11.502938,15.458751,10.990574,7.7696114,6.1462946,5.9434996,5.78706,2.632365,0.63634765,2.6364686,3.4272134,2.3523836,-2.0314977,-0.8522164,0.18876268,0.5778649,0.25548264,-0.37756914,fearful,03-01-06-02-02-02-03.wav
-522.43494,54.655342,-11.59546,12.091044,-6.5910764,-7.0573545,-11.769509,-7.1966677,-3.7918737,1.0087183,-9.892892,-5.0919247,-9.147878,-4.760332,-5.8595433,-4.9226527,-4.4928536,-5.045798,-6.089274,-7.2109632,-2.849119,-4.675509,-6.603664,-4.806676,-0.75497806,-4.112703,-1.2223972,-2.5622885,-3.4520836,-2.509455,-1.2532926,-0.8833614,0.15937462,-2.4939542,-1.081301,-1.3203111,0.14467344,-0.091788314,-2.762253,-2.4612107,disgust,03-01-07-01-01-01-03.wav
-566.00037,57.635002,-7.243755,14.785266,-3.4032388,-7.251319,-13.021803,-9.703224,-5.9191527,-0.48604286,-8.138963,-4.8715305,-6.8083982,-2.5771272,-4.3267097,-2.5406435,-4.1158667,-4.219806,-5.2360816,-5.4742594,-3.7208886,-5.6290507,-2.9764245,-4.5424128,-1.136002,-2.3871183,-1.8391191,-0.7922329,-1.9604672,-2.2004793,-0.76692814,-2.1756153,-2.8660395,-4.050054,-4.8450966,-4.825665,-2.5493402,-2.2093961,-3.350076,-3.9996939,disgust,03-01-07-01-01-02-03.wav
-571.7656,46.678318,1.6766895,13.525763,-1.7179111,-11.362915,-14.479073,-3.5443294,-5.07934,-0.6163923,-11.80954,-4.1591887,-5.008858,-2.9515336,-4.8405275,-3.0421863,-5.0401273,-1.9801614,-8.629648,-3.6769207,-4.7340136,-4.41058,-4.257516,-2.5981102,0.20299779,-3.3334742,-0.017791128,-0.9516113,-1.8534595,-2.4350278,-0.98147386,-2.3388996,-1.916414,-6.1377006,-3.482969,-3.3664525,-0.5004527,-2.0775993,-1.5699573,-2.9418695,disgust,03-01-07-01-02-01-03.wav
-489.8864,47.38505,-14.752893,10.975884,-3.8473103,-12.477249,-15.818198,-8.42623,-7.3665996,1.7753798,-9.139852,-6.0044565,-8.963656,-3.00593,-6.4154034,-1.504579,-4.6729054,-3.863766,-7.017506,-6.0186844,-3.3888125,-5.197453,-5.542535,-3.2181644,-1.0373658,-2.9229226,-2.9495301,-1.6310122,-4.004657,-3.5570548,-1.7390001,-3.4219751,-2.8885567,-5.3349714,-5.357136,-3.7299368,-3.1600325,-3.8809779,-3.6670055,-2.613563,disgust,03-01-07-01-02-02-03.wav
-527.2131,59.058346,-8.15609,17.7916,-6.3811016,-13.014678,-11.242933,-3.6319802,-7.3306623,-1.2090697,-8.492005,-5.5707994,-5.274189,-6.6403146,-6.0770583,-4.8606257,-5.49477,-4.339701,-7.2932973,-4.1285825,-7.863135,-3.2215133,-4.4346466,-4.8776746,-3.777639,-1.7811359,-1.2576704,-2.81041,-3.870633,-2.1109562,-3.3933105,-2.0063155,-1.682114,-4.7568254,-4.1520033,-1.6556215,-1.0357392,-1.0071119,-2.723015,-2.7617679,disgust,03-01-07-02-01-01-03.wav
-498.03912,62.472603,-3.4642825,10.576277,-9.01229,-8.52889,-10.030106,-0.7991601,-9.139493,3.1357512,-6.5455785,-3.4117017,-6.2025776,-6.152339,-5.521432,-2.7758749,-4.3323293,-1.7287177,-9.767573,-6.896707,-4.2356505,-2.9650824,-5.871846,-6.2680144,-2.5338862,-3.1881468,-1.1513536,-4.679681,-3.1268027,-3.798845,-3.5163767,-1.973303,-2.1036284,-6.4109364,-2.6816444,-3.2618127,-1.1520005,-0.23934178,-2.5962641,-2.0269816,disgust,03-01-07-02-01-02-03.wav
-477.43066,60.419254,-3.4669454,2.4886682,-9.249736,-12.633362,-10.002286,-3.5518675,-16.814579,-3.126331,-7.0196133,-7.2813916,-5.715897,-7.1990356,-7.9133744,-4.637049,-5.458812,-4.293455,-7.0706177,-6.982943,-6.217555,-5.6971374,-4.0315995,-4.848359,-4.5487804,-2.6038806,-3.1629536,-1.5087993,-4.4421077,-3.8076355,-1.7884737,-3.0176315,-1.8597199,-5.2850466,-5.9521585,-2.8685498,-0.7816534,-0.1845586,0.59750247,-0.6390282,disgust,03-01-07-02-02-01-03.wav
-428.44754,41.582817,-10.452859,-0.75466263,-10.88113,-9.260774,-16.71084,-8.168914,-12.976454,-4.5005856,-5.1799903,-7.0798807,-7.5786214,-1.5387179,-9.836093,-5.4133916,-4.361056,-6.287631,-7.46319,-8.706656,-6.925749,-6.5572147,-6.3453593,-0.22654589,-1.9076989,0.70203793,2.1401262,2.6444356,-0.9844775,0.9376716,1.3438537,2.2760053,1.0865636,-2.3118742,-2.5610404,-1.3935481,0.014476111,0.9540406,-2.11746,-2.4339242,disgust,03-01-07-02-02-02-03.wav
-548.47217,49.33788,-17.246298,1.2483728,-8.651554,-7.9777718,-21.304003,-6.7726564,-12.999922,-1.2192006,-6.848819,-2.8050158,-4.541674,-6.2077823,-3.7662847,-4.250921,-7.5358143,-3.2098174,-3.3067772,-1.794907,0.4181037,-3.6114604,0.8070045,-1.0394869,-0.64276445,1.0413256,1.9991777,2.0129037,4.1966066,3.361339,2.4675827,0.9566761,-2.562324,-3.0659935,-1.8806099,1.0743564,1.6952713,-0.0028556865,-0.9626685,-0.46634978,surprised,03-01-08-01-01-01-03.wav
-544.51166,47.374615,-7.866329,11.971281,-1.4710158,-5.107805,-11.336812,0.0122441035,-7.224585,0.57056916,-3.6795292,-4.7966337,-0.46139446,-3.0948546,-4.955962,-2.4309156,-2.3944173,-3.2319596,-3.8093464,-1.8573142,1.2067083,-1.846294,-0.036143657,-1.3763797,-0.6213241,-0.2679571,3.5136092,0.66745454,1.3729088,1.3200941,0.95207953,1.3825287,1.8795316,-1.0251412,0.40379056,3.593317,4.322379,2.5198772,3.1867437,1.442944,surprised,03-01-08-01-01-02-03.wav
-578.52026,48.58718,-7.228987,5.070629,-4.909341,-4.4470425,-17.48436,-4.936041,-12.977563,0.07935073,-3.06886,-6.7357183,-3.1480389,-5.2360606,-4.2639236,-2.4273791,-9.169161,-1.1342587,-4.5395403,-4.3930354,-1.5401324,-4.52159,-3.9542394,-2.258841,-2.1511886,-0.82515574,-0.25055233,-1.3906221,-2.8048775,-1.3680878,-2.4337618,-2.780302,-2.5157948,-5.5818067,-1.5837877,2.5453827,4.9215713,5.5537915,2.2543995,-0.7950775,surprised,03-01-08-01-02-01-03.wav
-513.671,49.01264,-16.685017,9.147806,-7.3709254,-8.499378,-14.922849,-2.3368137,-11.215134,2.4636555,-2.8639953,-5.578402,-1.6160215,-4.33047,-5.7979507,-2.1221719,-6.288392,-1.7874762,-6.8897347,-2.6660962,-1.9090531,-3.5412118,-2.1408172,-0.48354197,-1.473092,1.4446839,1.5566518,0.85328877,-1.0692695,0.6889324,0.37776116,1.7915682,1.0054048,-1.3913711,1.140485,3.2268467,3.5918725,1.2313681,-0.12129688,-0.036642928,surprised,03-01-08-01-02-02-03.wav
-487.33813,51.33303,-16.355898,6.1761956,-14.411504,-8.3832855,-16.392609,-5.945889,-14.486631,-4.2799754,-1.2615026,-8.022203,-2.5252073,-5.227796,-5.4509187,-2.0734067,-6.2895923,-4.641446,-5.28257,-3.1253245,-2.605923,-3.8561246,-1.5243281,-1.6897576,0.46438345,2.3544595,2.8854017,0.68004876,0.38621473,-0.16367869,0.43108538,2.2563155,0.73524487,-1.5611705,1.0879067,2.1602547,4.2370505,0.7095053,0.15992658,0.057374198,surprised,03-01-08-02-01-01-03.wav
-446.13004,38.701824,-10.9327545,8.791957,-9.839826,-6.0157638,-13.636677,-0.87514263,-9.014968,-2.540423,-0.37066254,-7.1309896,-0.51124716,-3.3963559,-4.989551,-5.1239624,-4.311074,-3.4225276,-7.423279,-3.9639814,-0.19995043,-3.6320126,1.8993878,2.318847,1.8849916,4.826807,4.6380367,0.5602958,1.3298774,0.034553986,1.8478565,4.22779,2.3663423,1.4226369,0.80981886,1.0602261,1.2552502,1.0286201,1.6148647,0.7835875,surprised,03-01-08-02-01-02-03.wav
-441.5956,41.14762,-15.144228,-6.570842,-6.6292405,-8.360669,-21.93711,-1.9540478,-13.996309,-1.016353,-3.003832,-6.1962023,-5.611447,-1.753395,-4.914889,-5.002661,-5.8365374,-3.3278697,-6.9064393,-5.357336,-1.1041338,-3.1685007,4.194076,5.3810363,5.4670806,3.714703,4.080805,0.85519075,0.857705,1.3585019,2.2175362,2.0697627,-0.81982046,-1.1985421,-0.5673077,3.5296128,2.7893429,-0.4751825,-0.15193745,0.054026023,surprised,03-01-08-02-02-01-03.wav
-530.36676,47.467083,-11.125084,2.8173022,-7.486148,-8.000828,-14.48135,-4.736846,-11.737421,-1.7242844,-6.0379586,-5.8174996,-5.7558045,-7.4487085,-5.0554185,-2.9785864,-6.025154,-2.8794765,-6.1573787,-5.008603,-0.074597,-5.4420557,-1.3757502,-2.7341347,-1.0342054,0.15641008,-0.9481105,-1.9684021,-3.3223586,-1.1407909,-0.086735114,1.1807078,1.629799,-0.7404157,-0.24604066,3.1349275,4.6816835,3.4644327,2.8460724,-0.33849388,surprised,03-01-08-02-02-02-03.wav
-677.74084,35.097267,-7.454861,8.556914,-9.53946,-3.4206364,-14.592891,-9.455172,-5.3043523,-2.0938313,-8.835641,-2.483206,-1.3959813,-6.608635,-1.9652941,-0.53046393,-1.004085,3.9652638,0.28816098,-0.33459252,-5.0291815,-2.8802245,-0.5476977,-0.26480097,2.6871715,2.7861445,3.11235,0.5817295,-0.2040618,-1.4130442,1.5221354,2.8486059,2.1845915,0.42531234,2.4689367,5.7120624,3.6634996,0.25325754,-0.14874814,0.35062438,neutral,03-01-01-01-01-01-04.wav
-687.9048,37.27347,-8.232087,4.57144,-13.572093,-6.203557,-17.322128,-13.16359,-7.985859,-3.092454,-10.256853,-3.2253308,-3.3198726,-7.7506723,-5.363544,-6.0284033,-5.906743,0.68269867,-0.63439006,0.9976144,-1.6339964,-1.8818628,-2.2025797,-1.2243023,3.7495067,4.462117,2.2737064,0.49176404,2.3464344,2.780165,-0.20012683,-1.9255003,-0.30913273,0.64958256,0.7768207,4.196099,5.83432,1.8373464,-2.7837415,-2.0183816,neutral,03-01-01-01-01-02-04.wav
-710.1007,41.363384,-9.08006,0.82601935,-9.3862095,-5.4380817,-18.093729,-10.967667,-7.8161736,-4.6979747,-11.201966,-4.0259805,-4.394024,-8.312072,-4.4895062,-3.8697677,-6.2954793,-1.0072627,-1.6352143,-1.0887089,-3.0617175,-1.1622194,0.44347212,-1.0245844,1.9556825,0.78447413,1.0770509,0.67713827,2.2367063,2.9709537,2.6277134,2.7182865,3.899506,3.129541,3.3250704,4.1086483,1.1213921,-0.2923843,-0.96944946,-1.1053022,neutral,03-01-01-01-02-01-04.wav
-708.7284,40.555206,-6.3680916,0.9280927,-9.147473,-4.9448934,-16.952658,-11.306763,-7.718649,-3.9703789,-10.65278,-4.213163,-3.2599084,-9.084465,-5.0611215,-3.9450178,-7.2604694,-2.4598753,-3.0078537,-1.8869834,-3.114757,-2.6780627,-0.5707536,-1.846654,0.57022893,0.20470332,1.8854795,2.1765637,2.245725,3.193538,1.9541434,0.39573717,2.4427135,2.8489943,3.1494632,5.06947,2.4924474,1.0798512,-0.8500812,-0.3021739,neutral,03-01-01-01-02-02-04.wav
-647.95197,44.254612,-11.736937,2.0828,-15.215337,-6.182545,-17.91914,-12.863191,-8.309637,-2.5173597,-11.379097,-2.1174128,-3.2813678,-7.024846,-4.990199,-4.1495643,-5.971007,-0.9860602,-3.1257365,-2.489224,-4.643492,-1.8957936,-1.2597377,0.005667456,0.2403492,-0.09251348,1.5017549,2.7178264,4.874448,4.5416255,4.4728537,4.55709,4.949241,3.657412,3.2812135,1.3591532,-1.3660045,-3.0796504,-1.2269418,0.39995274,calm,03-01-02-01-01-01-04.wav
-644.4179,44.50136,-18.602953,4.890709,-12.811293,-6.152897,-17.754292,-9.728757,-6.765279,-1.3756253,-11.81327,-1.6366358,-2.9130087,-5.918893,-4.104284,-3.5514781,-5.5088663,-0.9716272,-1.5454363,0.7584792,0.22898605,-0.17350057,0.093295395,-0.010388527,1.6012512,3.9845982,3.9168394,3.1464903,4.750914,8.886377,7.2776847,4.1678486,0.13317882,-2.983235,-1.5652027,1.3762271,1.7363644,-0.55607444,-3.4566348,-1.230678,calm,03-01-02-01-01-02-04.wav
-633.52563,43.251102,-6.133453,3.7995,-11.80066,-3.6295197,-17.098413,-10.6286745,-6.905237,-2.1143758,-8.458787,-0.36408243,-4.7315183,-5.18829,-3.120932,-4.726165,-6.027343,-1.2541718,-6.8370395,-3.4421387,-5.028147,1.2078669,4.1167865,5.556502,5.216391,2.9026592,3.5459597,4.9963827,8.001565,9.215153,6.3576093,1.2340143,-1.5000366,-1.4900541,1.5051812,2.5231235,0.5746068,-3.7753127,-3.8701499,-0.5573901,calm,03-01-02-01-02-01-04.wav
-643.9551,47.42806,-15.629817,-0.17270319,-11.160985,-5.725392,-24.207829,-12.66725,-5.9388213,-4.8424697,-10.368585,-4.794452,-1.4353056,-3.784663,-4.5387063,-4.436989,-7.402995,-3.2595356,-4.8603454,-3.4796398,-1.7635154,2.8860035,7.3262877,7.4817395,5.521328,5.6115465,4.636573,3.65979,5.6383395,8.227316,4.5585814,2.5255506,1.2392102,1.3814682,1.7687365,1.1110231,-0.93248856,-2.117069,-2.9109638,-1.4681214,calm,03-01-02-01-02-02-04.wav
-653.5828,41.204548,-11.523073,0.8260462,-11.3024645,-5.577181,-17.454313,-10.232119,-7.0891223,-2.1872442,-12.800153,-3.5783787,-4.825506,-5.8451676,-3.7513468,-3.8239963,-4.3810916,-0.42105466,-5.149151,0.41389647,-2.6659734,1.8653138,2.0838962,2.8572063,2.0512896,2.515165,5.882442,6.685843,8.742683,6.3816304,1.3882512,-1.4090221,-0.6370902,-0.509501,0.60546464,1.2294399,-0.01902441,-2.237734,-3.2903275,-1.0114896,calm,03-01-02-02-01-01-04.wav
-621.65643,50.524597,-20.151825,4.5932283,-11.161665,-7.6759844,-26.010464,-13.509453,-6.299922,-3.8901477,-12.093175,-0.51725,-1.7200174,-5.6516457,-2.88627,-5.5675807,-9.18753,-2.8066921,-5.5925446,-1.8527333,-3.1973953,-0.51592815,2.1709378,-0.90390843,2.8810344,3.5599356,5.3686104,6.1006474,6.344461,5.8606954,2.3252912,-0.18938142,0.7186638,2.5911038,0.9765557,-1.3494221,-2.572501,-1.3563178,-1.2746186,-2.8116972,calm,03-01-02-02-01-02-04.wav
-601.33954,46.322548,-15.385389,3.5585608,-12.964611,-4.5482883,-25.57888,-8.640206,-5.4171996,-3.7359884,-10.718155,-0.35418114,-1.325636,-1.7563666,0.16756025,-4.030368,-6.7475314,-1.1894433,-3.6232395,0.14527287,0.6612372,3.4709182,3.509978,2.0481403,3.661067,6.883345,8.066741,7.080158,6.424357,8.016717,8.326233,6.425636,2.855926,-0.22129595,1.219203,2.3937688,1.38115,-2.0267107,-2.0999506,-0.5006594,calm,03-01-02-02-02-01-04.wav
-657.1382,41.51387,-7.45328,-1.1360856,-11.976839,-9.890624,-21.32916,-10.072657,-7.807554,-7.034293,-14.17986,-2.4955835,-8.469099,-7.7508554,-3.0996697,-7.8624225,-7.7427573,-3.6196897,-8.405337,-4.8801455,-5.610571,-1.7093506,-4.885399,-0.5549198,-0.47136813,4.2532954,5.8229804,6.895082,8.237441,5.644173,3.54249,3.869032,3.888067,1.0043806,1.7640644,-1.4659559,-0.2519933,-0.1764274,-2.285177,-4.0237246,calm,03-01-02-02-02-02-04.wav
-635.8248,37.39371,-16.08126,6.3180466,-14.879118,-5.556158,-16.57256,-10.745512,-6.333173,-6.7943044,-11.577214,-3.6487935,-3.1790216,-6.7364087,-1.5859969,-4.9468813,-6.0120344,-3.1011891,-2.84293,-1.1551563,-3.343832,-1.4992151,-1.1983154,-4.513927,-2.238652,-2.5379949,2.4576387,2.7458599,4.425063,3.872669,2.965761,1.1542279,0.3092583,1.2717503,0.59540397,0.72124946,-0.18538849,0.049529765,-0.8718447,-1.2170823,happy,03-01-03-01-01-01-04.wav
-584.8986,31.402023,-20.5595,7.942341,-16.62455,-5.196092,-15.198257,-12.640023,-4.426267,-6.0904403,-10.225301,-4.6124353,-3.3258421,-7.700515,-1.4243319,-0.095856965,1.4125202,4.193973,1.1878625,3.6619499,1.6058369,1.4697224,1.000201,-1.5312387,2.1965792,1.4982232,1.2352711,-1.584835,0.1704936,2.1074493,1.5294584,-0.12637259,-0.17350186,0.5767351,0.3963017,0.35359484,-0.38274896,-0.66389716,-1.1843853,-0.32638687,happy,03-01-03-01-01-02-04.wav
-609.79254,37.317036,-13.082878,9.916164,-12.042197,-2.6328652,-13.014441,-9.956277,-7.19649,-4.097052,-8.125509,-3.7132635,-4.0483394,-6.087012,-5.729737,-4.778189,-5.6606846,-3.1233368,-2.2376893,-2.7115328,0.9885113,1.7475502,2.9157693,2.2543678,0.43018383,1.9612476,-0.7908651,0.8746188,0.5276087,3.3145928,2.2313662,2.5895786,0.869404,-0.76264733,-1.8832457,-1.7004886,-0.9225889,0.73946893,-0.17835137,-3.0891483,happy,03-01-03-01-02-01-04.wav
-594.9294,36.74078,-16.601706,8.080699,-12.546586,-6.168357,-15.037907,-9.28585,-4.2502036,-5.9990344,-7.2710857,-3.2252367,-4.5817294,-7.539097,-1.8661186,-2.8706067,-3.4729066,-0.62271833,-2.2509472,0.14403926,0.43198788,3.465964,2.0335917,1.0787818,-0.17765468,-1.3387469,0.5057366,0.91970783,1.1082723,0.18627636,-0.91061246,0.9003552,1.7616675,-1.5159689,-2.24575,-1.2921774,0.17107941,-0.6623132,-3.2005723,-2.1226764,happy,03-01-03-01-02-02-04.wav
-484.0834,26.99819,-24.39164,5.287247,-14.054869,-3.207556,-16.500553,-12.158327,-1.3771785,-2.8636022,-11.063075,1.0582583,4.4553895,2.4371703,0.16313027,-1.9583466,1.1182182,6.6403394,3.8708541,3.512067,3.572054,5.2244697,4.544725,0.8242134,1.7171631,4.528065,1.167388,0.23307809,-0.06117815,0.0061420575,-0.35016572,-0.11877578,-0.93273497,-0.83859825,0.10997667,-0.48693553,0.45489818,1.0983475,-0.8239928,-1.1620791,happy,03-01-03-02-01-01-04.wav
-486.8538,14.242083,-22.238117,4.402347,-17.25426,-2.464353,-12.299539,-8.73998,-3.4834142,-6.210859,-9.191557,-3.8585277,2.158879,-1.7923887,8.181677,6.8848124,6.755285,5.6154532,0.09163802,2.3957508,-0.8612934,1.9525005,1.6682445,-1.286893,-0.046987243,1.4995577,-0.40558034,-2.205083,1.0271449,1.3601729,0.9825307,1.286669,0.19987234,-0.54104376,-0.48086092,1.8615049,0.8260542,0.54331845,-0.9503647,-0.9624304,happy,03-01-03-02-01-02-04.wav
-513.0653,17.189247,-19.030647,1.9772422,-16.854294,-7.57403,-16.889927,-11.365535,-6.118961,-6.9948854,-7.9642057,-5.405319,-4.8428755,-10.031578,-4.430212,-4.7857985,-0.10995657,5.6512885,3.5201044,2.4354126,0.673146,0.5952132,4.5200872,3.3537908,1.643538,-1.3816462,-1.5577362,0.934385,0.9923598,-0.6157339,-1.0949142,1.5060536,1.0857255,0.414679,2.151342,1.2452675,-2.0901294,-3.8556201,-2.1774828,-1.3952487,happy,03-01-03-02-02-01-04.wav
-452.3437,17.902504,-26.381128,3.4796596,-18.096283,-10.097804,-21.380085,-9.085999,-5.73355,-9.588371,-14.23286,-3.3167822,-0.10694562,-3.8234777,4.5812936,3.720479,6.9696937,5.0353394,4.091444,3.2065344,0.9927976,-0.51096433,-1.2042209,-1.6314976,-2.2282956,-0.21607497,-2.2326677,-2.3185356,-1.1347226,-0.30368346,-0.40950572,0.088941775,0.39910355,0.47610605,0.09690192,-1.0556921,0.16108099,-0.81629723,-1.2656327,-1.4984937,happy,03-01-03-02-02-02-04.wav
-678.8248,39.380527,-1.0182444,8.257666,-9.821909,-2.4674487,-12.455318,-11.182933,-9.189995,-3.4597163,-8.948605,-5.4251075,-2.7363172,-5.6459312,-5.3356147,-2.106235,-3.881103,-2.7526386,-2.0657885,-1.001871,-2.911835,-1.7868793,0.13008517,-0.5043276,0.31839615,1.4300075,2.989717,2.7461767,1.8910723,1.3001807,0.6480262,1.5426488,1.5656995,-0.4504955,-2.0902197,-0.79252857,-0.9702527,-0.2551064,-3.1582394,-3.9378495,sad,03-01-04-01-01-01-04.wav
-581.7774,27.922388,-11.359091,1.5590745,-13.261837,-3.9443183,-15.099181,-12.666283,-5.508328,-4.102709,-8.697182,-5.909255,1.4394366,-7.793469,1.243184,0.8814697,3.1910288,2.2159426,2.2845454,3.0665402,3.9901865,3.8649638,2.7166696,-0.94853836,-4.2155614,0.9074023,1.8331109,0.46639273,-1.6747972,1.1547835,0.15706192,-0.7218037,-0.8765578,-0.63898426,-1.2195164,-1.6672351,-1.1964539,-0.5785342,-0.4601681,-0.84403807,sad,03-01-04-01-01-02-04.wav
-580.8651,26.6726,-12.429998,4.137181,-15.095953,-8.09416,-16.604792,-14.192078,-7.6729465,-7.6444273,-9.161616,-5.796516,-0.7953156,-9.562751,-1.02569,-3.7494175,-0.036869597,5.0403867,8.297729,6.3539515,2.4156785,-0.31144446,-0.017671932,-1.2736547,0.7557687,1.471306,-1.0528736,-3.2972226,-1.8204395,-0.45447612,-1.1685953,-2.9920263,-1.7662135,0.6576623,-0.35431972,-2.0558834,0.011866028,1.2666348,-0.20826004,-1.9365389,sad,03-01-04-01-02-01-04.wav
-590.72174,18.89332,-13.758448,-0.13968845,-17.731031,-9.5545435,-17.1714,-15.169994,-5.4251165,-8.383444,-8.071622,-4.9652634,-0.23040824,-6.672599,1.3818256,-0.55506176,3.851425,8.220479,7.445187,2.3652565,-0.65665,-1.6469086,0.99299073,1.974005,-0.7295793,-2.2303598,-3.6080723,-1.4590907,1.1500021,-0.116012074,-2.3856575,-1.5471419,0.19790441,-0.5088667,1.8629692,1.7703338,-1.0387425,-2.3004963,-1.3070846,-0.999531,sad,03-01-04-01-02-02-04.wav
-525.25287,14.6601925,-23.551764,2.696776,-17.93931,-11.1380415,-18.457893,-13.107411,-2.6780677,-4.959242,-6.0017505,0.12187633,8.8556795,4.829778,6.6435485,2.6132348,3.6983223,2.7804306,-0.11620699,-2.0519292,-1.0278456,-0.38333318,-1.537145,-2.3687553,-0.9705794,1.3661689,-1.1378572,-3.049718,0.73054093,0.5980444,0.23517737,-0.5561587,2.6536894,-0.8404447,0.7270068,1.1191765,0.8376372,-0.23826347,-0.23647206,-0.17638348,sad,03-01-04-02-01-01-04.wav
-489.81723,13.24625,-16.529478,-2.0556068,-16.448082,-4.810218,-11.748274,-10.975051,-2.4494812,-0.41018164,-0.869785,5.08108,13.696675,9.887053,7.0940175,0.6021254,2.1050725,2.4644754,-1.2994493,-0.70017755,0.8846417,-1.0208266,-0.23149484,0.41944426,1.1591437,2.1275501,-0.8859072,-0.58662885,0.9335235,1.945313,1.0557015,-0.7132019,0.56074464,-1.7799876,0.54091614,1.5754712,1.5608759,-0.013951763,1.6665041,-0.24630086,sad,03-01-04-02-01-02-04.wav
-441.88055,-1.6901393,-32.108345,-4.98667,-23.190723,-15.512633,-22.711164,-14.367154,-5.573775,-5.952552,-0.54222435,12.057548,18.343945,2.10323,0.14927308,-7.6023602,-2.6971757,1.3487672,-3.862332,-4.29153,-0.5598819,3.6950967,0.68723124,1.5520353,0.689239,-2.5494957,-4.180738,-0.5481007,0.6352552,-3.9921544,-1.3293525,1.1374601,2.4438405,1.2655616,1.8991777,-0.27865955,0.4663006,-1.4287341,-1.1521358,-0.23627898,sad,03-01-04-02-02-01-04.wav
-468.67227,4.716816,-27.146408,1.3924071,-20.626753,-12.004113,-17.963358,-13.52958,-7.5868125,-8.46168,-8.413926,2.7390578,12.343511,9.754408,11.910591,1.5036882,-2.5850558,-1.1497496,-2.4058728,-2.5841727,-2.5158079,-0.5629656,1.0326223,-0.7956798,0.8550157,4.975672,-0.40579158,-4.6407037,0.13989517,1.4139874,-0.80493,-1.5989035,1.108603,-1.7516905,-0.84888047,0.1350496,1.6649402,0.04498333,-0.4794652,-1.2582936,sad,03-01-04-02-02-02-04.wav
-551.4062,28.43902,-10.506556,2.3438227,-14.458073,-4.7903047,-16.07063,-10.561479,-7.1868052,-3.6237304,-10.176149,-1.8020184,-6.1511793,-8.644424,-3.0534215,-2.8047118,-3.300812,1.8359138,1.2006218,2.2533753,1.4020249,0.74323165,0.7211411,-1.2923968,-0.6383621,0.6030627,2.3976498,1.5611145,1.2465554,0.61219144,-0.96210176,-0.70185876,-0.23531955,0.5930819,2.9260843,1.9270836,-1.881218,-2.451694,-0.5658849,0.19960879,angry,03-01-05-01-01-01-04.wav
-532.60223,22.962662,-12.21932,0.8517892,-16.729362,-1.5388916,-14.732476,-9.851325,-5.0703154,-2.5111337,-7.927382,-2.3051236,-0.20851669,-5.119861,1.1523132,-2.530608,-2.1055622,0.38547415,-0.52976614,0.064088166,-0.44946882,0.6700943,1.3858018,-0.20718984,1.4591645,4.271433,1.6875383,-0.76954806,-0.20940258,2.0956252,0.03652208,-1.461247,-1.0960609,0.11801542,-0.047550846,0.35655546,0.2535128,0.34441203,0.68422395,-0.42589667,angry,03-01-05-01-01-02-04.wav
-544.524,23.578733,-13.20687,-0.89899635,-16.486937,-6.344914,-17.956434,-12.688903,-8.122608,-4.2268577,-10.125869,-6.663433,-5.9021325,-6.825247,1.440564,1.6466411,1.9955848,1.2723413,-1.0028081,-0.21580201,3.6424518,3.745703,3.3856375,-1.3551433,-0.64609784,0.41571385,-2.8298109,-3.020887,2.205579,3.218877,-0.17494816,-0.19454595,-0.45292297,-1.6768317,-2.456028,1.240988,-0.68422425,-3.3891473,-2.0106184,-0.47305715,angry,03-01-05-01-02-01-04.wav
-563.1931,27.654924,-12.242733,-0.14126806,-16.143707,-5.462218,-18.12848,-11.810667,-5.920331,-3.2217755,-9.8614235,-3.4850724,-5.082986,-6.9881253,-4.13319,-4.8383613,-5.298354,-0.008860176,-3.4950604,0.62827253,-0.09386376,0.66277385,0.40616465,1.2750167,3.2506108,3.5159478,3.0741594,0.62058556,0.03627316,0.34201807,0.8469902,0.7296166,-1.8807081,-0.7028629,-0.2677092,-1.576752,-2.5479515,-0.8794204,-1.267595,-1.5064245,angry,03-01-05-01-02-02-04.wav
-402.25876,10.42731,-18.391264,-1.885703,-19.216461,2.420602,-17.528502,-7.5033693,-8.050293,-3.0607097,-6.005869,0.4426565,5.583686,0.8902063,6.649153,1.4247423,4.4007154,0.7160726,1.1300611,5.1207156,5.3666945,2.4319053,-1.6765207,-0.15245792,-1.2763057,0.46900567,-0.73290426,0.052954677,0.64557624,1.0143943,1.2237613,2.6001768,0.13045657,1.0709255,1.6572767,-0.9321517,-1.5253928,1.0317217,0.94659525,-0.64070356,angry,03-01-05-02-01-01-04.wav
-425.48007,11.91754,-16.468103,-2.9091167,-19.405373,-0.4679804,-18.764635,-8.984102,-5.873207,-3.0319865,-4.2109466,1.8385307,3.5033226,-4.1139536,2.7180862,-3.6705704,-0.2153441,-0.082561746,-0.19999778,1.5556399,1.0287362,4.1042943,6.1160736,3.2461073,0.38615364,0.66349983,-1.3111713,0.61968726,2.3747005,0.98207235,-1.134299,-0.5199814,0.61761725,2.5571723,2.0969884,0.58644307,0.24313056,0.34253472,-0.94671863,-1.6141219,angry,03-01-05-02-01-02-04.wav
-394.1635,6.362883,-18.154993,0.09498882,-20.490076,-4.4025717,-21.06574,-8.487335,-4.6566305,-2.895151,-9.077346,-3.1979122,-3.4152853,-7.546668,0.68300444,-1.0616801,5.3527,2.045724,3.0279727,4.359077,6.2534847,5.5643973,0.13869585,-2.447871,-1.3306735,-2.249939,-1.9961662,-1.9306766,-1.5679244,-0.40294626,-1.1159551,-0.51542485,0.1737642,-0.68276167,-2.0244195,0.40895167,-0.21331133,-2.1374705,-0.5851133,0.25755385,angry,03-01-05-02-02-01-04.wav
-456.54544,6.5053554,-20.840368,-10.478945,-23.121183,-3.542498,-22.241556,-9.55747,-10.272382,-4.0168347,-6.6442394,-0.7133988,-0.667452,-3.5651057,1.8337345,-1.0629032,5.4195085,1.2287945,5.079623,2.682899,6.7519593,2.5858846,0.13584502,-0.8361066,-2.879545,0.8228836,-1.0242168,-1.4405904,0.067476675,0.29091296,0.3088799,1.5902598,-1.9820111,-0.6746193,0.6531574,2.2486994,-1.3406845,-1.7618389,0.23095919,0.89004654,angry,03-01-05-02-02-02-04.wav
-552.80237,21.065737,-15.722447,0.32534233,-12.749284,-2.6227324,-17.27675,-15.069337,-4.698127,-5.4471188,-9.642691,-3.2866492,-0.6021314,-5.643399,-1.436949,-2.9261005,0.3594628,5.6754904,5.751272,6.6735196,2.5350747,1.3199503,1.3116224,1.6285387,0.0995143,-0.65332866,-3.0281312,-2.8593497,-1.6044834,-0.08820228,-1.897895,-1.7434477,-1.0386926,-0.7437487,-0.15938446,-1.0210608,1.3595175,1.838929,-1.3936228,-1.9193603,fearful,03-01-06-01-01-01-04.wav
-536.98816,19.33629,-19.452612,4.207634,-15.70356,-3.9919975,-15.403297,-12.324475,-5.4223843,-6.9686155,-9.327645,-3.79626,-2.4676085,-6.8931866,-1.0160908,-0.6123061,5.387245,10.411522,6.497336,4.7041917,-0.41102207,2.5566196,3.0578468,2.032273,-2.0235248,-3.0172112,-2.916182,-2.2980535,-0.6495422,-1.6249253,-0.9282189,1.9123114,0.7993022,0.5545985,0.45619345,-0.06528999,0.06589863,-1.0019763,-2.7247486,-2.1668468,fearful,03-01-06-01-01-02-04.wav
-549.00305,22.706926,-16.09246,3.3117344,-11.801186,-6.214793,-17.763504,-12.931058,-4.089032,-7.250701,-8.575191,-5.9934006,-1.9514298,-7.4757686,-1.4379448,-4.7796474,-0.6687213,9.805945,10.786576,12.026733,5.0715785,-0.09399695,-2.7709966,0.4206507,-0.043949127,-1.4300977,-4.2484384,-2.505972,-0.7347553,-2.0668314,-4.469662,-1.943406,-0.84322596,-1.0105367,-0.94445986,0.95860523,1.4166325,-1.0886191,-1.6989586,-0.6834537,fearful,03-01-06-01-02-01-04.wav
-538.32294,21.684818,-14.05357,-0.5064994,-11.688256,-4.9778976,-14.580182,-14.832168,-6.0691485,-6.5322657,-9.921437,-5.1708093,-1.9790744,-7.184252,-2.7429376,-2.248584,0.3525744,7.288718,10.559531,10.84865,5.2824335,1.1802381,1.2875917,0.9613183,-0.7462948,-2.0318084,-4.1568127,-1.3923663,-1.1621951,-2.830768,-4.8252726,-1.3198996,-0.21899384,-1.7673788,-1.0429915,1.9366705,2.59163,-1.5485421,-2.1218016,-0.45398673,fearful,03-01-06-01-02-02-04.wav
-409.67163,2.0126352,-17.18881,2.1927438,-9.281076,-0.9652361,-18.728882,-10.961691,-0.43629432,-0.6527087,-1.6140375,15.593973,19.124903,0.5459436,-3.7389615,-0.7362643,4.193229,0.40184146,-4.449152,-0.7334989,3.0297937,4.6876993,-0.60536766,0.82140034,-3.817275,-2.8785615,-0.949849,-1.3585246,0.17358954,3.0760894,4.424351,2.9837065,1.4433367,-0.27743295,-0.059583083,1.2827014,0.20825915,-0.62609965,-1.0937223,-1.0242506,fearful,03-01-06-02-01-01-04.wav
-437.18588,11.3878,-18.304178,-2.7646189,-13.375128,-1.9199486,-13.868442,-12.847052,-7.687841,-4.9796257,-1.1647836,9.965279,15.8864155,5.2756667,0.2408552,-2.051586,2.6778655,2.521434,-1.2582697,-1.7198815,-2.0500007,-0.18479271,1.5510225,1.719932,-0.8868284,1.4738368,-2.7927432,-1.8712275,0.18843938,0.3130902,-0.17603403,1.0038819,0.6148321,0.4468246,3.437536,1.5841697,0.19073094,0.95265335,-0.74628204,-0.79871464,fearful,03-01-06-02-01-02-04.wav
-420.36362,12.25901,-18.769371,-8.402598,-17.490616,-6.477042,-18.931656,-10.78394,-9.542895,-7.9068117,-8.166663,4.6690836,9.624788,1.6784285,6.9071856,1.8810073,3.9940736,2.4023523,-0.45888174,1.1011424,-0.32545733,-0.100862674,-0.89529556,0.21189043,-3.1292622,-0.8710212,-1.4613626,-2.6224382,-2.149984,1.5862274,2.0693526,0.043249078,0.012628572,-1.504692,-1.3450537,0.9324006,0.4022522,-1.5440527,-0.067656524,-1.1451399,fearful,03-01-06-02-02-01-04.wav
-435.4038,11.375268,-21.08035,-7.9471655,-15.6962805,-7.5710526,-16.284311,-10.157518,-6.8357806,-5.5998645,-6.384153,4.2342424,8.207481,4.573899,10.44734,2.4933283,5.084248,3.1516411,0.34873924,0.35119224,-0.2693892,1.2703044,-1.9916685,-1.0940561,0.72690207,0.5055176,-3.345592,-1.382496,1.9692584,1.2501386,-0.16310266,-0.42936572,1.184074,0.3009562,1.509349,0.3688183,0.46141022,0.0989223,-0.6548328,-1.3844473,fearful,03-01-06-02-02-02-04.wav
-596.4066,40.27457,-7.057647,2.1419027,-7.934449,-2.719174,-8.683597,-11.2647,-6.9385695,-1.1728785,-9.8496895,-0.7060453,-2.3403094,-7.496073,-2.9991548,-2.5796685,-4.1879606,-2.8675396,-1.7025564,-1.1543149,1.7619022,-1.0483203,2.4510672,0.26321152,1.9636894,0.6011571,0.7614179,1.5538936,1.4784065,2.8847113,3.3047109,0.03041428,-0.62765163,-1.4548674,0.7922885,0.4650478,-1.4432809,-1.1071086,-1.7643287,-1.4284582,disgust,03-01-07-01-01-01-04.wav
-578.703,38.359005,-8.60906,2.163245,-10.39378,-9.469013,-16.389708,-11.606355,-4.051289,-4.814729,-9.944918,-1.5461838,-3.3070848,-4.117463,0.10933671,-1.8790843,-4.7681885,-3.4871116,-0.7723347,2.7734797,4.714659,5.0075274,4.5286117,1.7310525,-1.4264462,0.93585736,3.14921,2.5486915,1.2491972,-0.53105456,1.076562,0.61808753,0.123789236,0.2628681,0.77533454,0.07786712,-0.3202158,-0.7007763,-0.64030033,0.88260806,disgust,03-01-07-01-01-02-04.wav
-577.4638,29.925293,-13.803871,0.088509925,-10.0559225,-7.9007726,-15.24137,-11.258898,-4.817208,-5.5617194,-8.286089,-2.6662233,-5.160331,-8.060664,-2.706525,-4.6573462,-4.355708,-3.7459652,-2.8374488,0.8823854,3.0760515,6.59261,6.2912793,4.0107965,2.9059513,3.4660082,3.6911268,4.048395,2.9425397,0.82398754,-1.799737,-1.0391626,-0.7721517,-1.5987736,-0.7870596,-0.6223976,0.38842747,-1.2474335,-1.6244066,-2.212398,disgust,03-01-07-01-02-01-04.wav
-553.5952,24.80853,-11.327688,5.558179,-7.448202,-7.363445,-11.890977,-6.7188954,-1.4069413,-4.659233,-4.989638,0.1273492,-2.0969079,-3.8872762,3.5092998,1.6823038,0.80570066,0.18893981,0.9732285,5.526996,7.6842723,13.129748,8.192863,5.9667077,0.74921495,0.3157708,0.853781,2.971424,3.5946083,1.7716837,1.2647772,0.91329247,0.75260353,-0.4943841,-0.34834424,0.43897298,-0.5170891,-1.2020472,-0.49325112,-0.08176092,disgust,03-01-07-01-02-02-04.wav
-494.68533,19.675858,-8.545705,3.3106174,-11.557664,-2.2453363,-12.921951,-9.854368,-6.0775223,-2.87531,-7.025841,-2.013703,-2.6682403,-7.0059576,-3.0581803,-1.9889482,-0.27176923,1.1104614,1.2655815,3.1394134,4.97636,6.9038267,8.416297,5.8601985,3.839466,1.4475045,-0.46339113,-0.46964607,-0.4595139,-0.6920658,-1.8595612,-0.9023445,-0.4400997,0.25592607,0.31103373,0.8648876,-0.6717377,-0.16388622,-0.356366,0.3502405,disgust,03-01-07-02-01-01-04.wav
-508.6144,19.43027,-10.027046,-0.23610526,-10.837593,-3.874172,-10.26899,-11.6523,-7.3028874,-2.9501693,-7.310688,-3.2074046,-3.0393445,-7.4303994,-4.124052,-5.133977,-3.9368021,-3.6480367,-3.4910028,-1.993916,0.5929963,5.085058,8.000189,6.6041164,6.91626,2.6226022,2.42944,3.272493,2.0290716,0.028986532,-2.4618535,-0.8263061,0.6018447,-0.2757518,-2.0165079,0.53931123,-1.4613434,-0.9777469,-2.7177744,-1.5671791,disgust,03-01-07-02-01-02-04.wav
-543.5007,25.61376,-15.074045,-1.5607632,-12.161611,-9.060139,-18.543142,-17.94286,-6.4115496,-6.674477,-13.326883,-2.100274,-3.6957924,-10.174208,-1.209076,-6.0769634,-5.6741285,-4.5933385,-5.499507,-1.4897102,-0.35158935,8.428719,9.586223,9.64889,6.7922506,2.3591008,1.1124064,1.4895976,1.6330754,0.49909022,-1.2505711,-1.7905067,0.94165444,-1.6906091,-1.084043,-1.336269,-0.8543625,-2.9056888,-3.3303761,-2.6103156,disgust,03-01-07-02-02-01-04.wav
-519.4348,25.220682,-12.983302,-7.043897,-13.719455,-10.060642,-19.884632,-16.313587,-7.4159575,-7.7500863,-12.7687645,-3.2126887,-8.900552,-9.583451,-2.1701198,-4.447259,-0.65864253,4.93804,4.306359,4.690856,1.2375052,4.842426,1.2042366,-0.28603473,-3.4058692,0.44904804,2.9870346,0.7701397,-0.30154115,-1.25753,0.041375566,0.5224045,0.5553327,-0.2899278,1.1008875,0.018846162,-1.3220453,-0.1839331,0.24978274,-0.3862103,disgust,03-01-07-02-02-02-04.wav
-602.3665,33.8313,-14.914909,1.4355538,-14.5465145,-6.8938475,-15.559266,-12.062791,-7.185673,-5.960033,-11.05919,-4.763027,-3.6044772,-7.534921,-1.9456228,-3.5196967,-2.676432,-0.008340557,1.1871092,3.9990618,1.1379004,1.9947922,-1.2265556,-1.233543,-0.9269777,-0.051030703,0.06892563,-1.7390019,0.42459035,3.1482704,2.1301537,0.3999467,-0.856903,-0.2467834,0.61565214,0.93072397,0.16231611,0.0029216309,-0.47739297,0.31158543,surprised,03-01-08-01-01-01-04.wav
-573.34076,29.346842,-14.781973,1.4788744,-16.95993,-5.8269787,-17.497643,-12.877022,-6.247798,-6.7949157,-11.126721,-4.999966,-2.2272017,-4.936584,1.8770475,-2.7301714,-0.9530905,0.4931285,1.6045992,2.0831816,-0.28642008,-0.924858,-2.3453248,-2.3378046,-1.8977822,1.8578964,1.4961219,0.4474889,0.77343625,-0.78325367,-1.217803,-1.0316072,-1.0626218,-0.4030491,0.9305532,1.0418135,0.6662067,0.12016374,-0.62242323,-1.3600368,surprised,03-01-08-01-01-02-04.wav
-550.3879,33.70076,-12.902681,-2.1691477,-16.781664,-9.572082,-19.248375,-12.607376,-6.225905,-8.74563,-11.333586,-4.713638,-2.2877054,-4.6458507,2.1619031,-2.7858799,1.0922389,0.5751674,0.645386,0.602673,-1.5394256,-0.14792167,1.1598138,0.01611147,0.8954193,1.4623748,1.3234608,-0.23115598,0.78518736,1.1905885,2.3474662,0.14714526,-0.21239366,-1.3345292,-0.33893564,1.3746818,-0.033973172,-1.5839636,-1.6318803,-0.41928574,surprised,03-01-08-01-02-01-04.wav
-558.3241,31.414309,-17.024063,-3.200799,-19.08068,-7.0446606,-21.09399,-14.898449,-5.341931,-8.967156,-13.610278,-5.321081,-1.2880553,-4.7979255,2.9108334,-4.7688937,0.2834401,-0.98084193,0.4254229,1.2135719,0.26895577,3.5838423,1.4113495,2.3365362,0.21210162,1.9788603,-0.63567275,-0.26965508,0.8818665,-0.88966674,-1.5205563,-0.602124,-0.3035345,-1.5047536,-0.76148844,0.16986254,0.15199412,-1.388754,-2.4126294,-2.1568854,surprised,03-01-08-01-02-02-04.wav
-478.17896,20.63706,-22.26963,-2.650465,-20.34465,-4.2368994,-18.35079,-13.268394,-2.695777,-5.9194007,-5.6919246,2.1156862,2.7107613,-4.5480237,1.686464,1.3349706,4.5800166,2.5924685,-1.3105257,4.9463973,4.781093,2.9839058,1.4163803,1.7838137,0.48271042,-0.4487613,-1.0949488,-1.6255106,-0.3687967,0.5624641,1.618763,0.83989847,-0.90772295,0.19234756,1.0172933,-0.4187908,-0.12374543,0.09176409,-0.19477421,-0.18674357,surprised,03-01-08-02-01-01-04.wav
-482.50742,17.212355,-18.22458,-4.5363607,-17.992844,-7.9487042,-20.853437,-11.518851,-2.1286147,-3.4136243,-3.65074,1.4280968,0.17256567,-5.9856753,0.93110836,-1.2717822,1.848383,2.7314572,1.3918253,3.4253662,2.9319055,4.073644,1.3308141,-1.0863107,-1.9597113,-0.64181,-1.7539438,1.8176954,0.6985425,-0.19058415,0.13119592,0.45154384,-0.21815965,0.030104296,-2.4985993,1.0308832,-0.69899356,-3.1556275,-0.5189055,-1.2079408,surprised,03-01-08-02-01-02-04.wav
-480.52737,22.93598,-16.637918,-2.9089859,-16.420528,-8.442779,-18.164276,-8.117546,-5.253492,-5.998449,-5.2589293,0.31342757,0.9828591,-2.5617032,3.4555502,-0.56021214,4.1540375,3.8532426,2.0223749,2.6874647,0.62373817,2.8763442,0.19209486,0.38806897,-1.1801475,1.0537311,-1.801421,-0.89848536,1.0550022,0.88036984,1.0248773,0.21358368,0.13144332,0.6797992,-0.61113244,-0.5489451,0.27743217,-0.7233381,-0.54802287,-1.63401,surprised,03-01-08-02-02-01-04.wav
-477.9232,21.176168,-17.375837,-6.429812,-18.905823,-8.547643,-23.641052,-11.401501,-8.094733,-9.775953,-8.894273,-1.8334584,-1.08391,-5.5475082,1.4456916,-3.6805844,1.7915812,1.5912778,1.6000063,3.278782,1.669546,3.9357085,3.169101,1.3572066,0.9468841,3.0128388,-0.34982765,0.07170651,1.3519653,0.6263294,-1.7421149,-0.44095257,0.019350309,-0.1033153,1.0145866,-0.6684789,-0.014844396,0.12157773,-0.8567415,-1.1481711,surprised,03-01-08-02-02-02-04.wav
-693.63,65.23274,5.400302,19.534445,4.128693,0.9851828,-3.2501705,-1.3032861,0.82242525,3.162137,0.8829937,0.9786742,-0.06862563,2.815934,0.9622594,-0.2449307,2.912836,-0.18840855,0.0055938824,0.81635034,-1.2730395,0.1743546,-0.5435793,-0.8336309,0.83675706,1.2472056,0.34744856,-0.07476222,0.7946035,0.81254005,0.563323,1.1490766,2.2383928,-1.1984562,-2.150187,-0.7155064,0.65944576,0.51473176,-1.207798,-2.2217438,neutral,03-01-01-01-01-01-05.wav
-712.9025,66.56637,3.60728,23.877644,4.303739,5.0971465,-4.1870437,0.010622142,3.355318,4.9777784,2.137309,0.7960055,0.9693509,4.856314,-0.40274683,0.01045856,2.302539,2.4790847,-1.6204264,0.048983466,-0.5888759,-0.33787322,-0.56783605,-1.0691303,0.1596695,2.040822,-0.62417215,0.22106059,1.4318248,0.46214545,0.3501389,0.5833608,2.9619722,0.068621315,-2.726147,-2.170211,1.3830198,1.963955,-0.35656303,-2.9156532,neutral,03-01-01-01-01-02-05.wav
-674.3372,61.254894,2.7972674,21.006338,0.7798693,3.3365152,-4.473033,-8.405371,0.6826913,3.7030065,0.4119885,0.37320012,-0.43288344,3.0814419,-0.33737025,-2.551007,1.996136,2.010671,-3.041389,0.2873349,-2.906008,-1.7328643,-0.005686846,1.2823685,-0.5981804,-0.06505487,0.9429271,1.4826788,-0.5821818,-0.26601106,-0.10791536,1.9937192,1.3615687,-1.6928154,-3.9072912,-1.9506338,0.7774729,-0.3634533,-1.9815946,-1.6586657,neutral,03-01-01-01-02-01-05.wav
-701.10675,66.55265,7.117914,20.988007,1.4694698,4.771785,-5.8392286,-5.626215,2.4503624,2.6175478,3.415404,1.1005678,-0.18879418,4.353955,0.63736,-0.72000575,2.9151332,0.7233312,-2.4638727,0.6287086,-1.2055055,-0.0046718987,-0.6748785,0.6153776,0.996597,1.1790434,0.9751428,0.023383478,0.8308475,0.3858394,0.06491366,0.6953513,1.3037444,-0.338571,-1.7259411,-1.6914169,0.2420117,-0.25020376,-0.8396876,-2.223395,neutral,03-01-01-01-02-02-05.wav
-716.8281,69.226685,11.243596,20.585981,0.6725097,2.1604688,-3.416072,2.5911283,1.111359,4.9969387,2.1343014,-0.6829224,-0.2089794,4.0185504,-2.4856958,0.45967627,2.4406443,0.08368321,2.1840913,-1.4169813,-2.0557342,-1.1022805,1.6362152,0.57107425,0.032908704,1.2702444,-1.1441694,0.886969,0.45113382,1.3135468,0.41172513,2.016777,-0.19600137,-1.1833117,-2.3920076,0.2776954,-1.0731784,0.09643854,-1.3967739,-1.9635277,calm,03-01-02-01-01-01-05.wav
-747.43494,62.420883,16.67238,23.61123,-0.05385915,6.2418523,-2.905896,5.401,2.1816623,4.0238366,4.015737,-0.8826427,0.8721968,4.8344803,-1.535855,0.9801081,1.733311,0.42828482,1.2602845,-1.1023791,-2.1834314,-0.36070377,0.8931232,0.009358382,-0.5906566,2.197451,-0.7039833,-0.7101553,-0.23106335,-0.81124043,-0.38162827,1.3879956,0.3204587,-1.9421641,-2.4559486,0.39961442,0.17175932,1.0005835,-0.91504353,-0.4919764,calm,03-01-02-01-01-02-05.wav
-723.6084,64.572205,14.950777,19.193882,0.8405161,5.2093253,-5.8216777,-1.0121408,3.4567049,6.2341123,1.2919854,0.5144711,0.051603228,2.8104727,-2.895457,0.876053,2.176507,0.0006806887,0.13613409,-0.14555304,-2.4888558,-0.23661575,0.057302505,0.9243099,-1.0194021,1.9330257,-1.8380693,0.3061091,0.52496487,-0.03204453,1.1420468,0.9782682,0.788791,-2.4556744,-2.3952153,0.50020176,0.86066836,0.59459525,-1.5384568,-1.1113329,calm,03-01-02-01-02-01-05.wav
-694.95087,61.92391,13.532296,12.411072,0.14924404,3.651938,-6.7845583,-1.0158309,1.9430175,6.1505303,-0.44229934,0.003924893,-1.6963927,3.4324133,-2.2460675,0.3760799,2.4664147,-0.50629556,-0.47185215,-0.24560441,-3.1088986,0.12249224,-0.2541459,2.3997257,-0.8378402,1.9451312,-1.0307622,0.19128564,0.039036673,-0.20286731,0.13242541,1.3671815,-0.3261084,-2.4205973,-3.2293656,-0.4451912,-0.21730097,-0.10438199,-1.9238694,-2.737255,calm,03-01-02-01-02-02-05.wav
-703.62195,61.048874,10.065548,21.036474,1.6178968,3.0087035,-3.406984,4.114633,1.6447656,7.6930285,2.028129,0.09207266,1.1411521,1.7746406,-1.0618917,0.50908184,1.5651227,0.8587752,-0.56021005,0.89034575,-4.153753,-0.73071104,0.28249967,-1.2833779,0.57938075,2.126272,-2.6212726,0.22810881,0.36128667,0.6420277,-0.10494252,2.0033426,-0.25041276,-3.3297114,-2.8872058,-1.8256559,-0.65881664,0.7049931,-0.6155072,-2.3984501,calm,03-01-02-02-01-01-05.wav
-766.3473,56.62063,18.139765,21.82234,4.5391154,5.109064,-3.391911,4.546681,6.405536,8.144345,2.87701,1.334299,2.0652237,2.4286468,0.09960387,1.7317637,1.7790523,0.47217733,0.8266874,2.2135057,-3.1838727,0.35325184,1.1451715,-0.13137206,0.36038756,3.2638457,-1.2422824,0.6887215,0.10207566,-0.3795048,0.5487179,1.3620573,1.1135085,-1.5190285,-2.6811693,-0.81528944,0.39870673,0.92099476,0.2189016,-0.45903733,calm,03-01-02-02-01-02-05.wav
-736.565,58.790756,19.519928,20.909962,-1.8964993,3.7368693,-3.4382162,1.4051546,6.1703825,4.92448,2.9169652,-2.5715563,-1.6521027,5.1963944,-4.332075,2.2141757,0.81972504,-1.45941,1.5372578,-2.1297433,-1.4367397,-0.32796276,-0.9433029,0.56755435,-0.13741969,2.1624484,-2.2488375,-0.82847774,0.44857523,-0.5652133,1.2984012,1.3255599,-1.0535874,-1.9178902,-2.4711835,-0.360292,-0.23805583,0.61319816,-1.0898068,-1.459702,calm,03-01-02-02-02-01-05.wav
-754.7338,58.863857,22.124596,23.678093,2.1055975,5.416122,-5.477585,1.5348215,7.191528,5.585665,3.5506675,-0.9004136,0.13558474,4.6414294,-1.8348061,0.97425425,2.5372956,-0.57872957,1.0553848,0.9227518,-1.7925345,0.43440765,0.6585587,-1.177528,-0.41463968,3.125274,-2.2174225,-1.0505351,1.8439543,-0.43792272,-0.3381409,0.7627214,-0.8517423,-2.664598,-1.8264366,-0.40631986,-0.5318982,0.18984364,-0.596589,-0.7911777,calm,03-01-02-02-02-02-05.wav
-661.27124,60.763054,3.1347826,18.067211,3.7541485,0.8602011,-1.7448677,-8.270892,-8.359177,7.863561,-4.1740537,-0.004215878,0.9948773,0.5096254,-0.5031658,-2.148636,0.60049444,-0.6630137,-1.4813609,-0.1554731,-1.1148666,-1.4702353,-0.11614429,-0.7945284,0.18615994,1.9105748,-0.014143295,0.78657705,-2.3799095,-0.47486427,-1.1916713,3.4280257,0.6811771,2.0450594,0.70724666,2.3617494,1.8267167,2.431332,0.7321193,-0.47821087,happy,03-01-03-01-01-01-05.wav
-644.4003,56.988388,-1.771732,18.255733,3.7867992,-0.15997842,-0.3507517,-3.7164965,-3.096567,5.7084827,-2.567826,0.07110346,0.11683236,-0.69274545,1.197013,-3.379418,1.4989043,1.0220842,-2.618889,0.32072234,-2.6321113,-2.498094,1.4668804,-0.9113558,0.60758555,0.44155958,-0.23831156,0.69126475,-1.9964242,0.1493975,0.72795695,1.1517701,1.637527,-1.6994973,-0.49211648,1.3260992,0.7790882,1.3415729,-0.008497718,-0.21928385,happy,03-01-03-01-01-02-05.wav
-672.445,51.884304,7.776502,17.38947,2.2204573,2.0626965,-3.8908634,-3.4657543,-1.3090396,3.3664882,-1.9281877,-0.616521,-1.2605922,1.0415225,1.2620336,-3.072997,2.9893527,2.1420896,-0.7308833,0.009864162,-0.6086924,-1.0831443,0.2614731,1.7519373,-0.75993,0.8233592,0.56645375,0.2653408,-0.6031756,0.61198664,-0.1516788,1.5098642,0.35399544,-1.5087696,-2.2948384,-0.74278176,0.26192826,-0.12386401,-1.167132,-2.3113027,happy,03-01-03-01-02-01-05.wav
-602.88153,64.14256,-0.94359744,13.4307785,-2.9365363,-2.4453523,-7.121959,-8.501742,-4.320961,4.271517,-4.8006296,-0.081596635,-1.7257619,-0.14360175,-1.6775343,-4.1593556,2.2315338,-2.3503873,-3.5028436,-1.5698708,-4.299188,-1.8368148,-0.7851028,-0.9608896,-0.6209132,-0.46731612,-1.3885312,-0.77813387,-2.801554,0.19241208,-0.90976655,1.6586803,1.0266894,0.44875312,0.34826294,3.7371564,3.5911474,4.3658953,4.1685495,2.7348945,happy,03-01-03-01-02-02-05.wav
-608.20636,49.354015,2.612785,5.6740956,-5.5295672,-2.936193,-7.9735203,-7.3582706,-11.513198,3.9772837,-6.941495,-2.4422846,1.417201,-0.015700942,-3.9109042,-3.6920874,-2.5805495,-0.27081323,-2.656307,-1.2158874,1.3710717,1.986984,5.8544445,5.4004407,5.246107,6.324643,5.108576,7.4693465,4.613808,3.765753,3.8147893,4.8655014,3.5139155,3.3939638,0.6068981,0.76422954,2.1270447,3.0449686,0.97551316,0.42154709,happy,03-01-03-02-01-01-05.wav
-530.82104,50.565147,-14.166001,5.4061465,-1.5381238,-7.787136,-7.753209,-8.745052,-12.20587,7.3181367,-8.31849,0.42508256,1.6312019,-2.3982139,-2.1713169,-3.857891,-3.420364,-2.180471,-3.8978982,0.5969465,1.5012757,1.8850421,6.4176435,3.1043408,5.6695914,7.176774,6.0412593,8.051476,3.9585054,1.9558516,6.41471,6.9292173,4.062171,-0.65106344,-1.5499891,1.2592889,3.2390084,2.0074537,-1.0816799,-0.2779201,happy,03-01-03-02-01-02-05.wav
-543.45636,53.037846,-5.0294156,9.34708,-0.37307975,-6.488607,-9.774054,-15.516818,-11.084846,5.168407,-9.272645,-2.9788988,-0.79196584,-2.6692305,-1.4621803,-6.225611,-2.6089852,-2.1065052,-5.9676747,-2.3069975,-4.138071,-4.882969,1.0616283,0.13612223,1.9636391,3.3711226,3.1020908,4.1020613,0.46907994,3.6447055,5.602101,7.0762033,3.1030765,1.0378683,-1.7067084,1.7605971,5.0133414,5.1196923,3.976611,2.922896,happy,03-01-03-02-02-01-05.wav
-556.7746,40.751377,-1.343619,6.070342,-1.0022507,-3.0672982,-7.6342998,-7.6806135,-12.642752,2.8492777,-6.5927844,-3.5913131,-0.0914021,-1.7479863,-1.9774634,-5.2047987,-2.7596526,-0.18025225,-6.1627173,-2.6058164,-3.410374,-2.9312584,2.532372,3.159703,5.3180075,6.910315,7.449064,7.2618265,4.5305676,4.2669816,3.1181855,2.7769835,1.0531827,1.8345968,0.5955833,2.2176487,1.9683033,0.76457936,0.05472111,0.67227924,happy,03-01-03-02-02-02-05.wav
-750.24255,69.065315,14.15266,23.886505,4.7078714,6.0066323,-4.134866,0.49271542,4.3143797,1.8608668,4.522734,-0.13962203,0.77454317,4.2465987,0.68783957,2.0533228,2.0411398,2.4411864,-0.77480745,-0.37605062,0.4473514,-0.37094218,0.5856481,2.8542259,-0.04943288,2.9161088,-0.634195,2.083989,1.1072987,0.6329066,1.8570105,1.2773815,0.077458106,-0.047125384,-2.4579024,0.40555233,0.35520893,0.61248624,-0.82661074,-1.6717558,sad,03-01-04-01-01-01-05.wav
-725.497,67.69112,8.241737,24.798468,2.7852387,3.3172514,-4.734438,-1.6131144,4.6235743,3.5825186,0.7736511,-1.6867318,-0.63397205,3.8189018,1.4298017,0.14204092,1.5359347,1.8858762,-2.1511347,-0.47895774,-3.458344,-0.123375304,0.849576,5.3029003,-1.2230024,1.9878561,0.72730637,0.77283186,0.8295954,-1.0594888,1.5767709,1.7128464,0.018326923,-2.4154997,-2.478816,-0.7720924,0.96715784,-1.1270685,-2.8451438,-2.8363662,sad,03-01-04-01-01-02-05.wav
-749.8566,60.81584,13.037605,21.446756,6.2871075,5.106157,-4.611061,-4.4464846,3.5906518,5.3288836,-0.29467875,-0.49543586,0.83775234,4.2303314,0.9463246,-0.6443417,3.4119718,1.7597046,-1.9519097,0.27754688,-0.5987026,2.3070874,0.1389249,3.1873267,-1.065213,2.1139448,1.4946171,2.5347962,0.98553556,0.34292814,0.06268366,1.4131863,1.7760468,0.4200473,-1.7678084,-1.021974,2.6334317,1.9072331,0.7648291,-2.1567724,sad,03-01-04-01-02-01-05.wav
-718.43414,71.343285,15.212324,23.371973,2.5225656,4.6089425,-5.2560697,-2.5148904,5.7139015,5.4127903,0.7915438,-0.12507814,0.29799464,2.940442,-0.82813525,0.82769465,3.3280773,1.0875787,-1.2829231,-0.78815997,-2.507663,-0.26803496,-1.2523835,2.7920744,-1.2078849,2.0084,-0.004587979,1.3252248,-0.6410978,-0.22724378,1.0081438,1.3086244,-0.99567044,-1.3848346,-2.2930293,-0.7584124,1.2556287,1.0660295,-0.9636441,-2.5225441,sad,03-01-04-01-02-02-05.wav
-716.7676,66.59873,12.927028,21.82088,1.6553023,1.6012834,-4.377405,0.3483297,-1.6016278,2.7422757,-1.7885895,0.29852152,1.5457034,2.5415316,1.3093784,-0.8899467,1.8859714,-0.952218,-0.7830887,-2.5913012,-0.5541159,0.12906392,0.76811886,2.3194976,-2.6558077,2.9224274,0.850175,1.2933885,0.02930558,1.9590123,2.202295,4.457569,2.3419652,1.9031595,-0.9480119,1.0151173,2.8621464,1.6947422,1.3369951,-1.1435032,sad,03-01-04-02-01-01-05.wav
-732.0937,62.918026,7.44376,27.29139,7.0726147,0.3290158,-6.097014,1.0494839,-1.6733785,3.515841,-1.4685918,0.1995855,0.5229,1.2507212,2.0848324,-1.0238372,2.4120605,0.37482503,-1.4226278,-3.3430994,-1.4208674,0.30667624,-0.3501831,3.7433584,-2.1804848,2.6243212,2.2006369,2.9004014,-1.0504014,0.49772343,1.6173061,3.4360526,2.5794127,-0.05215656,-0.17280711,3.543184,4.2802744,0.49919525,0.2954854,1.9745259,sad,03-01-04-02-01-02-05.wav
-705.7858,54.766785,8.973957,20.82013,-0.59625274,1.3939838,-6.929505,-0.7578985,-0.9459002,3.1303322,-1.7073199,-1.0589387,0.8548025,5.180566,3.1758666,-1.2789513,2.829363,2.4138181,1.1962863,-1.1379485,-0.15883453,0.21929424,-0.3590669,2.4729722,-1.5045826,2.3187737,1.8988599,2.0247366,0.17967598,0.983088,1.1505761,3.3395238,1.41063,1.157917,1.5061507,2.6497912,4.3261585,4.2849874,3.6783829,2.3046079,sad,03-01-04-02-02-01-05.wav
-734.10254,63.688717,3.7914503,21.650812,5.423048,2.4574265,-3.7733047,-3.0591724,-1.4411051,6.4009013,-0.50797135,-0.81392205,0.04526281,4.921246,3.9911354,-4.006124,-0.08414129,3.0849767,1.1222401,-2.611127,-2.3922312,1.3777728,0.59275985,3.4794304,-2.149931,2.842193,3.8268292,2.9723186,-1.365869,0.77758217,1.9491729,4.3285537,0.37632766,-1.6675218,0.20906249,4.117807,3.9003792,1.3750395,-0.12787513,0.7124507,sad,03-01-04-02-02-02-05.wav
-513.8714,51.07079,-16.369505,14.28696,-7.446271,-11.550834,-4.0368004,-6.7256055,-7.481759,2.0461195,-4.4343085,-0.7461784,-2.74692,-2.8676233,0.024641411,-5.960994,-1.4727339,-2.0287185,-3.3883665,-2.3516495,-4.6348085,-1.9275868,0.48171648,1.6210989,1.9651988,2.3570344,2.4679139,2.1065025,1.0630016,0.39022097,0.33949474,1.2830576,2.5203996,-0.21681176,-1.6463921,-0.9478913,1.725863,2.3860848,1.3446019,0.11753096,angry,03-01-05-01-01-01-05.wav
-531.1395,48.384666,-4.5635233,18.59397,-4.772533,-8.811195,-1.7016551,-1.6501714,-4.4429955,3.0070992,-2.2621372,0.8553777,0.39004254,-0.76945466,0.44057947,-3.3150058,-0.104485825,-0.8870331,-2.264744,-1.3875196,-2.2151117,-0.69750714,-1.0415401,0.18585412,0.36831564,1.4528266,1.6813064,1.9128182,0.08953254,3.4340613,3.0012877,3.7516422,3.4285097,1.5738727,0.13144156,1.1211526,2.8466024,3.6025808,3.0704563,2.0549266,angry,03-01-05-01-01-02-05.wav
-602.0233,72.666214,0.10146201,14.938778,-2.1960688,-4.2738996,-5.39772,-9.201783,-0.40410537,2.5828907,0.114966094,3.553753,-3.8416066,0.17913213,-1.5605853,-3.9669757,0.60571027,-1.4038109,-3.529777,-1.7057195,-1.9151161,-1.2781118,0.7463286,0.18609105,-0.9532976,0.23289675,0.6254915,0.53927493,-1.2484876,1.2821685,-0.17807652,1.7794654,-0.15037346,-1.6777241,-3.2649126,-1.2383214,-0.43097115,-0.9381455,-1.3056808,-3.4488187,angry,03-01-05-01-02-01-05.wav
-560.74396,62.92958,-3.5520144,16.915749,-8.515887,-4.33504,-5.459386,-8.058241,-3.2775881,1.1694977,-0.34299466,-2.3675008,0.48602158,-1.9409938,-2.5117722,-4.4830813,-0.44570956,-1.6474892,-4.939939,1.2060399,-4.4366055,-1.9904747,-0.07480899,-0.868628,1.0401174,-0.8329472,1.4086535,0.0737413,-1.0552975,0.6959517,-0.905949,1.8090804,1.553723,-1.6947074,-2.1509867,-1.0475347,-0.34153497,0.6288416,-1.9836938,-1.2045475,angry,03-01-05-01-02-02-05.wav
-373.87607,27.443254,-18.760443,3.9587116,-7.7302313,-14.664703,-7.1471915,-7.191898,-9.221323,1.9438697,-5.5936136,-1.9806389,-3.196072,-6.939313,-3.0186262,-6.340701,-1.2509397,-0.80521727,-1.3450909,4.2028747,3.3621101,1.9650623,3.6927836,2.0198796,0.94419825,1.6391895,2.533268,1.8709711,1.5625491,1.8449097,1.520301,2.0372856,1.725474,-0.96686125,-1.3963283,-0.7702053,1.3287519,4.0357265,1.0340538,0.30828837,angry,03-01-05-02-01-01-05.wav
-409.27127,33.422054,-10.424203,7.1837277,-7.5010915,-11.131447,-7.5390244,-5.08725,-8.154494,1.7862151,-4.96679,-1.4317259,-2.7430205,-4.589875,0.887142,-6.0392227,0.86140156,1.6579844,0.99318486,5.133259,1.159691,2.8487225,2.620442,6.063808,2.5819194,3.988419,2.8805425,4.006148,2.910292,2.6368413,2.76094,3.1952684,2.1159616,0.72547483,0.8999446,1.9836913,2.930212,2.9206643,2.2867904,2.010408,angry,03-01-05-02-01-02-05.wav
-341.11212,26.900223,-14.007138,-0.33797112,-4.059735,-16.640678,-7.9423904,-7.8502407,-11.973444,5.6192355,-2.6540937,-3.56097,-2.0017257,-4.222394,-4.249292,-3.0237505,0.5026942,4.224737,0.9967432,0.5627693,0.9717762,-2.0434449,2.4471114,2.578373,0.91327775,-0.74300236,0.9605391,2.7167542,3.9224806,1.7357582,0.30598697,1.4174026,3.0242362,2.107455,0.65452653,2.2468715,0.6168948,2.7743046,0.31458783,0.3891131,angry,03-01-05-02-02-01-05.wav
-335.23416,25.611403,-18.468214,-2.074286,-5.7791524,-15.42805,-5.106598,-9.345505,-15.409959,5.467839,-4.0606813,-2.8537288,-0.7247837,-4.588635,-5.5850916,0.6227759,0.86437494,4.7010894,0.6088752,-1.4083763,1.9719793,0.2735709,4.298069,4.2355824,-0.4654444,2.2469409,0.6673825,2.950686,0.64869183,-0.72981864,0.98338026,2.6452615,1.7668369,2.2370267,1.2565379,0.3234792,-1.199223,1.8328379,1.0110967,0.45946005,angry,03-01-05-02-02-02-05.wav
-655.6445,52.789215,1.998714,13.135265,-3.390298,-5.5628033,-4.594734,0.45789322,-2.2388606,0.16059935,-0.3691262,-3.2553566,-0.77146417,0.46818683,-1.1944132,4.317577,-0.16059402,2.277468,-3.3481529,-3.963219,0.21209928,-0.9708591,-1.1438503,0.84853643,-0.6046438,0.8094827,1.4453704,1.3945495,1.1381466,2.196295,4.373942,4.294172,0.34018126,0.57649654,1.3628267,3.0330358,2.6825438,0.69537663,0.31058848,1.8891927,fearful,03-01-06-01-01-01-05.wav
-647.0046,47.841568,2.7777355,14.658987,-1.7935061,-3.7321074,-4.9133105,-2.4783158,-2.0759537,0.21634504,-0.81671184,-3.189878,-1.835267,0.47931078,-1.954039,1.4069499,0.6067069,-0.6893856,-1.1238693,-3.259212,-0.5687346,-3.168058,-0.09098641,1.1065925,-1.3116745,1.417887,0.19174951,0.69088495,-0.69423366,0.11402184,1.3810514,3.0452335,2.4125087,3.00674,2.0312054,4.3046575,3.8446946,2.3887982,1.1215686,1.8343108,fearful,03-01-06-01-01-02-05.wav
-696.8537,57.96719,7.15194,19.061197,0.8037803,0.5864563,-3.8237612,-1.6182567,0.9125559,3.2928016,0.82796997,-0.8554388,-1.11578,5.1601777,0.39321995,0.78864914,1.8152355,1.9282306,-0.7679788,-2.0358555,0.25653973,-0.64403707,1.0093746,2.2828162,-0.22973244,2.6052911,1.5766472,0.20333365,-1.105377,1.8958236,2.472353,0.91248226,-1.8912663,-0.8181416,-0.54935145,1.7620883,0.20298147,-1.0251044,-1.238634,0.95627,fearful,03-01-06-01-02-01-05.wav
-609.74567,51.23407,-0.92227745,12.512077,-5.2382884,-5.630108,-5.497558,-4.513679,-4.642359,-0.10144047,-1.6779591,-1.9522467,-2.229872,0.15103422,-1.2595973,-0.71734,0.4893317,-0.7049683,-1.7209778,-5.144445,0.13500275,-2.095119,-0.093577206,0.75568295,-1.5057293,0.40543175,-0.27308524,0.39081421,-1.2419504,-0.083149515,-0.28078583,1.5493928,-1.9494886,-0.06958085,0.63362765,4.0557857,4.091189,3.1231375,1.3599993,1.6479521,fearful,03-01-06-01-02-02-05.wav
-464.43994,28.727472,-17.807722,-0.19094637,-7.6818805,-11.403357,-14.399361,-6.6161427,-10.517758,0.28440195,-4.56631,-4.363089,-3.2397833,-2.038298,-0.7981337,-1.6514539,3.7144058,4.4791427,4.020074,3.105768,5.151012,4.4638343,4.989296,7.4626555,3.6266482,5.284506,4.4209485,6.116084,3.7969892,3.4085674,4.43669,3.3233573,2.095085,2.0252285,1.3447529,2.684726,3.316552,2.0512826,0.1343871,-0.74576664,fearful,03-01-06-02-01-01-05.wav
-434.04495,35.226814,-21.163519,3.1327586,-10.479174,-12.150572,-20.571018,-9.776391,-12.9460535,2.3408043,-7.6366563,-4.3456807,-3.4270706,-5.0155587,-0.0704618,-6.75214,-0.8246941,-0.5405416,-2.0352378,-1.901809,2.4789317,4.440682,8.847661,11.652699,7.6438456,11.028792,4.806783,4.6352897,4.324526,3.1417134,5.073506,3.7024498,0.9379978,1.9596163,2.9866862,7.216746,3.293438,-1.23605,-0.32828304,1.4445837,fearful,03-01-06-02-01-02-05.wav
-480.38272,28.066456,-10.751407,5.6745987,-6.7152166,-11.42588,-8.130473,-10.814969,-13.327417,0.4598355,-6.6538153,-5.58659,-3.6166062,-5.188953,-2.227529,-7.3838754,-2.0433412,-1.7967377,-3.9982255,-2.223116,2.77248,3.4662116,5.3793316,10.251873,5.0914617,7.69836,3.7095575,3.729031,1.5092018,4.6127443,5.7229266,3.9281166,0.7367257,1.9843118,3.6987035,5.7763205,3.5698137,0.26776513,0.9283192,2.3695955,fearful,03-01-06-02-02-01-05.wav
-456.28204,36.47557,-16.646069,3.4767342,-8.260436,-10.025267,-19.089432,-9.111359,-15.806231,-0.3450776,-8.366848,-6.882917,-3.9951844,-7.074529,-5.728309,-8.846035,-5.2288284,1.0267694,2.5495644,8.10276,12.849081,10.779164,7.9272065,6.5032716,1.3951993,0.8322138,3.1044605,3.3577828,3.3528075,2.4036143,1.7406414,2.370061,-0.5645798,-2.2956035,-1.9584913,3.2917068,4.133879,0.6650369,-0.60172635,-0.10562777,fearful,03-01-06-02-02-02-05.wav
-711.7134,53.00771,11.134737,19.911404,-0.65310717,2.9896066,-2.116045,1.6822469,2.3234222,8.520312,2.028345,1.3413076,3.4335167,4.9344044,0.23782657,1.4553604,1.7389256,0.33730596,0.5032995,-0.92958605,-1.5389137,-0.39146066,1.1476766,1.4787539,-0.9092996,2.7301075,-0.3955288,2.4629135,0.7161096,1.0837567,1.4210716,1.7294987,0.18589123,-1.1868297,-2.3164575,1.0676987,1.318853,0.27500263,-0.79487664,-1.0364251,disgust,03-01-07-01-01-01-05.wav
-649.0402,41.795273,7.680582,14.804646,-4.5534406,-1.9152292,-0.4860433,2.310149,1.714452,7.7917624,2.864661,0.65628433,2.267915,2.7761033,-1.4352989,1.3415875,0.058252823,2.044442,-0.86147064,-1.951644,-0.7210504,-0.3370259,-0.62417877,0.80569094,-2.8752542,3.9768085,1.0413166,1.4651977,0.28084138,0.27875668,1.9070288,1.6409543,-0.39926982,-1.261409,-2.2920487,-0.3573031,1.5383632,0.04260993,-1.6215972,-2.1891894,disgust,03-01-07-01-01-02-05.wav
-693.288,54.434,10.252587,14.648724,-1.6996076,5.077238,-3.7608294,-3.5608914,0.6618939,9.236727,2.7551966,0.7768583,2.802377,3.0440812,0.12117323,-1.0247895,2.4988778,1.5891069,-2.242916,-0.08983408,-1.4440045,-2.4249706,1.6727024,2.5107262,-2.601889,3.5820162,0.6193083,1.8102227,0.14401808,-0.3262039,0.93156135,2.4818606,-0.14883676,-0.9509317,-1.7096626,1.589608,1.870641,-0.55711263,-1.563673,-1.509956,disgust,03-01-07-01-02-01-05.wav
-655.9499,47.77412,9.888138,11.4369545,-2.9090748,2.9990513,-4.9690456,-4.1631956,-0.2730223,4.400805,0.48734537,-0.5878669,-0.026627358,2.7721953,-0.75795513,-0.51044905,-0.20805976,1.5905291,-0.61469394,-2.0279758,-1.1703517,-2.6625228,0.37772107,2.8897479,-1.7095381,2.7684891,1.5877502,0.99270976,-0.3709684,0.8519933,0.13317627,1.0891249,-0.32119226,-1.4140816,-2.6974568,0.3952665,0.615254,0.20153709,-1.3970358,-0.68262184,disgust,03-01-07-01-02-02-05.wav
-650.10724,55.2674,7.3740425,16.27673,-10.307564,-2.0116801,-5.8350167,0.020275172,-3.9761298,1.3196977,2.668539,-3.902892,4.2859354,4.1766887,-3.626627,-0.64794886,-1.8480492,0.9335687,-1.2514243,-1.8721141,-0.06136535,-2.9650044,2.076633,-1.2253822,-0.4886883,1.9594421,-0.67521757,0.85890585,1.1679138,0.92414147,2.3363774,3.8000112,2.789788,3.2035716,1.9891927,1.971903,1.5693159,1.0194092,1.6499822,2.20031,disgust,03-01-07-02-01-01-05.wav
-575.16327,44.55054,2.706177,12.158382,-10.992416,-6.662604,-5.9795365,-3.0712948,-6.4492383,-2.8357613,0.34944114,-4.1147747,1.4181747,-0.2374154,-3.2877457,-2.4877067,-3.382553,2.6839042,-2.961114,-1.3824135,-1.727073,-3.0874004,0.10219941,-0.3706583,-1.6329627,-0.008660222,-0.4315115,0.04196263,1.5169502,1.4915391,2.32725,2.86692,0.58170617,1.7594835,0.2398236,2.8076632,2.0698752,0.5200901,0.07072482,1.4339691,disgust,03-01-07-02-01-02-05.wav
-568.70056,50.554092,2.5707803,5.0946603,-7.2421527,-8.18725,-14.276363,-7.6712737,-6.0993204,-3.4822464,-1.7406757,-0.97704905,-0.5883778,-1.5528665,-0.22390525,-3.7201543,-1.4079968,-1.107627,-1.5571054,-1.4441973,-1.0775832,-5.0987587,-0.43911457,-0.93125373,-2.3152475,1.8021512,-2.532167,0.51589453,-2.0488517,1.9214973,3.6560664,5.124003,3.2913508,1.4096485,-0.02061042,3.7809775,2.6533682,2.7675006,0.12733422,0.5532902,disgust,03-01-07-02-02-01-05.wav
-600.94104,77.952484,9.534403,9.252476,-14.362681,-4.88183,-7.5281177,-2.0659235,-5.116819,-3.6626313,3.5476992,-0.41155848,-2.0370805,2.736879,-2.0332801,-6.5300846,-2.8254008,-0.1257126,-3.1266708,-0.7905651,-2.750897,-3.4276264,1.6130077,0.9441811,-1.9086757,2.1174457,-1.2216499,1.1524746,-1.2590908,0.3499195,1.7228959,0.78255177,-1.1583095,-0.8465252,-0.19920015,2.2698777,-1.0570962,-1.353947,-1.8080559,-0.43470195,disgust,03-01-07-02-02-02-05.wav
-624.5838,53.67651,3.3098583,13.510421,-2.7550986,-3.8338308,-4.639661,-1.8656466,-4.566682,1.5258029,-3.0199697,-0.17898642,-0.2527498,-0.6301869,-1.9087974,-3.305229,1.1103225,-2.0121024,-0.612452,-1.3344877,-2.842014,0.2841569,2.4911742,2.8644876,-0.09772395,1.3507097,-0.059505943,2.4237058,2.4337592,3.2314255,3.1687999,3.0338502,1.0414221,0.43524095,0.5173684,2.5189025,3.146607,2.8515103,1.7901711,-0.059412204,surprised,03-01-08-01-01-01-05.wav
-609.2026,56.188263,-5.6014295,13.274368,-8.283459,-8.284689,-4.496416,-5.799926,-6.738879,-0.4132699,-4.495087,-0.3324985,-1.5561857,-1.1126487,-0.48965225,-4.8279886,0.42909366,-2.1594114,-2.9522338,-1.1950907,-2.7821481,-0.3111696,1.1285166,0.9247631,0.6747945,2.1772652,2.6668153,3.9401383,2.0814984,2.0165424,2.164036,2.3638215,1.1375335,0.8252917,1.1158147,4.0037456,4.98629,4.154003,2.0827374,1.0218948,surprised,03-01-08-01-01-02-05.wav
-644.5197,53.01714,-8.913098,13.883743,-6.523529,-4.878548,-4.1696124,-10.079043,-3.8043108,-1.0416223,-2.1741292,0.74088436,-1.6996197,0.8439171,-0.55176085,-4.619782,0.19458659,-0.6504259,-0.7510605,-1.8670012,-2.5749505,-0.9261734,-0.12142094,1.2020426,0.69385976,0.49969205,0.902361,2.5377276,2.5417213,4.1348586,3.0914567,4.321568,1.3335849,0.6389782,0.786449,3.5043857,2.790016,1.9142247,0.5943435,-0.08484756,surprised,03-01-08-01-02-01-05.wav
-601.94147,56.922974,3.8390977,14.155102,-2.053286,-2.438494,-9.87848,-7.7399297,-5.5645747,-1.2682034,-5.8101315,-4.444042,-3.1960561,-0.38229892,-3.3297698,-4.8241067,-2.8658686,-2.9163232,-3.41425,-2.7727256,-3.6297908,-2.528979,-0.1990934,2.420595,2.710616,5.3545227,6.0844226,3.493419,1.7145578,2.1486642,0.7669167,3.642664,1.4015182,0.672451,0.7233825,2.6841655,4.1497188,4.0762506,2.1802678,0.58385825,surprised,03-01-08-01-02-02-05.wav
-587.3428,37.678997,7.877359,8.972081,-6.8908544,-1.1493713,-8.501066,-3.8146615,-6.301759,1.9337423,-3.8571942,-5.0918427,-0.7866041,-3.2677443,-3.0710835,-3.0353837,-2.5563383,-0.040370002,-2.0125024,4.1411643,0.26712185,1.7151295,3.3249385,2.0261927,3.994486,3.1123042,3.6954021,2.1951752,1.6462625,2.0335793,3.3308566,4.644096,3.7943716,1.3009225,1.6478707,2.641319,2.703141,4.5408726,1.6433793,1.003315,surprised,03-01-08-02-01-01-05.wav
-560.5412,47.597916,1.4972503,4.0928774,-9.868595,-4.2839456,-5.950687,-5.5773425,-9.215376,3.7180395,-5.6329126,-3.9348,-0.5107462,-3.294619,-4.72065,-0.62400895,0.26673615,4.8645697,1.3471944,2.2622526,-0.7273224,-0.111273125,3.5077233,1.6783911,3.3901424,3.4027848,3.2578354,1.863607,0.152961,3.016433,5.6104617,8.015195,6.9272504,3.730195,1.7568556,3.2746933,3.1301093,3.0880518,1.1711231,0.047461603,surprised,03-01-08-02-01-02-05.wav
-569.7345,41.605103,-3.861696,4.750436,-7.3339553,-5.8627033,-10.284734,-8.58227,-8.518632,3.5968251,-5.112173,-2.976734,-2.0000165,-2.129448,-3.8069568,-5.2304454,0.280003,-0.7891677,-4.357204,-1.2919753,-2.8690557,-0.51096505,2.240867,3.55084,3.6051028,2.687972,3.0660112,3.072507,5.2157784,6.039133,4.249077,5.0965533,4.91533,3.5570648,2.335005,3.8728976,2.46305,3.698487,0.44358152,0.5811566,surprised,03-01-08-02-02-01-05.wav
-588.4852,53.374374,1.6275812,7.4806986,-6.4643817,-3.926487,-8.257057,-9.653358,-9.977389,-0.16219884,-6.7144637,-6.14259,-1.7859578,-2.4367554,-2.9573889,-6.621658,-3.0526583,-1.2331226,-5.9908037,-0.079761416,-3.9328346,-0.8585679,2.5314033,2.007333,6.008653,4.723887,6.411184,3.1981385,0.8897039,2.0649304,1.2736033,4.020611,3.196729,1.2976019,1.9985068,2.6294158,4.0204444,4.4309635,1.3672642,-0.44536614,surprised,03-01-08-02-02-02-05.wav
-719.0396,40.720448,-19.012432,12.071475,-9.406989,-9.562127,-12.570809,-8.904402,-1.649468,-4.4961276,-5.775325,-6.1825385,-7.012117,-6.023243,-3.3854442,-5.2272744,-3.9495451,-8.831934,-1.9275507,1.8729645,1.6312119,2.0823357,0.5027185,0.39408636,-0.1368529,3.3532145,6.687101,6.041388,6.2792997,5.1811123,5.1394353,4.867819,3.4245508,0.5563769,0.184453,3.6635306,1.9951357,0.10317915,-0.072416194,0.35400262,neutral,03-01-01-01-01-01-06.wav
-679.4858,41.909737,-17.846897,16.079329,-12.331806,-11.34223,-13.632017,-5.812168,0.5431167,-3.330177,-3.222739,-5.2424245,-3.6447165,-5.6937823,-3.5538917,-6.335257,-3.8943884,-6.665499,-0.87591827,0.18711604,-1.1189933,1.9068975,-0.9518892,2.173368,4.1418567,7.113443,8.130265,6.0630984,5.722895,7.0193753,8.792933,9.4956,6.7375774,1.3465248,0.84935707,6.967435,6.2240767,-0.1727612,-2.27132,0.24389891,neutral,03-01-01-01-01-02-06.wav
-689.03046,42.23167,-11.652667,10.789382,-7.7564416,-11.469117,-13.445767,-7.8509226,-0.8439258,-5.2332406,-2.9354606,-3.7546093,-5.576802,-3.647429,-3.15568,-3.3193402,-3.6072404,-4.7681155,-0.38942623,-2.2870142,-2.5860534,2.017939,0.8948022,4.5341034,6.9103312,6.7573543,4.835287,3.6820872,6.8457575,11.56562,10.093355,8.420464,4.2040257,1.3903692,3.1138716,6.694485,3.7922194,1.656041,0.008482093,-0.31706607,neutral,03-01-01-01-02-01-06.wav
-695.1441,43.889828,-15.897756,11.1217575,-9.670057,-12.6297245,-15.065154,-8.457457,-1.5215402,-7.2866993,-4.323817,-5.205096,-5.2476196,-4.7959657,-3.1375678,-3.483196,-4.561043,-5.5275745,-1.0912343,-1.5416895,-2.9066849,0.03334929,-1.3117633,2.322363,5.406231,8.242951,8.611096,5.7906156,5.1731105,8.367075,8.6946125,8.048794,6.672171,4.3049173,1.9514763,4.919743,4.4207463,3.8186977,1.5999029,-0.10016788,neutral,03-01-01-01-02-02-06.wav
-716.0304,40.62357,-4.711455,12.425219,-3.6132545,-15.540592,-15.769625,-2.7518268,-3.023656,-4.627954,-8.853637,-4.3839407,-3.1084328,-2.9351017,-3.8317664,-6.310749,-2.7326643,-7.6711407,-1.7437055,-3.9421706,-5.3838663,-2.752613,-3.0543075,-0.40564153,1.4794613,2.4783034,4.2092795,3.4579148,4.983117,7.311995,9.7363405,10.614292,9.114767,7.400822,7.2011194,7.6609244,4.4384184,1.0609324,-0.048883148,1.2821397,calm,03-01-02-01-01-01-06.wav
-709.4748,46.917767,-7.950869,12.496928,-2.2825468,-15.562716,-19.677338,-3.6106462,-0.3586227,-5.2167144,-9.424786,-4.1202574,-2.7925825,-3.3562458,-3.986014,-6.9871607,-0.8988735,-8.042644,-1.9627004,-2.4748104,-4.8790975,-2.753069,-2.9627573,2.0895627,1.048348,1.9300429,3.080584,1.8967929,3.8595846,9.879008,13.228383,13.475616,9.7936325,5.6533875,6.286852,7.07193,4.4665747,0.6803929,-1.6839904,0.06842745,calm,03-01-02-01-01-02-06.wav
-685.36206,56.20775,-7.512721,7.764699,-1.7457827,-15.504335,-20.302536,-4.7199388,2.2505918,-3.7787478,-8.110695,-3.2191072,-4.965743,-3.4611063,-0.16495639,-4.2855287,-1.532061,-6.2404656,-0.96236736,-1.1409351,-3.3119328,-1.5710939,-4.214131,-1.4677335,-0.7711031,1.9354984,6.0889387,7.321066,10.299323,11.991742,11.072435,11.789289,11.06137,10.729843,9.282485,6.271564,3.8277454,0.50753605,2.026267,2.5079677,calm,03-01-02-01-02-01-06.wav
-666.7776,54.895756,-13.130486,6.5402865,-4.006335,-20.963701,-20.856619,-1.7661046,0.8077151,-8.841903,-6.018353,-2.5436933,-7.946171,-1.4485036,-4.3310347,-3.59195,-4.127126,-6.0285397,-1.1882899,-1.0702869,-1.6334472,-3.161941,-3.4175203,-1.4838023,1.7421154,3.877566,7.992857,6.386352,6.6124926,7.019745,9.702713,8.350859,9.336826,4.7428117,6.106222,8.523108,8.575196,4.0078597,1.7130501,0.2782787,calm,03-01-02-01-02-02-06.wav
-686.0504,44.37967,-10.479699,15.650894,-6.9255533,-14.823756,-16.370157,-0.9731899,-2.632166,-4.0605054,-5.0941296,-5.0519457,-3.0844142,-2.9836624,-5.120204,-7.737142,-1.9145749,-7.679305,-3.1823852,-4.2287517,-3.3256109,-0.49481302,-1.5903336,2.918371,4.208811,2.6252875,2.3297558,1.9033405,5.166089,8.363437,10.150704,8.995429,7.0219727,7.384722,8.589528,8.42185,2.5577452,-0.049407527,0.332917,0.26823962,calm,03-01-02-02-01-01-06.wav
-695.74054,44.889153,-7.7114344,10.99227,-7.5007534,-12.832838,-16.203018,-1.1152478,-1.9714262,-4.414914,-8.654067,-3.4250634,-2.1265738,-4.2572265,-5.158327,-6.765571,-1.6231271,-7.2456307,-0.8245151,-5.260808,-4.3992615,-2.1567543,-4.348042,0.0022984997,2.1553087,2.4271333,5.065757,3.4890032,4.916016,6.115789,9.771036,10.379979,8.7870245,5.802607,5.7226524,9.638185,7.8222175,3.7174616,-0.007429978,-0.07743399,calm,03-01-02-02-01-02-06.wav
-696.01416,50.864796,-3.807925,2.2895904,-5.6497903,-15.509788,-22.005428,-7.2561655,-2.5046577,-8.051898,-9.606336,-6.836503,-7.263495,-6.609779,-5.5934124,-5.8449774,-6.0157886,-10.099826,-2.6416852,-4.604718,-4.441986,-3.4290433,-5.4516726,-1.7757301,1.6449633,2.568477,6.573517,4.6544447,7.606257,7.7818685,8.88038,11.619997,9.689308,6.267272,4.3706837,6.3393016,5.8909135,3.7611299,1.438323,0.003994437,calm,03-01-02-02-02-01-06.wav
-714.8892,54.850266,-4.628972,3.588339,-5.203216,-11.286014,-15.668042,-6.375353,-2.1069026,-0.81601226,-9.548704,-5.5288157,-1.7973584,-4.8326983,-4.942583,-4.0366235,-0.85753846,-7.0064063,-3.0458183,-1.5908841,-4.970497,0.08705953,-2.6841242,-1.8637232,0.52640206,1.1498358,4.2426105,6.7017756,8.015162,9.34106,10.28054,9.84469,11.622271,11.653217,13.358636,11.785412,6.2549715,1.2745136,0.5066915,2.485744,calm,03-01-02-02-02-02-06.wav
-597.0243,45.34275,-39.5122,23.986963,-18.81295,-22.365005,-17.742476,-7.385365,0.29520005,-13.349424,-5.2229953,-2.4363995,-4.8360486,-2.4880834,-9.835499,-3.398267,-3.719878,-6.430941,3.3575437,0.09194412,-0.15093818,1.3504691,-0.78736246,2.7374146,3.8180394,6.4148645,8.3808155,8.882213,9.8956175,6.5377607,7.2537794,7.5077972,3.5126302,3.0242543,5.6702294,6.849037,1.9051573,-2.6461399,-2.6258233,0.8242041,happy,03-01-03-01-01-01-06.wav
-558.3584,24.887178,-48.84591,15.338808,-20.835264,-22.266815,-18.076597,-15.964517,4.4405675,-15.524546,-5.4006996,-6.2032523,-9.219545,-3.6931918,-11.539365,-2.2363083,-1.8076994,-4.929986,0.8221604,-0.26915064,-0.7052878,1.709442,1.4624026,6.253057,9.155843,9.241726,4.909924,2.7791274,4.902389,5.042415,8.279548,5.2871222,3.7807271,0.7498628,1.7259494,2.5159595,3.0790195,0.39246988,-3.5417047,-0.62912834,happy,03-01-03-01-01-02-06.wav
-630.0116,31.959837,-31.915016,11.755955,-17.964165,-16.58564,-20.009497,-10.908162,0.41335842,-13.629923,-4.349987,-5.1100373,-10.031515,-3.0752683,-10.163146,-4.154445,-4.5164247,-8.897787,2.3066657,-3.40296,3.3504217,4.65346,4.280265,6.0016026,4.1357565,3.8858368,2.0949833,5.027707,10.785514,9.09366,8.352523,3.694723,4.2528343,5.864417,5.6578345,4.9654703,1.5244321,0.15902026,0.58708334,0.9755094,happy,03-01-03-01-02-01-06.wav
-602.1031,31.554296,-30.697327,14.291177,-15.279229,-16.595552,-16.268791,-12.729597,3.2856994,-10.360517,-5.205843,-2.693419,-8.296017,-3.0577047,-7.0409036,-2.8128195,-3.9681811,-10.707646,2.2649832,0.4332353,2.0319116,7.244418,3.633142,4.1560726,2.2007267,2.8795516,4.393297,4.7370768,8.898198,4.3943157,3.7539847,2.32076,2.5852268,2.9953883,-0.18552406,0.8784347,2.1713214,2.8955424,0.8137368,-2.7949324,happy,03-01-03-01-02-02-06.wav
-416.58438,0.9451261,-51.635586,0.76554483,-12.5956955,-28.757975,-16.668224,-16.581093,5.8662066,4.006075,14.202585,20.518148,0.678623,-3.216109,-7.5016174,7.3913603,-1.0465763,-5.723816,2.4727802,10.008888,3.9769354,2.3608646,-2.508455,2.3101597,-1.2651085,-0.6365437,3.3489122,3.5117564,3.7200968,4.7856107,5.8276076,5.6129975,2.5409527,5.5434957,3.6538184,6.697528,2.3049865,-0.529532,-0.06923086,2.1228564,happy,03-01-03-02-01-01-06.wav
-445.2387,-0.60766923,-48.243225,-1.2774353,-16.031717,-22.663187,-14.721539,-19.09381,-1.6138574,-8.9153805,3.191614,18.356453,13.247347,6.155565,-10.256144,1.7651157,2.6360552,-0.05759535,-3.7100263,-4.1074505,2.844325,6.34986,-0.07097395,1.8409007,3.9496717,-3.1992278,-2.9548526,4.23603,3.8646407,2.5185719,5.4632154,4.769762,3.0166218,2.8710186,2.6515934,2.2425942,4.3646493,1.2706035,-2.2382598,0.121133156,happy,03-01-03-02-01-02-06.wav
-443.44016,-2.7734659,-50.938515,0.90487206,-20.705866,-24.428415,-17.70347,-16.633581,0.7235349,-9.149282,5.9094477,19.090725,17.38059,5.579885,-7.659547,-2.3165514,-0.94216484,0.22254024,4.198401,-1.3641729,0.3563253,6.6668744,4.67343,-1.3057376,3.1830275,2.6006513,-2.2609503,-1.4033031,4.108997,7.1621604,3.7371738,4.6221395,2.4711816,0.47030753,7.5414057,5.3473916,-0.059470806,3.832515,0.6446409,-0.72339535,happy,03-01-03-02-02-01-06.wav
-423.3733,8.453264,-48.346245,4.2898755,-18.532324,-26.743906,-15.660561,-13.718269,1.4521787,-9.776743,4.1451516,17.27084,16.461535,5.704798,-7.7109337,-2.0182667,-3.2971938,-1.8578858,3.981183,0.27637738,3.9192314,8.635531,5.3679566,0.27316153,1.4004608,-0.8023554,0.39477107,0.50109243,3.992234,6.9336514,5.5517507,4.9319654,4.324748,0.38340223,2.9536376,4.3992496,2.139582,1.1226773,-0.1230406,0.53996336,happy,03-01-03-02-02-02-06.wav
-732.7962,45.3651,-2.488453,12.838402,-2.5708604,-8.3554535,-14.07907,-3.895075,-1.9347484,-0.79962975,-5.2733603,-1.9115189,-5.4316907,-1.3439554,-5.04524,-4.6039286,-0.5604081,-6.301211,-0.69847834,-2.5834694,-2.1463163,1.449487,0.017155528,2.9966872,3.6935298,3.0649822,6.712772,7.889573,13.86582,12.263713,9.386569,3.2993355,0.009121827,2.0278182,3.0853348,4.418709,1.2262243,-1.7619733,-0.89105695,-0.3331227,sad,03-01-04-01-01-01-06.wav
-709.54926,46.326466,-10.015168,19.079828,-6.8479805,-12.317884,-16.047766,-3.9000072,-1.3697369,-5.9962306,-7.0597577,-0.4512042,-5.1867843,-4.8737664,-5.502903,-6.4402423,-2.2288427,-8.82631,-1.5260295,-1.523665,-0.7815428,1.2753752,-0.03419971,4.0761156,7.344096,6.5153623,6.6053576,4.965553,11.913419,11.759385,9.117212,5.1418204,0.7448427,1.0743623,1.1799903,3.482206,2.1201997,-0.99597996,-2.1825905,-3.3583136,sad,03-01-04-01-01-02-06.wav
-699.4074,44.337933,-8.343376,3.0159829,-8.349612,-12.884104,-16.60778,-10.115874,-3.0466473,-6.9005604,-4.1505327,-5.9285398,-7.737279,-3.0615118,-8.453263,-4.6836963,-4.7174406,-9.442272,-2.9349184,-4.19552,-3.7716272,-0.005769748,2.7795613,3.4230218,5.2193255,2.7035253,1.7817745,3.136813,7.9736757,9.8626585,7.885701,2.5656044,-0.077311315,1.0029885,1.9851806,1.8234785,-0.03499592,-0.6483544,-2.492354,-2.2599645,sad,03-01-04-01-02-01-06.wav
-728.53937,48.45804,-7.095117,5.8097014,-5.055383,-13.115038,-15.352452,-8.007607,-1.7832742,-5.7046394,-4.6068506,-4.076773,-6.4737606,-2.5497546,-8.0567465,-5.07279,-3.3435385,-6.874289,-2.0895762,-3.6072435,-4.3955193,-2.5276003,-2.5087557,1.1369978,7.560519,9.604822,9.500508,7.771561,9.155839,8.937758,9.196366,6.839866,1.8463156,1.152183,2.220421,6.387922,4.282523,-0.6637246,-3.2371829,-0.2779019,sad,03-01-04-01-02-02-06.wav
-499.40933,4.6442966,-37.868336,12.664712,-18.261581,-11.736809,-8.712745,-14.6093645,7.1502132,-10.654707,3.0050628,6.311234,5.465103,13.742322,7.557012,13.03785,0.9095902,-10.612421,-8.583715,1.172221,5.713206,-4.145903,-9.157192,-1.8936561,1.5977254,-2.646303,-3.1754541,8.487621,12.867814,6.3772736,2.5780096,3.5938296,0.66014826,-2.2423193,3.3298123,3.4022226,-1.2737217,0.43838766,1.3835905,0.6738755,sad,03-01-04-02-01-01-06.wav
-683.039,29.291622,-16.92203,7.560125,-16.223267,-12.621349,-15.604721,-10.4574585,4.8984203,-4.789941,-1.835751,2.0076754,1.0501652,6.129525,0.5194742,5.7915945,1.7761346,-4.9215884,0.5820794,0.19931847,2.7754686,0.44632939,-1.1565843,1.8046299,2.3693619,1.0516778,1.691992,2.8302498,4.8509164,5.5291686,6.745172,4.5782294,3.5990093,0.52601117,1.4063711,3.8405201,3.0030432,1.8323293,0.6027419,-0.6207102,sad,03-01-04-02-01-02-06.wav
-505.8861,23.009758,-24.078566,1.132222,-19.501974,-11.879433,-13.552412,-11.980224,0.16255082,-14.233666,-7.140698,4.1826177,7.2980127,12.065406,8.10705,8.810577,-1.7535002,-5.3057904,0.3019986,-2.1101122,-1.9802015,-3.2996051,-4.5768833,-0.562153,-1.0717535,-1.3952565,1.1310365,2.4051273,1.848381,2.8504934,3.8837748,2.3451371,2.3590724,0.43193996,1.1065786,2.8012092,3.6700592,3.4843721,-0.044054896,1.0932413,sad,03-01-04-02-02-01-06.wav
-551.36224,16.07915,-33.601257,8.844304,-22.937891,-23.648563,-18.96574,-19.367025,8.700715,-15.807753,-2.7876303,-2.469557,-6.9526234,-2.2459674,-13.128073,5.566148,-0.41898766,3.1944826,9.837598,8.495924,6.8938556,7.754334,-1.4618825,-1.6515646,-2.2117975,0.2533095,-1.670644,-1.3876841,-1.4910605,3.309414,4.195482,2.9647534,2.393522,0.37303558,-0.7266781,1.1017479,4.8518043,2.9978652,-1.9137594,0.27857652,sad,03-01-04-02-02-02-06.wav
-610.00244,31.096867,-17.834805,9.759312,-13.223239,-10.276705,-13.211254,-7.6141787,-1.5379107,-6.8708606,-5.1662674,-3.3008122,-8.073062,-4.005264,-6.4658413,-6.922346,-3.8739562,-4.8442793,2.1605387,-0.0820893,-0.26268348,-0.9158629,-3.3059995,2.2467709,3.490977,7.1401815,6.630856,6.3625035,7.4594097,5.018738,4.010133,2.949155,1.5224656,-0.41156518,-0.19743603,3.724812,2.0133803,-0.57821244,-1.2797056,-1.3391576,angry,03-01-05-01-01-01-06.wav
-596.472,44.64234,-7.69975,15.693391,-11.609743,-8.31067,-12.100741,-8.339928,0.47354984,-2.5129604,-2.9470305,-3.355237,-3.1694088,-1.281347,-4.2658362,-4.020523,-1.8950859,-1.4620347,4.58268,1.4880607,3.326073,2.1807208,2.6309328,5.2941365,5.037296,6.7596445,7.5477605,9.148805,7.992906,4.930689,2.9742072,4.0303364,3.729015,1.9627122,0.41633958,4.211944,3.182992,2.750887,-0.58682895,-2.3091326,angry,03-01-05-01-01-02-06.wav
-565.2773,32.27782,-22.362947,5.276291,-20.741207,-14.36492,-15.634045,-12.728439,0.20145318,-6.9732637,-5.2575746,-6.7629857,-5.408507,-5.854176,-5.78694,-7.1107965,-4.2529044,-6.1955614,-0.65941375,-0.066804595,1.3752422,4.5224533,5.3413258,6.0642867,6.57269,6.9866896,6.1560965,2.2081838,3.696088,5.038451,4.788488,3.2484534,0.5196085,-1.2310424,0.21139269,2.3685708,1.7809118,-1.0084932,-3.1680367,-2.2700825,angry,03-01-05-01-02-01-06.wav
-534.7098,26.190733,-15.97057,3.4786222,-15.785672,-12.873131,-10.663213,-12.332956,-0.8539302,-5.6583633,-5.1495876,-5.3817935,-4.242418,-5.793593,-6.72397,-4.216122,-7.4370203,-8.129169,-2.8365083,-2.5793352,0.72574276,4.578264,8.314943,7.813615,9.102729,5.459265,2.526679,-0.07520019,1.8646716,1.4996833,2.1202679,2.3572364,0.63755095,-2.7838128,-2.1030884,0.7290667,2.176128,-2.1117198,-4.0281544,-2.5550904,angry,03-01-05-01-02-02-06.wav
-336.94797,12.966651,-45.97118,-4.9606876,-23.827877,-13.893803,-12.970937,-12.712458,2.9693465,0.2185094,10.230302,11.913002,4.03264,-2.5065517,-4.2899313,0.7621537,1.9653876,-1.8502038,-0.8330684,3.3248382,5.640535,3.610643,2.9297905,0.08594231,1.830905,-2.3060117,0.8400972,1.1323227,0.21951345,3.5546799,3.3134189,4.036938,4.179406,1.6267991,0.123809546,-0.007526723,2.9227273,2.120015,0.08530355,-0.36747316,angry,03-01-05-02-01-01-06.wav
-346.96823,10.90022,-42.830936,-2.6747916,-22.28579,-13.74078,-11.786967,-10.877588,-0.7031382,-0.08984167,8.840227,11.828722,5.3499384,0.5918525,-4.0679092,-1.1804209,1.5706336,-2.5578566,-1.1822637,1.4818125,4.012043,3.311379,2.2419155,1.0580083,2.4188232,-0.49075457,-0.1999581,1.422158,0.595133,2.7885575,5.2879,5.091405,3.808513,0.58315843,1.3953476,2.627622,1.7752179,1.5537777,0.6882984,1.0080614,angry,03-01-05-02-01-02-06.wav
-358.869,14.091246,-39.15766,-6.4733663,-24.298542,-14.422858,-10.983537,-15.500228,0.93928075,-9.465787,-2.198398,2.7653158,7.3414598,10.741864,6.4520373,1.1140742,-2.0744123,-5.6593423,0.85841864,3.1193445,-1.0087087,-2.2846408,1.1590931,-0.3740921,1.9873976,2.2389734,4.5545893,2.3733451,0.018713204,0.9169905,2.1106765,1.7989006,1.9155017,0.47375944,-0.44679064,1.2704438,4.1774545,1.8043636,2.419162,0.8645243,angry,03-01-05-02-02-01-06.wav
-368.74887,11.560404,-38.660706,-1.7628702,-23.338993,-9.925304,-11.704108,-16.325634,-1.2099999,-9.921151,-1.2988502,10.396902,16.384636,12.751389,3.3522682,-6.875892,-4.758253,1.3866206,4.4832215,-4.0674467,-6.4572377,2.968324,6.266414,1.6363201,3.9438565,5.4954686,-0.91420025,-2.9210503,3.8882587,3.7352374,0.49657965,2.0898907,1.966801,0.87268144,5.0763297,2.4172843,0.38400072,4.0977793,2.391742,-1.5759553,angry,03-01-05-02-02-02-06.wav
-664.5424,41.395508,-15.009858,8.878958,-6.2306466,-10.310439,-12.799095,-5.908817,0.16995384,-6.8601956,-6.313652,-3.9954505,-4.2742653,-3.8890755,-6.832236,-6.372891,-6.0018125,-7.196972,1.5878096,2.3922546,7.174115,9.340761,7.86574,5.847591,4.832527,5.633992,6.263445,4.9815497,5.990781,7.211109,6.163774,3.949025,1.5617889,-0.19600213,-0.07641583,3.0808282,1.6981995,-0.8190218,-0.50129914,0.63151646,fearful,03-01-06-01-01-01-06.wav
-636.6642,40.62481,-24.778294,17.984503,-9.523387,-10.05996,-17.691654,-8.3167715,4.3455553,-8.240005,-8.920362,2.1763835,-4.732014,-5.5082707,-5.975095,-5.172228,-2.3425853,-7.4161625,3.999924,3.439826,4.2586627,8.069616,5.7237873,6.4313684,3.4804637,4.2863016,5.128171,4.4617667,6.5765896,6.483599,5.537168,6.868624,4.2528176,1.1903738,1.0772587,3.6365378,3.1320524,1.5377347,-0.7775375,-1.0581858,fearful,03-01-06-01-01-02-06.wav
-637.1939,43.198547,-22.372606,5.9856334,-14.735842,-18.55071,-20.68014,-13.5692425,0.46242458,-11.591708,-7.4702725,-6.5396714,-4.715781,-5.082452,-10.397903,-6.756557,-5.334783,-10.581205,-0.101920925,3.919798,10.056556,15.597643,14.025164,10.378869,6.648893,4.0958457,4.9336905,4.75148,6.629668,5.150596,4.2466216,3.7784917,0.122305274,-0.47172418,1.1853491,2.9635425,2.8084428,1.5261946,-1.1920031,1.537302,fearful,03-01-06-01-02-01-06.wav
-640.374,38.758682,-13.778365,10.276401,-6.5709705,-14.8307705,-14.745133,-7.4080205,-0.23421884,-7.878497,-7.833666,-6.0441327,-7.8514442,-7.7629123,-8.079574,-5.992435,-3.621402,-9.449729,-1.5931277,-1.1172189,4.6290236,9.383389,9.527535,9.657307,6.7759905,3.8568492,2.535661,3.4966133,6.811737,7.243443,4.990559,3.2414281,2.315386,2.442519,1.9776956,3.7334642,3.5638092,1.7834597,-0.8763304,-0.45553198,fearful,03-01-06-01-02-02-06.wav
-360.59988,-5.8933287,-53.644497,-9.747809,-20.411203,-26.258566,-19.727571,-7.784321,13.670109,11.81597,12.358336,15.537377,-11.1591015,-8.731591,-7.1829925,8.301117,-2.8944185,-8.157508,13.896601,4.947215,-2.798768,-1.4767913,-2.5865867,-1.0757843,-1.0486369,3.1451561,1.3171468,4.706896,4.3576546,4.457904,4.1695213,3.8393579,1.7596076,0.73033184,2.236076,4.1121793,4.8806496,1.5841613,-2.2048633,-1.1881182,fearful,03-01-06-02-01-01-06.wav
-365.17386,-7.7605324,-50.07568,-10.170286,-24.459362,-25.257164,-11.182941,-4.6132245,16.733778,17.196276,3.2784965,3.0297303,-12.927099,-5.466766,1.8176718,2.9069743,-2.055478,0.94375044,10.164811,-3.563106,-6.831636,0.22751732,-2.2057338,1.1106162,5.6974516,0.78902096,2.1488664,5.282884,-0.069696456,4.8415923,6.1371574,3.242153,4.3224616,0.6997533,2.3194234,2.7257545,2.136277,1.1464243,-1.3884099,-1.3474141,fearful,03-01-06-02-01-02-06.wav
-381.97748,-2.4371085,-46.81701,-8.60586,-22.558594,-28.866951,-16.940458,-13.162776,9.811553,4.4908834,5.914229,15.944367,-2.2636092,-5.609029,-5.188946,3.5008438,-6.131664,-10.127619,9.174022,3.5237706,-0.6911413,-2.0738297,-2.4952095,0.4718965,-1.6742213,1.9108735,3.1778762,5.519116,2.967843,4.156734,4.22578,3.8462768,3.1790807,2.3321137,2.6639628,0.6780786,4.313285,2.0599577,-2.4830248,0.15571931,fearful,03-01-06-02-02-01-06.wav
-323.70227,-0.053745743,-52.267673,-16.059706,-18.333372,-24.736965,-6.8873963,-0.5774869,21.637259,10.963021,-4.675976,6.561768,-10.845923,-0.024218697,-3.213936,3.6232986,0.12930985,0.29937908,12.59637,-1.6630663,-5.497225,0.9189475,-3.2845492,2.112739,4.4235063,-0.8688465,2.3735623,8.409677,-4.2517667,-0.09512552,4.169218,4.216917,5.5300193,0.9811933,3.316254,3.8845625,1.0123708,3.6456156,-0.35491502,-0.41414627,fearful,03-01-06-02-02-02-06.wav
-669.139,48.705387,-8.397649,4.006261,-11.12651,-12.477734,-18.591923,-6.907965,-5.7428555,-3.9842005,-7.5513973,-7.9433827,-5.7519774,-1.9847168,-10.001594,-4.2948937,-6.351472,-7.8646975,-4.4585075,-3.4403148,-3.0055885,-0.12084532,-1.5868828,-2.9052663,0.26055244,2.0612936,5.5918374,8.338224,9.286912,7.323949,5.125444,2.192219,-0.07898157,2.258932,3.6302931,1.3581413,-0.72996324,-2.2198722,-2.664865,-0.72347134,disgust,03-01-07-01-01-01-06.wav
-701.1556,37.657135,-1.8047647,9.150865,-6.471763,-6.3557687,-14.403963,-3.407294,0.46570644,-5.021969,-3.749593,-2.5520854,-2.7487264,-0.890724,-9.071944,-0.22298597,-4.6923976,-6.918188,-0.52045625,-1.5103611,-1.4438783,0.12271844,1.0993425,0.058426928,2.2180033,3.417917,3.215155,5.884188,7.05279,7.7487135,8.590508,4.521894,4.992858,3.7119577,4.129646,5.207426,2.875507,0.64283866,-1.3646151,0.8078467,disgust,03-01-07-01-01-02-06.wav
-748.3417,39.77452,3.161154,-4.6901965,-2.0804377,-11.898089,-16.04433,-3.8182678,-4.2119617,-4.972699,-3.715831,-5.7882366,-4.403185,0.8007265,-6.551058,-0.738233,-6.469055,-7.2190194,-4.9354706,-2.7617438,-3.6101565,-2.2088697,2.0368862,2.05396,5.8145766,6.7863283,4.849799,6.445007,6.9734216,8.80566,6.1641126,3.285972,0.7417003,1.8734409,3.129731,2.6707199,-0.6934493,-2.4187508,-0.1696961,0.8456464,disgust,03-01-07-01-02-01-06.wav
-716.5735,39.331154,-4.0484185,-0.8047945,-3.831784,-14.671719,-17.90064,-3.1100929,-5.5613046,-9.144266,-3.014216,-5.314947,-5.0119753,-3.1310837,-7.566848,-2.024835,-7.588062,-5.0537663,-4.0449295,-2.8388746,-5.31906,-3.0739825,-2.0974452,-4.0965505,0.9765929,0.5151861,1.5894526,5.5805526,6.6885557,10.930415,11.214382,8.327328,4.0663643,1.2908117,2.8282726,4.363908,5.338162,0.09113145,-1.1517947,-1.080222,disgust,03-01-07-01-02-02-06.wav
-550.25824,20.923777,-18.647491,2.3614764,-21.34254,-16.455135,-10.849413,-9.61225,-3.4735398,-6.9912343,-8.971848,-7.769033,-2.2505977,-5.822006,1.6136374,6.6742034,9.4623375,10.480886,3.474482,2.5555537,-1.0234538,2.370324,-1.876884,-1.9695975,-2.0850234,-2.6121237,-0.34305742,2.23514,1.6382114,4.1291957,4.744995,4.3201036,2.8557327,4.270798,3.7172983,0.97521305,-0.46247926,-0.7634894,-0.8424751,1.0666486,disgust,03-01-07-02-01-01-06.wav
-647.59283,31.169285,-22.472237,0.20458537,-19.207361,-14.211049,-13.093743,-7.3773746,-3.4679894,-6.262778,-3.4256768,-8.893561,-1.8558736,-6.097345,-7.498547,-5.9589777,-7.8700004,-4.4756474,-2.653066,-0.2128095,3.1998181,4.751095,7.173081,9.135179,10.329952,8.519987,3.8304145,3.6711688,2.4340386,4.3780417,4.1688504,-1.2675252,-1.0153445,2.0759711,2.7351794,0.61620456,-1.9225814,-0.16195606,2.0678954,1.8588152,disgust,03-01-07-02-01-02-06.wav
-587.9243,40.799126,-16.950348,2.6558774,-11.06362,-18.62912,-12.1380825,-5.037537,-3.562848,-10.152376,-1.7982751,-7.8192644,-5.2889686,-6.4103637,-9.071168,-1.6949064,-5.7552547,-2.3303938,1.520735,4.818376,3.4980576,5.1382203,5.678382,4.2342563,4.229977,2.1236775,1.6360335,3.134986,3.9180198,5.575988,4.2403016,3.0318906,1.3977902,3.8053894,3.4876337,4.374683,2.6459718,1.3851246,1.113656,1.4454149,disgust,03-01-07-02-02-01-06.wav
-639.05646,47.15852,-0.20955268,2.767072,-5.678296,-8.627986,-5.0787024,-0.6905565,1.0041654,1.9004307,3.59062,0.7558347,1.2224271,1.0449909,-1.3750769,-0.1970667,-3.7133887,-5.4748845,-0.71147263,2.7264643,6.1967177,13.574057,15.132081,12.527275,9.454742,4.0400033,3.7599056,6.8847966,6.861322,5.585263,3.563248,2.21065,2.2792387,3.6728015,3.4750707,0.912637,0.1486751,0.75803274,-0.57451636,-0.008214671,disgust,03-01-07-02-02-02-06.wav
-719.55707,47.868977,-13.726936,5.573991,-8.375384,-8.954642,-13.123571,-5.642151,-1.5260495,-5.6830325,-4.5613937,-5.7969337,-6.2397857,-3.2059395,-9.327803,-3.544755,-6.5566897,-6.6802907,-2.0984051,-2.0766017,0.5877677,0.39323768,2.7718844,0.89455,5.170375,7.538402,6.5290084,5.2841907,4.7346582,3.6500099,4.590019,1.8866906,1.8992695,0.22535865,2.974804,2.0523658,0.78771704,0.026327258,1.6230626,0.7197042,surprised,03-01-08-01-01-01-06.wav
-702.41907,43.968845,-17.598122,4.043543,-11.495463,-10.516462,-16.213692,-9.27514,-1.867751,-10.073234,-3.975565,-7.3853226,-7.589369,-5.103438,-8.291795,-5.075736,-6.9785337,-6.7497644,-2.7530322,-4.6935325,-1.1778524,0.19963916,3.5655215,2.2544181,3.5833004,1.4445947,0.68150514,3.862997,4.899832,6.5936522,4.3257313,-0.7017855,1.1835972,1.5638162,3.6819081,2.807757,1.358676,0.5956545,0.0114008775,0.56930315,surprised,03-01-08-01-01-02-06.wav
-681.1553,42.9335,-14.333993,-0.17605916,-11.106392,-14.335527,-16.586544,-7.589014,-0.917326,-9.436932,-4.026047,-8.585684,-8.438342,-3.1404796,-8.840407,-2.1655192,-4.793723,-6.1447635,2.1647782,0.57773477,3.4703019,4.3174624,4.5952063,2.0589168,3.421718,2.7249606,2.5118442,4.5178733,4.6766677,6.707962,5.845197,3.6226332,2.3886435,1.1832514,5.2708025,5.411103,3.900229,2.402436,2.2897003,3.3218982,surprised,03-01-08-01-02-01-06.wav
-668.7952,53.175602,-9.64043,8.965496,-9.00342,-16.523928,-17.299828,-3.7206104,1.5456553,-7.4926796,-4.204806,-2.4625456,-6.0206733,0.15471266,-6.0393705,1.6123248,-0.7598069,-1.705153,6.2612786,3.8292754,6.4443994,5.8391347,3.8228614,0.80527735,4.247369,7.0945387,8.380018,9.028363,8.631862,7.658491,5.107136,4.81426,6.3300424,3.3593853,5.0493827,4.6965423,4.1063848,1.4183587,1.8292911,1.9662423,surprised,03-01-08-01-02-02-06.wav
-668.01373,50.113564,-17.202986,12.957026,-14.370931,-15.090341,-16.919123,-2.2617667,-0.83393586,-9.465143,-5.9239087,-7.1141505,-10.024807,-4.9436617,-10.178935,-4.5990777,-4.1965747,-5.970431,3.3899076,0.6718495,2.6949184,3.3701596,0.18750049,-2.2169902,0.13265033,3.225852,5.03617,5.084195,5.4629884,6.414593,4.2109084,2.3658736,4.5927067,3.3646026,5.7214212,4.8186173,3.815041,1.6225541,1.1287087,1.7152898,surprised,03-01-08-02-01-01-06.wav
-567.57025,25.94285,-32.024933,-2.7772617,-19.51824,-13.76801,-16.623062,-11.897876,-0.5470036,-8.17458,-4.851806,-3.6624618,-4.10977,-0.6038875,-0.060332492,8.566106,3.3736665,2.0975544,6.0747094,4.4634504,4.0538626,-1.8377819,0.36037743,-1.0665495,0.67191553,1.5161794,-0.04831744,4.4741497,5.862712,6.0920734,3.6371684,2.4480443,3.30184,2.230932,4.815188,3.2579718,2.2377484,1.8527485,0.0700915,1.2347916,surprised,03-01-08-02-01-02-06.wav
-576.9474,25.66902,-27.087208,3.288383,-15.572444,-16.410679,-19.728874,-10.434699,-0.014082468,-11.785304,-3.8280165,-4.12402,-3.6163116,0.7498078,0.6443454,6.0029626,7.0994864,5.245946,7.185551,-0.08679425,0.28094476,1.7478468,1.4384803,1.8559859,1.0761619,-0.8025501,1.0349808,5.7102594,4.8205557,6.4994726,3.8377147,3.6017697,3.3288534,0.5803327,4.3388453,3.9321647,1.2148551,-0.41788328,-1.4451741,0.7823871,surprised,03-01-08-02-02-01-06.wav
-573.8674,30.707666,-29.165796,-2.2883697,-14.728482,-15.570543,-18.875763,-12.98008,2.4489093,-10.969989,-9.443984,-3.3795028,-3.871162,-1.5688188,2.8072686,6.238525,5.3930125,-0.021644253,4.6726966,0.577215,1.8665736,1.3448672,-2.7147124,-2.3649142,-0.20882095,-0.8116193,1.3194625,2.5935786,5.020429,6.389027,3.042999,1.7084516,0.57908607,-0.542028,0.13597423,1.7809047,1.3680357,-0.4002244,-2.3059266,-0.75756645,surprised,03-01-08-02-02-02-06.wav
-635.7303,66.64235,3.5130165,21.606144,0.33187985,-3.955326,-12.175788,0.7956138,-4.1485724,-4.5119367,-1.1751226,1.7581663,-6.763694,3.3087318,-5.101872,-2.8256867,-1.0585947,-2.8496861,-5.4859505,-2.2409496,-2.5340567,-4.942237,-0.28948006,-2.3743446,-0.25618434,-2.168938,-2.658958,-3.7279632,-1.5900351,-1.053975,-2.0093753,-2.2993026,-4.9610734,-5.2514286,-2.5712454,-0.56496316,-0.27579373,-0.93288344,2.6016052,2.8142877,neutral,03-01-01-01-01-01-07.wav
-632.01624,69.62291,4.964183,22.88582,0.90767086,-3.3777301,-12.783046,1.9864433,-2.3470025,-3.628786,2.0868504,3.2970004,-6.187919,5.1905193,-4.0222125,1.1768628,1.5111792,-2.3216617,-2.907778,-2.5514338,-1.5284562,-4.669467,0.6045663,-0.3618686,0.66788423,0.29988214,-2.6525805,-1.9083409,-0.16739212,1.5193369,-0.8810113,-1.3022727,-4.8385487,-4.2652674,-2.2864387,1.095636,-0.9719094,-1.3564796,1.2693156,2.8633003,neutral,03-01-01-01-01-02-07.wav
-638.97345,62.944756,2.755191,16.359438,3.1612182,-6.3979335,-16.059458,-3.514154,-5.699246,-6.65771,-3.3297017,0.06959098,-8.749658,-0.2543866,-5.0552893,-5.016339,-0.87598336,-6.7433734,-5.1544003,-4.2339945,-3.7479472,-6.2353063,-1.5647528,-2.0670185,-1.8958671,-3.2253025,-5.4047313,-4.1566997,-3.4724858,-1.249479,-2.3529134,-3.757554,-4.0054455,-3.5728498,-2.4847662,-0.16571596,-1.7638817,-3.2801204,-2.1018276,0.4799563,neutral,03-01-01-01-02-01-07.wav
-634.40247,69.39665,9.472911,18.714775,1.2568196,-3.5360034,-13.316624,3.7618563,-5.37374,-2.991887,1.5820079,1.2589875,-4.46294,4.1631365,-4.7009864,0.77577394,0.06759089,-2.3084824,-4.0484033,-0.935055,-1.8314277,-5.233021,2.0692163,-1.4275292,-0.34791663,-1.5571235,-3.3533835,-3.0994713,-1.8387207,0.17123142,-1.0138694,-2.754329,-4.5465627,-4.902134,-2.316961,0.68015623,-1.3965304,-3.784704,-3.02056,-2.2090037,neutral,03-01-01-01-02-02-07.wav
-675.83264,73.55341,1.8727223,19.657969,4.7781787,-4.179772,-9.745137,1.0455542,-1.2366949,-4.075654,3.0384216,1.3974001,-4.725461,3.1385257,-3.8327305,0.007486153,1.3187169,-1.0609238,-4.3972197,-2.3455806,-1.7121992,-4.8294334,1.1285199,-0.5022206,0.69411796,-1.2361264,-2.6277716,-2.5720382,-0.7566483,1.7567154,-0.82390994,-3.0622802,-4.4689255,-2.7049117,-1.9578053,-0.78670335,-1.5728889,-3.9043584,-2.480703,-0.74953055,calm,03-01-02-01-01-01-07.wav
-688.2633,75.193474,-2.6508641,17.441015,2.7711966,-4.0203004,-11.15055,0.58437955,-1.735715,-4.418799,1.0716953,2.1687083,-5.9849224,2.3930976,-5.4040747,-2.5379384,0.60988784,-4.1340265,-3.4097824,-3.3558803,-2.0204332,-4.9487762,0.2899858,-2.0672028,-0.9441454,-2.551237,-3.4730954,-3.3313477,-1.924745,1.0133951,-0.73558986,-3.1074145,-4.771858,-3.6941175,-1.766436,-0.25702515,-2.1976612,-4.126609,-3.2959194,-1.4086725,calm,03-01-02-01-01-02-07.wav
-666.94196,79.34747,9.656794,22.574507,11.99211,5.019944,-8.057227,2.4750624,1.8195977,0.81274086,2.5306077,7.5874457,-2.3078866,3.7765448,2.5977695,-0.8191568,4.5293703,-0.29021558,-1.0595939,1.1564158,-0.7349964,-0.54763734,-0.13480066,5.829574,2.1796584,1.6838224,-0.41288623,0.53010595,0.43890822,2.5931816,0.8652506,1.1564094,-2.8099592,-0.38685694,0.5234126,0.8976713,-0.95015734,-1.7483996,0.03965291,1.0736606,calm,03-01-02-01-02-01-07.wav
-667.7138,73.50052,-2.2341948,18.499887,5.066351,-0.78475493,-13.425662,-2.9788082,-1.4571016,-5.753365,-0.17558232,2.8542314,-7.2222543,3.1313512,-2.878786,-2.6244876,2.4521775,-4.6117043,-4.0214753,-2.2666628,-1.7979039,-4.5109744,-1.106769,1.0247036,-1.35282,-0.076322764,-4.3336687,-2.6606262,-0.121497095,2.1464021,-0.09496353,-1.4511908,-4.638622,-2.7020042,-3.20215,0.83878464,-1.2672541,-2.1996732,-3.2472064,-1.7161373,calm,03-01-02-01-02-02-07.wav
-615.2409,60.126278,0.43396765,29.36938,5.041741,-10.054567,-16.626444,6.851469,-3.73232,0.600661,0.5301096,2.3461814,-4.715623,1.2517323,-1.1834202,0.7779419,1.5911748,-2.5753183,-3.2807992,2.1899133,-1.2960203,-1.3483262,1.7906408,0.3562824,1.0312357,-0.04993937,-4.50332,-1.7755967,-2.25866,1.4723135,-2.1344404,-5.8268447,-4.840443,-2.2467086,1.2034848,2.7071412,-1.6883211,-3.4524074,-0.6618722,0.5111177,calm,03-01-02-02-01-01-07.wav
-635.56903,59.063095,0.8941306,22.7331,-1.5706948,-2.0811129,-19.962214,-4.531695,-3.2581177,-5.0896654,-1.9235975,2.1674874,-8.600388,-1.9328153,-1.6288174,-5.27327,1.0118799,-5.150282,-5.626143,-3.7070887,-2.580529,-2.8467484,-0.14119585,1.7224265,-0.45578665,1.1635587,-4.835768,-1.1174155,-0.49568444,1.7668902,-1.1854248,-4.8426394,-4.8611336,-3.3578727,-2.157189,-0.0038363244,-2.1909912,-2.4531074,-1.5018324,1.3461714,calm,03-01-02-02-01-02-07.wav
-627.13403,65.550804,6.00674,22.016058,3.3704896,-4.424616,-15.363928,-3.0885065,-5.439228,-3.0934198,-4.022639,1.4353027,-7.5920763,-2.6910527,-2.6706865,-6.5929046,-2.3991365,-6.246359,-4.7434793,-1.9322724,-6.1349154,-2.1406517,-1.9716287,0.74549717,-2.813701,-2.0854285,-7.918572,-1.3209212,-3.3649821,-0.8601308,-4.8199053,-4.340195,-5.444186,-2.254376,0.24520862,0.33214533,0.7077748,-0.36137563,0.8834194,-0.29770282,calm,03-01-02-02-02-01-07.wav
-648.70483,81.64364,1.6202123,21.952929,1.3926617,-6.0122266,-17.229715,0.3876812,-0.18807594,-0.35490105,-0.969424,6.1134653,-3.1282816,2.4046874,-3.1757758,-6.516387,3.0360448,-5.6327357,-3.6993778,-2.8922272,-2.3817964,-4.23533,-0.34067902,-0.62455785,-2.1143696,-0.13938898,-6.9029436,-2.264718,-4.0857763,-0.2353713,-2.9465866,-3.0503948,-8.097954,-5.0091505,-3.1652632,-1.5228752,-4.2163177,-4.904133,-4.0460563,-3.8566449,calm,03-01-02-02-02-02-07.wav
-632.3217,64.89353,-3.995938,26.71394,3.550713,1.117994,-10.496494,0.24548797,3.544962,-0.39792976,2.4704065,5.513243,-7.070947,6.969444,0.3859295,-0.36664447,4.832907,-3.6452591,-1.5340595,-2.1184728,1.0111111,-2.6005962,0.24071679,2.3760095,-0.7460942,0.53333414,-4.232023,0.17887299,2.3438737,2.1192482,-1.1046555,-1.0445555,-4.1835155,-0.7648701,0.95905846,1.3608376,-2.1623833,-1.3063794,-2.17054,-0.7289569,happy,03-01-03-01-01-01-07.wav
-620.89594,69.56063,-7.971875,20.446047,-2.2007651,-6.992515,-12.893934,-0.3903684,-0.7988538,-5.367801,1.6073258,2.060341,-4.6158724,2.6584742,-5.586463,-1.5607771,-3.0671847,-4.335944,-5.2731524,-3.2715392,-0.22343571,-3.342163,0.4917366,-1.1803616,-0.09220749,-2.1465816,-5.140297,-2.2601304,0.6287275,0.30955908,-1.5662054,-2.1469862,-3.943208,-2.621739,0.8802517,4.090573,3.3645697,2.991404,4.639928,4.310532,happy,03-01-03-01-01-02-07.wav
-595.89056,63.589306,-9.411206,18.322073,0.09844661,-6.3519,-16.387861,-2.3458133,0.30020547,-6.4987907,0.751354,4.198566,-7.893285,5.117564,-5.066162,-2.9625177,-0.62934595,-5.42288,-3.3418381,-2.4263756,0.6574877,-3.1381898,-0.16857259,0.5894456,-1.0177095,0.8507062,-3.743982,-0.018109597,1.2135186,1.32497,1.2090346,1.950515,1.9906934,5.1375566,8.152364,7.3617735,2.0074582,0.7925222,1.5969822,3.8219447,happy,03-01-03-01-02-01-07.wav
-595.89056,63.589306,-9.411206,18.322073,0.09844661,-6.3519,-16.387861,-2.3458133,0.30020547,-6.4987907,0.751354,4.198566,-7.893285,5.117564,-5.066162,-2.9625177,-0.62934595,-5.42288,-3.3418381,-2.4263756,0.6574877,-3.1381898,-0.16857259,0.5894456,-1.0177095,0.8507062,-3.743982,-0.018109597,1.2135186,1.32497,1.2090346,1.950515,1.9906934,5.1375566,8.152364,7.3617735,2.0074582,0.7925222,1.5969822,3.8219447,happy,03-01-03-01-02-02-07.wav
-464.45428,57.57674,-15.872268,14.366167,-5.065618,-18.06132,-11.787946,-11.245174,-1.8937128,-3.03303,-1.2423499,6.6311727,-4.904072,4.0701356,-3.18775,-1.4734197,1.863213,-1.494812,-2.9957504,-2.1017518,0.73029655,-0.34755996,5.7600102,3.9927354,5.7123885,6.3194275,5.1278663,8.406626,8.908623,7.8188696,10.066736,8.622895,5.9662585,2.303458,4.094807,7.088914,6.141969,3.1953819,0.6611168,2.546813,happy,03-01-03-02-01-01-07.wav
-420.49442,40.392742,-12.384113,16.702682,-7.2644134,-16.920809,-12.030254,-6.7621255,-4.126603,-4.490369,-3.2721422,1.462648,-6.1233387,3.7639267,-5.549421,-1.1769536,-1.5422094,-1.6055515,-4.484813,-2.6466937,0.42416602,0.5113496,5.628461,6.587862,6.432723,9.216497,5.9600625,6.848343,6.8978024,5.155805,4.4012465,4.050649,1.2816262,0.34136152,1.2368197,1.4926038,2.1904616,0.56958824,0.5526064,-0.42913818,happy,03-01-03-02-01-02-07.wav
-475.15323,55.483166,-22.614115,17.12826,-9.257338,-17.554596,-12.07477,-14.298906,-0.19426496,-7.72415,-3.679808,2.176881,-7.3696036,-1.4687825,-6.6678743,-5.482881,-0.088187486,-6.164037,-5.4079375,-3.0508564,-0.8474425,-2.566205,3.2596066,1.5055193,1.4085099,4.0928364,3.1617405,6.220136,10.734475,11.1642275,10.035328,5.51716,1.4802448,3.025933,6.1410456,6.666205,3.4359288,2.6066995,2.3547852,3.7875814,happy,03-01-03-02-02-01-07.wav
-438.73807,43.27015,-14.836163,11.64058,0.5045265,-19.94742,-10.558024,-5.9953694,-3.7929351,-2.0809767,-4.878631,4.364123,-6.457134,4.744986,-7.3894753,-4.169447,-0.3720951,-3.8454688,-3.815484,-2.7735093,1.0207454,0.37993068,10.872287,12.000241,16.475832,11.3234005,7.761018,5.3265166,4.380346,2.7214034,6.1926174,4.8995576,1.1891714,1.390483,1.5502015,2.379424,1.4026713,1.6712927,-0.31791487,-1.2853165,happy,03-01-03-02-02-02-07.wav
-704.88043,65.65913,-1.4564687,15.306175,-0.43156072,-2.6322734,-11.766355,-9.173389,-3.7443287,-5.2881327,-6.863573,-0.29902646,-4.2327294,-0.45294568,-3.7567945,-5.8826604,0.87297916,-3.7412076,-4.2441554,-4.092585,-5.1731987,-2.8960323,-2.5721703,-0.34919357,-3.130542,-0.03132234,-4.2966743,-2.494906,-2.4452345,0.41630816,-1.809827,-0.0354476,-3.601805,-1.9583212,-1.357489,2.1242876,2.2389593,1.9619107,0.88401765,0.68345904,sad,03-01-04-01-01-01-07.wav
-676.2533,76.004974,3.2219622,24.237043,3.8685725,0.15132374,-8.237604,-7.7623634,0.49394116,-3.732562,-0.4129478,4.516933,-3.6469223,4.112382,-2.0168931,-4.8629637,3.6993794,-2.134775,-1.8860877,-3.3823216,-1.7804556,-4.1244836,-0.27803153,0.8899079,-0.08360272,1.8183037,-1.3945013,-1.258329,-1.0773517,0.82855886,0.23092388,1.2535533,-3.2768662,-2.5608902,-3.164443,-0.034487132,-0.3383489,-1.2243582,-1.9464405,-1.6132842,sad,03-01-04-01-01-02-07.wav
-692.16315,72.94077,5.3783965,13.427266,0.83800626,-1.2639902,-13.054342,-8.599126,-2.280163,-5.8171687,-5.284376,1.6741531,-7.6088552,3.0755093,-4.0061507,-6.241648,0.80817485,-4.6117377,-2.3925762,-3.919297,-3.4837384,-6.306917,-1.8677177,-1.151278,-2.87881,0.6920189,-4.1226606,-2.1907926,-3.2293646,-1.025165,-1.0052198,-1.1100821,-3.9943655,-2.199284,-3.5553308,1.4086565,-0.35892266,-0.081946954,-0.22725597,-0.48462108,sad,03-01-04-01-02-01-07.wav
-608.3674,69.633766,-6.2097583,20.022776,-5.3213315,-8.338807,-13.309638,-13.0415535,-2.9279013,-6.9392037,-1.0007166,0.674169,-10.487826,2.176137,-7.51946,-6.6787333,1.2469541,-4.70197,-5.186215,-7.17053,-3.0900042,-6.3939095,-1.3857996,-1.6528627,-2.2049143,0.07971044,-4.8993864,-2.3823948,-2.418094,0.059190553,-0.8057036,-0.11585889,-4.5199246,-4.222535,-2.1302218,0.02662408,0.00529091,-0.3448248,-0.29433572,1.1017058,sad,03-01-04-01-02-02-07.wav
-580.28516,66.922935,-12.013568,22.106237,0.955085,-19.806356,-13.082527,-16.30453,-14.811591,-11.048223,-9.902326,-1.5700756,-10.876698,-1.4510906,-6.2305555,-2.5666425,-4.166004,-1.3905841,-9.533803,-4.119658,-2.5315974,-7.2412724,0.61353236,-1.1541052,0.048235994,2.789499,0.52239335,0.090604834,3.822467,2.6876245,4.93269,2.1236508,-0.6913215,1.0395316,3.034184,4.9589844,1.6356491,0.34734976,0.68332523,4.0059104,sad,03-01-04-02-01-01-07.wav
-590.6272,57.487125,-2.5982208,17.602417,-2.3365414,-14.96311,-7.7973084,-10.754214,-5.9322696,-5.9067416,-9.236555,1.3251013,-7.632188,-0.4517786,-4.171689,-1.6485378,1.3331188,0.5668972,-1.7534703,-0.9327152,0.44151887,-2.3242908,5.2216554,0.2815816,4.622757,5.2295594,4.7485933,3.4786747,5.9597874,5.9139676,5.979729,4.786799,3.837554,5.898709,7.2832494,8.534809,7.1011972,4.1556673,3.0500414,4.08298,sad,03-01-04-02-01-02-07.wav
-552.5337,51.225616,-0.13768426,12.664218,2.9598715,-11.717396,-15.076963,-9.395454,-10.593442,-8.030372,-8.093354,2.3962328,-8.221913,1.8185687,-4.9151855,-5.102542,2.9089074,-1.4639239,-3.7283652,-2.5307322,1.2122244,-6.2285643,1.5061667,0.8232147,1.7160314,5.411869,2.3664255,2.3180127,6.10947,7.496312,8.941692,8.242491,5.686514,6.034367,6.4698024,7.7431974,3.5164623,2.2310104,2.2279277,4.4458833,sad,03-01-04-02-02-01-07.wav
-585.2582,53.55883,-1.863208,16.306028,1.5660232,-17.896109,-10.525302,-15.190293,-11.022764,-5.4231114,-10.672438,0.2637747,-10.803953,-3.776239,-5.38572,-6.768159,2.051137,-3.3412316,-4.7526402,-3.9492874,-1.84182,-6.847115,1.5267901,-0.96239775,-0.18930764,1.4458086,-0.8193584,0.16396481,2.4227455,3.29408,4.4208846,1.1912351,-0.9640762,-0.114299014,1.328686,5.420184,3.8643565,3.564081,2.3569744,4.1208453,sad,03-01-04-02-02-02-07.wav
-494.13242,42.734352,-9.302619,19.150787,-5.8551903,-2.8311038,-7.397109,-9.492066,3.7125554,-0.8823383,-3.283554,8.694201,-6.9923472,2.7563825,-1.1610403,-5.5960636,2.1111684,-4.397014,-1.8474815,-1.6187118,-1.714994,-0.18190424,0.056727253,1.2896866,0.27068362,3.1464365,-1.776985,2.09903,0.35137773,1.5203733,5.0280056,9.190775,7.0921383,4.271707,2.4302063,3.9629977,5.011242,5.9807506,4.7234335,2.5177321,angry,03-01-05-01-01-01-07.wav
-419.08862,35.6023,-12.440352,17.017765,-9.365289,-8.706747,-4.384223,-7.223743,1.2722332,-2.1152573,-2.8493507,3.8794444,-6.7774673,2.6870635,-3.1257465,-4.3303676,1.4832737,-1.5404831,-1.7586248,-0.35957673,1.8698729,0.6958619,5.4213576,6.8186784,10.684109,14.553022,9.134258,7.3980575,2.9081492,4.501724,5.0847797,5.7149897,3.072545,1.7667272,1.8479747,1.8306253,2.2422523,3.1830697,1.8676585,1.0994852,angry,03-01-05-01-01-02-07.wav
-578.1137,54.22746,4.283868,18.604969,-2.385696,-3.0095754,-9.24844,-9.089721,-0.7426126,-4.297802,-3.0253673,5.6265736,-8.647318,1.6827397,-3.3115573,-5.573908,2.977151,-5.231291,-4.778582,-3.1424954,-6.5290256,-5.0752277,-3.952828,-1.1009022,-4.1121917,-0.016568532,-3.0779374,-3.0952141,-3.4364913,-2.047816,-1.4829893,-0.9214476,-4.073026,-4.0770893,-5.0206833,-2.458516,-2.4602537,-2.7707806,-3.004435,-2.8615503,angry,03-01-05-01-02-01-07.wav
-496.98203,44.60424,-2.386493,14.892812,-10.577418,-7.048359,-11.376456,-7.1377215,-1.5967102,-4.7713866,-0.94828445,1.0916955,-7.427411,1.2889423,-7.0002065,-5.709736,-0.6494663,-2.9065351,-5.61153,-3.8319163,-3.5057845,-6.571652,-0.47469854,-2.9737823,-2.5674555,-0.61128783,-2.169315,0.122373916,1.0018415,1.091579,2.4831834,2.2898915,0.3224523,-1.3861402,-1.4159818,0.1478797,1.7056403,0.30159965,0.58327836,1.5208119,angry,03-01-05-01-02-02-07.wav
-419.9231,39.73011,-6.0325313,19.897732,-2.8604193,-11.164399,-2.5482705,-5.229967,1.5356096,1.3783878,0.55000764,7.862638,-1.6233726,5.615083,0.72219527,-2.2198594,2.256072,-1.116367,0.36137205,-1.3015846,3.4082866,-0.7503922,5.6118937,6.0065,5.01657,9.874543,4.0624356,6.6347604,5.195889,4.307521,6.400963,7.1834197,5.3325715,3.5609348,3.9009738,5.123793,5.44971,5.4023,2.4988127,2.7243712,angry,03-01-05-02-01-01-07.wav
-352.39304,28.10836,-12.748097,17.729156,-8.453262,-13.687288,0.4513901,-6.060003,0.45706856,-0.84524053,-2.3780787,3.7337952,-3.990166,4.0118766,-0.48642033,-2.2077076,1.8875551,-0.29306436,-0.7682703,1.1898419,3.5646172,0.7817392,4.987832,5.4376574,7.603494,10.56162,5.3572598,8.099673,6.9889364,5.351268,6.574611,6.050647,4.0100923,2.8219304,1.258238,2.7738965,2.9604445,4.261841,3.5501885,3.0822234,angry,03-01-05-02-01-02-07.wav
-342.096,16.245117,-24.158785,8.627106,-12.676298,-13.717668,-7.738459,-16.52994,-0.32708016,-4.304187,-5.7915487,0.49973983,-4.216602,1.9810277,0.30825713,1.3392738,2.2933757,1.1574209,2.326783,4.477067,6.0565586,2.67439,0.69341767,3.7394986,2.952301,3.037287,1.7457365,4.405183,5.1105366,3.6520436,1.439336,3.722142,3.419373,3.1365092,-0.012006649,0.1047541,3.8362248,5.15236,2.146746,0.90103596,angry,03-01-05-02-02-01-07.wav
-358.80728,23.144539,-19.902998,13.42794,-8.353949,-12.326612,-5.7314925,-15.886889,0.18460579,-0.93531305,-8.496338,2.9903905,-4.073771,-2.68637,-2.2987833,-6.573824,2.051954,1.3962381,2.4790618,4.6544576,3.531195,8.173074,7.170506,11.100121,10.513833,7.60991,5.6428504,6.581657,3.5793724,1.8960365,1.9105997,4.8067403,4.1121416,2.8617766,2.88281,1.707729,4.7791557,4.5752406,2.7881904,0.5280294,angry,03-01-05-02-02-02-07.wav
-633.18195,51.797104,-4.022367,16.643894,-1.6822075,-6.7709255,-14.960392,-11.764649,-1.3759024,-3.0038023,-4.6225395,5.6554236,-2.004334,0.3880607,-1.5080098,-5.321172,1.7207284,-3.0915244,-5.718935,-3.892902,-0.6080406,-1.5660688,-0.28138158,2.1319659,0.6880703,4.956187,-0.9695334,1.3130695,3.7915568,5.3115177,6.420212,9.668834,7.5959873,10.525478,8.664836,9.522807,8.33739,5.7909107,6.66571,5.2590513,fearful,03-01-06-01-01-01-07.wav
-620.30035,48.522453,-10.643862,12.005729,-4.7405524,-14.727358,-16.371101,-13.183697,-3.5643096,-5.524157,-6.79574,0.52482206,-10.407222,3.1423402,-6.3431644,-3.0294864,-3.3701093,-5.3346767,-5.6137047,-3.9203453,-1.2861114,-4.8268538,1.5564752,1.331193,1.0822145,3.0288017,0.3152522,3.3022227,8.4843025,8.353167,11.209419,11.281242,6.7761097,6.199215,6.4195786,9.842364,5.652501,3.2368822,2.4633062,3.8043904,fearful,03-01-06-01-01-02-07.wav
-641.2222,44.9021,-1.8051707,13.246278,-1.9954562,-12.347168,-13.757676,-8.834966,-7.1025114,-2.672696,-2.9018424,0.36192548,-6.2479663,2.5093334,-5.9337683,-1.9495356,-0.63900614,-1.8679606,-6.8125453,-3.7707376,-1.7741524,-3.5086017,-0.15304369,-0.2904326,1.0017427,0.28903204,-0.0984066,-3.0256436,0.56947064,0.70534104,4.7425714,6.856522,6.774222,5.892446,7.2325816,9.648809,10.108651,7.861637,4.383843,2.2511685,fearful,03-01-06-01-02-01-07.wav
-630.6801,40.29082,-1.5823632,7.3816214,-6.161233,-12.837457,-18.452139,-11.041925,-8.843941,-9.344938,-4.3251987,-3.5180683,-6.0467706,-3.2026253,-7.1709433,-4.499789,-5.7257133,-5.39821,-10.525426,-5.5910063,-3.6102626,-7.239695,-3.6223197,-3.8792627,-4.267385,-2.2824624,-4.092046,-3.765147,1.2031149,1.0017538,3.9222372,5.4334087,4.0522285,3.735392,6.3285856,6.9429817,6.6843576,4.4437275,6.137195,4.8651123,fearful,03-01-06-01-02-02-07.wav
-467.9197,28.99494,-22.005949,4.920743,-13.396005,-18.371746,-16.309412,-14.035899,-11.626089,-9.710607,-5.241602,-1.9917396,-4.627582,0.90651375,-4.611551,0.43925175,-1.2550187,1.6733874,5.2128944,8.745206,12.883133,3.6459599,1.829339,2.2063277,3.1410916,7.193131,3.1371632,0.16120665,4.3311014,3.2350626,5.142956,2.8840334,-0.61376876,-1.0117428,3.8509703,6.470367,5.28865,2.1893783,1.9939945,3.727408,fearful,03-01-06-02-01-01-07.wav
-509.76047,27.31454,-14.16232,5.6376433,-15.232341,-17.672998,-7.410618,-9.225287,-11.267187,-4.0356503,-10.194166,-2.3722274,-1.0920049,-2.0607944,-0.20590873,-2.7292962,4.767825,2.951234,1.9727274,2.1095438,3.692618,4.315198,11.443152,13.343164,9.115043,7.0250363,0.14331064,4.211179,3.5980413,1.9681251,1.1919541,3.0019252,2.7707038,2.5578063,4.2670283,5.9849405,1.4923307,0.106225826,0.5361152,2.5373018,fearful,03-01-06-02-01-02-07.wav
-426.22128,19.214418,-20.096958,5.8389263,-13.317663,-20.684023,-17.495869,-14.276889,-9.58545,-9.143154,-5.1418753,-4.9232826,-6.391497,-1.6463957,-3.958182,1.749403,2.6280324,4.315438,4.067027,5.7896323,1.9779087,-3.015155,3.0071783,3.833691,2.6951973,1.5240588,-0.8005189,0.39967564,3.1943438,0.02021581,0.209012,1.2181599,1.0871242,0.8752027,4.7826767,5.540585,3.4895396,-0.4191426,2.3615866,2.9447312,fearful,03-01-06-02-02-01-07.wav
-443.53574,20.374254,-19.745785,1.1643363,-15.870999,-16.19119,-16.22213,-13.449935,-6.8863626,-7.434102,-2.3461535,-3.9256558,-3.3409283,-0.19269131,-4.923561,3.4094615,6.2615056,8.766378,8.870835,4.84937,1.890453,-1.9545621,4.1852937,5.1778903,0.74895024,1.451033,2.1646478,4.0201364,2.7774177,1.2921174,1.2313992,5.457376,2.9425604,0.47081062,4.3551073,5.394615,1.7495021,0.051417977,2.7956843,3.114354,fearful,03-01-06-02-02-02-07.wav
-672.06744,47.470146,6.4142575,14.833903,-5.3080783,-9.304441,-6.7588825,-1.189792,-4.6004286,-1.6713866,-2.2755902,-2.177459,-1.0846713,0.41044995,-7.3186116,-1.6244328,-3.6483793,-1.6185695,-7.080499,-2.1607456,-4.897049,-5.8043604,-1.2919956,-1.553537,-2.9508739,-1.4606116,-4.269572,-3.9435766,-1.6300552,-2.7357326,-1.8884213,-2.616137,-4.446828,-2.424713,-1.5990969,-0.3749,-2.133316,-3.937753,-2.7577393,-0.9854638,disgust,03-01-07-01-01-01-07.wav
-640.1434,55.025036,1.7835971,16.35628,-6.792615,-11.269388,-8.037198,-1.0002809,-4.475963,-2.3977644,-1.8660651,-0.9441445,-4.367195,2.0325525,-7.7770653,-1.3947117,-3.8956892,-2.4611108,-7.612536,-3.2579808,-3.560194,-4.3126483,-1.0237132,-3.8135474,-1.5274886,-2.9146888,-5.0966554,-3.367084,-2.0907376,-1.2058058,-0.9883168,-1.1492752,-4.382155,-1.297807,0.14822622,1.7465997,-1.0647097,-5.235273,-1.7920192,0.057434104,disgust,03-01-07-01-01-02-07.wav
-701.98956,62.761166,11.80117,16.425886,5.1283283,-3.806761,-7.866311,2.898598,-1.0133338,0.2543737,0.52474785,2.9847503,-0.94992644,5.105791,-2.970856,-2.1212356,-0.41544235,0.109662905,-4.911577,-4.4119225,-2.5422118,-4.9174232,0.62009114,-1.0196179,-1.7672883,-0.9258522,-2.7580862,-3.3378205,-1.2408364,-0.6172267,-0.66340965,-2.6225574,-3.6481216,-3.7728384,-1.1712358,1.1055763,-0.36209425,-2.806168,-2.2930279,-0.900288,disgust,03-01-07-01-02-01-07.wav
-660.6913,51.331978,8.337527,16.416716,-5.4266667,-10.168981,-4.377813,-3.1627915,-7.915019,-1.9839417,-4.1999135,-1.3851992,-2.8979182,-2.0539346,-2.7084186,-6.267272,-1.8362851,-2.522893,-7.5199447,-3.1391232,-4.9517007,-4.6700454,-2.036175,-2.184741,-2.5256872,-1.6730772,-3.44969,-3.1091752,-2.0554814,0.50008327,-2.6742141,-1.4978343,-4.1007075,-1.6319206,-1.2917355,-1.2687522,-1.4771861,-2.9344387,-1.8314086,0.6429873,disgust,03-01-07-01-02-02-07.wav
-526.5148,44.48506,4.4658356,18.339153,-14.482467,-9.653538,0.6912722,-7.6656756,-8.333932,0.38638222,-6.280715,0.099674255,-4.3544707,-1.2346838,-1.8769914,-5.492565,0.35987028,-4.4822645,-5.840049,-2.7709205,-5.036915,-3.8710313,0.11696337,-1.6917763,2.0637245,1.0052799,-0.5775048,-1.4599491,0.95205677,3.5556798,3.501935,4.667153,1.3287927,2.3625586,4.1394405,3.753836,3.6376193,2.095131,2.966812,4.3064632,disgust,03-01-07-02-01-01-07.wav
-566.5156,51.843723,11.372265,21.847229,-5.8895802,-9.905673,-0.3204596,-1.7683967,-7.13291,4.9852138,-3.2925217,1.7111017,0.7615749,0.21270342,0.98853415,-2.8846934,1.1200454,-1.6822559,-4.449093,-1.8273796,-1.7330709,-2.976713,0.32302636,-0.74502826,-1.3349954,2.2900743,-2.2106602,-0.09098578,0.5543988,0.43890616,0.3757719,0.69593024,-1.7747995,-0.84449714,0.23035564,2.4191823,2.1092303,1.2133203,1.6491971,3.5659962,disgust,03-01-07-02-01-02-07.wav
-571.8279,60.18019,16.917067,22.655184,-5.052365,-9.316488,-3.1551695,-1.5862721,-10.081413,2.6718674,-3.2462652,-1.0405344,0.3685102,0.33753908,0.12261998,-2.2045813,-0.20039229,-2.933429,-4.2735114,-2.1309955,-2.7446065,-5.4166975,-0.35635284,-2.6656697,-0.8171264,0.2941453,-2.8728032,0.067180455,-0.013826745,2.7330623,1.0705216,0.6886081,-1.9902682,-1.824019,1.5478747,2.0796425,-0.4576162,-1.7869399,-0.6810109,1.0355483,disgust,03-01-07-02-02-01-07.wav
-571.9759,51.179077,16.043608,15.61695,-7.3047338,-11.156524,-1.9409511,-6.3082223,-11.330558,-0.698432,-7.070917,-1.6959023,-4.8907475,-3.0591505,-2.9994483,-6.5733104,-0.8039444,-8.103568,-6.665373,-3.9379015,-6.1347413,-5.7043953,-2.1292388,-3.505075,-1.7414908,-1.1577474,-3.4586706,-1.45995,0.03276504,2.9585092,1.2309715,0.82260066,-1.6757346,-1.0639694,0.52807325,1.8499231,0.45358038,-1.5671154,-0.86671174,1.0813558,disgust,03-01-07-02-02-02-07.wav
-626.84326,64.10092,2.0466008,16.713062,-4.450568,-6.5786242,-11.052749,-4.007892,-2.3739276,-7.24272,-1.9270492,-3.3223634,-5.972656,1.4141543,-6.7065644,-1.522784,-2.0273218,-4.761231,-3.4057076,-4.0085135,-2.33587,-6.9218554,-0.06474244,-1.7546535,-1.2885207,0.044617724,-2.0104358,-1.5483241,1.1486357,2.664284,1.313291,2.0823092,-0.59572005,-0.78087175,0.19725563,2.6676378,1.110868,-0.58425653,-0.8696225,-0.7194433,surprised,03-01-08-01-01-01-07.wav
-600.5005,57.666733,7.096482,15.82993,-6.145362,-9.097262,-7.2702775,-2.075259,-5.002646,-5.038583,-2.1659222,-3.2705185,-3.13748,0.31534243,-7.387663,0.3816048,-4.2427,-2.1836488,-5.8792057,-2.6190364,-5.1712713,-5.990257,-1.480369,-2.5507665,-2.7925093,-0.35385484,-4.0923233,-1.9682722,-0.33933643,0.856876,0.8119719,1.4970988,-1.8636211,-1.5071732,-0.15276717,0.6040884,1.2804395,-0.43533042,0.37422037,1.6496465,surprised,03-01-08-01-01-02-07.wav
-622.3253,67.07848,9.319533,16.737747,-3.2166858,-6.030435,-8.241136,-1.8525748,-3.035264,-5.059864,0.925627,-0.35727194,-5.934904,2.2879543,-6.330952,-0.85945064,-1.1923579,-3.6983044,-4.2835865,-4.548435,-3.5153792,-7.2411814,0.34909517,-2.2089572,-1.3298696,-1.2210572,-2.898393,-3.1163464,-0.691008,-1.3020699,0.53026336,0.60886014,-2.87337,-2.189993,-1.1620985,0.69333726,0.69934994,-2.0566506,-1.0369501,-1.0544095,surprised,03-01-08-01-02-01-07.wav
-613.0395,64.253555,5.9189777,19.615286,-4.0095243,-5.752255,-8.478243,-4.1154523,-3.2322283,-6.929661,0.31921574,-1.0350889,-5.234078,2.432573,-5.6012874,0.9680642,-1.009829,-1.4347162,-4.3693347,-3.4828372,-2.697922,-6.671496,-0.47959065,-1.991909,-1.5004332,-1.4588318,-1.7133805,-3.531619,-0.5662592,-1.1904907,-0.7593486,-0.021790551,-3.3768468,-2.7833407,-1.5258462,-0.43135193,0.2140207,-0.3009042,0.09809538,2.0569174,surprised,03-01-08-01-02-02-07.wav
-481.0398,47.51983,-0.49358362,10.21198,-8.217638,-11.2784,-12.911418,-7.934679,-6.301511,-4.364403,-4.517936,-1.9175705,-8.525362,-1.5161293,-3.415311,-1.8500055,-1.1539397,-5.4103765,-2.4946427,0.9455321,1.5530083,5.2958837,4.280542,4.642564,5.752894,5.8651886,2.88829,6.2290306,4.1008005,5.7126675,6.4156375,4.8747835,1.4743551,0.008844484,2.202477,5.538943,3.5921595,3.0462008,2.8321717,3.3249452,surprised,03-01-08-02-01-01-07.wav
-580.59705,48.52184,6.048064,16.168291,-5.0880327,-10.697555,-8.587412,-5.3374295,-6.0274086,-6.7786617,-3.978169,-3.7511199,-5.7634807,-1.7545601,-6.6860757,-0.101294085,-4.0287743,-3.0678167,-4.997325,-1.6712399,-2.5871649,-4.879285,0.0026994462,-1.5761827,-0.9836086,1.9309177,-0.74474275,-0.29971611,1.9556227,0.32500026,1.7450418,-0.15254703,-2.9121544,-1.1447761,1.2333995,2.3719819,1.7706127,-1.1424934,0.647351,1.1852062,surprised,03-01-08-02-01-02-07.wav
-514.16797,42.36775,-1.0040717,10.778065,-7.367251,-12.644313,-15.18607,-7.5457153,-6.444826,-8.610241,-2.7226105,-4.2582912,-5.6302886,-0.9317916,-8.6971245,-0.049505495,-3.1001709,-0.96811676,-0.086819656,-1.2523133,1.4676045,-1.3611449,3.904472,4.6354985,5.978025,5.270207,1.8421065,1.6150407,2.6636274,0.68361276,2.6097858,3.5406134,0.20988528,0.8019475,2.7757878,3.8501325,3.6295881,1.4527731,0.9235893,1.223628,surprised,03-01-08-02-02-01-07.wav
-573.3147,46.848057,4.4224877,12.2627325,-6.926546,-10.1811905,-9.866904,-5.1058507,-4.9742427,-7.7146645,-2.0002813,-3.0088804,-7.5432186,0.2064886,-7.8055873,-1.9177855,-2.7253103,-2.984422,-6.724586,-3.7463458,-2.3398986,-5.4799976,0.61132026,-0.9170285,-2.0356665,1.7051537,-1.4028713,0.15816498,2.7105916,2.3256536,3.3430398,2.9783506,0.63680404,0.55684036,2.6771426,2.6218686,2.8967452,2.5807734,2.492398,2.71931,surprised,03-01-08-02-02-02-07.wav
-675.61633,60.059315,9.481594,22.731104,-1.0104927,8.002314,-7.620191,-1.8399067,-0.40629092,1.4561281,-3.6257381,1.7784587,1.7654151,-1.411425,0.707342,2.3334186,2.196691,2.2891815,0.114503704,2.167427,-0.08083967,2.8883069,1.3419554,3.958265,3.4403608,3.842388,2.6401,2.4242442,1.9354223,4.309236,6.879685,7.2568364,4.8589716,5.3539577,5.9401145,5.131393,3.2162871,1.5014464,1.103103,2.6155756,neutral,03-01-01-01-01-01-08.wav
-664.4366,62.84364,7.227554,22.929354,-2.4549859,7.1595836,-5.8917675,-2.2494986,-0.7801703,0.7798533,-2.14002,0.61772656,0.84609246,-2.7379928,-1.1300237,2.2416227,3.4757717,1.4136763,1.5763041,-0.6900412,0.23947038,1.967825,0.13852938,1.8311409,1.8728956,3.9784858,4.734488,4.479341,2.6192255,3.473785,4.951526,7.1110044,7.1462965,6.424634,4.570992,4.1861134,4.3077493,3.382785,0.63086903,-0.01726089,neutral,03-01-01-01-01-02-08.wav
-666.2536,59.85496,10.241116,20.422897,-0.6358083,5.5935106,-8.833572,-4.547258,-2.8941953,-0.37727576,-3.6332197,1.3918242,-1.8923666,-2.0390584,-0.7501593,2.1414487,2.8607423,-0.57063997,0.4604436,-0.23214531,0.42679355,3.135041,-0.70370734,1.1017299,0.015888195,0.5139745,1.9041724,4.7582297,7.1057734,8.211768,7.914356,6.7351637,3.5076833,2.9176366,3.284183,5.111723,4.199101,3.5933013,0.05965315,-0.40367335,neutral,03-01-01-01-02-01-08.wav
-658.8855,59.848846,9.0564,20.25951,-0.07293311,7.187347,-7.151414,-3.7634394,-0.9855967,2.220697,-2.4427626,3.2417846,-1.3960441,-1.5148098,-0.9386614,2.9517367,3.0116725,1.7335224,1.8022863,-0.2248716,0.9445848,3.2815278,0.614323,0.5962575,-0.1868379,0.7933277,1.7614757,2.351744,3.6465635,5.9639406,6.8546224,7.2258334,4.2982426,5.492147,4.5651937,5.7173567,5.104094,4.0505595,0.95636046,0.5630568,neutral,03-01-01-01-02-02-08.wav
-687.9516,67.6149,11.245123,23.262403,1.1902528,8.083827,-5.56458,-3.2770145,-1.09989,1.1759138,-5.353663,0.42560986,-1.4168587,0.16915104,-2.2776754,0.83147186,2.104965,2.6159806,2.0530891,0.920382,0.93692994,1.8506755,-0.30685097,2.8492405,1.4734535,3.1014128,3.5987964,1.4901836,1.5150818,3.4176548,6.4122453,10.011819,7.994965,5.092405,4.004804,4.0251703,3.8392215,3.8766122,2.4572506,-0.17606974,calm,03-01-02-01-01-01-08.wav
-701.5358,61.44667,14.5310335,21.224693,2.6371422,8.23584,-5.648635,-2.2788148,-1.6133839,1.1511958,-7.641895,2.3754473,-0.4663633,-0.09054494,-1.8000237,1.0435785,2.687877,2.9939287,1.7885604,-0.35755807,0.10985959,1.8891134,-0.8773672,2.113928,0.8994467,3.481429,4.082503,3.6597202,5.2753634,7.4266424,8.332849,10.296102,7.5083513,4.715441,3.260186,3.902394,3.02236,2.6609466,1.5689453,-0.056347944,calm,03-01-02-01-01-02-08.wav
-688.22314,62.502567,19.29961,20.956944,4.756095,9.746793,-6.6207438,-2.9874794,0.36179104,0.47433263,-4.5191345,2.783566,-1.4159782,-1.3478854,-1.8346416,2.0050051,3.5300806,2.3780258,2.0738957,-0.69653654,0.9840715,2.1559858,-0.94184744,1.3057532,-1.1510031,-0.39663,2.752568,3.8456833,5.8051395,6.2847905,5.4331927,6.3011723,5.911475,5.874033,5.546146,4.4928083,3.2095034,3.8696065,3.2639894,0.78379226,calm,03-01-02-01-02-01-08.wav
-700.646,61.727585,12.321372,24.550695,3.5531347,9.113766,-6.653597,-3.2625003,-1.8789659,1.1290027,-5.6425834,2.9157505,-0.36954772,-0.32933745,-0.19942778,2.5596876,2.8277385,2.4011548,0.8385509,-0.1390981,1.4503995,3.6790307,-0.2731629,1.4041877,0.092032194,1.4081239,4.7723346,6.7002664,7.753931,10.014314,11.117258,8.714538,6.141737,3.9183135,4.2970266,3.0204582,0.81807655,0.6596849,0.2881931,-0.28324535,calm,03-01-02-01-02-02-08.wav
-691.8652,61.45869,12.390936,23.880762,0.93589747,9.457012,-2.0850673,-3.1102254,-2.2607627,1.3428594,-6.632244,1.390223,-0.8769378,-0.26374254,-2.9103422,3.0579786,3.8448753,2.1574855,0.49398065,1.2827767,1.9116986,1.2770724,0.15180716,1.3542851,0.38251805,3.5411732,3.7598336,2.8756816,1.5575999,4.3376517,6.0519147,8.20667,8.24346,6.7044992,2.9437544,3.38193,3.6611767,2.4891198,0.9014918,-0.036933187,calm,03-01-02-02-01-01-08.wav
-694.44946,60.536057,12.290042,20.735355,0.7196306,10.568483,-3.0178149,-2.1289787,-1.3821328,0.040267758,-7.570847,-0.8486531,-2.0484746,-0.11716741,-5.0922985,2.0002494,2.399294,2.515952,-0.50266415,1.1701165,1.2510862,-0.7256879,-0.94875914,0.9604856,-0.4172545,0.88560265,3.059641,2.2685494,3.2694864,7.319817,9.300436,10.863709,9.774991,6.745185,4.977782,3.661985,3.98906,3.5623014,0.95740217,0.8800982,calm,03-01-02-02-01-02-08.wav
-695.8063,60.62599,16.482964,18.949541,4.1657043,10.778931,-3.4265945,-3.2463968,-2.0498836,0.009405268,-6.989404,-0.1627008,-2.0644028,-3.0551388,-2.5463748,1.5462373,2.431499,2.2142959,0.06362625,-0.6211695,1.8184311,1.2784774,-1.298453,1.1419591,1.2083709,2.2369792,4.5334554,4.8410754,4.9605727,7.4075646,9.36502,8.972634,7.775235,5.5043855,3.744934,3.412834,2.718835,3.1471286,1.0021436,-0.44352803,calm,03-01-02-02-02-01-08.wav
-692.32245,59.271435,13.266707,20.25587,1.5801857,8.422317,-7.0211577,-0.57653236,-1.7754276,-0.977167,-8.167978,-0.5144484,-1.0422308,-1.3063498,-3.3920007,0.6992783,3.3142173,3.2992811,0.8901791,-0.20441346,0.11001377,1.0721179,-2.034557,0.14782625,-0.66049343,0.35525185,3.2871747,3.3295183,4.9661307,9.341266,10.251883,10.012239,10.171789,7.5529222,5.4912047,4.2176414,1.3245381,1.9483552,1.1296837,0.2633273,calm,03-01-02-02-02-02-08.wav
-629.9453,53.331886,-6.3373256,21.676674,-1.4679784,4.0929933,-8.246712,-0.38337243,-1.3566258,-0.04958217,-3.4226375,0.3944289,-0.03755668,-1.7104448,-3.2092288,0.40325412,1.4451351,2.1826065,1.3439467,1.7010254,2.7297213,4.000016,3.2799897,3.159461,2.303354,3.0908473,3.1801293,3.3841841,4.191143,5.1523743,5.437172,3.7748334,2.6550705,4.473142,4.8921022,5.145745,3.6356478,2.1380641,1.2129354,0.960326,happy,03-01-03-01-01-01-08.wav
-627.2172,47.35957,-5.439069,24.221476,-3.9929347,2.522174,-6.3118815,-1.5140748,-0.39884388,-0.094722286,-3.9723446,0.49796033,0.36770865,-0.45899546,-3.7156818,1.5062447,0.47400716,0.9638778,1.8329991,0.38924205,2.0369115,2.971742,0.43811458,0.6220576,1.181648,2.659869,2.406328,1.9317733,2.5329022,4.726914,4.7160263,4.42716,2.1565535,2.4198866,4.9567423,8.4517765,5.440094,3.9338567,2.5366259,2.1534367,happy,03-01-03-01-01-02-08.wav
-642.00916,53.732147,-0.13101147,22.474335,-0.40936577,1.6860008,-7.518517,-2.4313335,-1.3304245,-1.9679415,-3.4699934,-1.1222899,1.7804404,-1.7748277,-4.401067,1.1313767,-0.77725065,0.28286055,2.000391,-0.75201267,1.9232618,1.1748759,-0.939821,0.075425096,2.4336667,4.5800467,7.3246226,6.2009244,4.939001,3.953388,4.3199863,6.5194306,5.516859,4.370358,1.81623,4.2329655,4.5424447,4.370247,1.1019096,-0.7588452,happy,03-01-03-01-02-01-08.wav
-614.99426,45.829155,-8.9663,19.736242,-1.307508,-2.5882497,-10.737273,-3.77822,-2.4881835,-2.4492896,-2.3852448,-0.87957144,1.5461311,-1.7557937,-2.9642057,1.2070464,0.9651753,2.1693904,2.2688434,-0.6558076,0.59437716,1.0658945,0.06995827,0.6562789,4.203647,5.4702477,5.6973047,2.0609589,2.838151,5.545217,6.924248,6.115287,3.0047739,3.042247,4.410457,6.15318,3.9165936,2.2441366,2.0671296,2.3833375,happy,03-01-03-01-02-02-08.wav
-525.4947,40.54577,-23.970518,14.979149,-9.906133,-3.1699567,-9.734317,-6.103332,-1.8005239,-7.7531543,-5.2591906,-0.9014922,1.2521775,-2.258622,-3.0167944,1.1728637,1.421499,3.9139197,6.6387315,4.5798907,9.833057,11.090586,4.9163074,4.0872493,3.7395964,6.923198,6.6949763,3.740808,2.4128838,5.8338475,9.318786,7.4404173,3.9043782,3.1140172,3.2952976,5.353397,3.2703505,3.0126936,3.356417,2.396227,happy,03-01-03-02-01-01-08.wav
-533.4958,36.334656,-20.304724,19.726645,-9.57094,0.24169856,-4.416917,-3.0023859,-2.3148494,-5.132479,-3.5706987,-0.98928964,2.0620742,-2.3071303,-2.2126281,0.5942061,0.40603104,2.6636863,4.0731273,2.2230384,5.3855815,8.295007,5.5223603,4.454281,5.6822906,4.7995057,4.4891405,5.103533,5.4521465,6.9257884,6.3858,5.522606,3.7465172,4.9252295,5.282616,6.5448375,5.736687,4.444763,2.6808305,1.8560449,happy,03-01-03-02-01-02-08.wav
-510.90546,35.282585,-23.249247,17.244118,-9.884074,-6.076588,-11.969973,-8.042319,-4.1034274,-10.037776,-4.637755,-3.8846233,-0.290559,-3.772223,-4.870952,1.1249416,-0.23845965,1.3319072,3.5229943,0.9883464,5.437193,12.100782,12.984481,13.388328,10.882741,6.1571207,5.9764404,6.1874146,7.03662,6.20098,5.4676733,4.2787185,3.8956008,3.570253,1.7237529,2.9706247,3.1447432,2.5427258,1.0788676,-1.4733036,happy,03-01-03-02-02-01-08.wav
-525.28845,39.12192,-24.717428,14.282377,-11.338284,-7.2071176,-12.530657,-9.055009,-2.763434,-9.950369,-7.1308403,-4.6570177,0.07922429,-2.7064722,-2.899654,0.76331913,-0.8434385,2.8019168,5.104876,1.6975945,6.95725,10.580269,9.364544,7.75249,5.9358974,4.428406,5.440067,4.0612354,5.53568,5.6907434,5.7821026,4.3055887,1.5965115,2.6325693,1.2315624,2.4760568,2.08095,1.9218789,2.9403164,0.71270037,happy,03-01-03-02-02-02-08.wav
-706.24347,58.534477,13.019988,20.873657,8.240027,6.8838377,-3.5844598,-2.4664125,-1.1597183,0.44780788,-6.6871552,3.0705812,0.19013749,1.7280375,-2.163666,2.4146228,3.4679458,3.540473,3.3913884,0.39475915,1.7776084,3.7734337,3.2965548,1.8192769,2.884614,4.223691,6.1435084,7.142036,8.182503,11.02277,8.667231,7.7169366,3.3060544,2.4517193,1.6717365,2.9568832,2.809672,1.8402838,-0.25253522,-0.43534774,sad,03-01-04-01-01-01-08.wav
-710.06476,63.82598,11.534364,23.225824,0.8693859,8.159878,-4.2767234,-0.026927665,-2.4862363,0.17094694,-2.6574402,2.1550949,0.32913378,0.81109476,-0.8751108,2.1612883,1.8729264,3.889299,0.12414985,1.590107,-0.31872022,1.630423,-0.5816581,-0.11652754,1.0899681,1.8314313,3.771274,0.8663054,2.2285423,4.3520494,7.9554334,11.317929,11.119623,6.3539457,3.6883867,2.8174913,3.3562534,3.6789043,2.5870528,0.392207,sad,03-01-04-01-01-02-08.wav
-711.3288,58.443768,13.65048,20.23054,6.425073,7.7855453,-7.0938025,-5.6756206,0.714342,0.45269403,-2.5040584,0.7678334,1.715616,0.4773248,-0.5419726,3.6524558,1.6684163,2.5967984,1.8056469,1.4677538,0.35468993,5.073544,0.4831138,1.8108981,0.861934,2.870809,6.3640895,6.9492927,8.969692,9.728836,8.10591,4.3302445,2.8907812,1.1774244,1.2227421,3.0022018,2.9710333,0.55882895,-0.21561609,-0.22422208,sad,03-01-04-01-02-01-08.wav
-703.9717,64.09321,12.90797,20.423443,6.0703955,5.750209,-8.746074,-5.2278686,0.23428005,3.4886615,-7.5715566,3.0430114,1.0408547,2.11947,-0.80548054,4.3044343,7.5709023,5.1528616,3.0782435,2.7276034,-0.85351914,4.820267,1.1452283,0.57616,-0.5541582,1.2236449,3.9187841,2.9844372,6.496941,10.109931,11.510489,10.698001,6.014832,2.5755596,1.173157,2.1360822,4.3532205,2.6692626,1.461503,-1.7551459,sad,03-01-04-01-02-02-08.wav
-620.0803,54.2479,-9.866307,22.590471,-0.7324287,-2.9858973,-17.932732,-9.573598,4.260463,-7.8356595,-5.1848764,0.5935916,-0.048667092,-0.6505171,-2.924401,4.068202,8.984692,8.418685,9.559836,4.6944513,3.4879754,7.0331435,5.9285192,8.92372,7.045713,9.275219,4.1651382,3.0569227,3.6963732,4.441653,4.026354,2.9058375,2.2617288,0.02735414,-0.25529164,1.8198125,0.8523972,0.6460605,0.5172959,0.4475429,sad,03-01-04-02-01-01-08.wav
-617.4877,52.473698,-5.7896476,21.76914,-1.3812584,-0.1069505,-15.364343,-12.673313,2.6413326,-4.25037,-4.0424147,2.2167583,0.58828175,1.5512853,-3.1535425,3.2028594,6.6388173,6.0070095,7.853124,6.01275,7.2214937,10.859445,8.419722,6.368049,5.124456,7.6410866,4.16689,3.8207998,1.2069848,1.2103404,2.272864,2.2742705,1.2838372,0.6583063,-0.7130127,-1.710627,-0.60683787,0.8029957,0.9318242,-0.2684823,sad,03-01-04-02-01-02-08.wav
-648.13214,53.74082,-2.8609674,19.97794,0.965185,1.8495404,-10.217444,-9.46102,5.17614,-6.589322,-3.1430767,1.4486758,1.2381741,-0.27732787,-2.4559937,2.7155917,3.151693,2.94089,8.0300865,6.8425508,6.2959285,9.319393,8.2474,10.268896,7.484217,7.473711,4.0746775,2.5513723,3.2117212,2.889904,2.3199513,0.20457046,1.8319467,1.6824484,-0.30652183,-2.0285673,0.4542651,2.982388,2.0099158,-0.6103226,sad,03-01-04-02-02-01-08.wav
-618.9332,61.52515,-4.537559,20.466219,1.2907845,1.7045279,-20.71584,-15.621432,7.71396,-6.1900535,-6.7993426,2.417077,3.0048182,2.6787043,-4.4651303,2.6555808,6.8851657,4.784861,9.288718,6.355152,8.320184,10.186011,8.590629,7.6795454,4.5945425,6.4690824,2.228855,2.5717313,2.3032434,3.510171,3.75262,2.9118192,1.6164445,2.5609148,-1.6182193,0.10245226,0.4248334,2.4342415,1.8070562,-2.2941031,sad,03-01-04-02-02-02-08.wav
-554.0096,47.29982,-7.1644406,12.93831,-8.710192,6.3835034,-5.0271606,-4.9492903,-2.1762044,-2.902264,-4.185074,-0.9621033,2.675848,-1.3730987,0.82930577,1.0496887,0.011627725,3.8479216,0.31788793,2.5063663,3.634668,5.830716,4.5622063,4.5317245,5.418853,6.303697,8.037134,7.8799243,7.3807254,7.0198774,5.042227,3.5415385,1.4795606,2.9883924,3.4878387,2.9970906,0.45300218,0.38090003,1.1315854,1.365313,angry,03-01-05-01-01-01-08.wav
-529.75775,41.65054,0.395625,10.127595,-13.623538,6.9364986,-1.8798709,-5.1095204,-5.3849983,-1.3282931,-3.0800316,0.018933592,0.03280623,-2.0988443,0.5990121,0.4168365,0.008825336,1.8266784,0.7176812,2.3888078,2.5541031,2.1744153,1.2551345,3.0813725,6.1303177,6.6165485,5.783283,2.90563,1.4398202,6.054507,9.078067,8.477927,4.614165,3.1777308,2.6313963,3.0514631,3.8926756,3.7356298,3.5085278,2.0448139,angry,03-01-05-01-01-02-08.wav
-591.0041,45.681488,7.1286235,10.843018,-5.9665656,8.171857,-2.5377965,-6.539771,-3.568348,-1.94936,-2.0035129,0.023583231,0.39548868,-0.26797822,1.618956,0.8162538,0.17946643,3.2690537,0.94827735,0.17103532,-0.74069077,0.16325265,-0.31438383,-0.18226928,2.8202617,4.613327,6.044291,4.025992,1.8848312,1.773089,4.9116488,7.6096873,6.660471,5.7788634,3.165458,2.269009,1.5468751,2.214855,2.5595105,1.9762607,angry,03-01-05-01-02-01-08.wav
-573.5733,43.539616,6.623586,10.678473,-7.9829187,5.307203,-2.5650814,-7.988894,-4.463923,-3.9334738,-4.6783257,-1.2688637,-0.6789693,-2.6551373,1.2676951,-0.9704272,-0.29642937,1.9891129,-0.9994349,-0.62082016,-0.033294167,1.4126848,2.7805905,3.3161464,3.3730578,4.5257735,4.9915094,3.9555664,5.65506,6.0879693,7.1287055,5.274681,5.055478,3.403281,2.4560907,2.8276706,3.1469967,2.4495542,2.9194846,0.93832314,angry,03-01-05-01-02-02-08.wav
-458.7658,39.59697,-15.655077,2.417141,-20.78552,6.035269,-4.5253153,-10.091788,-3.7772832,-1.8770015,-2.224078,-2.424373,-2.2713273,-1.0187726,-1.0041023,-0.36891198,1.2063024,5.69147,8.895066,9.138939,6.6171846,6.553286,5.8776083,6.634131,5.942388,6.458066,5.6706047,4.568523,3.0287614,5.3846507,5.257263,4.6569448,3.8369224,2.533812,3.1893241,1.9883505,3.0963302,4.76257,4.303342,1.246641,angry,03-01-05-02-01-01-08.wav
-367.506,21.277977,-18.957977,4.7420697,-20.596365,2.1676977,-2.8332117,-7.3198895,-4.0988097,-3.937531,-4.4829617,-5.183475,-4.0705004,-3.9112887,2.079102,3.7964373,3.661621,8.069978,7.7859735,8.315284,8.465964,4.9919715,3.069617,1.464711,3.6753528,4.510772,1.3284628,2.002273,2.2658112,3.3233786,2.6137004,2.8392112,2.9810393,2.3533063,-0.2639379,1.6323957,2.9634266,2.5560982,1.3225499,2.463612,angry,03-01-05-02-01-02-08.wav
-481.32034,27.431067,-7.1388483,1.9407977,-15.684286,4.6080074,-7.017095,-9.016397,-4.3513713,-4.214254,-2.7202222,-2.3751767,-0.9297136,-5.319069,-3.1819582,-1.437043,-1.3265964,3.9542263,3.9034226,6.361359,8.229663,7.3778253,5.256483,6.8148813,9.397047,9.59454,6.5048943,0.23170455,0.42562893,3.002139,4.723296,3.3388586,1.574864,-0.2893065,0.8184787,3.375283,2.0217164,1.8130603,1.2412447,2.175739,angry,03-01-05-02-02-01-08.wav
-466.16107,31.221342,-9.10247,7.0849776,-17.789295,4.3269253,-6.2726,-10.518155,-5.198219,-5.6713853,-2.8086762,-2.8954928,-2.0509253,-3.421046,-0.6747575,1.0778778,1.6438013,7.153255,6.4232755,6.65105,6.8124485,6.8267536,3.6809666,3.8902397,3.9653804,4.48949,3.6630185,1.4030302,2.1470127,2.8826926,4.5857067,3.984733,1.3452601,2.2123232,2.708563,2.8266773,1.78152,1.6967903,2.0835469,1.8286998,angry,03-01-05-02-02-02-08.wav
-519.0303,37.388115,-24.494923,12.622948,-10.084097,-1.6251451,-15.994806,-9.971673,-3.0813637,-9.039434,-8.1537,-2.0180402,-0.030008607,1.4376897,-2.8510299,-0.94518083,7.438876,9.191559,8.216855,6.063745,7.838313,9.500311,6.4104905,3.4970706,1.2750965,4.395644,4.3464494,2.752608,2.533457,3.2335992,5.101698,4.931148,4.3277164,2.5790365,0.9914636,1.8780147,2.1789436,2.2671812,2.970073,2.813692,fearful,03-01-06-01-01-01-08.wav
-533.0774,51.208717,-16.792637,16.707506,-4.665987,6.4132266,-8.739046,-8.03371,2.6564467,-3.3758273,-6.7878623,2.7657993,2.5162776,2.587807,-0.76322687,1.1736326,8.551892,10.946499,10.659768,4.5843086,4.234214,5.848352,4.954146,7.297138,9.209807,8.490667,4.2138906,2.0463388,4.320993,6.023855,5.4560165,4.46435,4.048139,3.1122816,2.620502,2.9557292,0.6423183,1.5629413,2.16911,2.3344312,fearful,03-01-06-01-01-02-08.wav
-514.99475,47.97035,-22.5819,6.687417,-5.22401,-2.1650279,-19.789095,-11.81379,2.5195563,-8.202626,-7.6026635,-1.8736341,1.780324,1.9650085,-3.0734103,0.36269352,7.4670672,6.9079623,6.7440553,4.380242,6.405743,9.436675,7.071667,7.3502264,7.4607263,5.0490413,4.7066703,2.589296,3.5916839,4.161673,3.736553,4.2392545,3.6020308,2.9902394,1.587978,0.887661,0.88892126,1.5657698,2.092474,1.4128252,fearful,03-01-06-01-02-01-08.wav
-560.9031,42.46135,-12.372368,11.546339,-4.55197,2.7204494,-10.347402,-10.67883,1.7677441,-9.21134,-3.8870106,-1.9402446,1.5089973,-2.234729,-4.7001796,-2.2748375,3.4392934,4.6867085,5.593788,3.7705648,6.9675417,7.8595233,9.232234,8.482221,9.665828,6.151394,3.8794923,1.3167224,3.190768,3.5827694,2.1599221,2.4027462,2.337949,1.1175833,0.13747714,-1.0493965,0.30913976,1.3336143,1.0348682,-0.08690116,fearful,03-01-06-01-02-02-08.wav
-436.50394,15.385096,-18.847277,9.849294,-13.40505,0.39619446,-9.413585,-7.399834,-0.39684236,-2.5174181,-2.7490187,-0.8844749,-0.6559204,-0.48868567,2.6258729,10.872094,17.10421,17.60063,13.910767,3.9080863,1.7505579,2.5333936,0.524314,-0.9228134,-0.69611305,-0.74506867,1.4292924,-0.18370932,1.580035,3.5280073,5.9314513,5.030907,3.9091628,4.626358,3.1735759,3.2614598,1.9344382,2.379095,2.2212975,1.0317904,fearful,03-01-06-02-01-01-08.wav
-439.9933,15.065162,-22.765717,10.238274,-17.221815,-0.5818264,-11.509506,-8.12344,2.8971505,-4.4105644,-4.103738,-1.3635262,0.4219221,2.58379,7.61149,15.19718,19.719288,14.836186,8.84245,1.9546844,-1.2688756,3.803665,-0.30309147,-2.1731262,-1.6748953,0.55800396,3.3117466,1.622747,5.6208196,4.4783497,4.571899,4.419506,5.616356,4.3172464,2.1680963,3.1936753,2.2088828,2.4360006,2.0184407,1.7520014,fearful,03-01-06-02-01-02-08.wav
-454.8928,20.049515,-19.673162,-0.091133446,-13.467144,-1.0829071,-11.595386,-12.863616,-3.4017813,-4.346934,-3.4797962,1.9086107,6.1853957,4.8387985,7.5466175,13.737973,17.23007,13.872286,8.995668,0.053648762,-2.0934944,1.2532537,1.4244037,1.2047116,0.8345545,1.1742929,2.1989691,0.21809125,1.7814145,3.9057121,5.0483246,4.600639,5.220902,4.436687,4.247735,3.8601582,2.989528,3.3970716,2.1221137,1.0454302,fearful,03-01-06-02-02-01-08.wav
-441.88562,18.402462,-18.01058,6.2056055,-13.897189,2.2299411,-10.249107,-10.878801,1.6176889,-4.165892,-1.7237569,-0.3917745,4.042815,0.7723175,4.1602397,10.805688,19.360018,22.684372,18.75956,6.812144,2.5232172,2.439379,3.31527,1.3516616,0.45874915,0.7979944,3.7068772,0.9474087,-0.5287697,2.194432,4.641024,5.67171,3.9561992,5.86225,5.4550023,3.1622872,0.64678705,3.8215377,2.966779,2.8238227,fearful,03-01-06-02-02-02-08.wav
-664.2096,61.06208,10.803686,16.827936,2.3218684,7.2460575,-5.0944343,-4.0180855,2.1532815,1.6033447,-3.4343047,1.3344152,0.35944963,-0.45646438,-0.89216256,0.17634529,2.0745518,0.51886266,0.7626988,1.0665448,-0.06627069,2.270676,-0.96004844,1.6492759,1.6722648,5.634584,4.9392285,3.9272285,4.1109548,4.64034,5.2824345,6.011961,4.8661966,3.184507,0.61149997,2.450647,4.0380826,4.332322,2.853206,0.5955843,disgust,03-01-07-01-01-01-08.wav
-664.56995,69.052155,6.834153,15.071577,-0.42666262,3.9483938,-10.010922,-5.129296,-0.03221651,-1.1205015,-4.073907,0.30058953,0.5858152,0.056209475,-2.2640784,0.08626364,1.7899063,1.0675304,3.2441585,1.9319227,-0.60017467,1.6697742,-0.1460287,0.81687057,1.0012392,1.221797,3.1511128,3.1876216,4.383631,6.8868814,6.0686865,4.526019,2.7538786,3.6479297,4.01318,5.6902323,5.3772616,4.763151,3.4165995,0.6045821,disgust,03-01-07-01-01-02-08.wav
-655.4,59.761436,13.32091,13.096299,2.6944187,1.5685688,-10.547541,-6.766013,2.022058,-2.956635,-2.3868852,-0.889132,-0.43764484,-1.0576591,-1.7164512,-0.16500314,-1.1009315,1.0323433,3.158993,0.09297609,0.11027417,-0.042071067,0.36029983,0.22057536,0.35116494,1.7365819,3.1717105,3.5097117,4.8043957,7.9661374,9.717709,9.370029,5.893045,5.687331,3.249751,4.592455,4.268714,3.353063,3.1097002,-0.3187098,disgust,03-01-07-01-02-01-08.wav
-673.45807,54.375584,12.298837,15.444629,3.120023,3.1555092,-5.471644,-6.2028675,1.5363864,0.17350031,0.70080376,-0.07735167,3.013938,-0.8856491,-0.11731835,0.8583154,-0.06367503,-0.31717676,1.1575835,-0.15635914,-1.6467577,1.1932646,-0.10759703,1.835287,0.09373404,1.1218292,2.6901734,2.7954016,5.89686,7.257173,8.660883,8.273249,7.3915434,5.360131,3.924403,3.4058735,3.3754923,3.1626291,3.311202,2.0787263,disgust,03-01-07-01-02-02-08.wav
-595.47107,47.961857,2.7987666,13.159903,-2.803294,2.1249304,-14.705366,-7.760744,2.1298246,-0.5662631,2.805956,2.144878,1.1151735,-2.5811524,-2.5152483,2.485497,0.30124587,0.30853587,0.8241443,1.4665382,-0.105477735,0.48546603,1.7503324,1.6439166,3.5554395,3.199344,3.4510584,4.996414,4.8035197,7.2031474,7.2422256,5.9920835,4.0598536,3.7071166,4.016139,3.9589128,4.7631,4.1570244,2.5129642,0.62830526,disgust,03-01-07-02-01-01-08.wav
-628.39514,68.10328,3.06904,16.793007,-4.6469793,-6.4296336,-10.418339,-2.780385,-2.9118466,-2.6698687,0.35990626,-2.7971628,-0.48582917,-3.3203223,-4.741709,0.007802438,-1.7285913,0.66807544,-2.609413,2.233445,-0.2092189,0.6235189,0.13084233,3.181533,3.967864,3.126347,5.642036,4.310699,5.5823536,5.238442,5.5656013,5.6346655,5.3706956,5.5740757,5.3145337,5.0401173,5.840245,4.122704,2.920729,2.3813412,disgust,03-01-07-02-01-02-08.wav
-646.4801,54.113853,10.932192,15.722489,-0.55624616,-1.0663427,-9.9245,-4.7567625,-3.8667884,-5.5159135,2.461137,-3.2667532,0.41379285,-2.1585343,-3.7146041,1.3348978,0.35291427,0.30402428,-0.0038852936,0.12204565,-0.30587852,-0.56825507,-0.116517425,-1.7648972,1.4701872,0.20845996,1.5003755,3.577638,7.5486784,9.612871,9.070936,7.246197,3.712607,3.8266802,4.86415,6.0216575,5.752754,2.8458393,2.8017201,1.2557647,disgust,03-01-07-02-02-01-08.wav
-616.0964,46.414993,8.567894,12.676896,-2.892261,-4.9787917,-9.428087,-3.5114717,-1.0375471,-3.7935665,3.879362,-3.3486135,-1.5060552,-1.9820269,-1.5636353,1.233067,0.18500507,0.95223784,-1.3672105,-1.5240434,0.123200804,0.7456368,1.3396139,0.15498513,1.8211259,3.9236205,5.2816725,6.676749,7.4842763,7.949913,8.752804,7.273778,4.6318274,3.5083795,3.89608,3.9329016,4.688451,3.6875217,0.53175646,-0.6752961,disgust,03-01-07-02-02-02-08.wav
-604.69885,47.62078,-0.21826875,13.660572,0.76890516,6.2763124,-12.075324,-4.650282,3.7645366,-1.8230691,-4.4965396,2.4037964,1.7786196,-0.6422161,0.5559854,1.0360346,1.6080712,4.3821797,2.7352593,3.0294416,1.7214124,5.9306073,3.6525855,3.190774,3.6954024,5.4451537,5.1753855,3.201426,3.2917,5.395542,5.769714,4.913252,3.3497133,1.965294,1.9795346,3.0097394,2.8152008,2.18263,1.7294248,-1.0584823,surprised,03-01-08-01-01-01-08.wav
-598.9187,46.86702,-2.6084304,10.573729,-4.1669545,5.8526506,-11.877091,-5.227615,-0.44046873,-4.0628242,-6.1653233,-0.13394709,2.5492167,-1.7544147,-1.6154702,1.3631606,-0.19214538,2.6782298,3.0298712,3.6785457,2.018294,3.8768873,2.850689,2.9173348,3.650416,3.2820427,3.629218,2.419217,4.120035,6.0350194,5.6143703,3.5870094,2.3680649,1.4307795,1.4893006,3.50169,3.7580693,2.1302357,0.68128216,-0.19427112,surprised,03-01-08-01-01-02-08.wav
-579.1822,44.87122,-1.5855953,9.719535,-1.3423264,3.9782197,-11.736323,-5.5693097,0.59619194,-4.394433,-5.3505445,-2.624816,3.836539,-1.8196677,-1.0949636,2.7922313,2.961275,5.9913783,3.8594668,3.75786,3.261246,6.0797877,2.7705667,4.083555,5.2450037,5.6007195,4.7928815,3.841313,5.783271,6.35952,6.1778646,2.547774,1.9925386,2.4457242,3.0946205,3.0923371,1.6404651,1.8547796,2.2659311,0.91081864,surprised,03-01-08-01-02-01-08.wav
-612.6469,50.381054,5.695516,12.79149,-3.091175,4.554163,-8.125939,-6.9153333,-1.1061527,-3.2551634,-6.2983556,-2.4594707,1.7071481,-1.7818291,-0.9280309,-0.104570076,-0.9495172,1.9838072,2.0898478,2.4761777,1.3808601,4.3838596,1.9835489,2.2348309,4.5052476,5.3061852,6.9713507,4.9589205,4.518182,4.979761,6.3489466,6.8885837,4.1304264,1.821325,0.08841235,2.644924,3.3541818,4.1638737,1.8841273,0.36613792,surprised,03-01-08-01-02-02-08.wav
-539.91504,41.681934,-9.272518,9.467772,-6.1417584,3.804753,-14.308714,-8.595615,2.0140095,-4.664797,-7.0293946,0.3863901,1.1268041,0.39309496,1.6864784,3.814496,4.8858337,6.5000033,3.282931,4.6180186,4.1281323,5.1243105,4.09786,5.4295225,4.0506124,3.2286384,2.8802118,2.1089127,2.8812401,4.097251,3.1027734,4.225687,3.5299497,3.859962,3.9213219,3.8414884,2.9504175,3.5347366,2.324493,1.3398911,surprised,03-01-08-02-01-01-08.wav
-535.8865,44.529606,-7.1502767,7.394227,-7.844006,4.514613,-13.234266,-8.517331,0.570966,-5.0884514,-6.4564056,-1.1930734,2.3385775,-2.9097228,-0.077955574,3.225502,3.109464,6.932059,5.266999,4.405077,3.5432785,5.609122,4.2587624,5.6169677,4.418635,3.625905,4.971129,2.5214684,2.2362685,5.3383574,4.9030538,5.4308314,3.0038466,2.8748806,2.982711,1.664605,1.1888312,2.3767014,2.2927554,1.3775533,surprised,03-01-08-02-01-02-08.wav
-562.7249,41.813663,-6.237424,2.6079648,-8.717841,5.3529506,-8.912224,-8.70577,-2.4508173,-1.7039418,-5.0169106,-2.6885505,0.84492594,-3.6665988,0.3346031,5.6935453,4.855333,7.2271643,5.2856894,3.8519073,3.4513085,4.002283,3.297393,2.0250673,3.769912,4.760697,5.4942474,3.621788,3.156275,5.3245177,3.772218,3.6044242,3.528181,2.8064067,1.7359011,2.8022559,1.7992328,1.6503721,1.6797744,1.3074023,surprised,03-01-08-02-02-01-08.wav
-554.5034,40.45689,-2.2494164,5.254514,-4.8867397,4.7627187,-13.096655,-10.386803,-3.280229,-4.118488,-7.7623224,-3.5126674,2.8682606,-1.2633592,-0.12965201,3.775962,3.5029645,5.1387243,4.168691,5.2571163,2.1017432,2.937454,2.3167856,2.3167717,4.6674857,6.703619,7.3513846,4.581642,3.1553926,3.1559505,4.6196885,4.6939564,3.5141804,1.4657607,0.41287103,1.5177473,2.215548,3.165906,1.689769,0.37310737,surprised,03-01-08-02-02-02-08.wav
-558.48926,46.874054,-3.4126678,7.0030384,0.376475,-6.90612,-9.711813,-6.173148,-1.5480385,-6.9856906,-2.811636,-1.3371158,-4.014777,0.0850295,-0.06212813,-4.484653,0.47222292,-3.7205145,-3.4456022,-1.4520682,-1.4105619,0.30565268,0.118428,3.006096,2.8268538,6.8669333,1.6315907,5.0791945,2.702515,6.7686286,3.729874,6.6167436,1.3278426,3.3499,0.6446151,3.6417534,1.9011117,-0.35614163,-1.8860531,-1.0348274,neutral,03-01-01-01-01-01-10.wav
-535.2946,51.853775,0.13943392,9.1154,-8.051919,-9.763977,-15.555858,-8.434864,-0.71559834,-5.5515285,-3.389668,0.082783505,-5.594156,0.27005616,2.5578887,-4.396837,2.1962585,-6.449939,-3.366704,-2.2647812,-2.298047,-2.8459535,-3.3549395,1.8686913,-1.0701687,8.050135,1.6946769,3.8576417,-0.33937722,5.960484,4.658369,9.269008,6.515338,4.6506047,1.0796946,2.5334787,1.3737293,2.391309,1.5259656,0.24359585,neutral,03-01-01-01-01-02-10.wav
-533.1733,48.022724,-6.1535873,7.5747867,-2.6524553,-10.9487505,-18.677551,-11.340539,1.8453271,-7.7991385,-4.084589,-1.8795493,-1.9677403,0.5061474,-2.1224945,-4.4215813,0.87972564,-7.2285156,-5.9077125,-2.5157614,-4.164056,3.1027884,3.0795054,5.8235245,5.6771502,10.332293,6.2609525,10.383431,5.073743,5.777708,-0.28780508,2.3764038,0.36882213,3.4122486,0.04723805,0.81707776,-1.1281545,0.007021085,-1.1925682,-3.022122,neutral,03-01-01-01-02-01-10.wav
-586.9373,48.32501,9.369278,13.106787,1.0385739,-2.2398899,-10.574936,-5.9802055,-0.26810876,-4.9271307,-4.075171,0.20508899,-1.4039955,1.9737526,1.2118773,-2.7416391,2.3900847,-6.4553976,-5.4079275,-3.1416814,-5.377907,-2.085094,-3.1116397,0.80692047,-1.3007399,6.8374643,1.6514477,4.9415703,2.7548606,7.113361,5.465684,7.5261235,1.6796757,3.3440585,4.131006,6.507123,3.1071818,0.26952532,-1.0589925,0.40647152,neutral,03-01-01-01-02-02-10.wav
-517.4957,48.942234,-9.1378,18.057774,-14.770652,-4.825103,-20.545094,-12.593712,-7.600563,5.885499,-7.2235208,0.090173855,3.636762,-2.1100116,2.0601285,-1.8864839,-1.5772421,-5.6366653,-5.9838552,-1.3712387,-2.887088,-0.6626821,0.78178555,-2.5985222,3.132463,4.727283,6.905755,9.392973,6.050924,6.80045,5.1345267,2.7528644,3.6782937,2.8400013,2.374246,0.9730219,1.3377532,-2.4163818,-1.2026712,-1.208189,calm,03-01-02-01-01-01-10.wav
-559.6493,51.169857,-5.202375,13.943643,-3.411514,-2.9289958,-13.20442,-3.6516628,-0.577635,-4.8921742,-3.6069806,0.9330387,-1.8160206,-0.639746,1.590506,-4.491096,1.3930304,-5.400181,-2.1234689,-2.6300867,-3.0090804,-0.8211975,-1.7799796,-0.48301056,-0.6378256,2.7740505,-2.8131566,1.4162493,0.31110054,4.5612264,6.5293217,7.7748795,7.008887,7.2393427,5.6165457,4.561377,1.0583165,0.41704717,0.30097547,0.9487295,calm,03-01-02-01-01-02-10.wav
-524.5683,39.47736,-5.147836,13.171206,-12.558604,-2.749189,-18.66748,-12.973156,-2.45962,-5.384231,-6.6530733,-0.9057019,-4.6354713,-3.0487163,3.1460185,-5.33578,3.532271,-4.090592,-3.2360172,-1.3261217,-4.993896,-3.2756643,-4.8505645,1.787986,5.2571664,13.209236,11.070627,10.5277605,6.4192905,8.437562,7.212866,6.643921,3.2372901,-1.5126779,0.9521135,1.0329839,3.0046113,-1.9363343,-3.1112309,-2.0575657,calm,03-01-02-01-02-01-10.wav
-528.6981,46.91824,-3.7955651,11.897674,-11.026134,-9.171207,-15.476164,-10.991082,-0.32277662,-7.4197497,-4.880599,-1.4173485,-4.440441,-1.933465,1.7498878,-4.1460905,0.3945945,-3.963292,-5.143684,-2.383203,-6.3566113,-4.7277517,-1.1383355,3.243854,4.920485,12.478919,6.9603767,7.578061,7.9952884,11.054515,8.911105,6.658413,1.5421163,-0.5535073,1.4487084,2.5554078,-0.35630637,-2.4969869,-2.4139688,0.87195385,calm,03-01-02-01-02-02-10.wav
-544.5167,51.515385,-11.549658,12.425406,-2.2635934,-9.898422,-22.50666,-9.9238205,0.093496226,-2.216745,-4.143802,2.7554524,0.41782904,3.5190456,0.7583392,-6.8117476,0.8387818,-7.4225683,-3.0350425,-2.966945,-5.508901,-1.4090717,-1.7339444,1.8130038,6.022201,8.731381,8.8316,9.72993,7.1143064,9.858738,6.2673306,3.671775,-0.5628431,-0.85907525,1.8642341,1.8974918,-0.68530244,-3.4477246,-2.2048788,-0.07650307,calm,03-01-02-02-01-01-10.wav
-545.6499,53.85692,-8.712149,4.9283447,-2.3116708,-7.557059,-20.38115,-11.917163,-0.043056514,0.78315604,-3.4271991,-2.511871,0.023987737,-2.1756852,-1.1307793,-6.9208083,-2.5830572,-5.288167,-4.9476676,2.9894128,-3.9350286,1.5652789,1.1563855,3.1217384,5.601953,12.043578,13.495996,15.350294,8.093807,2.75697,0.69182694,0.92859566,3.8751848,-0.15155745,-0.004368159,-2.3664234,1.1740822,-0.037582017,-3.1510131,-4.119524,calm,03-01-02-02-01-02-10.wav
-557.81165,52.1735,-4.049166,14.726996,-6.8903804,-4.312834,-15.778803,-9.886342,-0.9693319,-5.3933263,-6.728955,-0.7021168,-0.6098649,-1.7535771,-0.28032643,-7.6849914,2.816315,-6.5932193,-1.8672236,-2.6540067,-5.415446,-3.4233475,-3.6264179,-0.86858505,2.8104641,14.320606,13.341902,14.20843,7.3535423,3.289749,1.7608522,6.199159,5.612797,3.0635679,0.77692926,0.5258949,2.6644855,0.94293886,-3.6531925,-3.494266,calm,03-01-02-02-02-01-10.wav
-597.88153,58.135082,3.400387,12.473538,1.2896423,-0.11952575,-10.843646,-4.643951,-2.1700923,-3.6196182,-6.885719,-2.0853536,0.7265432,-4.280096,-0.9869257,-4.762182,-0.39731959,-5.304907,-4.5889673,-1.6572253,-7.644157,-2.212611,-3.1242647,-3.1003401,-2.6277404,0.67261153,-0.37937054,4.1800456,9.228025,12.361736,11.777971,7.927676,4.5935535,4.091826,7.2895784,5.501531,2.8962834,0.10088591,-0.60601836,0.9365266,calm,03-01-02-02-02-02-10.wav
-491.66074,40.497475,-16.948425,9.21986,-5.4537663,-5.644398,-12.773782,-11.604363,-1.2127075,-6.168093,-4.2151723,-3.7960753,-4.7075777,-2.2544167,-3.336153,-2.3605201,-2.9789345,-0.22335328,-5.139488,2.9699297,-1.3789066,0.84689957,1.2982017,2.061999,3.7146745,5.6928563,2.8635352,4.0916014,5.626845,5.238174,3.3522947,0.08689856,1.0504831,1.0953023,4.246568,1.5628016,0.39609888,-2.0369833,0.22851203,0.16033362,happy,03-01-03-01-01-01-10.wav
-484.45724,40.718983,-13.789414,8.356514,-6.3193464,-9.042235,-15.322813,-13.459374,-0.2999016,-8.8372555,-6.8986096,-2.4109068,-6.9253197,-0.22015703,-5.7896376,-5.739699,-4.055674,-2.652088,1.3155291,8.580771,8.192698,9.025417,4.5544853,2.3188157,-0.34001425,4.5263457,-0.029615752,1.4025004,-0.29303253,0.16934937,-0.24638596,-0.07869439,-1.0734211,-0.6357238,-0.30237487,-2.1502059,-0.9018745,0.7518448,0.32793343,-1.6832093,happy,03-01-03-01-01-02-10.wav
-501.13275,33.57939,-22.18756,10.2825,-9.076815,-11.561303,-22.169302,-9.996965,0.5201493,-12.413845,-4.706747,-1.4741815,-6.50947,5.6920123,-6.9220324,1.9373456,8.734526,4.0246654,4.750569,6.5132985,8.389591,7.12174,5.7852015,1.6982195,-0.47419754,1.819779,0.20421268,-1.3742627,-2.5255218,-0.19609879,3.8734784,3.5532455,3.004243,1.1527454,1.619308,-2.2368255,-2.9762068,0.42446798,-0.007815063,-1.430173,happy,03-01-03-01-02-01-10.wav
-498.81824,46.67819,-13.404973,8.220088,-13.750826,-10.67436,-19.29323,-15.325624,1.7173635,-11.442395,-4.4821506,-2.080168,-7.222253,-0.22609423,-3.3601947,-3.4279888,0.90419614,0.14230332,-0.9558617,7.574205,5.978799,10.527276,6.418284,7.260883,1.6049249,3.187741,-1.3271842,1.9595296,2.9534512,2.6089637,2.366107,4.105233,2.0438902,-0.4505423,-0.5925674,-0.5685319,-0.14447662,-1.3379428,-2.668292,0.55102,happy,03-01-03-01-02-02-10.wav
-358.14996,28.101961,-34.94446,5.849382,-18.583117,-17.679216,-17.793892,-24.286524,-0.08704071,-14.384351,-11.293412,-2.1156037,-9.437909,5.695028,1.6203598,7.4370484,11.693787,4.071587,-0.034128476,2.4520192,-3.5719855,-1.6263053,-3.0677376,-0.094334796,-3.7955072,-0.9198252,-2.0158179,0.69208235,1.5924777,-1.2699337,3.6041267,2.2293859,2.3836186,1.3273395,2.2641604,-1.2594935,-1.7557921,-0.38656992,0.16797759,-2.4457777,happy,03-01-03-02-01-01-10.wav
-379.03424,25.564573,-29.86314,6.597069,-11.420351,-16.614874,-17.897882,-20.268814,-0.9490319,-11.566801,-12.136768,0.99370486,-2.1076677,10.278007,6.689482,9.035572,6.08138,-2.7403762,-5.831337,3.365282,-3.4337425,-1.6591696,-4.0632405,-0.46551132,0.6508116,2.6450777,0.84193337,2.888469,3.2999706,1.4112,2.6807675,-1.6659052,-0.3980485,-1.2150334,-2.308101,-2.3601725,-2.5173311,-1.2674706,0.32386056,-2.6686301,happy,03-01-03-02-01-02-10.wav
-341.6062,15.627401,-25.809507,2.1853533,-15.157163,-14.271489,-16.127035,-20.36574,-5.0821247,-11.535552,-13.542782,2.665543,2.9603581,15.793406,7.02786,4.7912784,-0.197202,-6.9340634,-0.25830922,2.8853014,-5.142702,-4.6388,-1.35005,2.7545931,1.368767,0.84628874,3.3786373,2.0425274,-3.6577559,-2.5539386,-0.35799545,-0.69041884,-2.4136455,-0.7560964,-1.6080487,-2.6824365,1.5711977,1.33612,-1.097309,-0.42593426,happy,03-01-03-02-02-01-10.wav
-351.60165,19.303152,-34.137913,6.6403866,-14.66944,-15.578252,-15.608275,-23.105875,-1.4852494,-13.044251,-10.561049,0.30406693,-3.3208067,8.200282,1.8071713,5.8110456,10.823612,1.3245081,3.7439685,4.1953106,1.9895138,-0.54002315,1.4285383,-1.1911651,-1.1355867,-0.67422694,-1.6342366,0.13219245,-0.35279137,-2.0546987,-1.1223457,1.1485037,-1.5635418,1.5845739,-0.8437193,0.6239336,-0.19473782,1.3510798,0.3167724,-1.6035211,happy,03-01-03-02-02-02-10.wav
-618.94556,55.29624,0.62626487,19.798845,-2.2640033,0.61513305,-10.6339655,-7.606573,0.5600093,-5.0958967,-4.7035675,2.2324622,-0.512082,0.38975576,2.0465455,-2.9542658,0.22385627,-1.9229581,-4.011464,-0.6339662,-1.5905524,0.60705036,-0.5598496,1.0181726,-1.8009244,2.4020262,-1.2130398,1.4312935,4.972572,8.159135,11.707238,12.826738,7.492873,5.403224,0.56595314,0.4957159,0.43553895,1.7553324,-0.19527365,-2.7537222,sad,03-01-04-01-01-01-10.wav
-586.4672,58.925835,-1.3631566,11.775448,-2.0981328,-2.3043256,-16.785019,-9.586013,4.320003,-2.6777258,-5.398491,1.4288043,2.217452,1.6406071,4.6777515,-3.5682704,2.1773164,-3.5539613,-5.038564,-0.49724394,-5.877523,-3.0882573,-5.9471626,-0.44600692,-4.437235,-1.0748754,-0.59250766,1.090095,0.92018676,5.5687237,4.1675963,8.486452,4.847612,5.1498733,5.11596,6.7153974,4.518911,4.199917,1.1714302,0.478565,sad,03-01-04-01-01-02-10.wav
-604.7638,64.41201,8.365539,17.335567,-1.6909178,-2.8699887,-15.951077,-9.752665,0.65466684,-8.480527,-1.8390691,2.691034,-1.6402059,0.33013126,-0.24165194,-1.690075,2.0122256,-3.8253474,-3.7668295,-1.8270434,-1.615363,-3.8528688,-1.6672981,-0.8447647,-0.11888735,3.3867698,2.4278693,7.4861555,8.829347,9.9985485,7.914084,7.317691,2.6589458,3.0994627,3.0850961,3.2099617,0.92102695,1.1687001,-1.5907232,-0.69787765,sad,03-01-04-01-02-01-10.wav
-606.38086,68.68026,8.676442,8.465024,-0.34414756,-1.4690456,-16.052696,-5.2403564,1.701803,-8.344032,-2.1810267,0.5157809,-1.7952462,3.311213,-3.4560769,0.43674102,-0.8277933,-2.4298682,-3.667399,-1.8169286,-1.9905227,-3.4715264,-0.8864823,-2.4451227,-1.375368,0.9951611,-1.6634891,-0.8221119,1.2437899,3.0770047,4.0440993,8.903875,9.156567,10.256521,5.6482635,3.8528569,2.2303767,2.0705597,0.08014201,-0.024642019,sad,03-01-04-01-02-02-10.wav
-504.84378,51.267155,-11.448493,21.968159,-5.679511,-7.4913487,-16.794071,-12.128446,-0.093011394,-9.238611,-2.879441,1.4371217,-3.912177,0.17651856,-5.0692153,-1.6623257,-1.6093715,-3.695199,-4.162886,0.089425,-0.48546895,-0.8889846,1.0209256,1.6552808,3.257663,4.8725967,1.3164594,2.562867,0.5031182,1.9716237,3.5794282,3.9329798,4.094997,0.47444013,0.042833645,-0.38204744,0.18635577,0.8298106,-2.509764,-2.003903,sad,03-01-04-02-01-01-10.wav
-530.79315,54.446697,-14.635622,22.65421,-4.2886834,-11.029168,-26.605743,-14.131843,4.594429,-6.6719933,-1.9799634,2.0001066,-0.66219383,3.7163768,-1.503887,-3.3270607,-2.2168357,-3.5916574,-3.6846983,1.4167368,-2.443148,-1.2980055,0.2021096,2.5509398,1.8790643,7.588017,2.3705125,2.9421,1.4925859,6.8450637,5.043896,6.3814244,1.9748396,-0.4084804,2.16783,1.3109086,1.3689787,0.9910363,0.4828654,-0.9902908,sad,03-01-04-02-01-02-10.wav
-592.44885,56.99415,13.448984,17.250027,0.45592517,-3.6205032,-18.273031,-7.0169945,0.6225328,-8.390741,-0.98043936,1.9331212,-0.13149865,2.5650954,-2.275578,-1.7228999,-1.807171,-1.5211492,-4.158605,-0.4890509,-1.4480711,-4.441553,0.52230495,-2.6575716,0.012309672,1.3013326,-1.0664221,1.6697025,3.761056,4.542824,2.1098084,4.6143155,3.4419408,6.2915287,5.3645864,4.8676434,2.0036912,1.9604566,0.0020027326,-0.09488257,sad,03-01-04-02-02-01-10.wav
-572.53143,49.219097,5.400212,17.627184,-2.1063461,0.3785612,-18.003216,-8.728008,-2.931458,-10.486806,-2.093774,-2.7876983,-3.7517679,3.681599,-2.3402154,-0.5544802,-0.44676423,-1.8160223,-4.9386635,0.7558206,-1.9783354,-0.1891206,3.4932325,0.5912331,1.8624065,1.6743287,-1.1487876,-0.4336385,2.0989556,5.372209,5.5113444,8.61341,8.492805,5.488686,3.613041,0.2922772,1.5056065,0.87658674,-0.40143484,-2.6097195,sad,03-01-04-02-02-02-10.wav
-500.04028,59.567562,-12.046825,12.801353,-12.887165,-7.681351,-23.37487,-13.106926,-2.527476,-4.663641,-3.992335,4.2710395,-2.6744173,-0.9874959,6.118164,-4.4328895,-0.57699203,-3.5687873,-4.637164,-2.048967,-6.732261,-4.2046437,-6.1602793,-0.7291515,-0.9584905,3.132238,-1.8915168,0.5476209,-0.6766221,4.553576,2.5865042,8.578109,4.418475,5.2720046,3.6390486,5.0692673,3.972267,5.8403997,3.0238333,1.2532411,angry,03-01-05-01-01-01-10.wav
-456.12692,49.590363,-20.604395,9.8607435,-14.526598,-4.756582,-17.084785,-11.724243,-2.4899828,-3.8798301,-6.6281033,-0.9832232,-3.9652836,-6.2454767,-1.3034933,-3.721673,-5.130046,0.44445866,-2.1121674,3.784216,0.61194307,1.6133767,-0.43804243,-0.8382479,-0.87033045,2.71985,0.036352325,3.265887,3.6623833,7.168155,4.654633,3.3461347,1.2873375,0.21406348,3.0751204,1.3291243,0.8089506,-0.57094353,0.24329379,1.0001175,angry,03-01-05-01-01-02-10.wav
-489.89703,54.693798,-12.111747,4.08847,-5.821063,-6.6164455,-20.119108,-10.656475,-0.97877747,-7.0873275,0.028665114,-0.29477003,-5.9272923,-0.06428067,-4.497644,-6.5592318,-3.8193097,-6.7398977,-5.687069,-1.5448084,-4.635061,-4.250104,-0.8144263,-1.451754,-1.4069242,2.3939123,0.10225388,3.4695935,2.0561166,4.1038656,6.086447,7.719736,6.02548,5.8778625,3.9047298,4.780472,1.6793457,2.0949452,-0.13754344,0.04054893,angry,03-01-05-01-02-01-10.wav
-490.10703,55.700428,-14.171992,10.17259,-10.6972475,-3.5417433,-23.813103,-6.396827,-1.6435101,-6.584488,-0.51719034,-3.015194,-2.060749,-1.1291105,-2.665603,-3.9000633,-4.3779116,-4.5180354,-7.4809213,-1.0566549,-6.585823,-6.724152,-1.5376523,-4.664209,0.3097938,2.460099,2.0112567,5.3723397,4.8642974,6.916323,8.045265,8.840984,6.788738,3.3012047,1.8599951,0.3824898,0.7102101,2.7906852,0.9200839,-0.4693064,angry,03-01-05-01-02-02-10.wav
-337.72324,30.912178,-20.852919,5.4300585,-17.972288,-7.9620223,-15.157953,-10.752966,-4.661355,-8.538656,-6.137179,-4.3552704,-6.7619405,-3.068544,-7.2382293,-3.1089635,-4.6137767,-0.021314899,-1.4317031,2.6217837,1.1089684,0.9829739,4.394327,1.5901369,5.694634,5.2756233,1.5711824,1.8368391,-2.116763,0.43140492,1.647509,0.3015861,0.4908537,-2.0538673,1.4055638,-0.97810215,-1.0016724,-0.6819803,0.16324936,0.48389342,angry,03-01-05-02-01-01-10.wav
-357.5052,34.38291,-26.556955,-3.8446019,-18.141308,-8.807964,-12.169206,-16.049618,-7.8826556,-6.908806,-9.804075,-8.628327,-5.6656675,2.6758368,-6.6677284,6.065504,4.011167,4.6812954,2.5646152,3.531385,0.9083789,3.2132568,2.6972895,0.46921322,0.10247571,1.0488394,-2.4401114,0.34403604,-1.4829553,1.1234622,0.50504684,-0.049150765,1.7926341,0.09849356,-0.49081033,-0.07903423,1.8214157,0.76535505,-1.9158762,-1.0396796,angry,03-01-05-02-01-02-10.wav
-379.7742,31.689602,-16.645262,-3.0248134,-16.745342,-9.232633,-13.079975,-15.818898,-7.9428616,-6.769854,-8.518421,-6.173111,-2.3364313,-0.09950496,-0.946592,5.792357,-1.8392531,0.67885184,-0.9542217,3.7219157,2.853268,-1.5475258,-3.1934078,-2.495204,0.06890153,1.3261268,-2.3802495,0.64113885,2.0775175,5.4597816,1.3675225,-0.22377011,0.38544378,-0.043080322,-0.3511491,-1.9321289,0.8773016,1.4990553,0.6465559,0.091749094,angry,03-01-05-02-02-01-10.wav
-373.69928,25.017069,-19.928415,-3.3894775,-19.423435,-8.95622,-15.103895,-14.02963,-8.161057,-7.7863207,-7.4299936,-6.8405957,-4.8563776,-3.5038264,-6.2774153,4.5605083,-1.2443988,3.9127986,-1.7704601,0.5822233,-3.880051,3.4336238,6.341368,4.474285,1.402196,2.396249,1.205859,2.4959915,-1.6666285,-0.1741418,0.4125865,-0.9680022,1.1652355,-0.92779267,2.50341,-1.7282916,2.4628062,-0.69026995,-4.3289456,-3.1012714,angry,03-01-05-02-02-02-10.wav
-523.8563,48.62812,-13.1047,10.788253,-1.4410801,-10.197347,-24.592634,-12.665546,6.7253385,-4.7083383,-3.2010455,3.7752783,-0.8843264,5.623741,-4.1312137,-8.226285,-3.6545455,-6.157372,-3.7976508,1.5905384,-2.1762917,5.408999,7.4979324,11.924054,5.0531917,7.094701,3.6985521,1.4089851,-0.27549168,2.808145,2.9394517,2.1430128,0.293771,-1.0653579,0.98096544,-0.6894099,-2.3657935,-1.7970743,0.41871226,-1.8543457,fearful,03-01-06-01-01-01-10.wav
-595.7066,51.29561,0.7196423,9.099718,0.7194201,0.166338,-14.842306,-3.5076144,5.9298916,-3.3241868,-0.12722403,0.738541,2.6113992,4.6574597,-0.24774742,-5.692169,-2.4436693,-5.863171,-4.372304,-2.3586774,-3.4150834,-1.6736636,2.4537377,-0.95148396,-1.536016,2.532628,1.3437291,7.338845,5.057637,7.428694,7.3430705,7.5036035,4.149029,1.8827215,0.5712469,2.2906466,-0.69026816,-0.57018524,-2.2921662,-1.5788354,fearful,03-01-06-01-01-02-10.wav
-580.79755,49.6931,0.4962454,7.812964,-0.45014307,-5.862586,-19.47439,-11.853127,4.535335,-4.3106003,-4.1198344,-0.6040523,-1.708236,2.5947855,-3.0376134,-4.1463904,-2.0039659,-7.25429,-2.2693918,0.3730493,-0.715853,8.428035,9.633191,10.398964,6.97113,8.002551,2.4181542,4.6851244,1.8065345,5.41931,3.8151915,4.583452,0.32447642,0.42384312,-1.4871501,0.6238407,-0.2668028,-1.7892413,-3.419622,-2.9835126,fearful,03-01-06-01-02-01-10.wav
-577.11945,47.953445,3.0847812,10.089854,0.17682566,-1.3582075,-13.98011,-4.311763,4.640106,-6.383424,-3.9191303,0.6876638,-1.1874341,1.8284327,-1.5621071,-3.0167444,1.4025716,-8.272481,-3.224451,-2.43765,-4.2664695,-2.5796094,-2.147797,-1.0124894,-1.1436301,6.979874,6.224835,9.957384,5.307078,5.568629,5.853419,7.152078,3.433629,3.0819113,-0.02796601,2.295316,0.8358743,1.9578515,-0.26190898,-1.4727064,fearful,03-01-06-01-02-02-10.wav
-424.8881,31.551556,-21.72058,5.8790092,-13.820414,-14.512237,-18.155514,-14.805445,-0.57703966,-9.949181,-8.775417,0.18576483,-8.8200655,0.58382595,-6.8831697,-4.246183,0.8141142,-0.94445944,5.867985,7.661899,4.2874136,4.966652,2.1135895,2.6403034,-1.3159462,2.0227582,-0.3737079,1.0489342,0.65558624,-1.0192142,2.0949812,-0.676066,0.087025836,0.00047080626,-1.3467201,1.0911038,-1.1217021,1.8009752,-1.1995537,-2.3666396,fearful,03-01-06-02-01-01-10.wav
-453.28522,30.597557,-25.01919,8.158525,-12.937116,-12.174966,-17.387444,-15.449623,1.1663561,-7.787537,-9.319169,0.83980143,-7.552954,0.45375276,-5.122347,-4.485184,3.8557942,4.5675087,11.646427,12.23547,4.094861,5.1056366,-2.0450315,3.9552572,1.5452634,3.3418894,-0.60929304,-0.5867222,-1.228773,-2.3310187,-0.089872226,-0.5944058,-1.2339531,-1.9126749,-0.85399365,2.8165314,0.80735034,0.67658716,-1.4862415,-1.1726519,fearful,03-01-06-02-01-02-10.wav
-433.9805,30.052483,-17.196304,4.7121115,-12.267956,-12.095951,-18.020063,-16.609724,-2.0052326,-8.949616,-11.259669,0.56655806,-7.441108,0.9312922,-8.450939,-2.99905,5.053079,4.097867,9.636008,10.589934,5.096429,2.4696887,1.5666171,3.2105935,2.9493015,3.0017848,-1.4618671,1.9009925,2.4310503,-1.4466162,-1.1549438,-1.7060224,-0.0840882,-0.66778135,-0.98203903,3.2968764,0.3310244,-2.6347444,-1.3416165,-0.6768086,fearful,03-01-06-02-02-01-10.wav
-523.2215,43.53371,-10.779801,7.8674436,-11.592633,-7.552106,-17.806616,-12.296772,-1.7105882,-9.854341,-4.4398546,-0.65052,-4.903113,7.0024734,-5.046174,-0.6457472,-1.0850978,-2.805565,1.7074771,5.598952,8.919721,5.255701,6.4128585,1.3851241,1.24275,4.500236,3.0234473,4.2287416,4.632526,2.8518429,4.879849,0.38669446,0.7912295,-2.331898,-1.5204881,0.9593907,-2.2294385,-2.3736753,-2.299468,0.21960329,fearful,03-01-06-02-02-02-10.wav
-586.51636,59.284683,-5.6312046,14.605522,-4.897949,0.56115955,-14.872248,-7.8505316,2.464285,-6.5683885,-0.58193946,1.7230662,-4.2081165,1.671678,-0.7686896,-3.0681136,-1.137171,-2.9867692,-4.359544,0.030551597,-3.678645,-3.6225927,-2.4147243,-4.4724545,-1.0031068,-0.06442013,-0.36163914,2.7666037,1.0207362,2.3944833,4.170165,7.074542,10.486306,12.104616,8.855506,5.096561,1.2270849,0.24693765,0.50634736,0.6440626,disgust,03-01-07-01-01-01-10.wav
-571.8589,67.73592,-11.5737095,12.644675,-1.2601035,-3.9371412,-22.381395,-3.7404373,6.4771986,-10.354576,0.629847,1.267788,-1.9326142,0.17777607,-3.54161,-3.0491629,-3.66737,-3.9014153,-4.8278227,-2.2395787,-3.9945939,-0.63279134,2.7105558,-3.8613338,-0.3958953,-0.24318677,1.335044,4.7273097,3.787499,3.8360581,2.0605938,2.9405577,5.6490755,8.011586,5.4944987,4.714928,2.409412,0.79966503,-0.55292255,-1.4956104,disgust,03-01-07-01-01-02-10.wav
-567.7449,62.783257,-2.2457807,8.179908,-1.0394382,-2.9768283,-15.541291,-6.8788705,6.118523,-4.899309,0.41315714,-1.026652,-1.3264577,4.8640747,-3.2464247,-1.3557327,-2.4592202,-5.490395,-3.9294827,-0.8955866,-5.536572,-4.300127,-0.42568326,-4.411507,-3.1561794,-3.6174383,-2.0422232,-0.0755239,-0.78031003,0.23551281,3.2965264,3.1447113,1.704358,3.5266936,3.9670355,5.722131,6.3451214,4.9944696,5.14534,2.9310684,disgust,03-01-07-01-02-01-10.wav
-514.80383,46.36397,-16.326992,8.466857,-5.6706443,-4.1962333,-20.276743,-0.5571214,6.6487513,-13.393864,2.7342808,-3.5710459,1.4406365,0.049604956,-5.106334,-3.2870674,-3.2980888,-4.723517,-5.341333,-2.080054,-6.268683,-1.6221429,0.6745363,-2.5001621,3.414945,4.1816907,3.783945,4.557163,2.3417246,4.9381566,5.8028293,4.3283973,4.13523,3.670156,2.1627486,2.6674626,2.4578454,1.9162675,-1.437206,-1.4456944,disgust,03-01-07-01-02-02-10.wav
-440.12296,47.382137,-24.536663,7.519604,-11.054502,-9.851148,-23.083784,-11.287442,-1.216075,-13.622159,-5.4476123,-5.322493,-1.7228318,-5.435269,-6.639472,-1.2071649,-0.9742279,2.2090907,-0.14953947,4.5194845,-4.763634,0.65235305,-1.6515275,-2.5146744,-1.0570651,0.19661137,-0.39629173,3.908885,3.3944435,6.238883,5.3606176,3.588592,2.630165,1.7462326,3.876096,1.3640122,1.9933541,2.9433498,0.14797169,-0.05091764,disgust,03-01-07-02-01-01-10.wav
-427.27612,43.00313,-28.387913,8.931917,-13.886554,-12.314649,-23.702427,-11.91835,-0.016039781,-14.89499,-2.6051068,-3.851856,-7.5647283,1.5131247,-9.381224,-6.5711117,-7.172405,-2.8652055,-2.0076706,4.8578153,-0.08649039,1.2614107,0.28252003,0.3813743,5.571607,8.612382,4.614296,7.567125,1.279567,4.543784,1.7179786,1.4589729,1.0368595,-1.4544235,-0.115195155,0.5014873,1.149548,2.5123868,-0.976434,-1.03375,disgust,03-01-07-02-01-02-10.wav
-473.31982,45.208565,-24.033743,5.111626,-9.997114,-8.212154,-25.036366,-9.46396,1.340353,-15.32473,-0.1607741,-8.533656,-3.7357242,1.3797617,-8.044253,-5.6460495,-5.795218,-4.8138213,-2.8066843,6.0103936,2.1968334,2.130848,8.036996,5.6452713,12.710971,8.44487,5.627413,1.6698271,-0.31439266,3.5075605,3.905424,2.2430725,-0.6652511,-2.750934,-1.3445141,-0.539299,-1.6853185,0.7703535,-2.1867983,-0.5858444,disgust,03-01-07-02-02-01-10.wav
-436.54385,43.689754,-26.900978,-3.3048878,-13.560997,-12.34888,-20.24762,-17.420408,1.9111891,-12.981838,-7.182565,-3.8486025,-6.884772,-3.2930593,-7.784028,-2.0039475,-3.1551642,-1.1619314,-0.6576881,5.4508715,0.9278434,8.009739,7.869447,7.531578,3.3622017,2.309058,0.036703385,4.431646,1.8450066,1.5381663,1.2555679,1.4858922,2.4861763,0.7907255,2.9073052,-0.4146476,-1.0114342,0.2555547,-0.62101525,-1.3043369,disgust,03-01-07-02-02-02-10.wav
-536.76825,40.17647,-1.9779564,10.629461,-4.242583,-6.1712623,-10.8820505,-2.5253594,0.31475776,-8.406233,-2.5257723,-4.065066,-1.6689986,2.773219,-5.0712404,0.40282997,2.2477856,-0.5369312,3.1106312,3.5371842,1.9870859,0.54145753,3.2542107,-0.6501111,2.9326532,4.3842587,4.6055927,3.9254365,-0.56812876,0.7502952,3.142706,4.1057515,1.819639,0.98879707,0.127507,-0.1819113,-1.0390824,-0.291056,-0.36265165,-1.1409403,surprised,03-01-08-01-01-01-10.wav
-552.3073,53.25239,1.4303124,8.998643,-1.928098,-3.9007316,-11.9059305,-7.270176,1.8095882,-3.4189568,-3.2918289,1.3282663,-1.8448994,0.757091,-3.165278,-3.8313468,-2.420338,-4.465307,-3.0171068,0.0046258634,-1.660547,-0.3947031,0.07403314,-0.35862425,0.44035718,5.787054,2.77381,4.855328,2.5202868,2.789246,3.2582452,3.8325198,2.7909226,1.3632411,-0.38319808,0.73235834,0.55390185,1.2966993,-0.3513215,-2.0933266,surprised,03-01-08-01-01-02-10.wav
-475.8414,39.93684,-6.0676613,1.0633526,-6.79075,-7.440091,-11.416635,-8.383765,-1.1145617,-10.894572,-7.0777655,-3.3257613,-7.107737,-0.16417299,-8.319537,-2.089244,-1.2331574,-4.6192017,-0.92918783,1.419153,0.79043806,5.6250587,4.2695546,7.2701902,5.723284,7.0023804,1.1158549,3.375112,1.6191518,3.7664797,2.5732594,1.5058575,0.7860363,0.1864151,0.26377288,-1.6451001,-1.3767253,-0.07965681,-1.281722,-1.4770073,surprised,03-01-08-01-02-01-10.wav
-558.2648,56.793663,4.5543685,8.62213,-4.2786365,-8.094121,-10.459447,-4.5877066,-0.28828877,-9.03411,-3.1765285,-0.68574125,-6.033236,2.696895,-8.837957,-0.24411564,-1.8049332,-5.4201975,0.12623489,1.6191293,0.32353136,-0.86756045,2.379123,1.0940367,4.521871,6.7319336,4.0973024,5.313741,3.4747078,0.9848709,1.8012035,0.5826702,0.22124392,2.28437,2.4926848,2.4061615,1.5296372,1.5295144,0.71129316,-1.0726075,surprised,03-01-08-01-02-02-10.wav
-466.46976,41.040382,-13.312118,3.909156,-7.0196013,-6.552993,-12.699608,-13.818108,-2.315487,-5.8703403,-7.0408454,-0.95618004,-6.1598535,-0.659513,-3.3173683,-4.103735,-2.873739,-0.87340486,-1.3702427,4.8432236,1.6905646,5.84368,4.321256,4.894074,3.333798,4.3378096,3.1635919,3.8279011,2.6110117,2.5815153,1.707129,1.3664732,0.39854214,-1.7934425,-0.7625495,-0.29650086,-0.2273666,-0.7820086,-1.7799597,-1.455834,surprised,03-01-08-02-01-01-10.wav
-460.99826,31.225943,-14.319646,2.8897452,-12.104572,-10.688082,-14.007954,-8.829641,-4.6480093,-10.53503,-6.918498,-3.382327,-7.0237055,2.2701,-6.4143767,-2.1778738,1.5750084,3.8516264,8.963855,7.3425503,3.2354898,-1.7166698,0.5416124,2.6600425,1.4725925,3.553153,-2.6694157,1.8314676,0.6432258,0.66037524,-0.21659324,-0.9683599,0.53630257,-0.661039,0.2977951,2.4585133,3.5938468,0.75911784,-0.5258405,-0.38356423,surprised,03-01-08-02-01-02-10.wav
-433.87546,33.11749,-11.552771,-3.1509948,-6.4122534,-10.142762,-8.779301,-12.660699,-3.1474752,-10.566268,-10.303788,-5.8550887,-7.775108,-2.6079905,-3.7671924,3.2876792,7.2715354,4.672756,6.3407598,5.2766056,-1.6714954,-0.7102607,-2.742807,-0.5155784,-0.49243426,0.9986736,-2.0163763,2.3997893,-0.5558574,1.4233899,0.9651052,2.115474,0.96436703,2.1128957,2.0510554,1.0991846,0.55091494,0.89400905,0.083764076,-0.36390772,surprised,03-01-08-02-02-01-10.wav
-417.141,37.222816,-10.572914,-1.2104347,-8.232791,-9.591879,-12.515397,-12.174668,-1.1697972,-8.144898,-9.05747,-3.8252838,-6.6390457,-3.190248,-8.136411,-5.803019,-1.4560064,-4.1984267,1.4054272,10.200739,4.8291802,10.44471,6.2254167,5.1686807,0.72971886,2.876489,-1.024604,0.84829885,-1.9874871,1.1844757,-0.24893145,1.5458715,0.9440727,0.19402291,0.52373904,-0.101853,-0.68726045,0.12657358,-0.25337106,0.15844876,surprised,03-01-08-02-02-02-10.wav
-713.15,61.634888,21.69507,20.849443,6.918356,8.276476,2.9739454,0.8407588,-0.46303716,4.7247014,2.1017058,0.39667258,2.8003163,4.0591817,-0.10816567,2.3105354,0.34329802,2.0871193,-1.0094192,-0.94845325,1.0431421,-1.7349238,-0.80161285,-0.50312656,0.025121294,-0.26459384,-1.2948952,1.8506013,0.66789144,1.5407952,0.1828403,-0.7833408,-0.9773246,-0.7089259,-1.7990208,-0.83565515,-0.5452629,-0.65741825,-0.98709023,-1.126662,neutral,03-01-01-01-01-01-11.wav
-686.26654,63.687344,18.820574,18.182194,6.695839,8.485631,3.3310153,-1.7832763,-0.887873,4.4412875,0.3936897,-1.0005517,2.5451593,3.579118,1.8526751,1.3552036,-0.6793307,-0.10670338,-3.069014,-0.52126276,1.598628,-2.020199,-0.8079089,-0.8366054,-1.3208559,0.21854919,-2.1184752,0.42535326,-1.4395944,0.716328,-0.58312106,-1.1648538,-1.4639641,-1.9437083,-2.4327729,-2.3863528,-1.3833593,-0.9719034,-2.111814,-1.9479996,neutral,03-01-01-01-01-02-11.wav
-685.63696,56.559807,21.440945,20.455795,5.7860975,6.829503,1.199324,-1.759392,-0.5647495,3.7439644,-1.45862,0.2520927,-0.05103198,3.6572144,2.330779,-1.1480857,0.38679916,-0.08888262,-2.844554,-0.7790432,0.8698492,-1.7225055,-0.7854828,-0.5854057,-0.89837176,0.84127605,-0.3996129,0.944719,-0.022764716,0.33252755,-0.40482348,-1.1792661,-2.010599,-0.8367883,-1.4240768,-1.4479648,0.03761951,-0.51009303,-0.14494462,-0.6366116,neutral,03-01-01-01-02-01-11.wav
-684.6071,66.38061,26.615877,25.076828,9.572113,8.546317,1.8001161,-0.2577007,1.1803876,7.655635,-0.80432475,0.30727756,0.5758167,3.7822607,3.0544546,0.6131174,0.20546159,1.2229452,-3.4813378,-0.7357019,0.9584975,-1.4049858,-0.092639044,-0.10617903,0.16827717,0.89170516,0.21153986,1.9462129,0.7399974,0.9628035,-0.020196259,-1.0554299,-0.7529207,-1.032705,-1.1272811,-1.116557,-0.9843353,-0.93224627,-1.4360495,-1.8984973,neutral,03-01-01-01-02-02-11.wav
-713.8097,59.206757,22.627445,23.758863,12.566026,12.569508,4.7033625,1.4249272,3.2177725,8.236173,0.3057131,-0.8788879,3.185479,4.5328736,1.6923743,0.32531035,-0.1786567,1.6642116,-3.4752758,1.7314606,0.56508857,-1.5543427,-0.85126644,-0.2958507,-0.6762061,-0.47948435,-1.1854528,1.5502111,-0.56839097,-0.3120517,-1.3049746,-0.613724,-0.09593717,0.501746,-0.3317772,-2.0329788,-1.8043885,-0.6284,-1.2415327,-0.88037664,calm,03-01-02-01-01-01-11.wav
-695.9203,68.59724,22.867336,26.667511,14.438406,11.832731,1.7849585,1.5410341,1.2010509,7.167668,-0.27049723,-0.1670134,1.2252423,4.8227634,1.8360391,1.3768157,-0.1931229,1.1509246,-2.4848013,1.9133315,-0.9309848,-2.3229234,-0.00039978596,-1.3554562,-0.9972279,0.33189923,-2.228357,0.098867744,0.94932413,-0.24891745,-1.162014,-2.6841593,-2.208161,-1.0048449,-1.6855794,-2.196235,-1.1831647,-0.68110836,-1.800818,-2.662251,calm,03-01-02-01-01-02-11.wav
-693.9612,60.930088,24.368263,20.941841,7.513354,9.716222,-3.0378141,0.030447587,0.49834293,6.9401493,-0.44058076,-0.34030926,-0.5421358,2.776904,1.1125007,-1.2099282,0.008790479,0.86762434,-2.0543914,-0.152416,0.75511146,-1.8086529,0.17780496,-1.0631255,-0.7200378,0.06696894,-0.6498429,2.0597477,0.8813127,-0.39305094,-1.9760762,-2.0137432,-1.744019,-1.3030514,-1.6941642,-3.412267,-1.7990098,-2.0104148,-2.00837,-1.4234048,calm,03-01-02-01-02-01-11.wav
-698.15436,58.46151,24.540289,20.531422,14.084893,9.674513,2.7252305,1.1621279,-0.089008845,10.75201,1.6101439,-1.2275908,-0.8781118,2.630618,0.94511193,-0.22099118,-2.5300515,2.1979551,-4.769209,-0.05572633,0.23654568,-3.0289786,-0.48066896,0.18200362,-0.9378092,0.43608797,-0.77951276,1.2542332,-0.74218464,-0.5149494,-2.5299323,-1.3177944,-0.8102482,0.24931696,-1.4241556,-2.047812,-1.2917564,-0.8049407,-1.0543709,-1.1408522,calm,03-01-02-01-02-02-11.wav
-704.6575,65.610214,19.401985,22.685225,13.221663,8.273776,4.044516,1.5738795,1.7598566,10.143845,1.653742,-1.0947902,2.193831,2.9524965,2.3034184,1.019632,-0.57719487,1.5467942,-2.2429771,0.26409775,-0.22950007,-0.88755924,-0.94241256,-0.5996381,1.0269452,0.96922225,-0.22265963,1.1085144,0.2331654,0.20665473,-1.5456096,-1.3035069,-1.3772805,-0.19715719,-0.90251297,-0.96646315,-0.4683541,-0.1851758,-0.26737508,-1.3009909,calm,03-01-02-02-01-01-11.wav
-720.09485,50.317608,19.095675,24.267506,12.149275,10.4162,4.064886,3.8481343,-1.3470838,8.430486,-1.3736587,-0.23208283,1.4048489,3.5620008,-0.062093575,0.7957918,-1.1129715,0.24685673,-3.4191191,1.1902891,1.5023371,-1.8023505,1.053241,-0.59016293,-1.4455904,0.8153895,-0.5582469,-0.011785295,0.5770325,0.9005639,-0.8221904,-0.09335138,-0.8298456,-0.3341936,-1.5159243,-1.2771046,-1.6831508,-0.7355278,-2.2216334,-1.4616275,calm,03-01-02-02-01-02-11.wav
-700.1275,58.017754,22.407284,22.72245,12.471671,8.793522,3.5352912,1.9183719,1.1789035,8.80468,1.2547041,-0.37786594,1.5894299,4.430558,-1.0530316,0.036245573,-2.262525,2.0800092,-3.1579773,1.8618712,-0.5029687,-3.386948,-0.6358938,-0.38228634,-1.4268439,-0.15679291,-1.0317963,0.98497844,0.74126357,-0.069731034,-1.1154261,-0.98816615,-1.4003699,0.030556396,-1.0917767,-1.2336,-2.2701442,-2.0046716,-1.8483149,-2.2806268,calm,03-01-02-02-02-01-11.wav
-700.927,61.119793,20.60732,22.044168,10.788883,9.535319,2.150364,0.9831913,-0.036984254,11.610793,2.145335,0.6589925,-0.17214821,3.9158683,1.3372816,-0.6418547,0.13748723,-0.14800371,-2.2688472,0.5599705,0.45448482,-5.2446084,0.23577277,-0.0024392286,-0.25675085,0.31197166,-0.7867139,1.6454524,1.3039882,0.27960077,-0.9772394,-1.5809743,-1.9903176,-0.6154991,-1.3023438,-1.2156546,-1.7126591,-2.6033504,-1.1030518,-2.1547968,calm,03-01-02-02-02-02-11.wav
-654.4467,56.016396,9.912502,14.832239,6.044382,4.362138,-4.3656573,-2.2003381,-4.37552,4.2432275,0.6309724,-1.3966743,2.6373637,1.5082057,3.0717406,-0.19285084,-1.3720263,0.732477,-2.1516306,0.9480854,0.07440464,-0.30052996,1.5397232,0.06411833,1.0276597,0.46954706,0.13021973,1.6520096,-0.5353805,1.6640427,0.29729146,-0.2528017,0.30125645,1.1846579,1.4466041,1.7162619,4.072571,7.014308,7.146102,4.9036846,happy,03-01-03-01-01-01-11.wav
-651.1455,58.86143,12.59771,12.559963,8.603721,3.9938533,-0.7391238,-1.3942673,-2.0169947,5.3506293,-0.5131584,-0.15953052,0.5428194,2.8848405,0.355419,0.5266357,0.26715907,-0.5916473,-2.9520454,0.4841891,-0.67785895,-1.0820243,-0.48305225,-0.39056915,-1.10628,0.21827357,-0.98534024,0.88212097,-1.1486238,0.9182147,-1.6140046,-2.1726415,-1.5360756,0.24776997,0.96632075,1.9486219,1.4292113,0.29187614,0.15532553,-0.88143164,happy,03-01-03-01-01-02-11.wav
-651.984,52.48929,14.468995,12.023479,9.1717415,3.0093548,-2.5113783,-2.6247506,-3.1074462,5.0041256,0.005950956,2.2624412,0.23813719,5.0845017,-0.12605242,0.32940963,0.9845132,0.5368762,-3.5654914,0.10929248,-1.0768577,-2.156761,1.7058748,0.48583367,-0.55463773,0.49169898,-0.30171895,0.4948939,-0.67491496,0.83999497,-1.1828538,-2.1411486,-1.1627231,-0.39674625,-1.5401659,-2.012866,-1.9308686,-1.1517069,0.6287477,0.73603415,happy,03-01-03-01-02-01-11.wav
-641.57404,52.921513,15.106357,14.419704,5.133202,3.497215,-1.472562,-1.5257535,-4.7468224,3.2637818,-0.57107985,-2.0709853,0.12975624,4.2591586,-0.29975924,0.41863897,0.349432,-0.8124085,-3.6878877,-0.09342024,-1.5921977,-1.4905161,0.61796206,-0.03927154,-0.9493221,-1.0424604,-0.6132687,0.95562327,-0.86882704,-0.043512728,-1.8844776,-1.9680376,-1.3629396,0.5243497,2.2125747,3.3491056,2.8651643,1.6702254,0.9273224,0.09206479,happy,03-01-03-01-02-02-11.wav
-479.31006,47.59046,2.835999,5.3749433,-1.387611,1.2873846,-2.1624792,-5.806487,-9.301905,3.5681083,-1.9519378,0.22988833,-3.093882,1.1594102,-1.2991217,-0.5107046,-0.421535,-2.3125074,-3.5423822,0.8571093,-1.2045509,-0.78192705,0.48521098,1.6543928,3.103947,5.1426735,3.275906,4.8516793,3.5714536,4.0180874,3.9713943,5.37356,6.1193137,7.9103894,5.954695,2.114032,2.5307503,1.9848253,2.9234262,2.36969,happy,03-01-03-02-01-01-11.wav
-473.87756,40.742302,0.32751006,8.265884,-1.7551781,-0.08583107,-0.80650395,-3.3737714,-5.312382,3.3479521,-0.9438347,0.31397605,-1.1338066,2.4596605,-0.5301453,-0.6127117,0.5657677,-0.33784956,-1.1734878,1.7241095,-1.2808311,-0.77831393,-0.44731006,0.8139758,1.2230611,5.0750804,4.4923787,6.1470656,8.634233,6.6991496,6.140115,4.682486,3.3549328,3.6219747,3.7378829,4.644279,5.725383,4.0284863,3.7557704,2.1152587,happy,03-01-03-02-01-02-11.wav
-492.17484,42.32312,-4.748287,2.3382032,-5.699597,-1.4169567,-5.437197,-9.131187,-11.401088,-1.4557782,-4.570266,-1.8150382,-6.7255454,1.2920065,-6.3818455,-2.313715,-1.9716237,-1.0406574,-2.0191212,-2.024311,-4.0291586,-2.8329475,-1.2241024,-3.0735347,-2.2430058,0.087269634,1.0009061,4.3573575,6.6377683,8.195049,7.8566713,6.472272,5.5595174,3.8934982,2.8024771,0.9991215,2.4033055,4.0672398,2.9392354,1.0518608,happy,03-01-03-02-02-01-11.wav
-511.57523,42.089798,3.308912,3.2429588,-2.2309954,-1.4243801,-5.8201838,-4.041704,-10.09531,-0.10710276,-2.792645,-2.173345,-4.559425,1.322039,-4.214874,-2.8926795,0.9288926,-2.7767694,-4.1493535,-1.6765686,-2.4778616,-2.4892073,-1.8242538,-1.1050891,-3.2658563,-1.9090871,-1.4002892,-0.56977284,2.6585128,2.854779,4.258248,3.820954,4.445778,4.7937717,3.3763127,3.2734153,3.6465573,3.1579416,3.2816331,2.4199378,happy,03-01-03-02-02-02-11.wav
-686.4398,54.82076,17.03212,21.883652,10.428875,6.9432607,4.6228237,0.11171361,-0.035156433,7.3705688,-0.7547909,0.43620908,-1.1475477,4.856226,0.60613495,-0.18425018,0.1842247,1.6456045,-3.47231,0.63091815,0.86714643,-1.8980863,0.3615316,-0.9078311,-1.0400246,1.3787532,-0.15944701,1.6598223,0.70871574,1.6632379,-0.84221625,-0.7648897,-3.1984344,-0.8166295,-2.3208067,-1.4416416,-1.2465916,-1.5991676,-1.0342511,-0.8352058,sad,03-01-04-01-01-01-11.wav
-688.9851,61.58946,24.316824,25.734169,9.863095,8.770564,4.2706385,-0.06201431,-2.9123147,7.467852,2.4270673,0.6497884,0.710425,4.250889,1.6155026,0.66286707,-0.082484946,1.526703,-1.2733701,1.0088248,0.11096216,-1.9580176,0.8126717,-0.022793896,-1.2422224,0.92957985,-0.78085595,1.0538449,0.5855993,2.091815,-0.09705762,-0.28648037,-1.4276345,-1.6951711,-0.7846234,-1.959257,-0.9591983,-1.810252,-0.86393034,-1.7946486,sad,03-01-04-01-01-02-11.wav
-684.7109,56.243366,24.001413,18.08637,4.9872727,7.426141,0.8991364,0.735377,-4.723407,5.0374336,-2.1481051,-2.3912215,-2.930522,5.283888,-0.29564413,-0.6353794,-0.7505355,0.11426854,-2.2142873,-1.0636418,1.8328205,-2.604153,0.680393,-0.038534872,-0.5882959,1.2899072,-0.5183866,2.2437136,1.1754274,1.9499065,-0.69557196,-1.7878731,-1.312202,-1.0230275,-0.15244195,-0.79068696,-1.5364714,-1.0250727,-1.3026813,-1.7722706,sad,03-01-04-01-02-01-11.wav
-689.6503,58.31288,23.013344,18.593521,7.981409,8.876478,3.1323547,-1.0449954,-1.4347256,4.8930287,-0.93881303,-0.971206,-1.1187091,5.7027073,-0.4647813,-0.4209565,-0.7008771,2.1003199,-3.7586744,-0.6301614,-0.8213337,-1.8020319,-1.915152,0.8913381,-0.7778953,1.4032377,-0.2558522,1.764739,0.72848636,0.6387154,-0.03176179,-1.3019706,-0.43815863,-2.0656652,-2.1544476,-0.89514434,-0.8838071,-1.7864869,-1.5884236,-1.5375826,sad,03-01-04-01-02-02-11.wav
-593.1319,46.891212,6.3644776,7.0193954,0.8794968,2.0637274,-4.299669,-3.255583,-7.9956245,0.8152761,-2.2050428,-0.35947305,-1.3184695,2.3682547,-0.49653542,-0.4238149,-0.64824986,-0.49446648,-2.516146,-1.8514439,0.14267206,-0.38456526,-1.3595185,1.4272138,-0.33420917,1.2586893,-1.3143139,0.90545857,1.1705035,1.1865503,2.4283013,4.0697336,4.4577274,4.4072685,3.0754743,0.67473096,1.0352317,1.2941153,0.81206816,3.001455,sad,03-01-04-02-01-01-11.wav
-530.37085,56.6471,4.5055776,11.721485,1.0616344,-1.554012,-6.0621223,-6.2727647,-9.129698,0.4844381,-3.8662937,-0.7916726,-4.209809,0.48054862,-2.3808212,-3.0985537,-3.5080113,-3.8296669,-4.0483913,-4.1865873,-1.652084,-3.2576501,-3.1151586,-0.15136898,-1.9691529,1.4827393,1.6036085,3.762873,5.3332877,6.7227535,5.486589,3.7339823,2.5776415,3.3325303,4.70608,8.038678,9.069977,8.772325,5.826267,4.0692315,sad,03-01-04-02-01-02-11.wav
-565.8401,44.29122,5.532737,7.886156,-4.9560184,1.1607478,-6.732506,-9.395455,-9.639849,-2.632826,-1.5097058,-3.8673923,-2.0585902,2.0237632,-4.2384915,-2.7396107,-3.6653943,-0.13726819,-4.614774,-3.8598485,-1.5922754,-3.9057407,-2.2658691,-1.2310683,-2.83673,-0.32060808,-0.9624603,2.4461448,1.4174051,5.1813436,4.7546144,3.774166,3.8178394,2.2091298,2.1472218,1.6581546,3.6305442,6.099664,5.4312067,4.985904,sad,03-01-04-02-02-01-11.wav
-527.70776,41.176914,8.560572,9.098816,-2.6988828,2.511209,-7.9825225,-7.4116163,-11.697922,-0.88253707,-3.537112,-4.1727953,-2.620032,2.4950414,-3.1134493,-1.833557,-1.0218875,0.2178251,-2.3647664,-2.0229595,0.92729354,-3.0598903,-2.4618382,-0.05334551,-1.35428,2.3105958,2.7707498,5.3589373,4.8553863,4.0313654,3.3238304,1.2066791,2.8583436,3.7599921,4.3271728,4.64637,3.6884058,4.7417555,2.66355,2.44178,sad,03-01-04-02-02-02-11.wav
-529.7126,44.796,4.996902,8.624085,-1.9469522,2.112758,-0.61468476,-3.7464392,-4.7104855,3.1345038,-2.5258255,-0.8250803,-0.4428172,0.7109302,-1.6172739,-0.76612926,-1.845941,-1.830523,-3.3887963,-1.6204072,-1.4966005,-2.4173114,-1.030677,-0.609118,-0.44764528,1.1949006,-0.53852296,1.2509083,1.3620615,2.6161544,2.6372147,2.898772,1.6772592,0.979529,1.5265722,2.620299,2.4842668,2.2598803,2.643502,3.4708939,angry,03-01-05-01-01-01-11.wav
-573.43414,48.14494,14.190565,9.89579,1.9032893,4.0391073,-0.4018483,-3.3629742,-4.7793183,4.4408417,-2.5168862,1.4253284,-1.7861693,2.6100557,-1.2414677,-1.494471,-0.97956395,-1.2206917,-2.4478369,0.1498586,-0.9880323,-2.182338,-0.6542271,-1.4286939,-2.3403149,0.92098,-1.9215791,1.1162169,1.3277748,1.1038512,0.064124875,0.5865962,0.12054442,-0.037047945,0.8816664,2.587515,1.6808412,0.8374791,-1.1812096,-0.82886,angry,03-01-05-01-01-02-11.wav
-524.2174,41.717384,3.545583,4.585116,-3.073668,2.857739,-3.9658322,-5.0815663,-8.113886,2.3830614,-4.053527,-0.873158,-1.8248049,-1.1597035,-4.1766715,-3.3318412,-0.7352906,-3.0123205,-4.155307,-0.8967458,-2.3539665,-3.3169222,-0.57890046,-1.8676382,-3.3010194,-0.67556435,-2.2855947,2.9659407,4.078805,6.5055532,4.9084644,2.7618873,-0.1495731,-0.011978814,0.4799569,3.9225724,4.9341173,5.125926,3.7398443,2.261842,angry,03-01-05-01-02-01-11.wav
-524.4761,45.56888,7.2128553,5.5801983,-2.038871,2.937763,-6.1172132,-4.2378993,-9.324736,3.055831,-5.4089675,-0.6700237,-2.6248436,-0.7745349,-4.6546836,-3.5988026,-0.5660233,-2.6439798,-4.622999,-1.7060492,-2.977646,-3.8313725,-1.2825452,-2.3619118,-2.7655895,-1.46186,-2.8011723,0.5166015,0.098312296,2.428276,3.223774,1.734129,1.9453598,0.2958919,0.096914046,2.5127895,1.9797418,3.5160632,4.048135,3.6298318,angry,03-01-05-01-02-02-11.wav
-435.5689,32.00549,0.5562135,4.397166,-7.54861,-1.7400345,-1.2937903,-2.7886147,-9.217412,1.1745017,-2.4899218,-1.5290284,-2.3992312,-0.3406449,-3.3824747,-2.9105122,-2.189857,-2.142128,-2.7371569,-1.4254607,0.8592758,0.71984047,1.542011,0.5464917,-0.95976573,1.4036587,1.1310514,3.3092113,4.544049,4.085118,4.142438,7.6763377,6.9796257,6.0144906,3.117582,2.243811,2.5299373,1.3055247,0.6453621,0.9867106,angry,03-01-05-02-01-01-11.wav
-362.90863,24.781448,-5.4738555,-0.86652994,-12.942108,-3.0475802,-4.5603642,-4.8078284,-12.017148,0.95919114,-4.0975504,-1.655991,-1.8205072,-1.5713744,-4.534024,-1.1023288,-2.8680694,0.16378672,-0.5864544,2.6858523,5.969469,8.247613,10.132228,8.505929,5.5574837,6.0565486,2.02096,2.4528892,2.7685442,5.699065,3.7367089,2.2429843,1.969888,3.254783,0.9803885,-0.35970154,2.3465495,3.3108664,0.59423834,-0.22977228,angry,03-01-05-02-01-02-11.wav
-358.06815,35.52485,-1.3519899,5.5348883,-13.849623,-2.1879478,-0.739656,-4.0497475,-10.439023,1.4892709,-4.3125086,-0.3989884,-2.228277,-2.9282691,-5.5488725,-2.517732,-2.9792516,-1.7598444,-0.17569096,2.2942789,2.2133515,4.4968824,4.538074,3.020389,3.4787354,5.896382,7.2841344,6.5111322,6.786555,6.4095054,6.6190057,5.9510202,3.513787,1.0714443,1.8336806,1.9846181,3.5395753,3.32246,1.4832039,3.0048683,angry,03-01-05-02-02-01-11.wav
-342.3264,19.599405,-8.314477,-3.0204852,-15.274783,-0.8101527,-4.895562,-4.6386003,-13.067565,1.1909643,-5.519889,-3.5608277,-2.9863076,-3.5467463,-8.336244,-4.9595666,0.55247724,5.572031,5.800675,7.2065406,3.9275541,6.132031,8.603699,10.198132,6.9385533,2.3572505,-0.55177855,2.247565,3.4062011,1.552484,0.692106,1.6582605,2.1389713,2.694156,3.0578973,1.651955,2.4645112,3.346341,3.6359417,1.4798723,angry,03-01-05-02-02-02-11.wav
-637.21387,56.434387,15.529901,14.366759,5.2708335,7.481136,2.3681672,-0.58099437,-2.72241,7.6108565,0.19059396,1.9666924,-1.6707323,3.6445599,0.57919675,-0.7643313,0.7840256,0.58991206,-3.7088532,-1.9039261,1.0711027,-1.815478,-0.64430517,-2.4306269,-1.35535,0.30970234,-2.8653054,0.002986033,-0.16745079,0.6955571,-1.6543803,-1.8877265,-2.9848728,-0.41563976,-1.3188051,-1.6507816,-1.3131938,0.85354185,1.6906639,0.94013935,fearful,03-01-06-01-01-01-11.wav
-606.90765,54.785698,14.159909,10.499487,2.2040448,5.97489,2.570355,-2.0709581,-5.6127634,3.5522966,-0.3178923,0.3426366,-1.9009343,1.8605583,-0.4027829,-1.6365913,0.74116296,-1.0818472,-3.7667468,-0.66359526,-0.42622688,-1.8050827,-1.2498344,-2.0761929,-1.8291397,1.3694574,-2.5401394,-0.19729719,-0.8913075,-0.67027354,-0.64308846,-2.6662652,-2.9528725,-2.2834823,-0.65349615,0.78746086,1.9356673,3.0665076,2.5276642,1.3266034,fearful,03-01-06-01-01-02-11.wav
-600.55084,53.17402,8.88991,12.292284,3.427999,5.6502595,-7.5328083,-8.314651,-5.093163,1.6324316,-2.5628707,-0.9578272,-2.2900567,3.2757092,-0.04081377,-3.3315742,-0.14086941,-1.6651071,-3.8548517,-0.91410637,0.6844009,-2.7763407,-0.7031853,-0.41756362,-1.3808162,0.69988626,-1.8637418,0.12564339,-0.78411394,-1.4272679,-1.9595567,-0.670392,0.5754126,2.7235098,2.6408856,2.1699889,0.9850908,1.4853852,3.1957352,3.648446,fearful,03-01-06-01-02-01-11.wav
-597.442,52.851234,8.71081,10.481212,2.5365734,4.838289,-4.6840587,-4.9711185,-4.211643,1.7679088,-2.0331933,-1.7087746,-0.11478692,3.936312,0.64857,-2.2980971,-0.2802867,-0.5900376,-3.1723406,-0.40798905,0.53470194,-2.897516,-0.5091234,-1.3498722,-1.692719,-1.1180739,-0.85002553,0.66251504,-0.02212616,-0.69459176,-3.5012865,-2.8286877,-3.1225517,-0.40881664,0.64581436,1.6300981,-0.069276616,0.4094653,0.78723717,0.053046998,fearful,03-01-06-01-02-02-11.wav
-471.7885,37.016277,-6.2774754,6.8034277,-5.4047465,-1.2102191,-4.567914,-10.21979,-9.449075,1.8339136,-1.5088141,-1.4407926,-4.7549047,-0.6779361,-2.4768677,-4.2140884,-2.037835,-1.6759888,-3.766188,-3.0145488,0.96827894,-2.1276882,-0.017639114,-1.6355517,-1.911295,2.1333914,2.6188977,11.000471,10.796884,10.443698,4.3839545,0.042297617,1.1039746,1.9803506,4.5828876,2.6819775,0.944402,1.9770901,2.0059862,2.4334776,fearful,03-01-06-02-01-01-11.wav
-444.13843,32.428192,-5.695837,6.3784957,-2.607197,-0.9519189,-2.707795,-6.747771,-5.9223924,2.0105786,-4.6841564,-3.524249,-2.2131202,0.26758206,0.067264244,-4.7718906,-1.0693734,-1.7450296,-2.4068127,-3.1018531,0.1053629,2.4909163,5.293538,9.249244,7.2247624,9.598889,6.7033305,7.025796,5.8726892,5.7597637,4.2352505,2.4609761,3.2968962,2.008652,1.6545627,1.3759489,1.2362984,2.1110249,0.80701816,-0.017238224,fearful,03-01-06-02-01-02-11.wav
-430.15073,28.515081,-10.031019,3.5822961,-7.532062,-2.430754,-7.285258,-12.014553,-9.065675,0.2801588,-3.3597748,-4.5528793,-4.637469,0.6833567,-2.1159208,-6.0438194,-2.3436544,-3.7308261,-2.505225,-2.8044157,5.675148,4.7090564,5.944264,5.595101,3.5287826,8.353471,4.926317,4.8169694,0.6710027,4.303954,2.9433057,2.1207674,1.3113263,0.793818,3.3433592,2.066188,-1.531652,-2.1964695,1.3533115,2.544914,fearful,03-01-06-02-02-01-11.wav
-417.90347,28.124924,-7.4928927,-2.1668217,-5.4207687,0.32607576,-6.8332853,-8.768405,-9.640854,1.5831189,-3.2590647,-2.7815232,-3.8402436,0.9891218,-1.8464108,-5.6184697,-2.5870042,-2.729167,-2.2093787,-0.47209746,3.4473348,7.6951923,9.668734,11.4395275,9.276388,7.6830006,3.0042694,2.8641853,5.4353385,5.8792434,3.090192,2.3285968,0.5250957,0.95087373,2.7307527,2.0066612,1.1530079,0.8968051,1.2185444,1.1824175,fearful,03-01-06-02-02-02-11.wav
-619.137,52.309505,14.760063,15.739355,0.50935507,6.7157974,-0.7470462,-3.462525,-5.5417614,6.591988,-2.61945,-1.2237655,-0.059115477,1.5734302,-1.8329375,-0.9690161,0.014323238,-0.19650267,-3.2376568,-0.90946305,-1.320157,-1.6988366,0.20900412,-2.2020907,-1.261306,0.26178247,-1.1374406,0.9928205,1.0161206,1.8108443,0.5300558,-1.2847598,-0.2810664,0.019869404,0.014345086,1.229877,0.6268065,1.5468571,1.0610163,0.7883452,disgust,03-01-07-01-01-01-11.wav
-595.0189,50.388268,10.445363,16.397516,-0.79992783,5.542152,-0.7613011,-4.6559973,-4.228884,3.7395616,-2.7796528,-0.4838489,-1.3659194,1.6633976,-0.99139965,-0.9471446,0.99082977,2.1366937,-3.0619004,-1.6601752,-0.11628288,-2.2193296,1.1087017,-1.5532664,-0.025208304,0.18997306,-0.3201778,1.9845022,1.7108895,2.6997297,-0.4860216,-0.43906254,-0.9910389,-0.45260727,1.0867764,1.5923297,1.818931,3.667063,3.038928,3.095628,disgust,03-01-07-01-01-02-11.wav
-621.9911,55.53474,14.719199,7.8948975,0.6263838,5.7134476,-1.9833448,-0.18109837,-4.8564153,5.279563,-3.4119735,-1.1862619,0.056760702,2.7194567,-1.6008711,-1.8877132,-1.1833817,1.0880296,-4.8523474,0.514607,-1.4083462,-2.7203982,-1.0562166,-0.9962595,-1.6450185,-0.477543,-1.258193,1.039697,-0.09028895,0.54214627,-0.6913762,-1.8716494,-0.9673089,-2.167996,-0.6955044,-0.27236223,1.2767783,1.5114642,1.4003435,1.2451913,disgust,03-01-07-01-02-01-11.wav
-588.7504,60.567482,17.221739,7.2818894,-3.8797386,3.27849,-2.1330009,-3.9037073,-8.184452,3.6796262,-5.3619905,-2.6124618,-2.8236387,-1.1193696,-4.862802,-4.827748,-4.6739483,-1.8856282,-4.818061,-1.6086651,-3.3419826,-4.5260468,-1.902668,-1.7193532,-3.5284636,-0.6007741,-2.3081362,-0.09779689,-1.1325153,0.22831841,-1.9755647,-3.2089303,-2.9280214,-2.2120688,-1.0037827,0.013247382,0.77249753,1.2020953,1.0008548,0.65669966,disgust,03-01-07-01-02-02-11.wav
-555.45447,47.302658,10.933793,14.694803,-0.22482704,5.472137,-1.3728874,-5.1104765,-4.8824944,7.5308523,-2.0850255,0.004057187,0.38788387,0.2150143,-2.120356,1.1715952,0.9106518,1.4479634,-3.2487,-0.47122476,-0.5700023,1.3217845,-1.1762333,-0.9440431,1.0199503,0.9933683,1.2836124,4.033696,1.1999239,1.6694838,-0.015301351,0.7300728,1.496587,2.0340834,3.2561262,2.2364054,1.974152,3.103919,3.0490272,4.1573877,disgust,03-01-07-02-01-01-11.wav
-562.4304,52.928562,12.537235,17.229473,1.1706792,5.2722225,0.47940707,-4.7539883,-2.6153598,6.6867123,-4.4307384,-0.55220115,-0.088074826,3.2503934,-1.8562949,2.2083862,1.9387628,-0.06113912,-0.015484413,0.15954746,-0.8031744,0.18084699,0.852798,-2.2777047,-0.14283778,0.07728464,-0.08286629,1.8021313,-0.3240836,2.2188356,-0.78510076,0.38446978,0.20411053,-0.7090023,-0.6971898,-0.55469066,-1.1162046,1.5954957,-0.63823104,-0.5162166,disgust,03-01-07-02-01-02-11.wav
-580.4669,61.383163,14.482967,6.0247226,-2.742066,4.9587474,-3.0001698,-7.1148095,-8.918498,4.6405816,-2.955134,-2.5897593,-0.098950624,-1.6175052,-5.1790257,-5.452841,-1.74329,-0.51908666,-5.3291645,-1.6347498,-3.4091706,-2.9937565,-0.95079577,-3.444558,-2.0719478,-0.6481295,-2.6056113,-0.8105108,-1.9984447,-0.38551655,-2.3938365,-1.5702497,-1.0741543,-1.6290436,-2.0593255,-0.57466286,-1.9163799,0.5236724,1.3540255,0.9766127,disgust,03-01-07-02-02-01-11.wav
-528.73914,48.930637,9.883725,4.963358,-4.6369557,1.7956475,-3.9975698,-4.990396,-4.447145,3.0176768,-4.175256,-4.807203,-1.7359763,-3.278636,-5.0526476,-0.5210725,-2.8754332,-2.3163028,-5.757889,-1.7402796,-2.8610697,-3.518767,-1.5156456,-3.7839408,-4.4524107,-2.5755475,-2.4410028,-0.7000494,-1.2224838,-2.1962664,-2.4248884,-1.5838888,0.28702825,2.905587,1.7574695,1.5780281,0.6265302,0.19389129,0.7965304,1.0904926,disgust,03-01-07-02-02-02-11.wav
-658.68286,43.605106,10.949059,9.0925045,4.0002933,4.893563,-1.121677,-2.202448,-2.6524935,5.559605,0.14278124,-0.58261585,1.4592348,1.2060794,-0.8698574,0.44438538,-0.8079918,3.2690048,-0.7491627,3.9573307,2.4801548,0.20153423,1.8292475,-0.9984593,1.5149026,1.6551853,3.0996754,4.7376914,4.095202,3.2189934,1.2722964,0.5813963,0.68051773,1.6627989,1.2660638,0.7713178,1.1668977,1.9486364,0.7874179,1.2455422,surprised,03-01-08-01-01-01-11.wav
-618.15924,42.518417,5.832941,2.4903994,0.6693821,0.23142198,-3.727935,-2.908801,-5.7870755,0.987124,-2.2660105,-3.729768,0.1221308,0.9154632,-4.396503,0.22269468,-1.634134,0.9599415,-0.5237738,2.7974663,3.1054142,0.591445,3.991426,1.4700074,2.8770092,5.232029,5.703798,7.1233225,3.2980282,3.3496482,2.1602604,0.9456587,0.5227319,0.9055376,0.66292197,1.5138919,1.7158787,1.3723923,0.8507144,0.80509007,surprised,03-01-08-01-01-02-11.wav
-565.13336,41.70538,7.603565,7.2979603,0.10931147,3.260122,0.23124859,-5.485707,-5.9423127,3.3624487,-2.4322808,-1.7515614,-2.2289605,3.2337415,-0.03537307,-0.77780485,0.6805273,-0.30038247,-3.1346934,0.53612673,-0.7969039,-1.881886,-1.7353195,-0.21146248,-0.6224034,2.3176498,3.618189,5.3379645,5.3217945,4.0127263,3.0782068,2.8916552,3.7159584,3.4822025,2.909061,2.1560612,1.1503948,2.1517031,2.0229683,0.93011206,surprised,03-01-08-01-02-01-11.wav
-562.69653,43.82482,-1.0347586,3.9421246,0.8137323,2.3673477,-8.074193,-12.940636,-6.8389015,3.6196182,-3.481017,-1.8099477,-3.5056581,0.33119574,-0.09254755,-2.2940934,-1.991597,-0.42085454,-5.9849186,0.42923963,5.149731,4.6640925,6.779492,1.7550058,3.6904724,2.0858836,1.2302644,8.010191,4.6270356,8.02598,4.4053054,1.6764823,-0.5677144,-0.48760444,0.8645955,1.6699486,0.013698652,-1.3216642,-0.123678446,0.29593274,surprised,03-01-08-01-02-02-11.wav
-582.24304,36.007786,3.3997123,7.043167,0.0026613872,1.0246549,-3.5627964,-4.390911,-4.665977,2.0041223,-1.1754692,-3.6672058,-1.7041608,-0.8057795,-1.7630686,-0.48201323,-2.0747697,0.7884955,-2.0408726,2.3649223,3.5553572,0.802166,3.1934748,2.728223,5.970612,7.6296444,5.837176,8.086457,4.351311,3.281063,0.008425732,2.193786,2.1936653,1.8930229,0.9166119,0.87160724,1.930919,2.4905217,0.24612583,-1.0586778,surprised,03-01-08-02-01-01-11.wav
-492.99384,31.801142,2.0992272,2.1382558,-3.3198538,-0.39610422,-2.4106793,-5.0590105,-7.023625,3.5166564,-4.585699,-4.1685777,-3.534879,-2.0232885,-5.6667604,-2.4747527,-2.709995,-0.3268267,-1.3434144,2.83166,2.3588564,4.5155616,6.521608,6.941453,6.7168508,3.025382,1.1178986,1.97637,2.5412595,2.9174323,1.5471069,1.2162476,-1.6850451,-0.102142006,0.9458906,0.049989346,0.91573966,1.5006061,1.4135772,1.2076608,surprised,03-01-08-02-01-02-11.wav
-533.7217,33.60908,3.0318527,2.8927853,-0.2928962,-0.5490928,-3.9591649,-6.5336986,-7.2041492,2.7408197,-3.1901467,-3.6680222,-1.0413114,1.3188095,-5.51947,-1.6249272,-2.668255,0.55506015,1.4452549,5.7669005,4.475187,-0.11745105,0.12932508,0.3314503,3.8158514,5.3866043,4.694782,5.9152436,4.075969,4.2208104,1.6189762,0.16086894,-1.737731,0.15311755,0.7094342,0.5450576,-0.2801927,-0.42367387,1.4696493,0.7117296,surprised,03-01-08-02-02-01-11.wav
-522.67035,26.620796,5.691978,3.0673857,-1.6390606,-1.930294,-2.6107357,-6.706474,-5.8912163,2.0612383,-5.8368154,-3.7572212,-0.7262071,-0.38214836,-5.1503515,-2.5680366,-3.921754,-0.47456062,-1.4846302,3.482446,3.4029377,3.6513736,4.9902854,7.466942,6.580747,5.330693,1.2882929,1.8306776,2.6647098,2.1661727,1.5497932,0.41741693,-1.6234201,-0.3139257,-0.32174698,-0.8044937,-0.56966424,0.0915829,0.40206528,-0.28813806,surprised,03-01-08-02-02-02-11.wav
-725.3092,62.313004,0.2656676,15.546761,5.753003,0.43323517,-2.9518845,-4.170247,-1.162436,3.2956848,-1.7615324,5.7869463,-1.9177637,0.75019854,0.08691107,-3.9538026,1.5980062,0.68981725,-1.5955266,-0.25158048,-1.4360509,-1.791553,-1.0491521,0.72103196,0.08764328,1.2706592,0.15609108,0.81804883,-1.6873039,0.12963799,0.5483473,0.7058448,0.7582431,-0.968166,-2.1339264,-1.3237939,-0.4855574,-0.95683306,-1.2322676,-2.425115,neutral,03-01-01-01-01-01-13.wav
-707.52893,60.747437,1.5200623,12.3613205,5.17055,0.63370055,-5.0194507,-4.364358,-0.3174283,3.014809,-1.900339,6.744113,-1.3206261,1.0675461,-1.3640835,-2.7494195,2.689055,-0.0005943799,-0.42346343,-1.0342731,-0.4434433,-0.399531,-0.17843719,1.2964439,-0.2705989,1.2873168,1.010185,0.16344395,-0.73633456,0.23490404,0.3373713,1.2492744,0.56472534,-0.21677418,-1.8259407,-1.7455428,-0.81131285,-0.6380053,-1.5010958,-2.1056964,neutral,03-01-01-01-01-02-13.wav
-710.64923,57.88075,-0.04132537,12.700612,7.3566,1.1793934,-6.7975354,-5.9117584,-0.79405737,4.3074784,-2.9133065,7.418902,-1.9007392,2.2509031,1.2876843,-4.401515,4.530493,-0.13010453,-2.1222575,0.14097784,-1.432979,-0.66838145,-0.57013685,1.1737081,0.8215577,1.0986388,0.61691904,0.837614,-1.0126494,0.9212883,0.18718822,0.5662053,0.91013694,-1.4321228,-1.6382889,-2.934601,0.03653824,0.19904958,1.0799617,0.90274763,neutral,03-01-01-01-02-01-13.wav
-693.468,51.118286,-2.0490768,13.356528,4.084262,0.6243098,-6.2956767,-8.164316,-1.3941014,4.070533,-4.923017,7.225498,-4.162791,2.1804776,-0.1573981,-4.4976287,4.416576,-2.250365,-1.6404564,-0.20277973,-1.1320667,-0.4908821,-0.74511796,0.75360155,0.7905162,1.8336213,-0.2788649,0.03212004,-1.1622263,0.52066654,0.7606501,0.7679064,0.7844336,-1.992794,-1.1890618,-0.93715876,-0.0088908225,-0.81139725,-0.96823967,-1.4726973,neutral,03-01-01-01-02-02-13.wav
-706.8697,76.18786,5.1142526,20.56198,8.407652,2.8251805,-5.214197,-4.6997747,-0.1469122,0.21716538,-2.9247146,9.832128,-2.822906,2.101697,1.2918085,-4.203932,2.4295783,-0.5961839,-0.18085645,0.34939465,-0.99368066,-0.042138502,-0.55508095,1.4036872,-0.15866995,1.0116765,0.8374148,0.96945626,-0.9912849,1.0837964,0.9343326,1.3965538,0.5206384,-0.39567122,-2.5485663,-0.93596077,-0.2512612,-0.94803864,0.34221268,-0.9187965,calm,03-01-02-01-01-01-13.wav
-717.41486,70.18612,1.8739184,16.924057,6.577937,2.5463226,-3.5398493,-3.0276017,-2.3101716,-0.22281383,-3.8375607,10.138464,-2.5737643,-0.5870307,1.0029767,-5.786584,2.4313426,-1.9547151,-0.3597039,-1.3639201,-0.4566063,-0.5898897,-1.3923715,1.5384431,-1.2130108,0.8152597,0.19126579,0.39815533,-0.8766335,0.18730034,0.15946111,0.706526,0.4749184,-1.1963919,-2.659661,-0.4475869,-1.1290754,-1.5128806,-0.23299438,-0.9194538,calm,03-01-02-01-01-02-13.wav
-719.06165,69.00331,11.016268,16.66886,8.624518,5.0116825,-3.7565362,-5.24155,1.2239954,1.8766941,-4.0002866,8.896124,-1.4136884,1.9910767,1.7703933,-3.7457082,3.6469696,-0.9154427,-0.6097352,-0.013273194,0.3893379,-0.35968256,0.20033753,0.8798578,-0.32057232,1.3846058,1.6560678,0.17621468,-1.4900813,0.03722635,-0.24414727,1.4495561,0.9006759,-2.2588046,-1.0459932,-2.0058432,0.37125897,-0.40598035,-0.51296335,-1.7395418,calm,03-01-02-01-02-01-13.wav
-716.0527,63.612564,5.7323985,15.971745,4.961166,3.6975582,-6.2114577,-6.5367074,0.32846206,2.0480251,-2.5356138,9.034762,-2.022648,1.5606396,3.7907257,-5.0692887,5.2658615,-2.0643203,-2.0394244,-1.3764577,-0.14131367,-1.3512125,-0.08414922,1.2271479,-0.29721555,1.2078733,2.5612724,0.98356515,-1.044627,0.72440934,0.62825936,0.15808779,-0.54789007,-1.429559,-2.542727,-2.0689087,0.29897732,-0.8863899,-0.746933,-2.8810933,calm,03-01-02-01-02-02-13.wav
-724.6554,67.04159,4.152354,17.648228,9.159876,2.750886,-5.201469,-5.791683,1.3337879,5.033174,-1.7342304,5.938121,-1.9909146,-0.7883411,0.4520662,-3.5482116,1.6528563,-1.154721,-2.4383097,-0.38970092,-2.1206048,0.048793968,-0.6387581,0.45059404,0.20369227,-0.41214538,0.9207206,0.81333584,-1.2212201,-1.4574968,-0.5937253,-0.084025875,1.0473777,-1.4125298,-2.3964646,-2.394334,0.108029604,-0.82973397,-1.0028625,-1.3088921,calm,03-01-02-02-01-01-13.wav
-699.27264,64.63718,-3.1520953,13.53478,8.222359,1.7761396,-4.177747,-7.365983,-2.109122,4.4421086,-2.504114,5.538847,-3.6092777,-0.712789,-0.029125426,-4.5738378,-0.19494542,-0.21180956,-2.7235365,-0.1309025,-2.66518,-1.6736635,1.0545752,-0.3128633,-0.57448304,-0.25474906,0.007265844,0.20816258,-1.5140603,-0.4105526,0.7037315,-0.32469428,1.7147583,-1.1112528,-1.9468857,-1.8192486,-1.081883,-1.1164259,-0.5775655,-2.272828,calm,03-01-02-02-01-02-13.wav
-699.3492,56.45725,-0.017160213,16.544151,5.4952884,3.0136232,-5.328585,-8.648715,0.9939296,4.728977,-1.7027421,7.31127,-3.5714252,1.4720218,1.6948556,-5.1792617,3.3848367,-0.41268572,-0.96836704,1.4688151,-1.0064245,0.60910356,1.0322224,0.10569003,0.2631594,0.42931837,1.3977693,1.2422563,-1.2318408,-0.27017567,0.67529047,-0.1519248,1.6776568,-1.147133,-2.3356657,-1.9456931,-1.2459944,0.011490066,-0.2949111,-1.6006061,calm,03-01-02-02-02-01-13.wav
-707.2427,60.30414,-2.5587375,14.609971,2.8019125,1.8714725,-3.981341,-9.229236,-0.2746147,2.391459,-0.72358286,6.704466,-2.9701567,2.060771,0.5519553,-3.8429527,2.711144,0.1091734,-2.187744,-0.0032949548,-1.5532831,-1.7238898,0.05844216,0.13722691,-0.8913362,-0.84235656,0.92166924,0.10845967,-1.1207037,0.020692736,0.32663783,-1.2349284,0.93167585,-1.9600263,-2.7679868,-1.6123875,-1.1452343,-0.45907235,-0.9963889,-1.6596022,calm,03-01-02-02-02-02-13.wav
-658.16296,54.258953,-7.7202215,14.2462015,3.4187038,-1.8805735,-5.4644723,-8.126615,-1.33444,3.921197,-4.601271,7.687626,-5.647622,-0.33876258,0.037822295,-4.8133683,3.2853003,-2.915881,-2.1272807,-0.7485489,-1.5645095,1.3020172,-0.935518,-0.049580686,1.3419015,-1.4360064,2.0727198,-0.06414011,-0.3648958,0.19071646,-0.2720437,0.6454559,0.81195074,-2.160682,-1.1130332,-3.1632152,-0.77883786,-0.2717353,0.32137215,0.78527164,happy,03-01-03-01-01-01-13.wav
-664.3873,55.408455,-6.8021526,13.516568,5.6567297,-2.127407,-4.899285,-8.201613,-2.6282046,4.9264994,-5.479481,7.873331,-5.5611486,-2.003009,0.4537816,-5.694022,4.526492,-2.674574,-1.9742529,0.49618414,-1.4344707,1.606975,0.19372445,-0.42489254,2.379094,-0.8931576,1.958682,1.0352129,-1.7145612,1.112792,1.2875937,0.72026944,1.702834,-1.962315,-1.2644526,-1.4816924,1.189009,2.8575315,3.6289885,1.3401053,happy,03-01-03-01-01-02-13.wav
-654.039,49.368557,-1.2822359,9.945379,4.3068037,-1.2642819,-8.15802,-8.473526,-3.5772328,3.0334413,-4.497584,7.07114,-6.303239,1.999898,-2.7879567,-3.446263,3.126974,-3.360668,0.6851435,-0.8895461,-1.6339933,0.95655686,-1.3335109,0.97335684,-1.2048259,-0.53111327,0.5035523,-0.41830802,-1.0806016,0.0069857077,-1.5404154,1.4294922,0.19292134,-0.8381212,0.009248714,-0.20766167,2.027932,1.0864583,0.87077856,-0.32691163,happy,03-01-03-01-02-01-13.wav
-635.6891,48.951965,-1.4933093,9.285684,3.4172292,-1.5777785,-13.121677,-6.356846,-6.808591,4.3355637,-7.7529416,6.4075274,-7.456385,0.46763107,-2.3904998,-6.3307986,3.127436,-3.3801303,-0.48499084,-1.5017858,-2.5851936,0.106195174,-0.9768242,0.8549245,-0.09127258,1.0956997,1.9744643,1.4232653,0.89416397,2.9056258,1.3021328,2.834014,2.7154396,1.2447604,-0.15277381,-0.6855081,1.9236684,2.739185,2.0102608,-0.048419878,happy,03-01-03-01-02-02-13.wav
-577.7865,49.743618,-10.3827715,14.462242,5.8448024,-6.6474605,-8.90064,-6.0379143,-3.892453,3.5837862,-9.969379,6.8255353,-5.9625587,0.29655144,0.692495,-6.53547,2.444585,-2.068574,-2.9112935,1.5387444,-3.2317474,-1.0712215,0.625108,0.6625409,0.45309886,-0.35470483,1.0018816,1.778148,-1.6079406,0.2561388,0.7587333,1.6766216,2.9722295,1.2353468,-1.1380674,0.2683759,2.3049304,1.6626303,2.6037614,0.6146113,happy,03-01-03-02-01-01-13.wav
-519.0908,47.838455,-6.3023763,4.3654275,0.5402093,-10.209293,-14.151606,-6.2529945,-10.870261,1.3157991,-11.360498,0.55170774,-8.7586,-3.722278,-4.154064,-8.017332,-1.0686368,-1.1111593,-4.360376,-1.1243439,-2.4303708,-3.6977384,-0.6110205,0.09697497,1.2344868,3.9379787,3.7762363,3.3966577,2.7658732,4.098728,2.3935874,3.9129362,3.4010632,2.1832988,1.0215977,2.5978537,4.1208744,4.1779127,3.8041499,0.7281803,happy,03-01-03-02-01-02-13.wav
-517.52423,29.33414,-6.723084,-4.8966293,-3.8901079,-8.174609,-16.746973,-6.5969315,-10.503786,0.35996097,-10.089342,-0.14993085,-9.311891,-3.090381,-5.1519775,-6.0990243,2.0070996,-2.5528278,-1.4654056,-1.6860815,-1.4108272,-1.6356024,-0.34128448,3.9620824,4.6475415,7.912457,6.404837,4.3732047,0.481968,0.38121757,-0.09514787,3.8326056,4.093456,0.66541034,-0.5419657,-0.44796932,1.8962506,1.9840546,-0.9110552,-0.14443208,happy,03-01-03-02-02-01-13.wav
-535.19415,34.458607,-7.4164114,-3.400197,-4.057065,-6.625859,-14.961998,-5.8371735,-9.3408575,1.470631,-9.0650215,0.41141218,-6.801318,-3.353754,-3.4560294,-7.006671,2.223601,-4.8059745,-4.190912,-1.5358621,-2.1519387,-1.9688036,-0.98600894,1.830901,1.7516056,6.238048,7.224215,7.9330845,5.121189,1.7561663,-0.014706061,1.7000064,2.439476,1.9501449,-0.47531807,0.16475518,0.94401914,2.760389,0.35797548,-0.9222857,happy,03-01-03-02-02-02-13.wav
-700.3295,71.76383,13.364121,17.08956,6.7822013,3.239519,-4.4911165,-1.6414059,-0.023952587,4.1940455,-1.9009506,4.53822,-0.52979416,3.4512804,0.5845396,-3.2816873,2.0229778,-0.820883,-0.81207937,-2.0532248,-0.93321717,-1.4642823,-1.1803348,0.82733375,-0.30592734,0.93780243,-0.10637171,-0.30955365,-0.27037588,-0.542087,-0.5188451,-0.14655714,0.01170295,-0.48401695,-2.5442734,-2.4406567,-2.5944004,-0.55187464,-0.27535823,-1.4535306,sad,03-01-04-01-01-01-13.wav
-707.20044,68.60258,8.557042,16.42486,7.826232,-0.609235,-10.0330305,-2.051221,-1.6170844,2.8856015,-5.19253,5.7315335,0.19938692,0.6399607,-1.2731024,-3.6870344,2.6371708,-1.473457,-1.3331923,-1.5125215,-2.69989,-1.0810307,-1.7391754,1.3145454,-0.6414782,0.92531765,0.0003922351,0.5853941,-1.0931095,-0.712208,-0.16872746,0.8238091,0.98466593,-0.5937419,-1.8558182,-2.0831103,-1.0196224,-0.3490495,-0.73109114,-1.3307883,sad,03-01-04-01-01-02-13.wav
-708.43933,65.45697,6.8885746,14.396969,7.0440564,0.23179738,-6.877392,-1.4057556,-1.4095438,1.8638066,-2.2956567,3.9388034,-1.4886314,2.332216,-1.0187122,-2.7763188,2.5276072,0.09828765,-0.708635,-2.7344668,-0.33212277,-1.8932414,0.4237851,0.29850277,-0.30870837,2.157157,0.7722928,0.24414808,0.42959735,0.150809,-0.79902315,1.1830366,0.14159189,-1.341196,-2.4260874,-2.350855,-1.2084298,0.03583829,-0.11481846,-1.2892535,sad,03-01-04-01-02-01-13.wav
-702.92926,63.844334,6.6819243,11.555441,4.008701,-1.8844603,-8.822359,-4.161246,-1.4993458,1.1755384,-4.267109,6.7911506,-0.9162867,1.8454562,-0.72603196,-4.1073647,3.4181302,-1.8980509,-1.4918166,-1.0688831,-1.8986696,-2.1081944,-0.5847611,1.0696672,-1.3730134,0.38836953,0.49968892,-0.5061993,-1.1615195,-1.7860556,-1.6068796,1.0879439,0.010494659,-1.4371471,-3.516611,-1.5518453,-0.6413234,-1.4630375,-0.58292687,-2.60518,sad,03-01-04-01-02-02-13.wav
-659.02026,64.54373,0.5524648,17.088942,3.298321,-2.6255705,-9.418763,-3.5292757,-3.964205,1.4775445,-4.6110067,6.8661766,-3.1377215,3.5066848,0.62189674,-5.6256948,2.9816697,-0.3880522,0.37750366,-0.7794014,-0.7242126,-1.799392,1.9576367,-0.6250635,-0.74543357,1.5261779,0.13321096,1.2315824,0.6007112,-2.1914492,-0.07078445,-0.19339053,-0.17232837,0.0124252755,-2.3510423,-0.5633874,-0.3865497,1.2548531,1.8015418,0.504713,sad,03-01-04-02-01-01-13.wav
-672.62396,58.101517,8.235188,17.917767,4.472884,-1.5242652,-8.807949,0.13376676,-2.425912,1.7537787,-2.9760594,3.9585023,-1.8554376,3.86047,-0.539918,-3.0222204,2.749354,-1.8456788,-0.3137872,-2.921074,-1.0629226,-1.3509657,0.41025499,1.5066261,-0.08150654,0.5089915,0.39745682,1.1310896,-0.9239168,-2.0802484,1.3318623,1.4893323,1.0275264,0.8669476,-2.4705935,-1.318112,-1.4742564,1.3035012,0.49999416,-1.5951688,sad,03-01-04-02-01-02-13.wav
-686.31946,68.583305,9.481448,11.432915,5.924564,1.1572429,-4.749067,-3.3690767,-3.5120335,3.5765412,-2.9340308,6.806307,-1.1045732,1.3943545,-0.62220484,-3.7606273,2.7942722,-0.6733536,-2.6193454,-1.0226251,-0.10661994,-1.4064447,0.5506757,-0.87619066,-0.7748902,1.7250122,-0.052470807,0.7152188,0.021361886,-0.84206474,-1.2510973,0.29175904,0.6097653,-0.9461856,-2.6220975,-2.0562468,-2.2458162,0.25453553,1.6654439,0.0886916,sad,03-01-04-02-02-01-13.wav
-706.6768,61.014233,15.920992,17.750948,8.475213,2.9415715,-2.778993,-0.089085646,-2.6503744,2.4464567,-1.7418302,4.202914,-0.9442961,1.0894322,-1.3083259,-2.8314223,3.1983802,-0.51072025,-2.8939912,-2.117328,-1.9418446,-1.7898389,-0.9428378,-1.0868037,-0.80155313,1.8478844,0.3415614,1.9304959,0.28807235,-0.3641357,-0.71706086,1.253965,1.2467147,-1.0352737,-2.3193655,-3.008735,-2.1524394,-0.8549658,-0.2791335,-1.8316164,sad,03-01-04-02-02-02-13.wav
-600.3142,49.240437,-4.539686,13.273761,-1.9032817,-2.0747464,-4.087869,-9.23342,-4.9606104,-1.2261031,-4.4747233,6.673297,-4.999081,3.5153983,-3.1408055,-4.617422,-0.6003598,0.4358484,-0.9382924,-0.40584457,-0.52813125,-1.9128728,-1.7061739,-0.87462205,-0.24997081,0.68734664,0.40448493,0.7788995,-0.8987919,-0.65536493,-0.50704336,-0.2274802,0.97126853,-0.057819948,-1.6446078,-1.691546,-1.6081783,-0.20772721,1.8587967,0.7448201,angry,03-01-05-01-01-01-13.wav
-561.8948,43.710037,-6.09897,8.954385,-3.6913466,-2.5905778,-5.667695,-8.836042,-4.8955817,-0.40360254,-5.836651,5.5692835,-5.0089974,2.5137637,-2.2995975,-5.5647593,0.64649993,-2.8214912,-0.7825736,-1.6249198,0.19936077,-1.8196341,-2.276184,-0.836135,-1.3996297,0.44790995,-0.06062175,-0.12428057,-0.6350041,-0.5290788,0.9496098,1.1198027,2.5360548,1.9095953,1.4744163,3.1866455,4.2403536,5.1677237,5.144718,1.0736451,angry,03-01-05-01-01-02-13.wav
-555.08984,43.078094,-4.9862347,11.415729,-0.43586522,-4.259022,-5.177555,-13.962978,-7.047376,-0.30263972,-8.029242,6.587629,-5.1126466,0.7810694,-3.2089925,-5.2416697,-0.836163,-2.9928482,-1.853129,-1.7953563,-0.2556399,-1.3431925,-2.9232743,-0.26806748,-2.9243176,-0.9520206,-0.77889824,-0.36437172,-1.2488908,-1.7124022,-0.27479798,-0.62890506,0.64422095,-0.13141038,-2.92406,-2.9457989,-3.1900046,0.2285763,2.80379,2.6002362,angry,03-01-05-01-02-01-13.wav
-552.7379,40.788734,-7.2031693,8.715875,-3.5023267,-4.9301767,-8.395238,-13.69751,-7.4397516,-1.574746,-8.835275,4.190626,-6.565719,0.48867682,-3.2785327,-6.4997115,0.2866183,-3.1014507,-1.6799791,-2.475992,-1.3410387,-4.0169253,-3.5041947,-1.1061218,-4.5871186,-0.69786245,-2.15437,-1.2344908,-1.2590734,-1.270166,0.2631395,1.7380924,0.7632318,1.2055194,-0.395336,1.3719443,2.126298,3.449294,4.9179764,2.967558,angry,03-01-05-01-02-02-13.wav
-346.3209,13.377204,-12.911569,-4.242784,-10.334353,-7.728052,-10.214118,-6.695213,-8.4733095,1.3821739,-7.9607644,-0.3031442,-4.4556537,-6.0594397,-4.31998,-7.8214607,-1.0859413,2.659758,8.421164,11.6540785,8.80895,3.0570514,3.5842664,3.1438897,2.6709573,3.4737215,0.6941223,3.1048696,2.6884165,1.5500109,0.83597225,-0.6561792,2.3892095,1.2466364,-0.1618609,2.6112168,3.9604912,4.4704084,1.2935684,2.0541403,angry,03-01-05-02-01-01-13.wav
-411.36404,33.120235,-5.934054,7.264083,-6.5326896,-8.761341,-3.345618,-5.669242,-4.7799835,2.106193,-7.969158,3.0897896,-3.759748,-2.2813952,-1.1284748,-6.9478846,-0.66488606,-2.4468923,-2.1419618,2.1463058,0.44051406,1.9045014,4.099287,3.5601802,3.2342272,4.1480784,3.2564692,6.478912,4.728699,3.7395566,3.143195,2.151045,4.53688,4.152422,3.779152,3.464227,3.4849544,3.9105625,3.9730911,3.0629191,angry,03-01-05-02-01-02-13.wav
-395.40814,19.414717,-14.049945,-6.2575464,-8.903178,-7.669064,-11.6091175,-8.489192,-9.668501,2.8658001,-6.098333,1.7267853,-6.262233,-5.4402213,-5.7054825,-8.776108,-1.9832698,-2.369015,2.123537,7.0037484,7.289712,6.918709,7.832391,6.8103137,3.743504,2.1597798,1.7834966,3.8872974,3.320162,3.0155034,2.3673248,1.4740934,2.459313,2.899971,-0.1829935,-0.24232928,0.8842052,3.1481903,1.6599939,-0.15833998,angry,03-01-05-02-02-01-13.wav
-312.57022,3.998458,-17.409376,-14.2605,-14.885273,-7.3396215,-13.724376,-6.523141,-10.5376425,1.6276888,-7.6540823,-4.64668,-8.674795,-10.103808,-9.381873,-0.7710308,8.112252,11.974717,12.652765,4.9544725,1.1333084,-1.8996446,2.4094994,1.3406556,-0.28012085,0.5231258,1.7126905,0.08688005,-2.8600461,-0.98737717,3.786589,4.788409,3.5094209,4.4294133,1.9537666,-1.838685,2.0482197,6.3273754,2.3234632,-0.34539998,angry,03-01-05-02-02-02-13.wav
-673.5132,53.843212,4.077798,12.438579,5.8356514,-3.3482823,-4.864046,-1.5353947,-1.6558081,2.3479877,-5.515665,4.550813,-0.70697373,1.8339022,0.11566844,-2.8129733,2.522807,0.54658604,-2.4134095,0.79807144,-1.4358163,-0.86962724,-0.11397559,0.64919645,0.7685636,-0.2598082,0.10117228,0.93439764,-0.70405465,-0.35371923,0.5621371,0.6484115,0.97126216,-1.0348402,-0.91501886,-0.6659015,1.9343313,2.8034077,2.4254296,2.0704286,fearful,03-01-06-01-01-01-13.wav
-686.74884,51.40063,11.037627,14.723058,6.986643,1.1811675,-1.4740561,2.7854567,-0.035753578,3.747612,-2.4205275,3.496096,-0.4760387,3.3609757,0.9472408,-0.7709808,2.6382957,1.6155944,-0.6953687,-0.056975365,-0.4777433,-2.0270529,-0.97335887,0.76976526,-0.3222761,1.3057448,0.2732701,1.0318763,-1.6241021,0.35208195,1.2885294,2.3297324,2.333501,0.59427106,0.11352211,0.27750432,2.3258944,0.4218773,0.6726986,0.17429708,fearful,03-01-06-01-01-02-13.wav
-618.31445,46.04515,4.16026,10.768588,4.6991243,-2.7495606,-3.6112735,-4.2758965,-3.0365443,1.6354213,-4.9674325,5.6435456,-3.926049,-0.33037195,-2.7150378,-4.0292172,2.1413617,-0.65866125,-1.9971098,-0.15818739,-1.555884,-1.0332048,-1.2125313,0.23817232,-1.0825208,0.013539451,0.09686435,0.06394859,-2.578332,-0.64358896,-1.023969,-0.18027632,0.26363117,-2.2745368,-2.2221625,-1.574511,0.74950796,1.35864,0.8839032,0.30067587,fearful,03-01-06-01-02-01-13.wav
-627.24976,55.162262,6.140114,12.009033,5.0869613,-1.1052153,-3.4616601,-3.7740686,-0.104993954,5.90887,-2.5134854,8.138262,-2.3691654,0.6236783,-1.159142,-3.316877,3.9223173,-0.71848583,-1.5555005,0.36981672,-0.7548169,-0.6680303,-0.78148824,1.9402858,0.7254572,1.4650846,1.2015365,0.5149907,-0.59704936,0.7518927,0.81839967,2.8602192,2.3537946,-0.19190955,-0.6121184,0.6103646,3.1660187,2.8018737,2.8446586,1.9639797,fearful,03-01-06-01-02-02-13.wav
-661.2648,50.502747,7.0295463,10.706954,2.9635494,-1.2115403,-3.8242617,-0.7627055,-2.6858897,2.7457902,-5.265611,3.9850724,1.114295,0.28248402,-0.71624726,-1.7431455,1.0702097,-0.06515942,-1.1534957,-0.20869495,-0.85365564,-1.1408451,-1.0062672,0.9618122,-0.6236892,1.0451813,0.22224858,0.9094964,0.71432334,0.3184202,0.58773804,1.7730833,2.3005712,1.2624685,1.559077,3.6547322,3.9072645,3.9913888,4.0658107,2.1770537,fearful,03-01-06-02-01-01-13.wav
-495.75842,28.41425,-5.9876246,2.3437297,-4.9240274,-9.106547,-9.198398,-2.0181336,-8.330232,-0.60336035,-6.9871826,-0.87394196,-3.1474683,-2.8000522,0.75221133,-1.2036079,3.842257,3.0959616,2.593806,2.876316,5.7320485,3.138622,3.992273,5.6512613,2.3499832,3.4833944,1.7290314,1.6254203,2.1095085,2.4715354,2.21652,1.3036562,1.3583498,0.5747622,-0.35027155,2.259368,2.804399,3.186934,2.8226233,0.615505,fearful,03-01-06-02-01-02-13.wav
-486.6624,33.233894,-4.8508863,-0.45539647,-6.1456847,-9.7942915,-8.676298,-7.2660637,-9.017874,-0.3341753,-9.437716,0.7950546,-6.6315875,-4.977219,-1.8837991,-6.2210603,-0.1235021,-4.1037602,-3.7862363,-2.4202762,-2.5454683,-1.942075,1.511838,2.7121668,3.3964357,6.3156805,3.4547997,3.3092906,2.4369705,3.7715788,5.732279,5.5015144,4.699706,0.78194225,0.4293399,2.8959024,2.0943522,1.0536163,0.8795214,-0.026434584,fearful,03-01-06-02-02-01-13.wav
-633.0386,47.986343,4.28358,12.093755,5.241579,-1.5176641,-3.1478045,-4.2606974,-3.0930443,0.77568454,-5.5014873,3.9841943,-2.988079,2.215859,-2.450725,-3.2387595,2.9861307,0.3528763,-2.2421596,-1.8536359,-1.0220326,-1.6655861,-0.60265934,0.4167803,-0.97911125,1.0895413,0.24866089,0.5057919,-1.0633179,0.14482267,-0.2221883,0.32101852,0.4825613,-1.0740945,-2.3522322,-0.9418408,1.2247325,0.4582664,0.60911936,1.4050549,fearful,03-01-06-02-02-02-13.wav
-719.3795,64.69958,2.6692958,18.926407,4.938486,3.2366505,-3.0197995,-3.3441384,0.9653483,1.7544956,-0.13037051,7.791174,-2.9161081,3.2503133,-1.65772,-1.8815867,2.7174292,-0.55365604,-0.4514042,-2.408448,-0.4803799,0.07363824,-0.7249295,1.5997041,-0.29747742,0.24454115,0.4784397,-0.141485,-0.3354634,-0.30760133,-0.27776194,1.1079593,1.0211943,-0.11342735,-2.1789591,-0.53736687,-0.012249092,0.23381081,-0.40427288,-2.1930423,disgust,03-01-07-01-01-01-13.wav
-718.8859,63.480385,4.7019615,18.300308,1.4792861,3.5760605,-3.5089252,-2.2258706,1.3130851,3.3923972,-0.17614605,7.328432,-2.4020357,3.921932,-2.0323057,-1.9445889,1.5084442,-0.6677488,-0.9241276,-4.3187194,0.68141806,-1.3319796,-0.1771113,0.21699086,-1.3579522,0.64991677,0.19107507,-0.23025629,0.5961084,-0.44074383,0.009688941,0.981166,-0.5409672,-0.6126101,-3.0296443,-0.022888705,0.7092933,1.4104142,0.9577838,-1.2829919,disgust,03-01-07-01-01-02-13.wav
-707.8545,65.97919,6.9459624,15.788815,7.1724777,1.3667315,-4.737738,-1.2582978,0.41366243,3.6584592,-1.4252843,6.359727,-1.510816,2.3112686,-2.8442326,-1.065823,2.1493278,0.09931154,-0.7845228,-3.6592183,-0.43370557,-2.0754654,-1.1065451,0.33921278,-0.41869277,0.38856125,0.822616,-0.58539987,0.134918,-1.7716899,-0.9665097,0.6100222,-0.10188629,-0.57509947,-2.085206,-0.8799772,-0.47551906,-0.2578195,-0.50308955,-1.787535,disgust,03-01-07-01-02-01-13.wav
-703.0151,62.347824,8.444695,12.061571,2.6627405,-0.91106504,-5.4396334,-0.75311774,-2.3598535,3.531412,-1.8002166,5.363466,-3.487968,1.6123129,-2.4137201,-2.6950204,2.8042707,-0.7477107,-2.5179145,-1.8525149,-1.5802307,-1.9705621,-0.21321864,0.82413006,-1.051693,-0.26260674,-0.16780348,-0.4844117,-0.5892352,-0.41358083,-0.95793617,0.57572913,-0.12869793,-0.787357,-2.9560273,-0.50339884,-1.1280643,-0.057839405,0.49713433,-0.66590184,disgust,03-01-07-01-02-02-13.wav
-625.5194,52.454056,5.575963,12.591863,1.0305969,-3.9693196,-4.885766,-0.9173489,-1.5691838,1.9099234,-3.8009658,3.0706012,-3.8074691,2.6993861,-2.747149,-1.8454766,2.6512454,-1.7044424,-2.4396317,-3.5831983,-0.5205682,-3.61044,-1.3623388,0.48075098,-1.4140638,1.4317249,1.3385681,1.4372216,0.6034513,0.6308516,0.2882516,1.6870073,1.0964565,0.39795572,-2.081872,-0.22860865,0.13018021,0.19695607,0.091345385,-1.61569,disgust,03-01-07-02-01-01-13.wav
-611.0461,62.357533,3.0900784,13.866483,-0.3856092,-1.5016131,-8.740256,-4.0940933,-2.050457,0.80422676,-2.8935297,5.6026826,-6.0274796,1.7200865,-1.04082,-1.5926085,2.356147,-1.573542,-0.00053574913,-4.634047,1.4390119,-2.6497233,0.27436033,1.6349813,-0.87832224,1.4409604,1.7453387,0.848072,2.0356889,1.9904469,1.538813,2.7698903,1.7082481,1.408235,-0.8912417,-0.3597946,0.12338626,-0.051635783,0.4965416,-0.62795013,disgust,03-01-07-02-01-02-13.wav
-698.8445,67.673004,10.757489,11.785916,3.99166,3.2460456,-3.9606438,-2.9245746,-1.7436783,1.7210706,-0.84626156,6.7844357,-1.8731107,2.0571473,-0.5764026,-1.4387519,2.9219446,-1.6893725,-1.6256714,-2.5366302,-1.026545,-0.46667922,-1.9323677,0.5472432,-1.6220889,0.6231255,-0.1572136,-0.6616619,0.6637163,0.24914877,-0.38593322,1.0013789,-0.03676533,-0.03270567,-1.752851,-1.7978954,-0.9212798,-0.19702709,-0.939152,-0.9877905,disgust,03-01-07-02-02-01-13.wav
-643.2585,62.379154,2.6548412,9.917067,0.7994392,-0.679926,-5.5679045,-4.142902,-3.7439435,3.765467,-3.3071926,5.420794,-2.4304807,1.2741827,-1.2665726,-2.7381933,1.330779,0.518225,-2.0807536,-0.79178494,-2.2657428,-1.6481439,-1.2242194,-0.10817128,-0.032090392,0.47557834,-0.05608284,0.04592589,0.47462463,-0.9099788,-0.41740933,-0.4254045,0.18848702,-1.3734418,-1.3974922,-1.7646846,-1.02712,-0.8345141,-0.7004047,-1.3607618,disgust,03-01-07-02-02-02-13.wav
-598.4165,50.163544,-3.8987713,2.3112776,-1.7894611,-4.921343,-13.182038,-4.9885225,-5.8281302,-0.08386563,-5.4187827,1.6176038,-6.973365,-0.34859145,-2.8360834,-5.2238216,1.1222762,-0.63577837,-0.47319114,-2.6053724,-1.0024014,-0.9435586,0.04415596,2.5499616,-0.9883158,2.8825116,1.2317702,2.7787971,2.1035159,3.5024412,3.8681703,4.681193,5.8881893,4.3330035,0.8784627,1.0883244,0.8764206,2.380401,3.3275464,1.2804945,surprised,03-01-08-01-01-01-13.wav
-669.0576,48.623554,-1.1960444,2.6186957,1.6727531,-2.2479818,-6.7464414,-6.019487,-5.4888024,4.1018653,-5.396845,0.80794996,-4.193596,-2.066505,-2.217714,-5.36256,-0.82530403,-0.7394682,-4.4067206,1.1002496,-0.24072856,2.1712646,3.6145177,5.086428,1.7189409,2.585662,0.7536386,2.7216957,1.6136419,4.323289,4.3221064,5.0551476,5.507964,2.0609167,-0.42598775,-1.2698526,1.7972308,2.3349202,0.76590997,-0.08944974,surprised,03-01-08-01-01-02-13.wav
-683.81036,54.166744,2.66303,6.800245,0.31643778,-1.2327969,-9.196631,-6.514909,-4.2419815,1.5879716,-5.702887,3.30827,-3.025005,0.14270803,-2.9014702,-3.704498,1.3336202,-1.6314611,-2.5741055,-1.1409582,-2.045229,-0.9789021,0.12821434,1.309562,0.22140987,2.582162,1.2476023,3.6684546,2.5442843,3.3210683,1.7632911,2.5762117,3.2902076,0.51779693,1.9872257,0.668609,1.5306637,0.63748,0.6655694,1.0067594,surprised,03-01-08-01-02-01-13.wav
-669.3014,43.622795,0.686796,5.1328664,-1.365302,-1.4383516,-9.403788,-3.9867404,-5.1605787,1.559421,-4.2978168,1.8349952,-2.162284,-0.8154327,-3.049885,-4.4792957,1.6342772,0.8089868,0.8517146,1.5311308,-0.513218,-0.44332898,-0.23795734,1.5680625,-0.47586128,2.0199223,0.93087846,4.175569,5.845022,8.548715,6.2895985,5.3642178,3.1901946,-0.47258854,0.48159674,0.9965384,2.8914802,2.161533,0.6306931,0.11338206,surprised,03-01-08-01-02-02-13.wav
-611.86487,43.91259,-1.1211866,6.4393897,-0.020452831,-4.7006483,-7.786173,-3.67052,-4.7933607,1.7195307,-7.352263,0.14636804,-4.732472,-2.0411217,-0.61533564,-2.6364667,1.6131353,2.5084114,-1.239241,1.9465288,-0.77310556,-2.127976,0.5223687,-0.9110054,1.2722831,0.5803749,1.4494658,1.6448681,-0.7991647,1.1576301,2.0135372,2.1282012,4.0453234,2.8319333,1.6985052,0.1434096,1.7720038,3.3111537,1.2736672,1.2186576,surprised,03-01-08-02-01-01-13.wav
-636.21716,52.82607,4.6404657,11.379045,6.7071304,-0.391102,-6.5751038,-0.7424664,-2.6453688,2.2252142,-1.9362295,3.9205256,-2.3855476,-0.04888918,-0.73919255,-2.5040197,2.2944658,1.5538318,1.44564,1.2553736,0.010111277,-1.454304,1.0199962,1.129271,2.1091921,2.8560102,1.5440943,1.9612808,1.4793445,1.2786822,1.7673342,2.3552713,2.9543238,1.1535134,0.39984247,0.7465991,2.191695,1.6056205,0.6165651,0.1645911,surprised,03-01-08-02-01-02-13.wav
-564.41547,45.607952,-1.5960627,3.8261755,2.5298038,-3.744647,-10.920773,-6.352921,-5.1272655,-0.5402397,-7.3851247,2.6243255,-6.819479,-0.23608491,-2.5020587,-5.4191813,2.6750572,-1.9900267,-1.7151976,-2.2917976,-0.793384,-1.6866724,-1.113315,0.12815838,-1.790891,0.96106094,-0.7408971,-1.1211646,-0.46470025,-0.055228196,0.79601055,1.741573,0.96373904,1.4007435,-0.84454376,-0.5936975,1.379904,1.2528131,0.36548516,0.69103295,surprised,03-01-08-02-02-01-13.wav
-573.6649,45.99412,-1.4004015,3.794165,1.0879238,-3.3387492,-9.010194,-6.835119,-5.612552,-2.432101,-7.0169396,-0.19098854,-6.2147617,-0.59642,-3.891586,-3.686289,1.4677762,-1.5416682,-3.558484,-3.6309316,-0.36842802,-2.133888,0.2775926,-0.79324496,0.18525226,1.1042367,-0.35613632,0.49280408,-1.5991966,0.6308117,1.0882837,2.3854809,2.2332113,1.683813,-0.11934515,0.6293069,1.5721627,2.2824445,0.5696564,1.04738,surprised,03-01-08-02-02-02-13.wav
-750.5892,37.962067,5.842278,6.875865,-11.768946,-3.3738606,-10.191443,-5.7530165,-4.8999944,-1.640971,-6.2426844,-2.1307337,-3.8072104,-4.295117,-2.7564216,-3.731689,-4.2283535,-1.1009029,0.36911455,1.548706,1.9659443,1.7301869,-1.3002597,-0.9492771,-0.49118528,0.35288236,-0.66097325,-0.6449215,-1.5410116,-0.24059188,0.6182268,1.4178008,2.7296388,3.8076208,2.27201,1.5258635,0.7916447,0.34073913,-0.7057084,-0.36262974,neutral,03-01-01-01-01-01-14.wav
-746.6332,37.826923,5.799345,7.3109846,-9.693944,-2.9600885,-11.536357,-2.7974384,-3.955488,-2.8019266,-7.0085316,-1.6770785,-3.1792493,-2.7730172,-2.7847736,-2.086842,-4.467367,-1.9011854,-1.3735739,-1.9449419,-0.24156097,0.74403846,-1.7202647,0.44523007,-1.4131448,0.2592327,0.62894946,1.4063163,1.5277884,2.960246,5.057276,5.235476,3.1069546,1.6832224,0.7363778,1.0016727,1.166989,0.35858762,-2.1538768,-1.5902537,neutral,03-01-01-01-01-02-14.wav
-723.5712,35.584843,3.0289514,4.5136843,-8.588021,-4.0763125,-14.380662,-4.58485,-4.5371075,-3.185246,-7.264813,-1.9256469,-5.3219113,-4.322626,-3.4391403,-3.2497602,-4.8109827,-1.3986263,0.5137471,0.21097411,2.4470804,1.0432411,-2.9225178,-0.37245256,-0.5893792,5.0213346,5.6254697,5.3331623,1.5522375,-0.14654881,-0.018809052,1.5166894,0.39930347,0.6840392,-0.16965994,-1.5631853,-1.414118,0.2563999,-1.496556,-2.948755,neutral,03-01-01-01-02-01-14.wav
-718.5922,39.3669,3.5888085,1.6973798,-11.222307,-2.3933525,-14.843809,-3.5316901,-6.1118927,-3.2674823,-6.656688,-2.1067328,-5.298434,-4.800544,-3.1705966,-3.4342015,-4.3206267,0.35264745,0.022965772,0.111994304,1.3065895,0.50444776,-1.9441931,2.5826335,1.8076497,2.1328046,1.3313005,0.55837494,3.6192868,3.657845,2.6945736,0.75662786,-1.9457424,-0.4277174,0.71982974,2.0182087,0.99428666,0.42346236,-1.943055,-1.751972,neutral,03-01-01-01-02-02-14.wav
-701.77527,33.65484,-0.12606137,3.8622158,-12.640846,-8.980728,-12.12812,-5.977913,-7.461221,-4.6261783,-8.103994,-5.3349495,-3.762754,-6.1586003,-3.3508205,-0.83754915,-3.2366648,2.358654,-1.1855419,-2.594479,-2.4308727,-3.0362751,-4.1268916,-2.4876645,-3.5571465,-2.674812,-4.0013466,-3.404474,-0.52564496,2.805719,4.410964,4.9363737,3.1521685,1.5761291,-1.7299227,1.083551,4.613886,4.885308,0.96549416,-2.3949497,calm,03-01-02-01-01-01-14.wav
-770.36,34.37303,5.2754426,7.554546,-8.535167,-3.9791164,-10.927187,-4.984464,-7.968086,-2.649105,-7.9324527,-3.0979178,-4.5941186,-6.3811946,-4.007003,-3.4078476,-5.6276636,-2.6501553,-2.4523928,-2.9809155,-0.6957091,0.9371248,-0.52745724,-0.16238096,-1.3884544,-0.48641977,-0.8454666,0.84512144,1.5364431,2.0159857,2.7583482,5.7995706,6.129847,4.3821144,1.3593848,1.2112045,-0.0027047056,-0.99724114,-2.1602063,-1.9223235,calm,03-01-02-01-01-02-14.wav
-709.7405,22.261389,6.6523066,2.331635,-8.850748,-5.4038763,-12.916203,-5.3318934,-8.13349,-6.0472245,-8.565116,-4.8478923,-5.2568727,-4.7408376,-4.6699476,-5.260073,-6.494169,-3.0152037,-2.9111898,-1.9761595,3.025669,5.0578156,3.687707,6.3936625,2.3161871,1.273458,0.45310938,-0.50145704,-0.27946416,-0.5054393,0.7782147,2.1819892,0.4825224,0.8511825,1.0273137,-0.796199,-1.4279146,-1.2702478,-2.4876406,-1.6701282,calm,03-01-02-01-02-01-14.wav
-717.43225,28.500116,3.7735267,4.93553,-10.856642,-4.6211042,-14.031879,-6.0151496,-7.9089594,-5.7906523,-9.8758955,-5.0885415,-5.990104,-4.35896,-2.746897,-4.6927047,-6.334694,-1.900791,-4.154636,-3.056344,-1.8792347,1.3661793,2.0890865,4.6785607,3.6890886,3.2932804,1.1930418,2.4403603,4.1834865,3.8390367,2.4561357,2.173284,0.6447543,1.2421042,0.8547037,-2.062546,-2.2632422,-1.6304675,-2.1867797,-3.668152,calm,03-01-02-01-02-02-14.wav
-771.17584,38.243176,5.8564086,3.9440753,-9.154767,-3.7449183,-10.326661,-4.6523223,-3.5110784,-1.7931741,-7.8106747,-2.151171,-5.301972,-4.898374,-3.3695416,-4.4734435,-5.1735263,-3.6221008,-4.4359775,-2.6945276,-1.8377284,-2.7635958,-2.2421062,-1.1789113,-2.5578294,-0.7556482,-2.2163389,-1.3732682,-0.38967884,-0.36876512,1.4460833,1.704928,2.9511635,3.3033197,2.2627966,3.4561708,2.3119094,1.7181065,0.4293405,-0.74228215,calm,03-01-02-02-01-01-14.wav
-763.1104,28.872593,3.8663266,6.5151687,-8.713999,-5.447019,-9.817103,-5.455044,-7.6084805,-3.6662111,-9.798804,-3.4253538,-4.4976783,-4.1291533,-3.8724923,-3.4734793,-5.8880787,-2.1299956,0.10068565,0.03196119,3.685781,1.2644581,-1.5518448,-1.3076762,-0.95982397,1.7491373,1.0748478,0.86672837,2.3528588,4.0872416,5.235591,4.554996,1.0206165,-0.63265395,-0.14027815,0.1758426,-0.32914242,-0.041840427,-1.0286964,0.02881049,calm,03-01-02-02-01-02-14.wav
-769.704,37.59592,4.8002863,0.23036097,-6.3895807,-3.169348,-12.337117,-4.187571,-4.1131244,-1.6012264,-5.4736,-2.4440804,-3.0609965,-4.720274,-2.7001464,-3.3410532,-5.2186394,-1.8444959,-3.910721,-0.53467834,1.9025033,3.9320405,4.027634,4.743247,0.23464823,-1.9809663,-1.8434054,0.3014599,1.3134347,-0.668247,-1.0083246,0.16648489,1.6338279,3.110438,2.7074382,4.3768716,4.996414,4.097112,0.2686492,-0.31665665,calm,03-01-02-02-02-01-14.wav
-736.1291,34.01417,6.205664,2.9810548,-10.091244,-4.7384467,-15.181852,-2.6354134,-7.8604116,-3.647746,-6.47652,-3.9380841,-4.741136,-6.861206,-4.6757236,-4.897678,-6.871393,-2.54896,-3.042176,-2.51412,-1.0827034,-2.1238806,-1.155331,3.6419659,2.7825682,3.9001758,1.947179,2.3499358,3.0551736,4.046394,3.4820883,1.9919977,0.24836831,1.6964629,4.0338035,3.1209784,0.631725,-1.5542448,-1.8372589,-1.1358274,calm,03-01-02-02-02-02-14.wav
-527.08734,21.796183,-15.21947,11.603724,-21.708542,-7.1583166,-14.682598,-5.3598495,-5.779714,-7.7497706,0.5206058,-6.664891,-2.1383543,-3.679636,0.61905897,8.241475,10.357764,8.169018,6.6226177,0.41337764,4.606378,3.351505,3.0464377,3.3752463,0.82452,-0.30753854,-0.9062563,-1.0003763,1.311237,1.7238562,4.6311665,2.943757,2.7880733,-0.00894267,0.37967965,0.9092955,-0.8600426,-1.7925807,-1.6992382,-1.5699071,happy,03-01-03-01-01-01-14.wav
-547.67834,25.809292,-14.48708,2.1990647,-15.5735035,-7.9179463,-11.752951,-3.745336,-5.4469833,-6.5908785,-5.4420366,-8.946611,-2.4338684,-4.0792503,4.1960506,8.198971,7.115744,4.5193343,4.076345,2.2413383,6.78456,2.2086043,-0.35576448,0.026808614,-1.1229835,0.005352953,0.19813386,1.1236266,2.4362624,3.2566082,1.4054286,-0.030588066,0.5593234,-0.23724143,-0.17736416,0.12984654,-0.7886849,-0.8844648,-1.1616219,-1.0121996,happy,03-01-03-01-01-02-14.wav
-590.5,22.774754,-10.0542345,3.766832,-15.304142,-13.211645,-19.153835,-3.7042813,-9.462827,-7.164881,-4.428487,-5.142951,-7.6165876,-8.558701,-7.470227,-3.3947537,-2.7871041,1.4517609,4.034148,2.0537143,5.287597,2.8444273,0.8252174,2.3354554,-1.074215,1.1028405,-1.9135761,-1.1691573,0.004411323,1.0687077,2.0367677,1.5255978,1.6695479,2.1184883,0.9851264,-0.03451096,-0.81907326,-0.16975158,-0.7451643,-0.85700595,happy,03-01-03-01-02-01-14.wav
-588.2081,22.597034,-10.398033,2.052798,-14.368893,-10.196968,-15.285186,-7.8552065,-8.691938,-8.962495,-5.454473,-7.704651,-6.844508,-10.134746,-6.410201,-1.0775033,-0.8201546,5.067114,5.362353,2.8379352,4.3560414,1.1422864,-1.0553615,0.74658525,-0.72830766,-1.2665291,-1.40991,-2.3066049,-1.9389544,-1.1200929,0.1988016,0.90236294,-0.40349546,0.6961065,-1.1685779,-1.3822343,-0.5542539,0.11843453,-0.7783314,-1.6566226,happy,03-01-03-01-02-02-14.wav
-442.1336,11.210306,-33.4941,1.722453,-27.320494,-10.144891,-12.2570715,-10.756445,-2.3141258,-10.873823,6.2716103,1.434133,12.090955,7.5807886,7.325,3.9006078,-0.6308267,0.50651807,0.13914837,-3.736666,-1.4957758,-0.7906664,-0.019339578,2.0884037,0.23978385,0.7771568,0.24100801,0.7382543,-0.2946948,0.1469777,2.2159934,-0.5752712,1.458074,1.3388835,0.5725461,1.1056507,0.014595016,-0.3314348,0.3547966,-0.85754675,happy,03-01-03-02-01-01-14.wav
-450.82648,10.14744,-30.858665,3.0877593,-25.697062,-7.272936,-17.149925,-6.8747444,-6.3870025,-9.147579,-0.020015195,-8.010512,4.0296783,2.1901598,8.646375,10.485276,6.8489547,5.835,3.8922591,-0.60068095,0.7080238,-1.2876577,-0.66458535,-1.1409227,-1.1109335,-0.19320033,1.7065278,-0.06920953,-0.30852368,0.6429385,3.5208127,1.6435918,0.17917539,0.6610787,0.7825852,0.49605748,-0.27223128,1.3920883,-0.11042125,0.36408663,happy,03-01-03-02-01-02-14.wav
-438.163,3.3568676,-41.064785,4.7384048,-28.676556,-12.686731,-19.102434,-9.174674,-3.4983048,-9.94349,4.5281568,1.3279284,11.431726,1.86472,8.943547,5.877771,1.2397357,0.01129392,-0.97483885,-1.2497118,0.8961974,-1.7344452,-3.5958862,-0.054285493,-0.7460612,-0.27437654,-0.10620964,1.4330486,1.8916014,0.16580401,0.74988455,0.81892323,0.89778453,-0.04886465,-0.5369266,-0.08723141,1.1919395,-0.560788,-0.8609451,-0.5581215,happy,03-01-03-02-02-01-14.wav
-460.25073,6.1430726,-32.21476,5.2072396,-24.66053,-11.89786,-16.597824,-12.592396,-5.999836,-9.557187,6.459054,9.31201,12.457918,-0.4934125,-0.8498917,2.1927156,-1.4046909,-0.5589401,0.39742005,-2.8172328,2.958242,0.0992736,-0.13601622,0.064654715,-2.6006126,-1.6186054,-2.146544,0.2792312,-0.79491025,-1.3068014,1.1600649,0.7269178,1.4387827,2.0532598,-0.11386414,-0.040918995,1.8290092,0.17304364,-0.9316865,-0.41261122,happy,03-01-03-02-02-02-14.wav
-695.4439,42.97411,10.924065,11.308174,-10.861366,-5.2898874,-13.082873,-3.7171469,-7.7509704,-1.9518113,-4.190265,-1.5992954,-2.3053362,-0.38882884,-4.299913,-0.34165812,-2.9926,-0.82410854,0.50481874,-0.118421584,2.9918258,-0.11915989,0.4785369,0.6726927,0.4741801,0.5111851,0.46035892,1.406142,3.0716999,3.1538231,3.9158607,2.9634442,3.9394565,0.67322654,-0.361697,-0.037373982,1.1596448,0.47525778,-2.1008155,-2.5697632,sad,03-01-04-01-01-01-14.wav
-696.2504,42.855206,4.358468,4.226678,-10.64699,-5.0513344,-12.857163,-3.2816002,-8.773078,-4.992147,-7.058003,-4.71169,-2.7049782,-1.7482873,-5.4984083,-3.0689123,-4.2599134,-1.8380382,-2.403684,-3.0461786,0.28547964,1.1638336,1.998016,0.9885146,-0.21550396,-2.129877,0.7108836,3.414416,6.0543814,3.970032,1.0096275,-0.46080172,0.32163307,-0.0588583,0.015608068,-0.72211313,0.12850979,-0.87449694,-2.2286744,-1.6461396,sad,03-01-04-01-01-02-14.wav
-672.6378,31.15714,4.5385456,7.1391034,-12.949647,-4.67503,-17.048246,-2.5547717,-6.8609023,-3.3968039,-6.170297,-2.0193334,-4.7974896,-3.7264607,-2.594616,-2.3314779,-3.4676049,-1.3925366,-1.1886038,-2.8917058,3.4346452,3.6591763,3.0746028,3.548797,2.2194486,2.4164488,0.53814226,2.3304403,2.8150554,1.06197,1.6663876,1.6035845,0.6340417,0.66474545,-0.54559547,-0.3359362,-0.9083462,-1.9736226,-4.042222,-4.017817,sad,03-01-04-01-02-01-14.wav
-664.55334,39.11212,9.235103,6.46659,-8.2806015,-4.9236197,-16.277533,-2.9929314,-7.602671,-3.2506301,-4.776197,-1.7351624,-4.263382,-2.3208535,-3.5907004,-1.5822207,-3.085535,-1.7145814,-2.4204445,-2.873976,2.4069426,3.3751075,2.744393,3.9170377,1.525428,2.1864636,0.8954677,2.4182737,4.342155,4.0511527,2.4669437,1.820579,1.3042322,1.3309902,1.6390022,0.070446014,-1.6790712,-1.9346608,-1.5117748,-1.3289677,sad,03-01-04-01-02-02-14.wav
-607.9858,26.617256,-4.4476566,1.7374625,-14.15206,-5.7895,-18.630718,-4.823463,-5.902207,-2.5938473,-4.1653996,-5.267918,-3.2413833,-5.2582297,-5.728272,-0.41669604,-1.1724315,1.2368094,0.6215128,-1.1337485,2.2668035,2.2096982,3.5198421,4.4901934,1.4495547,-0.5103292,-2.044719,-2.6940932,-1.3559304,-1.5804697,0.44690764,0.09752742,0.47577682,-0.024131397,-1.0057958,-0.7828951,-1.479605,-0.33713502,-1.7876356,-2.5495708,sad,03-01-04-02-01-01-14.wav
-666.6961,36.18555,-3.868151,7.8435307,-12.406464,-6.194973,-16.243824,-5.941639,-3.0503016,-3.6277769,-2.8920758,-3.7154472,-0.44491154,-2.6142128,-6.3010006,0.49961483,-2.2343545,-0.18818067,2.202791,0.78639084,3.236581,1.6851703,1.9493196,0.74118674,0.58080655,-0.2535121,-0.49898723,1.5293157,2.1851687,2.0610821,0.53911716,0.019409016,-0.48569304,-1.3215835,-0.3761652,1.0228204,-0.37092137,-1.2825557,-2.9188883,-1.4352776,sad,03-01-04-02-01-02-14.wav
-599.46625,30.615387,-6.7949224,0.7132884,-16.905478,-8.410936,-20.15926,-7.210646,-7.473128,-6.5118465,-3.4810643,-6.1732183,-4.6991377,-3.345995,-5.8042274,-3.0556567,-3.5100043,-1.4348059,1.8899359,2.481474,5.8039365,5.637327,7.318556,6.392933,3.8529832,0.46849167,-0.688731,0.03795788,0.8190131,0.27427933,0.0056572873,0.70439243,0.071779616,-0.8763995,0.13196807,0.33204922,-0.64322364,-1.6025267,-1.5046782,-2.0622344,sad,03-01-04-02-02-01-14.wav
-568.33813,26.35829,-15.657147,6.8270693,-24.664299,-9.361769,-23.656021,-10.018655,-5.1776614,-12.258037,0.61194575,-10.0398445,-4.372687,-7.00519,-5.7844987,-1.754311,-2.2490532,1.6072857,5.9850893,5.2628174,9.3779,5.72562,1.9060166,-1.739604,0.058515187,-1.8004906,-1.1957823,-1.4534867,-1.2217585,-1.2894356,1.4457896,1.907789,-0.025285956,-0.5010456,-0.47529984,0.17232054,-0.04940571,-0.31896868,-0.29802456,-1.4645896,sad,03-01-04-02-02-02-14.wav
-587.48846,24.519901,-5.7387295,0.73027897,-15.705221,-3.2409236,-12.578431,-4.2018776,-8.056024,-7.076213,-7.235621,-3.1185167,-1.6484046,-0.18708761,-0.624698,-0.94496477,-0.8609743,1.6601605,2.5055745,2.2084942,1.598815,-1.4498308,-2.1005044,1.0232362,-0.0022888184,-1.2115195,1.2672719,3.0171487,-0.74692965,0.0129540535,1.631836,1.8708192,2.0255303,1.3269472,0.057595786,-1.2221507,0.9835028,1.022637,-1.0479219,-1.1496606,angry,03-01-05-01-01-01-14.wav
-568.53375,27.320162,-7.5429482,1.6260937,-17.131489,-3.192896,-10.595171,-6.3980308,-4.869253,-2.391899,-4.425068,-2.2036176,-2.2312925,-2.2015982,-1.1269221,2.1339135,0.93875635,2.7426445,3.485937,2.1324918,1.2831818,2.2038324,2.623225,4.077331,3.0143323,-0.26749715,-0.28103825,0.43467218,-0.9947961,-0.17311287,0.3953619,2.5487823,1.0216209,0.52958024,0.43268913,-0.03197259,-0.25861314,0.11194183,-0.65079474,-0.6946252,angry,03-01-05-01-01-02-14.wav
-544.6025,21.03614,-9.30065,2.7242928,-22.131502,-5.14501,-16.591173,-9.232181,-7.9157786,-4.454813,-6.192751,-6.136509,-6.0943217,-6.7226253,-3.3181412,0.7283342,-0.11907398,0.08129994,-1.3401296,-0.8911885,1.1530532,3.359225,1.6191331,2.5491884,1.9021693,1.0780107,-1.5122881,-2.6826375,0.5731839,1.4346831,0.79138917,1.6069571,-0.43910438,-0.83525544,-1.1833555,-1.2795615,0.18158472,-0.37518436,-1.0486165,-1.6103331,angry,03-01-05-01-02-01-14.wav
-540.61993,23.727364,-14.106954,-2.8991828,-21.399466,-6.897973,-17.191668,-10.883007,-7.464867,-6.4953313,-8.92557,-3.921204,-2.556438,1.7029003,0.95986974,0.9643801,0.6884182,1.5945075,2.9028096,1.5458231,0.42925203,1.2225465,-0.8921965,-0.7184908,-1.4527447,-0.38242072,-0.51355875,-1.4747689,-0.56113523,0.16675177,1.6257356,1.4487455,-0.0904789,0.7401426,-1.2448161,-0.77680033,2.1288476,0.34498146,-1.3544743,-1.7702671,angry,03-01-05-01-02-02-14.wav
-363.7764,21.405737,-31.247282,-4.352547,-30.543518,-5.094926,-14.637774,-9.855731,-5.8771405,-5.524045,0.854815,-1.0704582,7.071474,1.3053311,2.1012638,-1.5620588,-5.416002,-1.5021152,-0.17489287,-4.008894,-3.0089378,-2.0256243,-2.0359035,0.17962678,-0.3235062,0.071008116,0.7972137,-1.8591362,-0.49851945,0.045881357,0.5987382,0.25802055,0.6443888,-0.32628247,-1.7447152,0.96413124,0.9160186,0.8918437,1.137792,0.42223552,angry,03-01-05-02-01-01-14.wav
-388.83304,16.664482,-31.457424,-5.7508397,-31.648159,-5.49722,-16.529747,-8.774499,-3.4903052,-3.67583,3.773655,-0.20855123,5.8627853,-0.15813664,1.3885211,-1.1555873,-0.7185936,-0.48155746,-0.7236629,-3.3773255,-1.5825984,-0.540421,-1.6205976,1.048745,-1.0535859,-2.0059628,1.3713127,-1.1203277,-2.0480106,-0.9656085,1.8245417,1.4045426,1.2566698,0.84983855,-0.8913591,0.39936373,0.97570866,0.4627586,0.29909778,1.7151648,angry,03-01-05-02-01-02-14.wav
-364.42148,12.90822,-35.201187,-11.005194,-30.104021,-4.6435137,-18.003265,-9.541167,-2.5989473,-0.8003274,4.182908,-0.14486344,3.379133,-3.2486823,3.4535117,1.963001,0.8568704,-1.0568078,1.5539719,-0.8487249,1.1184697,-0.93365043,-3.021564,0.43342865,-0.24211721,-2.7664952,1.0101845,1.5938743,-0.7131987,-3.174706,-0.83680654,1.2758251,1.5330993,0.07855621,-1.1999929,0.90740454,-0.40358025,-0.5914579,-1.1161304,-1.1926118,angry,03-01-05-02-02-01-14.wav
-414.08514,18.881214,-23.347149,-6.2093825,-29.102785,-2.580917,-20.011415,-10.646478,-7.219343,-7.4475584,-2.9235854,-4.7194066,2.9325848,-0.145339,4.1870728,2.1958802,-3.4206111,-2.7521389,1.247149,-0.2074327,0.9437244,-1.8046652,-3.4216716,-0.4227386,-1.7288175,-2.633654,-0.2298694,2.0828764,1.4630071,-1.1344852,0.7487137,0.03548838,0.12231793,0.7622661,-0.6138863,-1.9537913,-0.29062304,-0.24112384,-1.6303189,0.06290054,angry,03-01-05-02-02-02-14.wav
-701.0656,34.721516,8.53038,13.971068,-8.931003,-4.6734476,-15.154186,-4.783513,-7.530523,-6.008512,-7.0377965,0.21988638,-4.5768714,-1.2314899,-5.6635566,-1.8843057,-4.472477,-3.4979458,-2.3857334,-2.7033937,-1.0294969,-0.34039855,1.2629637,2.869632,2.5004933,2.6297944,1.6149698,1.3479453,1.1172079,0.96829474,2.5227816,2.2676177,1.4401946,-0.71860474,0.49126574,-0.4318884,-0.6162512,-2.3095615,-2.6959038,-1.5420277,fearful,03-01-06-01-01-01-14.wav
-655.22186,29.812075,-0.7741109,6.621732,-9.557689,-1.8300942,-13.987824,-1.3932855,-4.503194,-4.506162,-4.6694517,-1.0190464,-4.151477,-3.5165515,-5.837203,-2.0689726,-4.7413855,-1.890518,-2.262481,0.0028217137,3.2165534,3.361272,1.2386729,2.944118,0.7721787,2.2129152,-1.3642164,0.35428947,1.6546813,0.12267069,2.3211038,1.2663149,0.2679589,-0.63478863,-0.14501859,-0.5574188,-1.3340814,-1.6291883,-2.3609262,-1.2572155,fearful,03-01-06-01-01-02-14.wav
-678.95276,33.85998,5.6696205,4.99802,-7.457189,-6.7392783,-16.337408,-2.4390056,-9.830989,-6.069538,-4.8754582,-2.8383036,-6.7926497,-3.521452,-5.756602,-2.4264412,-5.681343,-1.8611187,-1.8329866,-3.121554,0.13439089,-0.6479069,-0.28971016,2.3967519,4.548679,3.1079347,1.5064545,0.8419925,2.0724537,2.6762297,2.261063,2.1933331,0.78762066,0.33108613,1.2693657,0.15923224,-0.41623795,-0.40282056,-0.8436663,-2.7486606,fearful,03-01-06-01-02-01-14.wav
-638.02356,28.20805,-4.104629,7.862031,-10.307355,-10.458761,-19.929972,-1.3010409,-7.2529244,-7.1288285,-4.964126,-0.7466177,-6.2881393,-4.511653,-7.096206,-2.9105763,-4.2317305,-2.2973187,-0.21402113,0.436466,4.470653,6.1051226,4.4582477,5.2439475,2.9670463,0.14607385,0.71432066,1.6390859,3.955819,0.6918658,0.12278274,0.3262371,0.9298977,-0.2629586,-1.7427077,-1.5705752,-1.3229663,-2.018618,-2.9808638,-2.9710307,fearful,03-01-06-01-02-02-14.wav
-423.67706,0.8317851,-34.65305,-2.431971,-25.067795,-6.3626013,-18.68964,-10.305847,-2.9409082,-2.6565745,12.204442,10.95324,10.783293,-4.6559277,-6.8910694,-2.9939172,-1.3282226,-4.005471,-4.1431174,-1.4992604,6.5879354,0.9936147,-3.1896615,-0.1450171,-2.6107898,-5.4220867,-0.5582727,1.0280937,-0.15893652,-0.6266956,4.1770654,0.5675762,0.72012043,0.38896948,-1.7955488,0.9316738,0.30922952,-1.2558082,-0.09777789,-0.5774922,fearful,03-01-06-02-01-01-14.wav
-421.61215,2.9685862,-32.49282,3.5875292,-23.225147,-7.985457,-15.006003,-10.071883,-1.6831679,-6.241706,10.698098,9.929843,10.552885,-0.64182514,-2.3546457,0.62482774,0.8530643,-4.039466,-1.5153263,-1.20026,1.6158289,1.2281384,-1.0866878,0.7346647,-0.53868777,-1.8510976,-0.9939597,-1.5866317,1.5395111,-0.5782802,2.285844,1.5381724,-0.05141328,0.9701717,-0.2827239,-0.17018591,1.0275905,0.08757226,-0.2759865,0.35749424,fearful,03-01-06-02-01-02-14.wav
-490.95917,6.851349,-28.038664,-2.6528893,-24.812504,-7.847756,-20.768766,-10.560172,-6.838267,-16.020145,-2.3763146,0.46714014,8.65137,5.7286763,8.113754,6.4540534,-1.3919562,-1.6805468,-0.055030096,-5.669179,-3.9758668,-2.143115,-1.6199646,0.20002595,-0.91397476,0.4633803,-0.08957629,-2.3533158,1.8927912,-1.4990525,1.2915614,-0.6916021,1.0262096,0.5447628,1.6414487,1.0082229,-1.2257055,1.0419571,0.010822265,-0.82691926,fearful,03-01-06-02-02-01-14.wav
-472.38644,5.24663,-32.669365,-3.3200405,-26.280663,-11.219711,-20.820618,-10.49682,-1.4830189,-12.026197,0.8561766,4.0974445,11.994307,8.138014,4.103856,1.8236381,-2.8251264,-0.6319553,0.7167606,-4.2738,-0.91114205,-0.23264928,-3.0381684,-0.9239152,-0.20134169,-1.2561215,-1.8828536,-1.1704059,2.1569219,-0.9747,1.5043265,0.637656,0.2069907,0.7684347,0.37695318,-0.7868735,0.5757439,0.9352882,-0.5521857,-1.044262,fearful,03-01-06-02-02-02-14.wav
-578.54816,24.49378,-5.2231774,1.2251025,-10.533516,-8.8988085,-17.913256,-7.3253617,-7.20759,-3.2260501,-7.2857795,-1.0241138,-4.44512,-6.993841,-8.41385,-4.2848997,-4.302791,-2.6468935,-1.8068731,-1.4316599,2.091327,3.7392905,5.1408963,4.493946,2.6948752,2.3420274,1.987587,1.0386463,-1.438855,-1.7013581,-1.4543277,-1.0216293,-1.0404861,-1.2100146,-3.579868,-2.763047,-1.0678729,-1.526518,-3.6251538,-3.5516763,disgust,03-01-07-01-01-01-14.wav
-643.4864,37.58318,-7.0399733,-1.9716686,-13.96383,-9.329093,-15.990619,-6.1768637,-8.177872,-2.2412636,-3.9327571,-5.5216074,-0.27183786,-5.210947,-5.4635906,-3.9266503,-3.0031164,-3.5891943,-2.745725,-3.0128253,-3.9149184,0.41486987,-2.4076273,-1.5959544,0.5612426,3.6629853,5.2593193,4.2008853,2.8547049,1.7346728,1.2070949,-0.6302663,0.23025995,0.0988728,-0.6623561,0.24426697,-1.5602297,-1.0838405,-2.4374163,-1.2892721,disgust,03-01-07-01-01-02-14.wav
-647.9335,30.982738,3.2485757,-1.0673839,-6.8399863,-4.8073506,-11.452471,-5.4310684,-8.977129,-3.3831387,-4.2071276,-5.0537543,-5.553684,-4.728131,-5.840897,-2.8485785,-5.450824,-5.4218817,-4.036667,-3.5482483,-1.1651458,0.8791523,1.2539406,1.769642,1.4452072,0.38176548,1.302655,1.130486,1.8353298,0.88377684,0.3449337,1.4147456,1.3631716,0.5764739,-0.8281863,-0.20204063,-0.25792655,0.32402375,-0.3068319,-1.6891091,disgust,03-01-07-01-02-01-14.wav
-553.6306,34.856228,-2.4645684,-3.2763605,-17.8493,-8.288719,-19.352856,-9.30828,-10.338942,-7.454436,-4.381951,-5.43409,-4.792023,-6.442607,-8.3493595,-3.6518948,-5.189059,-0.6014023,-0.63387024,2.3929896,4.3430433,5.8472285,5.2850757,3.061798,3.1209362,1.4616169,-0.5934006,-1.4535639,-1.4838634,-2.2283092,0.52735037,-0.40383914,-0.99442565,-0.49900788,-0.84239715,-0.15904754,0.08337325,-1.3510445,-0.99296093,-0.36220708,disgust,03-01-07-01-02-02-14.wav
-503.53558,19.177938,-13.120577,1.9078474,-26.09685,-9.015731,-24.239176,-9.596353,-3.094513,-3.175449,-0.7764893,-5.1614313,-2.8705754,-5.024899,-8.037907,-2.040046,-5.0163713,-2.0973513,0.13225625,-0.9397408,1.5274329,-0.2589099,0.8724022,-0.7606921,2.0538075,3.929127,5.010609,4.1739597,1.591899,0.43889222,0.07513437,-0.17425166,-0.23687433,-2.5760572,-2.232864,-0.5376788,-0.9262412,-2.174175,-2.6595316,-2.483709,disgust,03-01-07-02-01-01-14.wav
-594.47455,26.784649,-7.5854735,0.33067492,-16.550247,-6.0227313,-26.491459,-5.588211,-9.113455,0.10176369,-5.8814483,-3.5434844,-0.19360203,-5.127276,-7.587557,-3.7777836,-5.728439,-4.6540284,-2.3866944,-2.6223233,-1.0627463,0.16788797,0.13573116,0.746125,0.29870775,3.0493157,2.9025488,3.5713873,2.4688368,1.379929,1.0396862,0.41792282,-0.99080396,-1.2861514,-1.3372027,-0.8282212,-2.0971467,-1.7243207,-2.6622393,-3.378682,disgust,03-01-07-02-01-02-14.wav
-591.09,33.14504,1.0338414,0.56253517,-14.036469,-11.209904,-17.484362,-5.397916,-8.939571,-6.004065,-5.713981,-4.9659452,-4.123379,-5.0309415,-5.64779,-3.465084,-8.901281,-3.9378712,-5.5144186,-4.141733,-2.5231843,0.52621156,-0.45944974,0.48074704,0.27737185,0.16236135,-0.81683344,-0.59649956,0.9557474,2.0012581,2.28015,0.72357893,-0.26864356,-1.3133384,-1.0384802,-0.23271176,-1.3457752,-1.044272,-2.9741666,-3.054561,disgust,03-01-07-02-02-01-14.wav
-581.2941,29.837156,-10.136681,-3.9646554,-18.791729,-9.588517,-24.52833,-8.379126,-8.543548,-7.2517447,-3.8562837,-8.887191,-2.5456886,-8.425207,-6.5800457,-5.9133067,-8.265894,-6.0746393,-2.9181745,0.6939892,3.0983915,4.3550577,4.2297807,5.7824244,4.1513305,3.80172,2.5236366,0.15238471,-0.3512208,-0.24061653,0.2379705,-0.5040243,-0.1248074,-1.352912,-2.6124308,-1.7282615,-1.9062908,-0.7298769,-1.1524769,-1.4955212,disgust,03-01-07-02-02-02-14.wav
-670.0705,32.22514,-4.5835056,3.0486596,-14.58019,-4.070769,-12.422421,-3.8017046,-7.210007,-4.792982,-8.255081,-2.9879277,-6.1171427,-4.7587852,-3.1050925,-0.38201255,-0.275861,3.5516613,2.2225792,0.75188804,1.1336857,0.33009446,-0.60489935,0.12910692,-0.42507517,-0.85615987,-1.5342581,-0.75015676,0.5061663,-0.9156185,0.29406792,0.6752696,0.74818814,0.5644074,1.3078926,1.8188794,2.4355402,0.98175526,-0.5682448,-0.20849039,surprised,03-01-08-01-01-01-14.wav
-654.36774,31.77063,-7.333401,1.6644462,-13.3193,-5.283091,-10.5304365,-4.6151357,-5.6146975,-4.8482704,-7.456713,-2.3933613,-3.6808603,-2.813724,-0.876082,0.7797913,0.6600136,2.6514125,1.8889519,-0.7318268,-0.14858082,0.191138,0.6712069,1.3067166,0.6981874,-0.07775908,-1.1729336,-1.286639,-0.29734844,0.8958597,2.669992,3.1142557,2.7359326,1.8897493,1.8571745,1.1045991,0.88049954,1.658959,-0.14613864,-1.086099,surprised,03-01-08-01-01-02-14.wav
-657.57574,27.76524,-2.6464841,1.0806849,-12.566208,-8.356918,-15.355095,-4.3139453,-8.591226,-5.651234,-5.935852,-3.5493913,-4.8352776,-4.044212,-3.9804206,-2.374588,-1.9147662,0.86706173,0.8617009,-0.97465837,2.0098262,-0.6262106,-1.3420293,0.13919483,-0.23982894,0.06847402,-1.7625853,-0.11951974,0.5490044,0.19338225,0.95100695,0.19396465,0.25177872,0.6571404,1.6783373,0.8625845,0.4539006,1.045726,-1.5032241,-1.4381701,surprised,03-01-08-01-02-01-14.wav
-641.0257,29.512987,-6.200625,-1.046987,-12.633734,-8.773431,-13.290186,-3.8529074,-7.9684978,-6.2378464,-7.665673,-3.9258046,-4.221421,-4.1285663,-3.5283132,-1.9066879,-4.7286916,-1.8946704,0.57804435,1.2334034,3.0644329,1.1974666,0.40074694,1.8161232,0.54705215,2.1343744,1.6954716,1.0797571,1.2306788,0.40005153,0.49112895,1.094783,1.1638255,0.6033877,-0.11859369,-1.5056338,-0.021794604,0.10851427,-0.9984363,-1.1281912,surprised,03-01-08-01-02-02-14.wav
-629.8877,40.656425,-8.007529,-1.4057196,-15.702329,-1.5507817,-10.022287,-8.366846,-5.208034,-5.780849,-8.329816,-1.7065722,-1.5653156,-3.673547,-0.35960126,1.6742725,0.2503796,-1.6509097,0.04724152,0.038095105,1.745266,1.8139545,-0.751592,0.5204935,0.9222575,-1.252322,-1.5630803,0.13076045,0.9203671,2.610973,2.074698,2.3427646,2.071226,-0.017616779,-0.8114464,0.04070845,0.3159612,0.021406995,-0.1750825,-0.6544237,surprised,03-01-08-02-01-01-14.wav
-579.8817,33.647255,-15.793277,-3.6814187,-18.547647,-6.8715653,-15.805021,-7.091889,-7.6414165,-8.74605,-4.378701,-3.3813062,0.60151803,-3.7645664,-2.1111994,0.21398565,-1.4219419,-0.86679137,0.66974825,-1.0173547,0.6862458,1.6844025,-0.59338534,-0.024551677,0.84692425,0.5760063,0.7954914,2.0840824,0.8927112,0.4659279,2.1491108,0.92493314,0.05551076,1.2320796,0.88614637,-0.7971547,-1.1696887,-0.41456947,-0.6471184,-0.9113481,surprised,03-01-08-02-01-02-14.wav
-581.36304,27.684443,-10.27302,-3.3994834,-16.305027,-8.641381,-16.110601,-6.5873933,-8.383287,-7.5596704,-8.046155,-2.4546049,-2.4222589,-3.4779105,-3.1180308,-1.2019924,-3.2896593,-1.2000407,0.016608354,-0.43569016,1.3400763,1.0554224,0.72178376,3.7490363,3.0902414,1.9439029,-0.27272707,0.75933385,0.92497176,1.5836787,1.5587949,0.7700022,-0.35987115,-1.3494446,-0.25729206,-0.29000995,-0.9049127,-1.5860234,-1.4064409,-1.4080213,surprised,03-01-08-02-02-01-14.wav
-610.28577,26.598858,-1.1007072,2.4903784,-12.930873,-7.2400436,-14.726775,-4.867918,-8.550413,-7.781994,-8.356449,-2.4374273,-2.2979138,-0.25934684,-0.44724548,0.4157981,-1.860032,0.07197209,0.00609802,-0.53010404,0.06599847,0.19018131,-2.1750903,1.888228,0.9188181,1.5554764,1.1476218,1.9584239,1.9410411,-0.20639564,2.331719,2.7213523,2.5437038,1.4560413,-0.3866478,-0.1609964,0.5195685,0.6257249,-1.2020847,-2.3365746,surprised,03-01-08-02-02-02-14.wav
-623.66833,64.53391,-5.7643166,18.60375,2.1367142,-0.29802603,-0.9395218,-4.5972652,-2.8847952,-1.221834,-0.12430931,-0.39677423,1.3647958,-0.45363206,2.000177,-1.2153583,1.0592047,3.6661935,-2.0874817,1.357155,-1.2804128,-0.799434,-1.4832057,0.48677373,-1.2795877,0.08504103,0.4092172,1.7435335,-0.5958112,1.0247743,-0.89113575,0.3899734,0.08326005,0.71550375,0.8974586,0.4660629,0.7246246,1.6993239,3.2128584,2.4971976,neutral,03-01-01-01-01-01-15.wav
-641.0098,67.2876,-0.66649026,22.495577,2.5229023,2.6858447,3.510332,-1.3885788,-1.393564,1.2444384,2.126476,1.171345,3.1297424,1.5400561,1.9332949,-0.17136659,1.4398023,3.0292988,-1.6926168,1.6625382,-1.3659273,0.2086734,-1.5795743,0.36859265,-0.81700295,1.2253072,0.121116556,2.7283568,-0.14998543,1.5951121,0.09140727,0.45292962,0.25145587,0.5833293,0.0933771,-0.79046506,-0.65482605,-1.0857862,-0.39584655,-0.6286097,neutral,03-01-01-01-01-02-15.wav
-626.47156,73.27184,-0.22501162,19.870104,6.5094147,3.1625311,1.4478374,-1.5063303,-2.774763,0.85939604,3.222326,1.9111975,2.9785702,2.2513707,0.9902786,-0.9994771,2.0992968,1.5368606,-1.717035,0.5997843,-2.4976714,-1.1273288,-2.099708,-0.092214644,-1.4291211,1.2446055,-0.51553017,1.0693914,-0.90687364,1.3822937,-0.77187806,0.9748952,0.2276167,0.91809773,0.5429482,0.6092107,0.21496984,-0.15584297,1.2506742,0.7168009,neutral,03-01-01-01-02-01-15.wav
-624.38666,68.467705,0.4196868,19.899603,2.9379663,2.4563942,0.56182945,-4.74981,-0.38677174,-0.64888,2.212121,1.2162554,1.8871598,2.5946941,1.0441737,0.55023736,2.8598256,2.1906867,-2.3957174,1.2427942,-1.6861185,-0.6883,-1.3288944,0.9370523,-0.8802658,1.308038,0.1139821,1.9430528,-0.78044164,0.2630155,-0.7884488,0.85307455,-0.31661546,0.86352235,-0.05836166,0.027315874,-0.19890395,-0.2536637,1.5026863,0.9332021,neutral,03-01-01-01-02-02-15.wav
-643.04266,76.97835,2.5894926,19.257748,3.5229266,1.5446619,1.5947933,1.3492928,-2.5846074,2.2643924,3.44223,-1.0460836,2.38082,1.2455381,2.9238372,-0.31602424,3.2455323,3.1606908,-0.7666265,0.6745804,-2.3249905,1.0525733,-1.889315,-0.01632925,-0.35922548,1.3671132,1.2892424,2.7104738,-0.14129372,0.16612062,-1.308329,0.64405763,1.9001236,1.5456294,-0.69555265,-0.89799863,-0.42293406,1.0500982,2.1249115,0.9921621,calm,03-01-02-01-01-01-15.wav
-637.58093,65.656654,1.656532,20.465635,2.1293094,4.0005107,-2.7988873,0.0528465,-2.0234902,-0.009879283,5.298959,-2.6424053,2.9251819,2.1514497,0.5322032,-0.446327,2.456223,2.3911815,-1.7373291,1.1692426,-1.8169768,0.42795277,-1.840603,-1.9937527,-1.4754156,0.019677622,-1.1848475,2.5088844,-1.5766833,1.2909281,-1.6852556,1.485562,1.8023955,3.509705,0.9564314,-0.64665926,-0.8150087,0.84799594,2.2078876,1.5324514,calm,03-01-02-01-01-02-15.wav
-598.3631,70.25036,-3.9223504,22.434666,1.2553458,3.9092245,-4.3375945,-3.0093784,-4.6215177,-0.5123336,8.272154,-3.7725682,1.347268,3.4249756,1.231647,1.7209815,6.1416817,4.208382,-1.516424,2.4400668,-1.4910127,1.9015633,-2.3142333,-0.64985037,-2.484143,2.7367167,0.54726,3.5825508,-0.30736622,1.5250547,-0.30008933,3.5205622,2.8137205,3.9351943,0.3193345,-1.1977652,-1.1523632,-1.0935227,-0.596736,-1.9278394,calm,03-01-02-01-02-01-15.wav
-635.9635,69.06978,3.9628012,18.518368,5.317155,1.8002417,0.6262228,-1.6910392,-4.246236,-0.5868856,4.2747507,-1.6657465,2.155574,1.5982611,-0.739604,1.6196264,1.7090124,1.7439654,-1.3618681,1.1978962,-1.5341674,0.64590406,-1.0718883,-0.5030985,-1.3775036,1.2425312,-0.404936,2.1988356,-0.403769,0.565529,-1.4723909,0.5653808,2.1527364,1.6010188,0.006520152,-2.0645583,-1.4232668,-1.1748705,-0.2632975,-1.2280082,calm,03-01-02-01-02-02-15.wav
-637.9084,70.5129,3.365082,18.110022,2.4262228,1.3577836,-0.48967743,1.0878727,-3.8761494,2.2997108,3.2950501,-2.3286538,2.7201018,1.120468,1.1014658,-0.30828068,2.9391127,2.370127,-1.3463836,0.8986225,-3.2582464,0.98787624,-2.0223918,-1.4970092,-1.8289156,1.2104211,-0.8943441,2.1496687,-0.67165136,1.5570437,-1.0216523,0.5778781,0.235073,1.2434294,-0.116477884,-0.80011106,-1.2522883,-0.99871993,-0.042548083,-1.1475632,calm,03-01-02-02-01-01-15.wav
-628.62695,74.965744,5.5577126,20.89708,3.2864776,3.3794703,1.3218746,0.42687726,-2.4270055,1.8997291,3.509008,-1.4635894,3.0742834,1.0525404,-0.25099042,-1.5679215,2.0943534,1.6500915,-1.0682036,1.4212122,-2.210768,0.66294265,0.11063405,0.012379347,-1.3057427,1.2536846,0.037669983,2.4892676,-0.14085363,1.8102033,-1.3853102,0.3632271,0.58797854,1.3820568,-0.4754461,-0.41070533,-1.5320064,-0.08026905,1.1928586,0.7248788,calm,03-01-02-02-01-02-15.wav
-605.5359,80.463615,7.4370217,22.355944,2.1728709,3.962183,0.26170996,-1.7521913,-3.843284,-2.0719063,3.6932566,-2.2894492,2.3777757,1.5132583,-0.20761852,0.15895322,1.5854028,2.1860516,-1.7760575,1.6952701,-2.908593,0.4917456,-1.4289037,-0.28601003,-1.3068708,-0.34546092,-0.42705047,2.0601878,-0.22478352,1.3551694,-1.9177865,1.1296426,0.91955876,1.9485358,0.8321473,-1.3445837,-1.5675472,-0.63512313,0.8380367,1.1009067,calm,03-01-02-02-02-01-15.wav
-617.3767,67.52616,7.007872,21.227804,4.2106037,6.239865,-4.606778,0.85750324,-1.1809336,-0.35133588,4.014021,-3.8192124,1.9903405,0.22526567,-0.14557087,-1.5295702,2.998575,0.18354546,-0.7521649,1.6147977,-3.3843205,0.4074733,-2.1389048,-0.46940386,-1.7579092,1.8382607,-1.7333286,1.4434284,-0.6234136,1.5624186,-2.0798507,1.0378903,0.58488053,1.2471137,0.041952215,0.0031063769,-0.7667439,0.7835438,1.7191616,1.7031535,calm,03-01-02-02-02-02-15.wav
-601.5678,63.607826,-11.77823,22.046965,1.9913608,-4.143436,0.79047024,-6.5177727,-1.822971,2.7362032,0.3965531,1.1280402,1.8848344,-0.2093141,0.9560314,-2.2983437,0.3681049,2.580534,-2.0984876,0.7156102,-0.4062554,-0.5986565,-0.8386012,0.6150628,0.19079646,-0.5286343,-0.29483035,1.2547946,-0.47314233,0.50430214,-1.8672541,-0.68656725,0.27492416,-0.5843769,0.6090194,0.50976956,-0.52786803,0.43615365,0.25102034,-0.86864465,happy,03-01-03-01-01-01-15.wav
-584.0941,63.010567,-7.685612,20.817554,2.113555,-0.5392656,2.3213184,-5.369911,-0.27068624,1.5739526,3.1077216,0.27764395,0.8831848,1.3335667,1.9593167,-2.2345712,0.58998275,4.2823358,-2.8667653,1.1952186,-0.13601351,0.743104,-0.041633934,0.6715946,-1.1977836,0.4846498,-0.1477862,0.7454659,-0.73627186,1.7112098,-0.043281935,0.39039633,0.47126403,0.76377404,-0.05812501,-0.6565989,-1.1338685,-1.0976278,-0.41974628,0.19420223,happy,03-01-03-01-01-02-15.wav
-596.36426,65.26825,-9.842688,22.668598,7.5523977,-1.058106,-1.6679605,-3.1152573,-2.1910126,1.7599547,2.3623624,-0.21819162,1.8447782,-0.044810142,0.36582154,-1.8282113,0.99825215,-0.8332409,-2.4808068,-1.5821863,-1.9055915,-0.63936806,-2.141164,0.40858927,-0.74259007,0.67989445,0.96404076,3.964588,2.1305127,3.0840158,0.10192835,0.7604138,1.6580008,0.65027326,0.17694736,-0.08262116,-1.8573006,0.23158844,-1.0820841,0.2775044,happy,03-01-03-01-02-01-15.wav
-583.70245,61.954887,-9.357784,21.130741,5.928067,-4.2629066,-0.250282,-4.9296093,-4.4302797,0.14440882,3.3826447,-0.13583408,2.305593,2.1200054,2.4615917,1.8180557,1.6308446,1.1721566,-1.638122,0.24577685,-0.6591462,0.35998523,-1.0277269,0.33943135,-0.6512425,0.2734337,0.54671496,2.212541,0.1602806,0.71807504,-0.9071271,-0.2101723,0.93942523,0.6246509,0.93451387,0.11359867,-0.20058024,0.6334304,0.67967886,0.7744785,happy,03-01-03-01-02-02-15.wav
-519.8238,45.17349,-1.9612081,22.871517,4.7505527,2.7020996,6.093812,-0.20578256,3.9153287,3.8847947,4.235894,4.9603314,3.5644822,5.572309,4.556687,2.3472176,3.9852624,5.203185,-1.3100334,4.7534356,2.2913454,0.56672233,1.3185376,0.3867896,1.0046891,0.23000547,1.8174973,4.1395087,4.652224,9.015971,8.047315,9.444176,6.1409335,3.961737,3.757763,1.5853316,2.8921335,1.424069,2.256995,2.060026,happy,03-01-03-02-01-01-15.wav
-523.0918,55.96565,-14.358083,23.81489,3.6103108,-4.189464,3.6365077,-6.4105663,-0.80392665,4.2968636,0.77948374,0.50854176,2.6199212,0.948339,1.467545,-0.2648287,0.5388697,2.3856297,-1.021587,0.45476258,-0.4439866,0.6759812,-1.026429,0.6475992,0.042623214,-0.2429978,0.23394494,1.0023279,-2.0335386,0.53613293,-1.1468837,0.30852747,2.589198,2.1706448,2.1017857,0.5622389,-1.1953543,0.88139987,1.452997,2.5564606,happy,03-01-03-02-01-02-15.wav
-486.91284,51.218105,-13.038137,20.877134,2.459275,-5.7486444,0.36376065,-8.233635,-0.68132097,1.1288402,0.40536317,-0.50845814,0.6583438,2.4383237,-0.38111627,-2.2114499,-1.7874092,1.8877023,-3.2831817,1.833611,-1.7521747,-1.9200307,-1.4249015,-0.88307726,-0.8236712,-1.0534191,-1.6628009,1.4180382,0.2386053,2.4835792,0.7711044,3.8223314,3.5909002,2.8518264,3.0007699,2.0070634,1.6053276,1.9158947,1.9167393,0.8423111,happy,03-01-03-02-02-01-15.wav
-552.0061,49.070908,-13.619832,23.07023,1.596563,-4.1364174,-0.20786682,-6.6891303,-0.5578037,3.8650932,2.341895,-1.0291923,2.3959036,1.5336847,0.71370244,-1.4170439,-1.0389475,2.038868,-3.1781018,1.5456599,-0.1347373,-0.6280319,-1.8190683,0.2658051,0.10672932,-0.4328244,-0.5791251,1.8271768,-1.150356,1.1945796,-0.8947689,-0.080163896,1.8154167,0.8233569,1.6690689,1.0622998,1.0477289,2.5002155,1.6457,1.1640525,happy,03-01-03-02-02-02-15.wav
-605.0054,62.531746,-3.9001403,21.86906,1.7967052,-0.5158645,1.0038636,-4.159922,0.2670542,-1.3479433,0.017609717,-0.90798897,-0.60437024,0.5939398,1.2227921,-2.022715,-0.25463128,1.5273886,-2.335917,-0.1743044,0.20371744,0.7108464,1.4822569,3.0846932,2.6988206,3.7095664,0.9852308,2.7242577,0.07289791,1.3051794,-0.05458333,0.53973436,0.5746207,0.6675939,-0.24227548,-1.8282214,-1.9388384,-0.35020575,-0.66818714,-0.67874414,sad,03-01-04-01-01-01-15.wav
-650.36426,66.21894,1.1669825,26.163944,7.910654,5.9490285,4.518137,-3.0210545,5.7998934,2.6307356,7.9235044,2.5303626,3.4447844,1.762815,1.6647204,0.13894989,1.6558151,2.7609274,-0.23394983,1.469162,0.95590603,0.12057254,0.767984,0.8919515,0.1786066,2.718605,0.2831059,3.3328907,-0.04504688,2.2088404,0.6540278,1.4256542,1.493622,1.2719306,0.31125715,-0.32973048,-1.5293767,-0.4597435,-0.7493149,-1.0346285,sad,03-01-04-01-01-02-15.wav
-608.7921,59.50913,-2.27706,22.039259,7.344752,1.7396404,1.4560553,-1.1505716,1.0633863,1.9314096,4.406207,3.0218482,2.262153,3.2964454,1.704521,-0.42670536,1.384118,1.9299836,-0.17198206,0.49772188,0.60317606,0.06995546,-0.39158425,0.5136646,-1.1655581,1.4438865,0.61183923,2.7841551,-0.22798966,1.476172,-1.021043,0.25101057,-0.51422954,0.0046235416,-0.6943713,-0.95227873,-2.0569754,-1.4368951,-1.530828,-0.8918548,sad,03-01-04-01-02-01-15.wav
-608.52075,72.925354,-3.1135204,23.07688,6.308815,2.2882144,-0.3365121,-4.614529,1.4966758,0.09143552,-1.0968704,-0.75030273,0.44080973,-1.0277951,2.162008,-2.036614,0.5693577,2.047271,-3.0705945,-0.6597921,1.2109107,3.5288515,3.640474,3.4200525,2.2551687,3.0071857,-0.15296015,3.2618876,1.5325812,2.2490764,-0.033707794,-0.8580646,-0.50560623,-0.07429289,-1.5314443,-1.9901996,-2.2358108,-1.4530929,-0.33028722,-0.49275815,sad,03-01-04-01-02-02-15.wav
-557.5943,53.754147,-2.2612684,19.805819,4.6428485,0.9625074,1.001347,-2.9263122,0.5535873,0.9305622,4.712399,2.2258086,1.4144701,3.0813732,0.7498031,0.50609845,2.3828986,4.1284027,-2.1894226,2.868597,-0.13634804,0.95837736,0.85144037,-0.028308885,0.91540426,0.56356966,0.55574435,2.4748483,0.40120256,2.0083213,-0.5188429,1.7948126,1.9375985,1.6796895,0.6423587,0.11456478,-0.9537303,0.37615344,0.24010049,0.7680274,sad,03-01-04-02-01-01-15.wav
-551.92145,51.76168,-3.4216828,16.200293,6.5713043,1.1396964,0.8996306,-2.8886845,1.5900768,1.4534178,2.498348,1.6799252,0.96175283,3.7808914,1.3645059,0.7842243,0.46787244,4.063243,-0.9972186,2.1378455,0.20962149,0.9100477,1.2206146,0.27659544,1.0761052,1.020896,0.78014046,2.521314,1.5722098,1.6225594,-0.21687604,1.5337298,2.229229,1.4177284,0.42169875,0.51866055,0.25401422,1.6747828,1.6649783,3.0621147,sad,03-01-04-02-01-02-15.wav
-580.78107,50.623043,-11.987256,20.002998,2.8463705,-2.7544503,-0.75797313,-6.9704695,1.5707802,-2.6556475,-2.3814003,0.28135955,-0.6216812,2.926445,0.7224833,-2.894226,-1.8186072,1.3696597,-3.8152876,-1.6820515,-0.0873049,-0.9820656,-0.64070874,-0.123656034,-0.1752152,1.279508,0.12679203,1.1206727,1.0536878,0.05036362,-1.1249858,0.61812186,0.47169927,0.8052748,-1.610541,-0.53190666,0.25509858,1.734662,0.8021955,0.9013834,sad,03-01-04-02-02-01-15.wav
-586.7339,61.328102,-5.135825,23.807152,9.398467,2.2819288,0.21637347,-1.0926175,3.7330363,1.4773048,0.87399703,2.156566,3.7774236,5.483941,3.2823267,0.66158456,0.6715762,3.0752244,-2.2926772,-0.18375787,1.1823283,-0.34211317,0.5771423,0.09099625,0.44580325,1.6378133,1.8789607,2.455959,1.6664321,0.96099466,-0.76712036,1.7403353,0.949396,1.5809381,0.43784827,0.957844,0.9552114,1.7483976,0.34540373,0.20704474,sad,03-01-04-02-02-02-15.wav
-517.7834,49.23187,-8.057759,17.509052,-1.5717434,-1.4852563,3.2503858,-5.333061,-0.95516664,0.72987616,-0.2548809,-0.4297865,-0.027561158,2.7734962,0.03931764,-0.69623816,-0.22372831,0.37207395,-1.7656728,0.84509385,-1.1164833,-0.9336728,-0.007980454,-0.5966071,0.006480993,1.1203581,0.061289474,1.576813,4.0651894,3.607685,2.3737597,1.7595143,-0.0049813883,1.2437326,1.6696182,3.3011644,2.8452904,2.8983042,0.6218818,-0.26904878,angry,03-01-05-01-01-01-15.wav
-502.9515,46.396217,-11.318783,11.553418,-5.389026,-2.719098,2.2276435,-6.018257,0.04964165,-2.268309,-0.16169286,0.78908724,-1.0692768,0.8916087,-3.4054663,-1.9765873,-0.61281747,-1.4978204,-3.5133505,0.812853,-1.9828497,-1.4134024,1.0427299,-1.138249,-0.15330605,0.9838551,0.8932628,3.229038,4.0245004,3.4034941,2.3929553,3.7824476,2.6344495,3.778129,3.7816594,3.5422854,3.804615,4.438545,2.9805813,1.0866767,angry,03-01-05-01-01-02-15.wav
-535.33167,56.601845,-10.722456,19.46505,1.7215077,-1.8313192,3.9375432,-4.4411073,-0.9551901,-1.519287,1.759444,0.85826176,0.9516903,3.8889399,-2.5258296,-0.023245992,-0.68675846,-0.2471647,-1.8212099,2.7600756,-2.6063209,0.36600444,0.1120971,0.86721337,1.5875205,0.8556328,1.3653771,1.6548193,0.52888066,1.5121701,1.1994174,2.5020196,1.6596029,1.6996379,2.366514,1.330777,0.8245602,2.5938394,3.5660026,2.7239804,angry,03-01-05-01-02-01-15.wav
-493.29184,39.18524,-10.514887,10.7948,-4.121477,-4.2906303,1.6706381,-8.810388,0.85914403,-2.923605,-1.1104192,1.29621,-2.0044644,2.3750095,-4.4662404,-2.2275853,-1.3388621,-1.834151,-3.165988,-0.59009683,-2.8170733,-2.7558668,-1.1140327,-0.64863515,0.4935006,2.4887393,2.1336987,2.6366537,1.2266614,2.3751192,2.9515176,4.9907227,3.7090075,3.5634525,3.4978821,2.3845446,2.640038,4.693913,4.4559546,2.0559623,angry,03-01-05-01-02-02-15.wav
-468.38422,31.524515,-14.396647,7.7432723,-7.855846,-3.2642608,-1.3941139,-7.8124833,-3.6621807,-3.7231252,-4.7048273,-1.0104223,-5.1840434,-0.69434434,-4.9339895,-2.9177403,-0.82462394,-1.5231403,-3.5750825,-0.4335181,0.015751848,2.6935682,3.5269594,0.88779914,0.84728414,1.9846534,4.6135583,6.765014,4.558529,3.2132134,2.737659,3.913334,3.934711,2.1899097,0.60465246,-1.0806803,-1.007645,1.4931164,0.33243868,-0.43842646,angry,03-01-05-02-01-01-15.wav
-440.74857,40.205967,-13.790772,8.669305,-8.901313,-4.4363046,0.9178569,-9.470034,-2.5355678,-3.6449041,-1.5838513,-2.2105932,-3.9263606,0.09613121,-6.1557746,-2.42947,-1.6970747,-0.16253835,-3.5955248,0.36491594,-1.4355589,-0.8291482,1.0280339,1.1353841,3.7357924,7.390696,6.857695,7.0771046,4.9914455,4.0229816,3.1685674,3.343101,2.4690626,1.969864,3.4521506,1.2872536,0.30535543,0.6660414,2.884766,1.9474087,angry,03-01-05-02-01-02-15.wav
-483.50244,42.526367,-7.9091926,17.031668,3.0523021,-4.00216,-2.049883,-4.171119,-1.9926072,1.9603493,1.6986591,1.7982162,0.2320548,3.344699,-2.627012,-2.937175,1.7993426,-0.34847504,-2.2834997,-0.8719638,-2.3239293,-1.5982122,-0.48470837,-0.23299408,-1.3140484,-1.0556016,-0.34662542,3.5356214,3.2340214,4.9412084,3.8841774,4.6789384,3.2431498,3.460898,3.2184994,2.5141487,1.1129148,2.641928,2.9531183,3.0406954,angry,03-01-05-02-02-01-15.wav
-422.96448,32.165848,-11.526529,10.54207,-6.203667,-5.0098915,-1.9963396,-8.389842,-3.6874137,-4.321274,-0.6970291,-2.486652,-5.752742,-1.6971813,-5.18405,-2.5999324,-0.54219806,0.8322287,1.4000324,3.264266,1.1771604,1.8169903,3.173607,3.4150434,2.262018,1.6103104,2.7781289,5.2760577,6.4793324,3.042435,1.6598572,2.898323,3.4627244,3.5209987,2.758506,2.6739426,1.3520339,2.0493293,2.3473804,1.9334383,angry,03-01-05-02-02-02-15.wav
-597.9886,56.220554,3.0121706,20.470665,11.033384,4.7018237,1.1985726,-1.2097924,4.4258924,2.866648,5.993326,2.7544787,3.3152354,6.2296095,2.6221068,1.7010764,3.6607907,4.470489,0.16871783,2.9441552,1.7457747,2.4395785,2.4025939,0.84043384,1.8961053,2.6944299,1.5454395,3.6612718,1.4943429,2.3992748,0.7701266,1.793072,2.5581007,2.1924684,1.713555,0.8816172,0.6766547,1.366612,0.7388404,-0.011004484,fearful,03-01-06-01-01-01-15.wav
-570.4712,57.79181,-0.24504441,18.942139,7.114691,-0.65284187,-8.847207,-1.5392486,7.3942747,2.0661101,3.3891282,4.85105,2.0505946,1.3089998,0.0815473,2.0190065,2.815011,1.9963902,-0.42163688,1.8956674,-0.1947275,0.099629566,0.36359456,-0.49055418,1.5119724,-0.59624684,-0.16104071,2.0865288,3.4255452,2.5182507,1.1487681,3.8442638,3.623941,3.3328135,3.47235,2.9303746,1.6477091,1.8619616,1.0679787,3.135324,fearful,03-01-06-01-01-02-15.wav
-577.9677,52.905228,6.4170585,16.856047,9.511355,3.7338579,-4.4975586,-0.08329793,5.5740323,1.5943519,1.4634924,4.4909744,2.892324,1.8282495,0.13265051,0.837611,0.8150751,-1.1511897,-2.07469,1.7543412,-1.446281,-0.8149418,0.76406574,-0.99945354,1.1833991,-1.0570767,-0.44540334,2.3788826,0.14611804,1.53867,0.25316384,0.8654717,2.1288216,0.26799273,0.1097501,0.48156297,0.43813044,3.237313,3.0497656,3.7768178,fearful,03-01-06-01-02-01-15.wav
-528.78595,46.29171,-6.8227506,14.005378,-0.16614819,-5.9119697,-16.388628,-10.180915,-1.412086,-3.40222,-6.584069,-2.9146688,-1.5149856,1.3193161,-0.8095189,0.35242048,-0.55672824,-2.470395,-3.3933187,0.6019278,-1.0118778,0.009378543,-2.6336033,-0.58606535,0.56289697,-0.54588133,0.70260644,5.7544947,3.5811539,3.8036351,0.7385236,3.8260617,3.5095193,5.2066216,3.5936656,4.501628,2.930517,2.731854,1.2704773,2.5345802,fearful,03-01-06-01-02-02-15.wav
-500.1446,44.256374,-3.373648,19.216667,3.0312424,-0.9637411,2.070785,-3.736823,0.7322832,0.13207674,-0.067722976,3.8792074,0.7993596,4.088415,0.008252625,0.78401345,1.2591307,1.5602103,-0.6483246,0.842092,1.0036467,-0.2422648,1.1005632,-0.32969397,1.399148,-0.5524443,-1.6210029,2.926238,1.3036444,2.5627773,2.6782925,6.7088113,6.760616,9.113914,7.731771,8.276111,4.891572,5.2077336,2.1810496,2.2023752,fearful,03-01-06-02-01-01-15.wav
-449.81784,31.14744,-4.873975,15.992831,0.44035897,-4.5932245,-2.8065476,-5.5055895,-1.0726335,-1.3038276,-1.1139444,0.27698603,-1.7114837,2.4097333,-0.547609,0.5284633,-0.0021987492,2.2933397,-0.61363316,2.83372,1.0435126,1.0672084,3.4178865,2.7520027,3.3923023,2.2521536,3.8654478,8.433182,9.113119,10.8338995,8.642617,7.5452085,4.8599157,4.0350437,2.0455484,4.6124897,1.7793982,2.769109,0.8504357,0.39382657,fearful,03-01-06-02-01-02-15.wav
-514.8561,44.501957,-4.382779,21.415125,4.05962,-3.480329,-1.0966945,-4.8833084,2.0652804,-1.3104455,-0.11294568,3.2729313,2.328296,3.2544835,1.4056394,2.6588264,1.3400185,1.5226748,-1.2675053,0.6406414,1.0514165,1.0777493,1.0695521,1.1701187,1.8866868,-0.17948845,-0.7939613,3.6369047,3.3320801,4.352603,4.251549,5.6484046,4.218211,3.994174,2.780384,2.203996,0.93842834,3.138768,1.7156171,2.6445568,fearful,03-01-06-02-02-01-15.wav
-482.09058,37.29048,-12.9575615,14.027674,0.60037065,-4.499105,-3.768112,-9.848533,1.051958,-1.5989357,-0.36427698,1.864119,-2.0887032,2.8267252,-2.8028572,-2.7490876,0.40879244,-0.44698063,-3.1030905,0.025966285,-0.44278175,-3.5856404,-1.3762946,-1.977755,-1.1359411,-2.2372372,-1.4482572,1.1159543,-0.94823474,3.727683,3.843104,8.505139,9.751978,11.266749,9.4881315,6.8065324,2.379856,2.502359,0.8126247,1.1526273,fearful,03-01-06-02-02-02-15.wav
-563.07623,65.09491,-9.587645,18.723198,4.087106,-6.1713595,-9.179905,-8.272408,-0.7486896,-4.26355,-4.4542494,2.478442,-2.5684657,2.2060845,-1.7560269,-2.1888955,-2.649748,-3.4298275,-2.4565673,0.42071214,-2.9955366,-0.013584626,-2.1694777,0.1253798,0.4684072,-1.2665056,1.5520121,1.2771698,0.42446047,1.3440636,-0.7567934,2.0487742,1.906858,1.1047859,2.2391717,1.1744012,2.5934532,3.8052697,3.4317565,1.5210373,disgust,03-01-07-01-01-01-15.wav
-576.78125,68.36564,-21.123354,19.597437,1.1185104,-0.9999491,-6.2960668,-5.8793516,1.6053987,2.4227374,-1.783236,-1.0102341,2.1529589,5.7201815,-0.5983827,-1.38334,1.2224643,-4.7376695,0.44881445,0.9823369,0.10123614,0.55829513,0.51464784,0.07578979,0.82306194,0.7366453,-0.18998812,2.450595,0.41780475,1.4100566,0.026416212,1.9141272,3.5722647,3.38173,2.3314338,1.9320642,0.51024234,1.6590785,0.12476435,-1.1040035,disgust,03-01-07-01-01-02-15.wav
-575.44775,70.69614,-11.547561,18.889862,7.199157,-2.5267985,-14.179273,-7.3470774,5.101519,3.1568196,-2.78167,-0.014496073,5.1615744,4.6534314,-0.546459,-0.92314357,2.2317324,-3.5254917,-2.4357564,1.5079027,-0.03798232,2.1490986,-1.0524079,0.8081506,2.8632154,-0.13107276,0.6854235,2.671951,2.0557828,3.2516084,-0.26518935,2.4889781,2.8849888,2.9922671,3.0151093,1.9405984,2.0841987,1.4919236,0.77548176,-0.7944698,disgust,03-01-07-01-02-01-15.wav
-540.4542,61.314774,-6.5771008,17.633694,5.745152,-3.1027327,-4.2902203,-8.218798,-0.2525774,-2.1974301,-2.2222319,-1.3306109,-0.121635705,4.8170633,-3.0641296,-0.97140133,0.5243517,-0.75538623,-4.493416,0.9382066,-0.7872393,-1.871808,0.13072777,-2.766103,1.7699919,2.226432,2.8465867,3.5559692,3.483447,2.8199856,0.5882165,0.3633496,0.9694264,0.6245083,-0.38502738,0.667943,0.29415196,2.4865532,2.110696,1.087674,disgust,03-01-07-01-02-02-15.wav
-518.5855,50.18275,-11.570564,18.985722,1.4636018,-1.1104953,-2.9409997,-4.854824,-0.29247287,-0.19172625,1.7351018,0.28478718,2.5626855,3.1314168,-0.46907932,0.5972774,-0.38757914,0.2967694,-1.2389299,-0.41279194,0.1744637,0.20753111,0.003039578,2.2641695,1.941949,3.3324993,3.5871553,3.0355897,3.661938,1.7430698,0.20044935,2.6459715,2.7530625,5.4238896,5.3216524,4.616682,3.0623777,1.7363356,2.5427492,1.6103363,disgust,03-01-07-02-01-01-15.wav
-544.03864,76.54267,-7.4944587,20.822275,5.3694096,0.4368264,-4.391519,-5.871118,2.2402592,5.8286643,3.5032048,3.5742633,2.552428,3.0381708,4.5936646,0.5334365,4.0445604,5.0333786,0.15978272,4.050303,3.8990896,4.8878236,1.8869406,2.5325747,3.9345026,2.6183414,1.6655089,4.562666,3.6800964,5.0893655,2.5824246,3.558818,5.047673,1.6524998,1.3792272,0.46978757,1.2649448,1.0520748,0.5846276,-0.5376037,disgust,03-01-07-02-01-02-15.wav
-531.5131,59.90963,-13.593481,15.942322,3.4542794,-0.83288676,-5.421287,-4.8456826,1.3031254,-0.41079542,3.5586026,1.9969256,0.851065,5.1582794,0.037048835,-0.5321305,2.315198,1.4314185,-0.9754766,1.8583533,0.40233004,2.559789,0.65922254,-0.3031735,2.6031735,1.2005398,1.0373502,2.1953387,1.1733125,3.0107944,0.6013366,2.349988,2.8100564,2.2889013,3.807404,3.178377,3.08076,3.4243155,1.7688673,-0.14481841,disgust,03-01-07-02-02-01-15.wav
-538.9808,54.601997,-7.1227765,17.14887,5.9419336,-1.5847481,-6.174993,-4.3255825,2.8151052,-2.952274,0.95645326,-0.18678507,-0.89416754,5.3161116,-4.6351533,-0.94619524,0.81966394,-3.0314794,-2.9936826,-0.15481299,-0.7256454,-1.2162241,-0.98096,1.0717455,3.3194482,1.3083177,2.0322826,6.332477,6.133162,6.502372,2.4476364,2.4100544,3.3198397,3.298346,2.5386693,2.7386072,0.60247093,2.5119388,3.3487303,2.4904165,disgust,03-01-07-02-02-02-15.wav
-565.72186,73.57319,-12.774698,23.880184,3.4536374,-1.6913953,0.031177346,-4.6148434,0.32678607,1.9647315,1.6819671,-0.41599375,3.6908903,0.084095605,2.483827,-2.260214,0.123986386,0.86355805,-2.8252337,0.17945956,-1.7706485,-0.23206523,-0.9673957,-0.0045002615,1.3991326,0.5918962,-0.5962726,2.8098567,0.19020787,1.329911,-1.3825153,0.86874604,0.39871126,0.20509233,0.71468586,0.5990725,0.75926685,1.4923164,1.1963183,0.96303725,surprised,03-01-08-01-01-01-15.wav
-573.2143,58.315865,-7.2215066,18.072243,1.7028737,1.9701232,0.05052988,-5.0252376,1.1203188,1.274582,-1.6764512,-2.5982656,1.2295771,2.5561843,1.6179906,-2.4431772,0.23068768,0.9864327,-2.8454092,2.9161403,2.0314617,1.3295182,2.4639828,2.7086074,2.2648542,1.3679881,0.006738433,2.0856614,0.17545015,1.2346404,0.47207704,0.62039065,2.2533534,2.568214,1.181487,0.98228985,1.0240301,1.8241541,2.157936,1.1524895,surprised,03-01-08-01-01-02-15.wav
-575.5771,60.542515,-10.756496,17.943697,3.3319106,-2.8869185,-1.7037933,-7.551788,-0.16486575,2.9662523,0.1995548,-2.5330224,2.4598057,2.5465856,1.2403682,-0.8882444,-1.2322454,0.38160273,-4.510454,-0.013421318,-0.51291645,-2.0011616,-0.55005825,0.9265961,0.7587303,0.7070772,0.5043358,3.6890814,0.5320358,2.2865007,-0.081298895,0.7881502,0.97571886,-0.0191278,0.030468773,-0.51905745,-2.0027244,-0.91520745,-1.8874652,-1.1073997,surprised,03-01-08-01-02-01-15.wav
-599.38434,70.25276,-0.22824432,18.761505,4.6199255,1.2481273,-4.5871854,-8.059979,1.6158121,-0.48395833,0.18131158,0.8688167,-1.5781755,0.2942656,-1.4748316,-2.8577447,-0.30160198,2.2874076,-3.988547,0.49755067,-1.467645,-0.7755197,0.077725984,0.806846,1.7243645,3.5377946,3.4348004,5.247159,3.1612058,3.5933666,1.7439935,2.0158231,2.2289367,1.3337258,0.7916169,-0.897313,-0.028548684,0.5638796,0.3613023,-0.21239737,surprised,03-01-08-01-02-02-15.wav
-520.39795,49.60165,-2.9212282,18.913961,3.471696,0.9732128,1.2435768,-4.2237997,2.042958,2.6052616,0.0077610374,2.3674312,0.6673452,2.638003,1.5844657,-0.6308789,0.13151124,2.120015,-1.1192083,1.419702,1.0931264,0.17949054,0.41400042,1.164351,0.7836476,0.8702672,0.7196894,2.6430094,2.2177556,2.979763,2.1749983,3.6991954,3.8302944,5.190302,7.400682,5.540857,5.231538,3.6712918,1.692378,1.4976473,surprised,03-01-08-02-01-01-15.wav
-553.84753,56.79383,-5.9542623,26.395662,4.9660234,-1.1057564,3.6358297,-4.015064,4.0412974,4.280257,0.8813396,1.7444167,4.577532,2.1022165,3.089418,-1.0412554,-0.6173738,3.645516,-1.7833965,2.3458595,1.2756203,1.9114089,0.736145,0.77264845,0.5313365,0.84830093,0.37964013,3.7889059,0.9622618,2.5111804,-0.7648452,1.2121054,1.6573869,1.6026835,2.093239,1.4207265,1.6113561,2.9918504,3.7365289,3.0808318,surprised,03-01-08-02-01-02-15.wav
-603.3442,69.27375,-1.2815833,26.001293,8.070292,2.548729,-0.116048984,-5.5092998,0.85521704,1.9549602,2.235303,2.4419441,3.0524237,-0.95663697,1.157034,-0.3178476,1.7440373,1.6208922,-2.6987972,0.16334307,0.4770785,1.438905,0.5979045,2.0111492,1.789233,1.64944,0.50357974,2.071445,1.4643444,2.3370697,-0.19212885,2.114024,1.9159929,1.490697,0.92803085,0.37805018,-0.67066056,-1.0514975,-1.6094835,-2.32071,surprised,03-01-08-02-02-01-15.wav
-541.949,60.049427,-5.810231,23.603804,5.428843,-4.2325687,-2.5772777,-8.09158,-1.5516192,-1.6148562,-0.0772261,-0.09449773,1.0762973,0.57119775,-1.0997987,-4.3740015,-1.0279721,1.1418923,-3.3513806,0.022356097,-1.7040492,-0.32861048,-1.9567754,1.2728071,0.2972333,0.86109173,-0.15421826,1.8187991,-0.22414856,1.4083173,-0.351595,1.4161515,0.71319944,1.7263129,0.17513864,0.31542656,0.8698154,1.7088019,1.6676481,1.0042545,surprised,03-01-08-02-02-02-15.wav
-648.9672,53.7404,4.5749855,8.229104,-7.270273,-10.226438,-8.961905,-6.882347,-4.261764,-8.303716,-3.7134514,-3.799574,-5.6010833,-3.7003777,-6.5207696,-1.9661684,-6.265969,-3.5788913,-5.918979,-3.8545551,-5.2251596,-3.7087576,-4.5188622,-4.129134,-3.2992916,-2.3818998,-1.0212824,2.000882,-0.19555494,0.5486585,-0.22804698,0.11652637,1.164377,2.8035004,2.340116,2.4417784,0.9754921,2.4941275,2.4761655,1.3731287,neutral,03-01-01-01-01-01-16.wav
-657.92053,54.058548,4.039726,10.769808,-7.9627237,-10.306505,-8.863695,-5.426328,-3.356816,-7.637351,-4.098895,-3.2729735,-5.906788,-3.6954057,-5.946932,-0.96049863,-6.7872767,-2.110342,-5.346279,-4.781671,-4.592111,-3.882036,-5.041677,-3.393636,-1.5312967,-1.0239084,0.1406192,0.89119226,-0.39767596,-1.8440489,-1.8637434,1.2890989,3.9685383,3.437954,2.0760484,1.5235751,1.2148303,1.6918718,0.40727377,-1.3787285,neutral,03-01-01-01-01-02-16.wav
-619.2714,47.17354,1.8116016,8.355176,-6.5536704,-17.112352,-12.504834,-6.47682,-1.935745,-7.67815,-3.7072048,-3.5299363,-6.934221,-0.29789698,-7.6557903,-0.7720059,-8.604599,-3.777802,-4.509038,-5.2546096,-3.3127978,-3.0870383,-3.6522205,-0.29689103,-0.10566024,1.6454436,1.0890298,0.5028705,1.9997699,1.730702,2.2331686,0.75182647,0.87470156,0.9617727,1.4143945,1.704949,0.6304022,2.1186163,-0.991486,-3.3530192,neutral,03-01-01-01-02-01-16.wav
-631.21497,42.014282,4.0303946,9.124542,-7.131707,-12.769816,-12.064708,-5.0010176,-5.637043,-6.090576,-2.467909,-5.968886,-4.909161,-4.668843,-5.427711,-0.63862926,-7.1846595,-2.6776175,-4.5894027,-5.3641434,-2.8703287,-1.4243039,-3.033144,-0.84762126,-1.1704094,-2.5047467,-0.14888632,2.370047,4.757855,4.586406,2.2140799,0.23806064,-0.65686876,1.4232033,4.285161,3.021344,0.53407156,-0.4295757,0.82014674,1.5945165,neutral,03-01-01-01-02-02-16.wav
-694.9731,51.328407,1.9465897,7.406742,-5.588082,-10.695954,-10.67252,-1.6416323,-4.3356795,-8.265339,-4.8915462,-2.6434386,-6.094181,-1.9138376,-7.691747,-3.0454345,-5.6054497,-3.4788976,-3.4892535,-4.152901,-3.5927896,-4.728414,-4.385387,-4.434175,-3.586339,-3.6342864,-3.11022,0.5585188,2.124021,3.9508169,2.2790895,0.7329886,0.646822,1.34951,4.0410194,6.817008,6.932878,3.9126763,1.601706,-0.026552591,calm,03-01-02-01-01-01-16.wav
-635.53296,51.15316,4.60687,11.805649,-7.206468,-13.286069,-7.3221135,-4.2336106,-5.7259736,-8.658239,-3.597875,-3.2627602,-3.4683335,-3.446064,-7.083266,-2.8266377,-7.1083293,-3.2925856,-4.702596,-4.6335835,-4.536657,-2.9373386,-2.4609618,0.507753,0.25900114,-0.16215688,-0.75043136,-0.6041547,1.4510772,2.4199305,0.20444766,-0.47333193,0.19925036,0.88192713,2.283091,3.0507271,1.0533928,0.11228148,-0.72143507,0.6065548,calm,03-01-02-01-01-02-16.wav
-659.9184,41.60895,7.2607636,9.734169,-6.6324096,-15.069747,-10.836429,-6.784077,-4.829318,-9.509814,-3.2290902,-2.1632864,-8.486935,-1.642434,-6.4331245,-0.97806525,-5.465536,-4.8629026,-6.003157,-4.116563,-3.3837051,-4.329779,-3.512616,-1.9042268,-3.3872902,-2.9670038,-1.6915004,-0.115791425,1.5395801,3.2013907,4.1040044,2.3684833,3.1048794,2.3295903,2.0027716,1.9333704,1.168743,1.8535987,3.335083,3.5396423,calm,03-01-02-01-02-01-16.wav
-630.3569,40.04533,5.727055,10.375489,-6.1219068,-12.722488,-12.725833,-4.340857,-3.907447,-8.543816,-4.1568084,-3.0610359,-7.430423,-4.115923,-5.3359556,-2.4706206,-7.154632,-4.759068,-5.0125494,-7.2035418,-3.185611,-4.771651,-4.359656,-3.6445487,-4.3999004,-4.0904255,-4.151564,-2.3819187,0.033768233,1.7328765,4.2888784,2.7192764,1.4072667,1.0997432,2.3663487,4.146709,3.811771,1.232688,-0.19932228,-1.6446333,calm,03-01-02-01-02-02-16.wav
-641.5118,45.76864,0.18213998,6.162931,-7.856913,-10.757198,-11.724045,-2.0560098,-4.990234,-8.148342,-4.504463,-3.2890959,-4.491771,-2.6258307,-6.552252,-1.1404583,-5.939149,-3.5305386,-5.785808,-3.7322,-2.1062393,-2.08774,-2.4150233,-2.68716,-1.290319,0.049892828,1.7574475,0.023474647,-0.6633952,-1.1441796,1.4210514,3.229946,4.4836345,0.9987885,1.9571972,4.013637,4.450457,2.5907843,1.3453739,-0.1397354,calm,03-01-02-02-01-01-16.wav
-602.51196,50.423553,-2.202941,12.650744,-3.9487567,-10.903741,-9.673683,-4.2792215,-1.5831754,-10.49307,-6.461691,-1.4165235,-6.9683213,-2.0850809,-5.9900837,-1.3525263,-4.460633,-5.075058,-2.6445398,-4.289356,-3.1728523,-5.6050982,-4.2731667,-2.7248402,-2.9204626,-2.2816732,0.074467465,4.1724186,4.7944446,1.8734457,1.1585503,0.94754285,3.787158,5.7040005,4.66883,2.6689692,0.9582854,1.8253148,2.2822464,0.26445356,calm,03-01-02-02-01-02-16.wav
-661.47046,43.746407,3.7630785,6.106171,-7.2129674,-15.596246,-10.913224,-6.239988,-3.1079583,-9.87066,-6.143119,-0.9997059,-8.835373,-1.9562839,-7.6117487,-2.994932,-7.02691,-4.1935124,-3.311333,-4.353791,-3.5617182,-6.574036,-4.844899,-2.552622,-1.3677217,-2.7094023,-0.8904181,-0.37696493,0.630424,1.1808345,2.1383235,4.083594,4.3734136,3.4241884,1.5973673,-0.17974955,0.24501438,2.528707,2.0690076,0.29349968,calm,03-01-02-02-02-01-16.wav
-660.3575,47.004673,2.4182699,5.4139094,-5.217265,-17.73146,-10.97965,-6.4198346,-4.361859,-7.957589,-4.081931,-1.5708072,-7.443113,-1.3662463,-6.9417677,-2.99588,-6.8523717,-3.7713735,-5.926089,-4.4892445,-4.3444357,-5.215845,-5.5218415,-2.5341086,-2.891003,-4.1205792,-4.833241,-5.0885863,-3.205483,-1.3750553,1.370342,4.9581313,4.7413106,2.3143134,-0.21011584,-0.09393571,1.8630404,5.1356874,4.7139,2.495327,calm,03-01-02-02-02-02-16.wav
-583.67926,33.10082,-10.370889,7.9506836,-9.267976,-10.248187,-12.951801,-8.21214,-1.2516538,-10.262308,-4.7895913,-0.88509125,-6.439818,-3.2947547,-8.742297,-3.0042002,-5.537698,-3.5239012,-3.921969,-5.960351,-3.6326466,-2.8750596,-1.8355652,2.7247875,0.84132373,0.8300632,-3.2437382,-2.534104,-1.1218064,2.4662046,4.2916574,4.8222485,5.524292,2.4485452,-0.374384,-0.37467453,-0.73301196,1.3354226,1.1689501,-1.3476541,happy,03-01-03-01-01-01-16.wav
-557.112,33.02681,-5.520595,10.179765,-7.096119,-8.780337,-11.148381,-3.3349771,-1.3040295,-8.305685,-3.3117976,-0.37681922,-5.4990263,-2.0153062,-5.817153,-2.3404193,-4.50155,-1.1902432,3.4717197,1.7179946,0.30686358,-1.1573545,-1.3616688,0.9550633,2.515372,1.9757248,0.30307826,1.9011145,1.3090544,0.92880017,-1.3415234,-2.1905758,-0.014799574,-0.11972557,-0.5146572,0.8947511,0.9004422,1.1977835,0.838417,1.5238134,happy,03-01-03-01-01-02-16.wav
-569.0709,36.584522,-5.626019,8.515337,-6.800509,-13.175341,-12.970053,-7.500906,-3.2173321,-8.688172,-6.117254,-1.3564633,-6.585482,-3.6211941,-5.4477363,-5.547429,-5.364958,-4.731378,-5.010124,-6.177817,-4.3368874,-5.4099336,-4.710326,-0.7893883,0.9344461,2.168888,0.5310438,-1.3984171,-3.52783,-2.7049553,-0.9239535,2.7847285,5.936544,4.6239514,1.6511631,0.0073488685,-0.346053,1.629763,2.1313035,0.79899937,happy,03-01-03-01-02-01-16.wav
-573.2815,32.07841,-8.755391,7.4166427,-7.604263,-12.694906,-13.818952,-10.094813,-0.6460141,-7.4275336,-7.27025,-1.7462807,-6.97446,-4.0368433,-4.562462,-6.132372,-4.4945116,-5.7453504,-3.8558965,-5.703593,-3.4275284,-3.4145455,-3.551735,2.7546425,3.6514564,6.114404,3.499226,0.44731194,-0.17656144,1.150615,2.2788923,3.8012838,3.6213708,1.8484975,-0.68031955,-0.48601863,-0.9933415,1.6987238,1.5561577,-1.0011135,happy,03-01-03-01-02-02-16.wav
-524.9554,30.028244,-13.809718,5.2486973,-9.408796,-10.391872,-14.543205,-9.496341,-0.4895194,-8.966797,-6.5660696,-1.5607891,-7.248395,-5.1604495,-8.036313,-4.99709,-6.7303686,-4.948033,0.92876637,2.4187167,3.5794637,1.707744,-2.8186102,4.324056,3.7253914,6.113955,1.4208772,-0.96497583,-2.1022265,-1.1579235,-0.040539745,-1.5108591,0.40730476,0.99125266,-0.51129043,2.0190332,1.9464788,2.477973,1.2181035,-0.69143534,happy,03-01-03-02-01-01-16.wav
-445.00565,23.910082,-15.10681,8.46189,-12.434302,-11.867257,-9.349668,-8.107802,0.114226304,-8.29387,-5.1296425,0.41012737,-5.8080316,-5.1774225,-4.66899,0.4463866,0.14049414,3.3669832,4.7583375,2.970902,1.837529,5.7731576,1.6953621,6.077204,-0.17527887,-0.1623676,-0.94568807,-0.020329475,-1.9924438,-1.1801417,-0.79924434,-0.008138554,-0.089328155,1.3453821,0.78211457,0.41694078,-0.73762786,1.3055869,1.4325236,1.0690585,happy,03-01-03-02-01-02-16.wav
-510.35654,23.911875,-8.962515,5.0168934,-13.5486355,-17.255228,-15.409712,-10.425199,-3.089283,-12.135932,-7.072093,-4.207291,-7.5205126,-3.2846406,-7.17988,-5.864966,-8.539867,-6.706891,-2.8602307,-1.3854227,3.2888873,3.0259495,0.6791676,3.4069788,2.1670969,4.413999,3.2724345,1.8638778,-0.7361269,-1.9278047,-0.46962926,1.1516076,3.1585453,0.85820955,-1.249757,1.385985,3.4577413,1.0041524,-1.083035,-2.584643,happy,03-01-03-02-02-01-16.wav
-526.41614,30.645138,-10.340186,5.9650064,-10.5804825,-13.499121,-12.685982,-8.91623,0.92339766,-7.365096,-6.6464653,-0.039521217,-10.520065,-2.6731098,-3.8949783,-3.9129088,-4.7361546,-5.7927895,-1.6428115,-5.844782,-4.457364,-2.5523539,-3.6878312,3.032888,2.4365077,3.4218469,2.6900756,1.4267312,0.94189626,0.082811676,-0.09187182,2.861829,4.319715,3.5098338,0.80054724,-0.90201193,-0.024184141,1.8849779,2.7344835,-0.15298887,happy,03-01-03-02-02-02-16.wav
-656.3622,38.034687,1.7627729,8.774309,-8.378806,-7.714603,-15.012682,-2.6038125,-4.8146896,-7.9376645,-4.1316824,-0.68141365,-7.4055734,-1.3704709,-6.701683,-0.9907408,-4.678552,-4.098315,-3.450631,-4.375155,-3.9628704,-5.771336,-2.8624437,0.32885382,2.9104066,2.9949253,2.8021424,-0.029393792,1.5640316,0.7376606,0.7051574,1.2182778,0.50351846,-0.7966328,-0.26120964,0.44838676,2.0217335,1.0730333,0.1441034,-0.8141066,sad,03-01-04-01-01-01-16.wav
-654.3955,54.501778,2.9534671,8.948413,-9.957845,-12.682647,-15.265006,-5.8117547,-3.7827272,-9.527015,-4.675363,0.41758776,-7.2688265,-1.0906755,-8.287491,-3.0141544,-5.4209085,-3.60706,-0.95022255,0.04517221,-0.08747763,-1.4698355,-0.8768519,-0.7954381,-1.1521643,1.0461268,-0.8742498,-2.8176432,-2.1387208,-2.8930926,1.9038618,3.022967,4.581274,2.8026204,1.639531,1.1620224,1.4961671,2.3874202,1.6609987,0.83386564,sad,03-01-04-01-01-02-16.wav
-669.5077,42.301487,1.9868646,9.234647,-2.605704,-11.007867,-14.297531,-5.690082,-1.7482512,-9.12017,-6.057391,-0.7513148,-6.9196434,-2.4027417,-5.0985403,-2.9005752,-5.1782746,-5.564663,-3.7406542,-5.08542,-3.041873,-4.5650086,-3.9827383,-2.0298147,-1.5021583,1.6209961,2.2396057,1.8229755,1.540587,0.8799413,0.7507207,2.5806649,2.928162,2.029507,1.7121631,2.0769277,2.5144804,3.6801748,2.8446624,1.5346217,sad,03-01-04-01-02-01-16.wav
-679.2774,42.970078,5.830074,9.9486885,-3.8207953,-13.158821,-14.356046,-5.6873164,-4.504334,-9.181009,-6.1400423,-2.235357,-6.0578265,-1.5897406,-7.756528,-1.490792,-7.2218227,-5.08821,-3.7526994,-4.788118,-5.1248074,-5.379547,-4.2741714,-3.8827975,-0.27762997,1.8356307,2.9768364,2.3423994,1.0608114,1.0479808,2.5698478,5.3468437,5.577948,1.0457317,-0.06776096,1.1892506,4.9054275,1.8912127,-1.3507463,-3.147721,sad,03-01-04-01-02-02-16.wav
-593.7313,45.120026,-13.085929,13.309435,-9.408425,-17.221764,-24.30653,-9.647879,-1.3603603,-13.00987,-4.3975053,3.3988602,-12.001213,-1.2952875,-6.532775,-4.195813,-6.682983,-7.5384054,-3.4337811,-6.544433,-2.9813495,-3.8669949,-2.7384477,0.1356283,-1.2276471,0.5410134,1.6191425,2.970301,3.4133599,2.7626863,2.1679273,0.11923756,1.4446374,0.70692253,1.6116277,2.6528661,1.708928,1.4667957,0.91516024,-1.4572783,sad,03-01-04-02-01-01-16.wav
-622.37054,42.872902,-6.0468574,8.776284,-6.447475,-13.293226,-18.184618,-8.11435,0.6894088,-11.058686,-7.6378064,4.8861995,-9.197758,-2.3964317,-5.312433,-4.4818497,-3.6233559,-6.673157,-4.7331486,-1.2162334,-0.5629049,0.8209359,2.8402867,2.4854329,1.4513247,1.9353017,3.5135388,2.509285,-0.7586625,-1.4909347,-1.8695241,-0.5650236,-0.41189557,-0.68285257,-1.5204916,0.65413046,-0.88980126,-0.679413,-1.1664754,-1.2290568,sad,03-01-04-02-01-02-16.wav
-607.36444,45.496326,-1.477994,8.081181,-10.157054,-19.504902,-18.643366,-12.593804,-4.069458,-11.6713,-7.9453993,-0.3532393,-11.436988,-4.1739836,-10.635091,-6.2959514,-7.756719,-7.802151,-2.2983692,-1.0135145,1.254715,4.3252234,4.2906523,3.9305391,2.7527964,2.2873504,4.7799964,3.667238,2.924843,1.24481,-1.3462273,0.05435394,1.9592683,0.7698592,-0.25175622,-1.0547689,0.5343894,1.6572344,-0.276084,-2.1091652,sad,03-01-04-02-02-01-16.wav
-580.28735,45.030266,-8.940021,9.597153,-8.68804,-22.65114,-21.35569,-4.778414,-2.517865,-13.474321,-6.4425836,2.5500898,-8.073001,-4.100347,-8.286402,-4.8852224,-6.598328,-4.2501373,-3.4755723,-1.2323765,-1.2141169,2.8222225,3.9124537,8.152601,6.2211137,5.5154347,2.8066473,-2.4079838,-2.3720815,-0.2277294,1.4829204,1.6934708,-0.9801117,0.041424163,0.5279383,0.6852252,-0.340505,-0.82358557,0.98714036,0.1440458,sad,03-01-04-02-02-02-16.wav
-501.64105,33.304497,-3.220559,6.3307195,-11.777186,-5.4333754,-10.842698,-9.919101,0.7523639,-6.147736,-3.3815033,-0.5961393,-5.6391773,-1.254461,-5.299167,-2.9449267,-5.7386928,-3.7958503,0.051520843,-1.6553048,0.64661145,-0.7565234,-2.627375,1.9261615,-0.99710745,2.8291163,2.526705,6.180131,3.0659528,1.5115929,-1.6936668,1.1328207,3.3117425,3.2425976,0.16344224,0.573675,0.34974808,1.1842874,-0.08497713,-0.29142666,angry,03-01-05-01-01-01-16.wav
-476.49698,32.275898,-5.064379,3.3991892,-11.540231,-5.9792953,-7.370369,-14.252958,0.27490062,-6.790557,-5.787504,0.5003236,-5.605604,-2.7105975,-4.2972765,-1.3970494,-6.1580415,-4.4118633,-3.7430403,-3.517691,-1.328571,1.746539,0.0031507148,3.657961,0.777699,3.8802843,3.5218654,5.3431363,3.2003682,1.6517503,0.9391704,0.76843154,1.7746271,1.8950999,-0.32882357,1.212434,-0.06814705,-0.628295,-0.25447696,-0.7098166,angry,03-01-05-01-01-02-16.wav
-531.26117,28.768826,-3.7767591,-1.3787471,-12.077914,-6.4593525,-13.52562,-13.793722,-3.731124,-6.282697,-7.7031965,-2.7371469,-6.841467,-6.3106422,-3.9664776,-4.3758993,-8.712455,-2.299436,-5.2359495,-0.25878257,-2.063784,0.27975488,-4.208186,-0.1153232,-2.9506361,0.21880008,3.6867967,4.7956877,3.6536388,0.26930183,0.11941112,1.4797997,2.1407535,1.8137126,0.28217742,0.6177915,2.05176,1.7615105,2.3590438,-0.4350994,angry,03-01-05-01-02-01-16.wav
-479.9673,29.945799,-3.2731924,6.6856155,-11.636259,-7.668892,-13.399967,-13.626764,-1.451306,-7.1837997,-7.41901,0.48420262,-7.0491223,-4.894276,-3.5341992,-2.717112,-5.714879,-2.594901,-4.2005196,-1.3822598,-0.19273287,0.19148543,-3.2880414,3.2559607,0.40440556,3.0734327,0.59028065,2.4600716,1.2697645,2.9240723,0.9466624,0.48028448,1.1489775,3.1940532,1.2200056,1.4055649,0.7158694,-0.62652034,1.1090769,-0.34901896,angry,03-01-05-01-02-02-16.wav
-419.1382,26.712727,-7.9698944,2.3661118,-17.370794,-6.6212206,-9.58356,-13.078626,0.44638008,-8.548461,-4.073683,-1.1792122,-6.9862003,-4.157302,-7.8109174,-3.0193968,-2.8575482,-0.030260148,3.3391519,0.86894345,2.8549118,3.2427032,3.5316143,5.752867,1.022593,0.28718382,-2.0697222,1.2941774,0.8190221,0.104210205,-2.8022413,-1.150343,0.5905854,1.6889868,0.5729599,1.3409156,0.07939438,1.2673358,0.7422921,0.05696693,angry,03-01-05-02-01-01-16.wav
-407.04526,20.05263,-17.664024,1.7984996,-18.348322,-7.2832775,-11.278743,-17.003492,2.3899753,-8.147113,-5.416292,-2.201708,-7.7815156,-3.6870334,-1.2210137,4.5699043,-2.148635,2.1830242,2.429641,3.0518403,5.249476,2.1294062,0.30217236,2.191895,0.87473387,-0.15036876,-1.8781849,3.0003955,0.17319013,0.14204243,-2.4558184,-0.007786516,1.9853415,1.1672524,1.0914847,1.301829,1.0470147,1.5172396,0.03769145,0.0996323,angry,03-01-05-02-01-02-16.wav
-426.687,17.354733,-16.069511,3.344125,-17.65274,-5.191529,-10.424487,-18.517885,3.7786846,-9.669229,-5.787392,-4.619688,-7.7612724,-7.435447,-2.096733,1.543762,-1.9135405,4.0096383,2.4285238,3.5003972,5.2185316,3.0112512,1.095063,0.50885826,-0.43667507,-2.9730635,-1.216327,1.0669464,-0.46341655,-2.2076178,-2.4998896,-0.10519117,1.9268291,-0.17115553,1.0801619,1.9524843,2.3902364,0.12542972,-0.02478037,0.24792689,angry,03-01-05-02-02-01-16.wav
-434.83502,21.014095,-12.552251,2.069596,-16.405241,-6.1134605,-9.138945,-16.37051,4.0941133,-8.6465845,-3.7060196,-1.8191501,-8.228058,-3.285151,-3.6911318,-0.4348268,-6.0414124,-4.498111,-1.766427,1.416469,6.661667,8.971767,4.7008505,5.0582867,-0.7937299,0.487705,-0.5653341,1.3469346,-2.732863,-2.132368,-0.061257944,0.37993103,0.5088941,0.078962445,-0.8510346,0.5981226,-0.66905767,-0.621216,0.30250776,0.6585094,angry,03-01-05-02-02-02-16.wav
-560.3365,37.834587,-9.004407,8.250766,-9.506641,-9.659619,-14.964383,-11.952426,-0.4612661,-11.093237,-10.324398,6.117998,-5.5215087,-6.611894,-6.787998,-4.470809,-4.3092995,-0.6878558,2.9490862,4.5032296,2.4314864,4.7084594,1.579515,7.638531,1.7924545,-0.3162836,-2.8513415,-3.0407984,0.25834137,-0.43342102,1.0135221,-0.31300187,0.81740385,1.2440346,-0.01079497,0.86991525,0.10865738,-0.83522516,-0.39505932,-0.8254771,fearful,03-01-06-01-01-01-16.wav
-596.6408,34.685844,-0.89120793,8.064755,-5.761147,-5.146524,-14.712762,-8.276686,-0.4910956,-7.9111633,-8.279864,3.9402404,-5.738938,-4.962875,-4.2837744,-4.23808,-4.193304,-6.3280425,-3.9186957,-4.9849534,-0.67801195,2.4110887,2.0435925,4.9666395,0.58182496,1.6461872,0.4633267,1.8719875,1.1071999,0.2878661,0.87567484,2.852019,2.5747373,1.9998829,-0.6879362,1.315611,0.5213517,-0.50804406,-1.5818877,-1.7155637,fearful,03-01-06-01-01-02-16.wav
-572.9483,34.116413,-1.0217965,9.952277,-6.639217,-12.651188,-15.9610405,-5.896922,-0.5359344,-9.521281,-4.823481,2.3397264,-6.8784413,-3.2959068,-8.017013,-1.3294446,-6.6893816,-4.9990845,-3.828122,-3.5692644,1.374894,-1.4920964,1.9722985,0.95800257,2.1673298,1.7395138,1.6614066,2.1685007,0.06891068,0.120649844,1.3908584,0.4240363,0.5661659,-1.5768911,-0.14149204,1.8034378,1.8527168,-2.0485942,0.3654092,-0.16926767,fearful,03-01-06-01-02-01-16.wav
-537.1934,31.92201,-6.752708,4.8051305,-7.559117,-13.539145,-17.979425,-11.743347,-0.23890154,-11.886022,-8.7603855,1.8700918,-9.22574,-4.3637,-6.1328897,-4.2008796,-3.6505296,-5.1409087,-0.12014014,0.9680687,3.3510747,3.432326,2.979714,4.7184396,-0.33321816,1.7834882,-1.4674284,0.37576866,-0.14692001,-0.3132379,-0.30219346,-0.29464677,0.35291433,0.6594373,0.51289976,0.0992167,-0.6960416,-1.6545995,-0.54039115,-0.551797,fearful,03-01-06-01-02-02-16.wav
-395.11014,16.1552,-24.995596,1.6271933,-17.97261,-14.820574,-19.01854,-13.655475,-1.8544056,-15.522269,-9.605961,8.139591,-2.7788086,2.3543265,2.3775144,8.010158,3.7667365,0.48359257,2.2247984,2.3637958,0.5309664,1.9354835,-2.0252275,0.47558907,-1.2363865,2.0530403,-3.1120872,-3.6467385,-2.663058,0.18626472,-1.8965311,-1.4811474,0.3756576,1.3024108,-1.4607607,0.09804616,0.7182306,1.1272249,1.5789398,-0.2507112,fearful,03-01-06-02-01-01-16.wav
-383.20975,9.700663,-26.453678,2.8791127,-18.089264,-16.468145,-16.327507,-11.724766,-1.1919888,-13.955227,-2.5467076,11.273836,0.6279129,7.8418593,6.364483,12.581165,7.2468395,3.749637,-0.323177,-4.637719,-2.557604,1.9398277,-0.046806466,-0.4290581,-4.6746264,-0.40491375,0.55616814,1.1254715,-2.674951,-2.946612,0.40140545,1.8915352,2.8333046,2.9522007,0.88115066,2.185514,1.4269068,-0.6472809,0.5954109,0.681911,fearful,03-01-06-02-01-02-16.wav
-391.38736,10.055475,-29.128218,1.9109955,-19.624012,-16.070127,-18.353525,-18.514658,0.79853535,-15.48584,-7.8917665,9.373221,-0.499703,1.2648747,4.0031085,8.679865,5.661777,4.5862036,1.9357698,0.11464198,-0.35795534,5.4988003,-0.011725232,0.91736054,-3.0726488,-0.13608943,-1.6120607,-0.46028653,-1.5674019,-3.363885,0.0018754215,-0.66144353,0.2924113,3.794601,2.4814348,2.1933217,0.7003226,-0.8164994,1.5019355,1.3496958,fearful,03-01-06-02-02-01-16.wav
-389.56247,16.191185,-27.24325,0.92222214,-17.711351,-15.987404,-18.368408,-14.9226675,1.2918296,-12.741262,-6.3672853,10.504787,0.37998334,1.5410032,4.4559636,8.214338,4.9018416,1.1049716,-0.03676299,-2.3114018,-2.9023483,3.8273327,-1.2873471,-0.7564647,-3.8056333,-0.41979554,-0.8617995,-2.5294378,-1.9685898,-1.8879014,-0.16379169,-0.19995846,0.33968934,3.3735776,0.40707666,1.2534657,1.6498839,1.0569193,2.2646034,0.21234068,fearful,03-01-06-02-02-02-16.wav
-607.0372,42.875454,1.2642261,5.7804627,-6.6619616,-4.0726476,-14.876738,-7.878089,-1.4266094,-4.8405557,-6.682108,3.025983,-7.9172277,-2.9521523,-4.694331,-4.541899,-4.5583696,-4.745258,-2.9616797,-3.3126836,-1.8391272,-2.9785554,-1.1829747,-0.020869307,-0.6960178,0.27915066,-3.16344,-2.6379566,-0.60408574,-1.222532,0.23604235,2.1855354,1.5796796,2.7608514,0.3718638,0.8578522,2.2331178,0.7359278,0.33240953,-1.0233021,disgust,03-01-07-01-01-01-16.wav
-592.9632,48.292366,-1.86385,2.7538865,-8.246795,-4.087553,-17.615767,-7.2628026,-0.53464675,-7.061474,-7.054188,0.6522788,-6.044979,-2.9788117,-6.731988,-4.965109,-5.7017813,-2.7448778,-2.948661,-3.8806672,-3.7069151,-5.21026,-4.061,-2.0647016,-2.1684842,-1.3923687,-2.617511,-1.9054251,-0.4706355,-0.6061062,-0.39330834,1.2716582,3.239134,4.340214,2.593082,2.657413,1.0864829,0.98255897,0.562621,-1.5857552,disgust,03-01-07-01-01-02-16.wav
-618.9831,39.545624,1.478024,7.429433,-11.451771,-13.876612,-11.469459,-5.527647,-8.311049,-5.7934566,-5.3376775,-4.520064,-3.8707006,-6.1113224,-6.158827,-1.8849735,-9.779958,-2.3130312,-4.716302,-3.4142988,-0.6889037,-2.1299536,-2.4613245,-2.1300492,-2.9463985,-1.583082,-1.4232644,1.4335971,1.765395,2.7229772,-0.040031318,0.21258384,0.4993442,1.808368,4.5991707,3.7897575,1.9357346,0.25942588,0.75377905,0.40758434,disgust,03-01-07-01-02-01-16.wav
-575.1364,45.055386,0.86635643,8.137826,-5.5988846,-10.723627,-11.951401,-6.3580575,-2.472861,-7.016487,-4.1915803,-1.7195634,-4.3750453,-1.7473347,-5.2729764,-1.485749,-6.45264,-2.513527,-5.222692,-4.0795193,-3.5951762,-3.0453198,-2.5617065,0.95344895,0.5145155,0.24246778,-2.7299728,-1.3232262,0.115071364,0.949165,2.9406276,2.6098666,2.6989515,2.954378,2.2593684,2.558323,1.2903634,1.1356432,0.6459156,-0.50384325,disgust,03-01-07-01-02-02-16.wav
-574.74207,45.156876,1.3856388,5.5603514,-9.5771885,-10.518076,-18.241863,-9.657206,1.4578742,-9.0775385,-8.173649,-0.5193723,-7.8204885,-5.2060914,-4.5724807,-4.00126,-5.6263766,-3.6155264,-4.5582395,-6.1661224,-3.149199,-4.8666744,-6.5888133,-2.1644146,-5.550335,-3.1355302,-1.8810657,-0.00903753,0.491535,1.1747631,1.3872153,3.0015378,4.374965,5.5284553,2.640233,1.8249267,1.1626085,1.1104763,0.691003,-0.32783213,disgust,03-01-07-02-01-01-16.wav
-559.2296,43.272736,-0.008889564,6.9905815,-10.891249,-5.5310574,-14.534585,-10.842241,2.6046724,-6.290443,-7.4529343,2.3155506,-6.3595495,-4.5975575,-3.813221,-5.374861,-3.982857,-3.9739137,-1.8358696,-4.2912354,-3.1331153,-2.8118176,-3.8561668,-1.1407623,-1.346106,1.1320422,1.4209934,1.5954391,1.4318436,1.5674126,1.301699,2.6269207,2.187223,2.5476265,-0.33229783,1.137038,0.7127592,2.321804,0.55612427,-0.8688099,disgust,03-01-07-02-01-02-16.wav
-555.921,43.863884,6.8617997,7.506398,-7.4233184,-12.568695,-14.326832,-13.37792,0.3136351,-10.400933,-7.717781,-0.38950512,-9.258406,-5.1145554,-4.794299,-4.302677,-7.27752,-5.3946724,-4.2294755,-5.8209004,-5.5887227,-5.0122604,-5.8737907,-4.6091266,-3.7467253,-4.367263,-2.572225,-0.64157575,2.9076242,3.0785315,2.7561731,2.662122,2.770793,2.1413305,3.130101,3.0329924,2.4483497,1.6835488,1.7376833,0.738624,disgust,03-01-07-02-02-01-16.wav
-536.57776,34.250942,-1.8680655,5.1186056,-11.396854,-13.514016,-10.271327,-10.165198,-2.183587,-8.617459,-5.4782777,-2.0390387,-6.538252,-4.7527127,-6.5549383,-2.0951178,-6.5985107,-3.5545428,-4.9793973,-4.866992,-4.0561843,-2.3300178,-4.654618,-0.49243194,0.7552457,4.1014414,5.280815,5.404737,5.2081556,2.1577635,1.0158166,2.432777,3.6649761,2.8749774,1.4957134,-0.3156533,-0.9274589,0.2576197,0.3251651,-1.8682119,disgust,03-01-07-02-02-02-16.wav
-594.89716,38.64162,-8.628937,4.3338194,-11.905394,-12.681331,-13.474496,-4.205709,-3.835449,-10.31007,-2.8226724,-6.1374593,-3.3508017,-6.208847,-7.7971077,-1.5204955,-3.6617942,-0.3472872,-0.0020435564,1.8792675,-2.4482708,1.6144221,-2.4505665,2.6230686,-0.5923199,0.023566583,-2.1106725,-0.9018341,1.2247572,1.7904778,-0.39641374,-1.1885834,-1.8478403,-0.15399078,0.6645581,1.5095958,0.96187085,1.1568892,-0.04725119,-0.17151846,surprised,03-01-08-01-01-01-16.wav
-553.5813,35.087765,-5.8570433,-0.57221025,-15.465898,-14.452999,-11.893352,-5.4102936,-9.7338085,-5.2256618,-7.715897,-6.9904094,-2.5704958,-5.6083746,-0.90270114,1.2831858,0.15229435,-0.9848744,-1.847703,-4.3727665,-1.5850611,-0.34179264,-2.0267231,1.6273234,-0.98517257,2.4332454,0.06404489,-0.11067516,-1.705283,-0.7370868,0.05975497,1.4241621,1.495897,-0.5943064,-0.78257805,0.26109484,0.84359485,-0.70506585,-1.4362894,-0.19897388,surprised,03-01-08-01-01-02-16.wav
-573.1029,35.35333,-6.881868,2.7051425,-11.989612,-11.923272,-16.35943,-6.889041,-4.589178,-10.315464,-3.2991774,-6.2005367,-6.3023376,-3.3004556,-5.525585,-0.9014994,-5.2186594,-3.346064,-1.2728994,-1.4985306,2.2254303,1.1540416,2.1255634,2.3611636,2.3582187,1.9494314,2.9341838,1.1374077,-0.69589615,-1.5839779,-0.19571425,0.40627858,1.5103639,-1.5159404,-2.4506676,-0.725289,1.2562561,1.4742093,0.53762954,-0.59055406,surprised,03-01-08-01-02-01-16.wav
-523.6733,29.50234,-6.4667554,0.03979538,-15.032148,-17.956425,-10.460009,-6.556335,-10.278741,-7.6412983,-7.8654566,-6.821576,-2.1513827,-3.019753,0.2776582,3.1789892,-1.6146924,-1.4723182,0.6987088,-0.38543853,-0.57883507,-1.0293442,-1.304934,1.0619463,0.716324,2.751344,2.1131892,1.2775731,0.40730152,-2.3618705,-1.8389397,-0.29917672,0.90063757,0.5664706,-0.8281682,0.4957859,0.6483102,1.090209,-0.7158858,-2.0018597,surprised,03-01-08-01-02-02-16.wav
-548.4745,36.259327,-12.459136,1.9580961,-12.403679,-11.532243,-18.084871,-4.314556,-3.7076888,-10.353709,-4.805416,-6.0524845,-5.3674517,-2.0142243,-8.393492,1.6426384,-1.9970545,2.3504016,1.6174077,-0.073181495,-2.1689034,-1.4828172,0.15232946,3.9250476,2.7931566,1.1836582,-0.5195154,-2.6096222,-1.2578015,-2.4210188,0.059936542,0.029991098,1.0147223,0.20984687,1.1043893,2.5762255,1.9651363,-0.4318475,0.27910697,0.36361647,surprised,03-01-08-02-01-01-16.wav
-531.13336,37.372303,-9.510309,0.14677465,-16.896654,-12.604484,-11.047343,-7.8181095,-7.483602,-9.369486,-6.8344855,-5.4899535,-3.7839136,-4.958626,-2.104069,0.09641491,-3.4172666,-0.3953068,-1.4333395,-0.63023216,-2.8827267,0.7329582,-3.5201185,2.357907,0.7814934,3.3285418,2.0253487,1.419346,-1.708357,-1.8999273,-0.25915244,0.9821903,1.8059511,-0.37957788,-0.29452467,1.4217676,0.086134054,0.70454633,0.8009532,0.26449132,surprised,03-01-08-02-01-02-16.wav
-499.95892,35.150936,-12.119414,1.0832949,-13.504619,-18.036058,-14.729135,-10.675469,-5.519428,-11.43876,-3.565068,-3.0149424,-6.2428217,-5.8295846,-4.8330984,0.59123033,-1.0136688,-2.258909,0.48146653,2.068317,1.1572142,5.0167108,2.3920312,2.468497,-1.0213946,-2.2191455,-3.5669973,-0.009329217,-0.2315624,-0.41182476,-0.63674736,0.84096473,0.78837824,1.91798,0.41291788,-0.17420003,-0.09957181,1.4799044,0.48352903,-2.3210151,surprised,03-01-08-02-02-01-16.wav
-520.8733,32.240776,-11.368161,-0.04773024,-13.964513,-17.95856,-13.991972,-8.837763,-7.928493,-10.869158,-5.5737085,-6.264895,-2.8016655,-2.7294638,0.1145844,0.14231221,-4.1159716,-1.4181262,1.9731455,-0.21452105,-1.7355995,0.1373144,-1.3113474,5.009868,2.970987,2.1926856,0.12980135,-1.3855886,-1.9714032,-1.1760491,-0.5314117,-0.7594389,-0.85922134,-0.63316643,0.31473878,1.1565192,0.0142523395,1.9010428,1.8513972,0.5920744,surprised,03-01-08-02-02-02-16.wav
-746.3406,50.800827,3.6214201,10.792355,-7.186939,-1.2357436,-12.703273,-11.5120735,-2.7376487,-0.34424067,-7.095925,-3.91496,2.1582549,-6.291391,-5.729751,-3.4505715,-2.7384386,-6.90866,-2.9980354,-2.6181417,-6.0926986,-2.0326724,-3.3991525,-4.8418493,-1.9287449,-2.5895004,-2.2770772,-2.0425622,-2.1519868,-3.0403943,-1.4973856,0.056160707,2.7362337,6.690076,10.299039,11.877159,9.304007,5.971214,0.20905903,-1.890518,neutral,03-01-01-01-01-01-18.wav
-735.29266,52.87843,2.44731,8.764066,-6.8828692,-0.48773164,-13.244978,-9.947134,-2.9432044,-1.675334,-6.876628,-6.0500083,2.4250581,-6.354026,-6.3699136,-2.7875202,-2.6973014,-6.5513153,-4.505141,-4.0339017,-7.9403625,-3.3001335,-3.8010519,-4.5687723,-2.3016737,-3.4673374,-2.3019168,-2.760453,-3.0867078,-1.6679245,-0.25135672,0.7439892,3.7971466,5.110343,6.549783,7.253345,8.101685,6.448625,4.0574007,0.65686905,neutral,03-01-01-01-01-02-18.wav
-751.7059,46.090816,9.300379,4.6834955,-8.37185,2.3050447,-10.559924,-11.794626,-2.6744401,-2.781195,-4.136533,-6.1754284,0.4439175,-3.5627446,-6.807618,-2.9466555,-3.4968598,-7.2352886,-5.74766,-3.4965782,-7.642373,-2.6579294,-3.6211352,-4.6216073,-0.8481537,-3.9231455,-3.606241,-3.4930694,-2.0923593,2.1230989,6.1297274,7.368659,6.8690333,3.5706913,1.8206509,1.2841898,3.106054,4.295115,4.1499104,2.241574,neutral,03-01-01-01-02-01-18.wav
-752.0282,53.241547,2.5823712,4.87011,-6.7446294,-0.083484545,-13.606557,-11.764884,-1.7922386,-1.1666076,-5.9615726,-1.9646513,-0.5765841,-5.4075775,-7.0011907,-2.3564062,-4.196541,-5.891186,-4.4676404,-2.825138,-6.690269,-2.4526453,-3.1720147,-4.927599,-3.0695398,-2.3893247,-3.5385697,-3.5937736,-2.0430899,-4.3792734,-1.1785667,1.1712042,3.9854093,6.871318,8.029476,6.054083,4.3193254,5.347986,4.193809,2.6153326,neutral,03-01-01-01-02-02-18.wav
-680.86487,43.145462,1.0695794,10.020237,-7.8288617,-0.4169733,-11.236115,-9.933968,-4.306751,-3.886656,-6.170094,-3.6141427,-1.3244944,-5.6640906,-6.8805876,-5.0283327,-5.804816,-6.2570505,-5.189772,-5.9120073,-4.6572967,-3.502549,-5.499607,-3.6475718,-2.0794775,-1.9208958,2.9102874,2.2351367,4.8230557,4.4683137,2.8011143,1.9111627,3.3287954,3.4375632,3.1724696,1.1311542,0.59853846,2.0814946,3.7184808,2.0234444,calm,03-01-02-01-01-01-18.wav
-693.6677,48.113953,-2.4033165,13.842216,-8.372226,1.7611347,-11.586759,-9.072414,-3.3287437,-2.1238678,-7.04153,-4.677494,1.0217595,-6.628357,-6.2231717,-5.767646,-3.711994,-7.71537,-5.017195,-6.4879274,-5.812807,-3.7130058,-5.333478,-4.6177053,-3.1237977,-3.193941,0.86367303,-0.5048858,1.7484567,3.3506453,2.8856647,1.225867,1.5608569,0.7125883,2.8714836,4.3297753,5.7467976,5.9925733,5.3607416,2.4474926,calm,03-01-02-01-01-02-18.wav
-677.47955,48.591515,4.134193,6.2091804,-2.5081692,0.30927578,-11.876281,-8.514687,-6.0182223,-4.7284846,-5.906216,-5.4179583,-1.7821823,-6.275745,-4.74153,-6.2621994,-7.349623,-5.706147,-5.9399433,-6.6054497,-6.493024,-5.0620995,-6.3072557,-5.9328747,-3.3970866,-2.28988,3.1111786,2.8605492,3.7781901,1.6597391,-0.5523647,0.56196,3.2023318,5.516652,4.0734653,3.4812953,0.33379582,1.5725024,3.1139348,1.3973638,calm,03-01-02-01-02-01-18.wav
-677.98535,48.31615,5.230137,6.6914415,-2.4260147,-0.3427045,-10.97829,-10.256226,-4.6914573,-5.39562,-5.2793403,-5.2183905,-0.6693697,-5.795257,-4.9788375,-5.9993153,-6.961506,-6.664438,-6.3975616,-5.517982,-5.342513,-4.2928376,-5.094937,-4.144645,-2.7904236,-2.5821822,0.72338986,0.70369196,2.6148157,4.394561,2.5119152,2.0471566,0.9081486,0.33446226,1.9307542,3.761305,3.9675221,4.076457,3.784083,1.5642468,calm,03-01-02-01-02-02-18.wav
-698.7261,40.00225,0.90629345,11.231251,-9.105897,1.0433667,-11.338154,-10.637122,-4.9019356,-4.9811964,-6.402832,-5.856611,-1.2000878,-6.6923094,-5.136753,-6.0824027,-5.33726,-5.080623,-5.214987,-6.8766923,-4.7820973,-4.531559,-4.2110767,-4.253678,-3.6852973,-3.0334857,-0.6192978,-0.00034926424,3.8861217,6.280497,6.330183,6.1265154,4.8121567,3.5963562,3.6589465,3.2848425,1.9446665,1.7592099,3.2454765,2.8060474,calm,03-01-02-02-01-01-18.wav
-699.57715,46.61253,5.1812325,13.127591,-6.809303,-0.72928894,-9.363231,-10.273656,-3.8990867,-3.879818,-5.5823717,-4.6332726,0.010685271,-6.1859174,-5.497726,-5.738872,-4.7252965,-4.9118495,-5.8928776,-7.1977797,-6.256108,-5.157471,-4.565382,-4.549809,-2.2475958,-4.198136,-1.680438,-2.160241,0.18922089,3.4830437,3.6035929,3.4975743,1.4027116,0.30326426,0.98350734,4.0374875,4.7443104,5.8730707,3.6212873,2.742792,calm,03-01-02-02-01-02-18.wav
-692.06714,44.34563,3.8943357,7.82644,-3.4292965,-0.07400079,-11.587979,-9.043751,-3.93741,-3.641722,-5.663034,-6.8200736,-0.4257383,-7.345244,-5.9525666,-6.3086534,-5.2992396,-5.117046,-6.7347574,-6.4193945,-6.2269816,-5.3304796,-5.908766,-4.3998604,-4.1425385,-4.0683904,-1.6570559,-3.2004883,1.1216003,4.1502485,5.694394,7.5642624,5.92486,3.2791586,1.6289268,1.9358515,2.9332945,4.3895736,3.8459823,1.6379647,calm,03-01-02-02-02-01-18.wav
-687.42645,43.688,0.83908594,5.2232895,-4.528579,-0.2950098,-11.3778515,-9.332576,-4.949101,-5.9253335,-5.953642,-5.984871,-0.09954152,-4.5402703,-5.417286,-5.9449162,-5.91552,-5.282838,-5.412425,-7.1545234,-5.768914,-3.306444,-4.98671,-4.45218,-3.4100692,-4.155583,-0.77360106,-0.8155252,2.4679785,4.7288394,4.439021,3.5086107,2.157492,2.3077986,3.4286034,4.463602,3.9979496,3.0128806,3.116036,1.7347326,calm,03-01-02-02-02-02-18.wav
-618.86383,40.192005,-14.475894,5.274537,-7.7538595,-3.1037934,-13.619834,-12.033383,-6.0964937,-6.617844,-6.0630383,-6.5350637,-1.7821807,-6.4794,-8.968332,-6.689125,-5.354848,-5.8716598,-2.9747515,-3.070191,0.38243794,2.0899954,-0.4083786,0.9184809,0.28140137,3.872815,3.8830943,1.7637225,1.7828418,2.124648,2.2967422,1.2717452,-0.72464454,-0.6728714,-0.2438451,0.47410354,-0.61940485,1.0129586,3.6746662,2.1963136,happy,03-01-03-01-01-01-18.wav
-619.5426,36.495514,-16.261326,9.123062,-9.542395,-6.9258156,-17.688559,-11.26577,-1.3184092,-4.967322,-9.045481,-5.139348,0.40287593,-7.2121525,-6.7202,-3.9067895,-5.986256,-4.2703233,-3.96158,-5.2952514,0.3652914,7.436384,7.0754495,8.449264,3.9224415,3.2611113,1.3018519,-0.121336326,1.7588017,1.0819466,0.9057584,2.2972758,2.0552144,0.3693413,-2.0576265,-1.9467146,-0.91682535,-0.23785436,-1.4494275,-0.99766874,happy,03-01-03-01-01-02-18.wav
-659.87006,44.63549,-10.377007,7.868081,-6.679365,-2.8495944,-15.989368,-11.673689,-5.701037,-5.790942,-6.808602,-6.2598963,-0.004986635,-6.6181455,-8.361655,-5.1003757,-6.216949,-8.5000105,-4.5417137,-5.6047893,-4.406251,-1.4976708,-3.3718617,-0.82387197,1.7316682,1.6425918,3.4272828,0.17982048,-0.0859819,1.2532916,3.4174712,3.4701643,4.407356,2.7666044,1.5577731,2.0697277,1.6881477,2.281185,3.0173435,1.4094443,happy,03-01-03-01-02-01-18.wav
-640.70264,39.58829,-7.625538,6.6496205,-10.483285,-7.957706,-14.292027,-11.974743,-5.1191516,-7.0739512,-8.626646,-7.2485585,-1.9262662,-7.8422823,-7.8101034,-6.3599215,-6.306897,-7.645426,-5.3597074,-3.5233047,0.52797157,2.3317842,1.8664603,3.9749885,2.245286,4.458353,5.288429,2.6902394,1.0685859,-1.2203313,-0.87386924,0.52824414,1.2779267,-0.05994084,-0.9216439,-1.3743945,-0.4861584,2.9400547,1.6570936,0.8197415,happy,03-01-03-01-02-02-18.wav
-411.13977,5.0365567,-25.631323,-5.4534793,-10.913123,-8.212892,-7.131086,-13.110033,-4.8156004,-5.9896774,-6.191664,4.775299,11.626374,14.584726,9.014969,2.6385787,-0.43931988,0.5619111,1.7722731,-5.149621,-6.3545527,0.31589276,1.0992874,2.8046684,1.7622247,3.8575406,1.8231555,-2.35185,-0.021762218,1.2146277,-0.8326896,0.28076637,-0.036538422,1.1319677,1.6147848,1.5969716,-1.2911775,0.8340128,0.9484385,1.7958052,happy,03-01-03-02-01-01-18.wav
-415.04214,13.81835,-22.739002,-1.9232048,-9.185374,-6.9699063,-8.431153,-11.679294,-4.3239245,-6.365214,-8.023704,5.3396106,8.883183,9.366703,8.021243,5.1697726,0.6647089,0.07611909,1.4328319,-0.8070636,-4.651313,-2.0067704,0.8061601,3.416745,1.2410477,3.1127458,1.6880499,-0.30691722,0.6900199,0.310734,1.3843467,-0.37141135,-0.716233,1.0454667,0.59629464,-0.07077666,-0.03738194,1.2839369,0.5812517,0.49350607,happy,03-01-03-02-01-02-18.wav
-455.6702,7.2394714,-34.488182,0.21020159,-13.009118,-14.609392,-13.22391,-15.052633,-1.831695,-4.6870737,-10.884135,5.7136555,6.0777836,9.493123,10.9586115,8.57305,0.43030918,-4.7596083,0.05421962,-1.6770767,-3.4341464,-1.8894979,-3.8725457,2.2407005,1.1551032,0.27743712,3.0916991,3.6067564,1.3696437,-0.1857848,1.2284074,0.9793641,1.5998232,1.3094198,-1.137065,-1.2267379,0.96934366,1.1417888,0.015005015,1.5535475,happy,03-01-03-02-02-01-18.wav
-395.60013,2.0516715,-26.78509,-5.772174,-11.50138,-10.151859,-10.366156,-11.769262,-1.9830345,-7.0022597,-6.219589,2.736066,9.293704,13.778962,12.565074,5.649516,-1.3010427,-2.521789,-4.0209594,-5.7664347,-5.089692,0.33146745,-1.0526807,2.8581522,2.161903,2.267082,-1.5112723,-2.67341,2.2610905,2.7223577,-0.90616316,2.2190287,0.39857128,-1.584273,1.8040428,1.7469401,-1.6460541,1.1913732,0.51358366,-0.20899515,happy,03-01-03-02-02-02-18.wav
-635.6866,48.163055,-14.109678,6.5895877,-10.62188,-4.4535255,-7.3199887,-16.488848,-4.7962446,-3.137656,-7.219926,-3.99128,-5.8002954,-3.9578223,-6.138726,-5.3483057,-3.8541942,-7.9453917,-3.9451904,-2.0168667,-2.7172124,3.289452,3.1847873,7.035666,3.970817,3.0423317,2.1865635,4.580438,4.080045,2.1992824,0.8863997,-0.7124157,0.8499358,1.1400636,-2.00931,-4.648998,-4.2932024,-1.0437275,0.80065215,-3.0155697,sad,03-01-04-01-01-01-18.wav
-652.3717,45.62094,-9.890122,0.3285021,-11.143051,-2.1678405,-7.5372186,-16.092394,-4.1528463,-3.5006342,-8.976274,-3.6125007,-5.5148635,-4.088163,-5.312217,-5.2225876,-3.4924626,-5.87014,-3.808561,-0.593382,-2.8069167,2.5963955,1.6456647,3.5053966,2.722474,3.5547292,3.0750837,4.797088,2.4037278,1.6937497,0.2533464,1.6333393,2.1258867,1.8492091,-0.12930746,-1.5371499,-1.8619288,-0.72285724,-0.9891509,-0.74461347,sad,03-01-04-01-01-02-18.wav
-688.3764,45.309044,2.9383442,1.7219151,-8.289145,0.8416459,-10.645106,-12.646801,-4.18159,-6.068402,-6.2361965,-6.221054,-0.64727867,-6.5997643,-5.695396,-5.3226275,-5.482584,-6.9711814,-5.397026,-4.229602,-7.2384143,-3.102572,-3.8183043,-5.0079303,-1.0444288,-2.4205203,0.36265728,2.7879004,4.5482826,5.2385397,5.419671,3.9456918,5.2498665,6.0038786,4.7121882,3.0804,1.5252604,1.6253759,1.4353969,2.3823671,sad,03-01-04-01-02-01-18.wav
-670.5792,47.138466,-1.1564703,0.4666045,-7.2123075,-0.7410894,-10.510965,-15.645061,-3.5204315,-6.133871,-4.816358,-6.0887127,-2.5654397,-4.7614756,-6.287331,-5.297672,-5.2284155,-7.175508,-5.941346,-4.621915,-6.5922494,-3.9916039,-4.390278,-4.555816,-0.69427985,1.1931335,3.8240252,5.874938,5.111562,5.8697715,5.4172635,5.456149,5.507425,3.0725853,-0.2104195,1.0293574,2.7661085,4.0268216,1.5539503,-0.3698551,sad,03-01-04-01-02-02-18.wav
-496.9793,19.244583,-32.451923,-6.025786,-18.61441,-11.855713,-15.9964285,-20.08241,-10.616029,0.7183902,-12.196462,8.250846,5.2653613,6.1643844,4.7615495,3.5627625,4.927881,3.8277824,1.4191002,-3.0268936,-10.102377,-0.95181054,-1.7745085,-2.7747266,-4.3366113,0.7287641,1.0121528,-4.174136,-6.616487,1.6228869,0.32634023,1.527086,1.2500213,1.2406272,-1.150897,-0.4447259,1.0851661,2.6081936,2.250108,0.6276103,sad,03-01-04-02-01-01-18.wav
-465.6619,19.692057,-27.60021,-1.3816212,-17.926216,-14.730786,-17.901602,-21.139702,-9.303585,-0.82324123,-14.060263,3.7180684,-0.2754548,1.4332567,4.493392,4.7946444,6.240585,4.367538,7.267445,2.5976439,-6.3228083,-1.0925176,-3.1425269,-2.3686192,-2.453484,-2.2546716,-0.36060646,0.2321933,-4.1445966,-2.0524414,-1.1840872,1.3529572,1.6654079,1.9558047,-0.4067894,-1.8324829,-2.2764702,0.25210437,1.9306315,0.7392539,sad,03-01-04-02-01-02-18.wav
-484.685,29.65417,-31.806183,-1.9401637,-14.946533,-17.512846,-16.92417,-24.532501,-5.7404447,-0.21027692,-16.233355,0.7833996,-4.3163176,-4.1396937,-2.998909,-1.3448191,3.8616402,5.5243406,9.102357,11.2790575,2.6310086,1.2977213,-5.8697314,-4.525386,-1.5159868,0.97159505,-1.0126135,-3.909238,-3.477831,-0.062340707,-0.4848101,-0.4129142,-2.818474,0.40851444,-0.0735402,-1.4809694,-0.08065852,4.3071504,4.9125414,1.6104692,sad,03-01-04-02-02-01-18.wav
-489.30698,22.28536,-30.132586,-3.4122574,-15.277987,-18.675943,-13.355594,-24.725,-5.8862214,-1.148148,-15.954879,3.1402879,-5.7456403,-1.9677757,-3.435053,-1.3381345,3.5842962,6.0676675,10.268296,10.774321,-0.26804268,1.3116112,-3.563596,-3.4853184,1.3289163,-0.31680366,0.5314637,-3.2378774,-5.131845,-0.46857625,-3.4730186,-0.6038107,-0.19550031,0.6086353,-0.5722074,-0.65583265,1.158456,3.4941497,2.0252879,1.6843768,sad,03-01-04-02-02-02-18.wav
-536.6162,38.105534,-24.49517,1.3720086,-16.7006,-5.941998,-12.2056055,-19.072655,-3.0323641,-3.6206133,-7.062453,-4.2548003,-6.2698135,-4.696473,-10.522075,-4.2291217,-4.9920883,-4.0563116,0.22580156,1.3343114,1.2699872,0.74277246,-2.0872953,-3.651586,-1.6649365,-0.13306046,2.0658004,1.1272157,1.718024,4.4293323,3.3515,2.9355319,1.3328588,-0.19436641,-1.748908,0.0906671,0.50423646,0.4279223,0.85155267,0.121002465,angry,03-01-05-01-01-01-18.wav
-547.45154,42.85762,-17.569944,1.5068924,-15.63282,3.300981,-11.632684,-18.60103,-4.714999,-2.7554932,-6.1503134,-4.966126,-5.569796,-2.1525352,-8.258103,-9.250227,-4.4143915,-4.7278047,-3.1516106,-3.4744844,-1.4976602,0.21697323,-1.1092287,-0.006985264,0.41859484,1.4761348,1.0345464,0.49137914,3.5656064,3.5455647,2.8637643,3.1504524,2.924485,1.2674348,-0.08004808,0.53677076,-0.5136657,-0.19487104,1.0339407,1.2013522,angry,03-01-05-01-01-02-18.wav
-539.52136,34.29865,-13.73398,-1.342218,-13.2205105,-5.4217443,-11.277659,-18.457745,-6.8244176,-4.826101,-6.465175,-6.228455,-5.4266434,-4.9694443,-7.7946353,-4.200122,-4.8038855,-3.8656023,-2.202005,-2.5459132,-2.6304767,0.44434425,2.809703,4.0998607,4.45794,2.7084897,2.3302643,0.028221471,-1.284104,-0.5368458,0.73598146,2.0762823,2.1398365,1.0729293,-0.69204485,-0.67337734,-0.59637207,0.16266401,-1.2311306,-0.5751355,angry,03-01-05-01-02-01-18.wav
-563.62665,39.05818,-18.346088,-2.523383,-14.663359,-5.18498,-10.693653,-17.547394,-7.763704,-4.003792,-7.500305,-6.572256,-4.525536,-5.6683755,-7.584643,-5.4743757,-5.2064314,-1.928594,0.52823216,2.3862307,0.50040555,-0.85507375,-0.48313215,-0.03579759,3.9644325,2.7576668,3.1380062,3.7159092,1.8980198,1.3047732,-2.2077148,-0.33073545,1.8002453,0.90039283,-1.7677766,-1.5441555,0.7457085,1.3635328,-0.19935867,-0.90227485,angry,03-01-05-01-02-02-18.wav
-386.3904,-6.8325562,-29.130539,-6.6064644,-17.990883,-7.5393515,-6.4943733,-10.6433525,-8.870176,-5.3465037,-8.158563,2.7817569,7.0311246,14.1208,6.596261,-0.14211182,-7.9007998,-3.1013536,0.74314684,3.2397325,-5.3903837,-4.9911666,-1.1653285,1.6972947,-1.937261,2.0111609,5.1287885,-0.09736647,-2.796807,-0.665051,-0.36075056,-0.3320075,-0.9369465,0.19777286,-0.14659967,0.49988264,-0.12592223,0.81325203,2.1460745,0.92076033,angry,03-01-05-02-01-01-18.wav
-367.47272,-15.763602,-29.483355,-10.661654,-15.129932,-3.8935895,-8.067048,-7.6470637,-9.688477,-5.1662436,-1.2491682,12.181357,14.594224,10.241726,-5.1400795,-6.477593,-7.0108223,3.0845928,-2.0164487,-5.015956,-3.7158267,4.958064,1.7434709,0.5322907,2.317777,1.1357225,-1.4353951,-3.224798,0.69449914,-0.57757807,-2.513797,1.5258931,1.833447,1.5529652,0.11553444,1.0651052,-0.47596905,-0.91626275,0.5592569,-0.68068343,angry,03-01-05-02-01-02-18.wav
-376.17123,-13.12857,-30.516724,-12.397936,-16.048414,-7.160205,-9.106062,-9.398568,-6.442416,-7.823825,-9.660697,6.2045655,10.40861,14.76366,2.5759134,-4.96363,-7.6610565,2.7584,0.5672351,-3.3766708,-7.6584277,2.259753,4.44146,-0.99309736,0.57343936,6.3488374,1.4392222,-7.4575124,-2.9908407,3.526002,-2.3800292,-1.3038803,0.5065224,-1.6732078,-1.1658133,5.5668683,-1.0462028,-1.2790316,3.4486353,-1.0533575,angry,03-01-05-02-02-01-18.wav
-360.9407,-10.510023,-32.070854,-14.623458,-16.184195,-3.4593341,-9.017457,-8.115606,-7.2221465,-7.0180297,-7.3095293,5.56949,10.753797,14.911493,3.2724967,-5.6906567,-5.634761,2.7888267,1.1852951,-1.7573647,-8.849338,-0.56531495,2.241425,1.0200248,0.7321599,2.200082,3.9244266,-3.155067,-3.4830968,1.4226933,-0.7153483,-0.32736424,1.4057945,3.0744097,-0.24216995,1.4571658,0.574012,0.7646894,1.1455944,0.6172715,angry,03-01-05-02-02-02-18.wav
-566.91986,40.926327,-19.1472,-4.163354,-10.080909,-4.9512634,-11.640851,-16.097672,-1.3303857,-3.2700942,-8.748576,-1.9215156,-4.7028356,-2.647517,-8.359259,-8.272895,-3.3938403,-6.083588,2.921136,4.5342374,6.8505373,11.42192,5.548248,4.9377017,1.9850428,1.228788,3.4034698,1.0295334,0.01831461,-1.3455862,-1.929847,0.107647315,-0.20246151,1.3776293,-2.2725873,-1.5096418,-1.426369,0.39564672,-0.44394746,-0.44989148,fearful,03-01-06-01-01-01-18.wav
-592.3092,34.777557,-16.692686,0.8363292,-7.4494243,-5.1549883,-9.24243,-13.419792,-6.7258987,-1.0076103,-9.0022955,-0.31706274,-5.3494678,-1.7396488,-8.75545,-7.071014,-3.9450614,-5.624985,0.7829901,4.026442,4.93327,10.513257,6.8711815,5.5327306,4.2029147,2.226255,0.72133756,-2.535939,-1.7654498,-0.15612938,-0.91353416,-0.4109671,-2.161288,-0.007048446,-1.9637896,-2.9474022,-3.1564786,-0.08512405,-0.36151356,0.23821788,fearful,03-01-06-01-01-02-18.wav
-591.3476,37.63468,-6.7354903,0.567311,-5.578648,-0.62736434,-8.744724,-14.332802,-2.1472373,-3.577206,-6.7063813,-1.0346128,-3.6678584,-0.5824973,-6.7681303,-5.533069,-3.9926426,-6.306011,-2.6904688,-4.037692,-2.4372177,2.9977286,4.9209466,9.284599,7.520358,6.9502287,5.349278,1.9658654,2.432738,0.25306666,0.9479699,0.58170354,2.2016213,1.2576125,-1.9888756,-2.9959314,-0.98254836,-0.253232,-1.4493592,-1.7646538,fearful,03-01-06-01-02-01-18.wav
-562.12756,48.30582,-17.140919,1.0843154,-7.760582,-1.490074,-11.553115,-17.631107,-0.014870635,-3.8976083,-7.344082,0.0062391125,-3.7392368,0.27217942,-9.40772,-8.529824,-3.203237,-5.3117585,1.913539,-1.051383,0.063466445,3.1410074,4.127635,6.9863696,7.7167516,8.523238,8.503376,1.7970663,0.43492994,0.047258273,1.5307791,2.2595034,0.14723517,0.4234855,0.288812,0.26799425,-2.1650803,-1.1754173,0.77097756,1.3670888,fearful,03-01-06-01-02-02-18.wav
-470.63525,17.900194,-28.893723,-5.5706224,-11.033689,-10.483311,-9.583486,-19.717827,-2.5894268,0.73312485,-13.184871,1.3283552,-4.5526443,-1.0894774,1.0980268,5.875838,9.6843405,6.359353,6.3251996,3.3719904,-5.31294,1.5875703,-3.1256666,-1.1676362,-2.2608464,-3.2479305,-0.8903848,0.905603,-1.3112451,-3.1665633,0.6152099,0.88948673,1.7820066,0.97930217,-0.08033143,-0.8951115,-1.4971932,1.8997679,1.5037119,1.4600145,fearful,03-01-06-02-01-01-18.wav
-456.462,18.762241,-25.582144,-4.061019,-10.5414,-7.9408584,-8.2692375,-15.585473,-2.9217868,2.297403,-9.552839,0.88776296,-1.2910745,-1.8811609,-0.10206163,4.9614806,13.99437,10.930678,8.046041,-1.0749434,-5.8102236,1.523166,-0.14446655,-2.5361211,-2.9276636,-2.501418,-0.128451,-0.75808585,-3.2253487,-2.4822671,0.83222836,2.7299652,0.8458545,1.2427179,1.7800802,0.8356593,-0.5327179,1.8281103,-0.10760253,0.35769466,fearful,03-01-06-02-01-02-18.wav
-508.2679,21.016764,-17.771585,-3.559439,-8.08567,-8.356163,-12.8869295,-16.000635,-1.6236315,-1.4552169,-10.566167,-0.5675552,-6.9206448,-4.8370333,-3.0615208,3.95882,8.238834,10.133121,8.126551,3.2716732,-0.9598518,0.89228296,-0.6362647,-1.8164109,-2.720897,-1.8027985,-2.330502,0.44255728,-1.9605064,-2.4671285,-1.0379268,1.6565689,2.155102,1.3850431,-0.74967104,0.52705055,-1.0707229,-0.50762457,0.0002937958,0.23604728,fearful,03-01-06-02-02-01-18.wav
-466.81122,15.415146,-27.922523,-5.703201,-11.746822,-12.72217,-9.602972,-19.77947,-4.870833,-0.9770655,-11.257845,0.0991251,-5.261333,-1.7279763,-0.062047236,6.9339004,11.643208,8.799938,8.848285,3.2678404,-4.847065,0.54643923,-1.4688336,-1.7610356,-3.1029909,-2.4826858,-1.3437558,-2.4159598,-2.2659874,0.09991763,3.001457,0.6360706,1.63103,2.0660856,-0.25217843,-1.7071387,-1.4458224,2.129147,0.16086164,-0.47314623,fearful,03-01-06-02-02-02-18.wav
-611.06323,49.238247,-5.250239,0.8993402,-11.555523,0.76888335,-11.2869215,-13.396448,-6.4279,1.2566369,-7.9822083,-1.643446,-3.6725867,-3.0223317,-9.989232,-6.1533103,-3.388738,-7.3146343,-3.2785287,-4.494372,-5.2288566,-1.6661812,-2.0412009,0.58815295,-1.3423772,-0.25390625,-0.0800666,0.039168183,0.9857821,1.3242682,2.5597064,2.6862426,2.6875274,3.2540915,1.0053684,0.13016821,-0.43554524,0.32962397,0.39349505,0.20707005,disgust,03-01-07-01-01-01-18.wav
-548.695,41.115696,-13.387675,-0.94582003,-12.9316635,-1.191351,-10.948362,-16.719307,-3.2077508,-1.9449053,-10.705248,-0.5996839,-6.185813,-6.6275263,-9.938385,-6.1634407,-5.1855917,-9.320937,-2.912626,-5.9838886,-4.6283193,-0.33005983,-0.72239953,1.8523071,-0.16928613,-0.04706168,-0.06784013,1.3691895,3.370913,4.2876787,3.5169904,2.1932092,2.056034,1.3656888,-2.1846476,-0.4641978,-0.14306948,0.64887583,0.6669233,-0.52149963,disgust,03-01-07-01-01-02-18.wav
-571.02783,43.17006,-12.523502,-6.5792413,-6.652821,-4.8980494,-15.176407,-15.35441,-4.893405,-1.9990175,-8.254608,-3.5100098,-5.1164255,-2.4280066,-11.017985,-4.8519597,-7.5103703,-7.7358165,-1.7589498,-3.7653203,-2.9448464,1.2895094,-0.65138245,3.0693035,-2.1079075,0.70885235,-0.80665904,0.8310726,1.5546213,2.5390413,4.0233226,4.415146,2.748498,3.4814103,-1.094604,-0.74654233,0.06293633,0.854976,1.1680012,0.16561303,disgust,03-01-07-01-02-01-18.wav
-556.6838,43.19451,-11.311381,-4.470196,-6.652187,-6.2283926,-14.119877,-15.265183,-4.51192,-2.3087478,-7.811878,-1.8060282,-5.3116302,-2.7696114,-7.0655026,-5.448035,-5.1296716,-6.284909,-3.1733127,-3.8488832,-2.7312446,0.58957666,0.79803014,2.8882585,2.1533039,2.3138678,4.5987005,5.075902,3.30412,2.1994689,0.67974764,1.9412004,2.130037,2.3446712,0.25211078,0.9395801,0.074518025,0.86416787,1.7367681,0.40281394,disgust,03-01-07-01-02-02-18.wav
-495.93332,11.183872,-25.210798,-2.259775,-16.796186,-2.7912762,-13.2757225,-19.051752,-4.0515738,-4.4331884,-9.554213,-4.7932534,-6.726565,-3.9246762,-8.319967,0.2978399,5.0170717,7.9151564,5.6666512,0.993872,-1.536593,0.7280597,-1.0452712,-1.2068294,-0.5426596,-1.5404718,-1.3800918,-1.8536636,-1.0016011,0.41571367,1.7954136,1.2522229,0.6975474,2.3949938,0.42439383,0.21823181,-0.37685078,0.7633865,-0.16388199,-0.3295527,disgust,03-01-07-02-01-01-18.wav
-484.15613,20.454802,-18.046644,-4.2113094,-15.8441725,-5.288531,-12.879152,-17.358831,-6.367248,-2.9548402,-9.913881,-5.128819,-6.974228,-7.0138617,-10.035214,-6.0549946,-3.507751,-0.059987966,4.7162476,4.6308846,5.310041,5.0888343,5.3867407,4.312684,-0.3403113,-2.2429965,-0.53239584,1.426116,-0.6360585,-2.3585827,-3.1767523,-0.24966066,0.35546234,0.35877815,-0.04121769,1.3335308,0.5203318,-0.40981445,0.06630827,1.3030268,disgust,03-01-07-02-01-02-18.wav
-474.84213,28.18668,-20.995438,-5.432658,-14.347329,-5.198363,-12.970806,-16.525167,-1.7380615,-4.371724,-6.5641165,-3.708408,-5.698901,-7.2752113,-10.295172,-6.0347447,-5.0332975,-1.0313232,3.2567718,0.7456148,0.62479454,2.1359937,0.8345867,2.604494,2.204394,0.80819803,-0.9367476,-0.9157704,-0.8519468,-2.5382934,-2.2512462,-0.5473208,-0.4114872,-0.06124678,-0.63188785,0.3385035,0.46326074,-0.23457828,0.14095546,1.3967952,disgust,03-01-07-02-02-01-18.wav
-452.64194,16.658895,-22.71473,-5.973555,-14.038427,-6.328216,-12.002489,-16.41272,-2.9488482,-4.58411,-9.957586,-4.3379717,-8.543852,-4.9438868,-6.807709,0.61937904,1.1383774,1.4979388,-1.2959042,-1.1947623,1.2718444,5.0731587,3.001301,-0.2866738,-1.2114581,-0.1690585,-0.8178398,-2.4934158,-1.0147645,2.001592,1.2683431,1.0896345,1.3021653,0.14205812,-1.3616114,-1.3445648,-1.1279902,-0.9827654,-0.6479731,0.5962092,disgust,03-01-07-02-02-02-18.wav
-649.5856,44.027428,-8.379046,7.233106,-14.882363,0.12538327,-13.309732,-16.497095,-9.099687,-9.630617,-6.662075,-7.420099,-4.18962,-3.2588122,-7.139895,-4.717702,0.061570365,-2.2715397,-3.6195636,-6.1780705,-2.3316762,-2.5852103,-1.9884413,1.8965816,4.7984753,4.8294725,5.9802685,2.2891488,2.7098837,1.5053252,3.7599912,4.698464,3.5667033,1.2197555,0.23056038,-0.59948194,-1.6932204,-1.5128918,-0.89664793,-1.3487722,surprised,03-01-08-01-01-01-18.wav
-662.23865,47.19598,3.2684517,2.4666514,-11.747931,0.77515775,-10.76208,-14.266533,-7.2118587,-6.507708,-7.1262465,-5.637269,-3.326138,-5.0515714,-4.8205843,-7.777388,-4.025225,-2.3505626,-3.9632418,-6.562046,-4.054073,-1.7919371,-4.2999525,-0.7584251,1.6036177,0.7823584,3.9556532,0.60195273,2.5863855,1.1368196,1.0314265,1.4417143,2.9266508,1.777118,0.8006065,1.9431638,1.1341436,1.081951,2.5777006,1.1175328,surprised,03-01-08-01-01-02-18.wav
-616.3573,40.240196,1.1234285,-2.6135948,-9.634618,-0.7411939,-8.993346,-15.334826,-6.9332886,-10.52864,-7.038994,-8.292919,-3.2507899,-5.849056,-5.4908776,-5.821543,-6.87527,-4.594956,-2.7144141,-5.223071,-1.0963112,0.3788194,-2.8896897,-0.50903714,1.3389539,-0.11296331,2.087674,1.3940728,0.6934244,0.65242606,2.169577,1.5802326,1.7171451,2.2501578,0.9596798,1.2232183,2.6109924,2.4773238,2.398622,0.7652599,surprised,03-01-08-01-02-01-18.wav
-656.9232,40.6833,1.8302776,3.2352645,-5.9724736,1.3997428,-7.683231,-12.350042,-7.74218,-8.723747,-7.022394,-7.8107233,-2.6367943,-4.506176,-7.217586,-6.2968593,-4.5430703,-4.401047,-2.991418,-5.238079,-3.6424403,-1.0971308,-2.868444,0.324068,1.8851254,2.203307,3.6551263,1.514761,0.6305675,0.5918404,1.5219023,2.2696555,2.4271116,0.7885168,-0.15539183,0.08810202,-0.7746653,0.33151716,1.4290237,0.28264993,surprised,03-01-08-01-02-02-18.wav
-585.35626,29.17555,-8.685199,2.4659312,-5.9712,4.260669,-5.574305,-9.663668,-7.406008,-5.6120167,-4.3372374,-3.4870567,-3.3346868,-1.684403,-4.149771,-4.9040904,-1.4899817,-1.0476682,0.23810822,-0.1311956,1.1275953,1.4622042,0.8491511,2.64095,3.7877128,4.8217993,4.2632976,1.3720855,3.1960297,0.004096533,0.35511747,1.1555681,0.38351905,0.44387284,-1.2877091,-1.8711529,-2.0224018,0.7882428,1.4770063,0.3408626,surprised,03-01-08-02-01-01-18.wav
-594.75635,30.76286,-2.5108767,-1.4983853,-10.344995,4.201453,-4.792171,-12.711924,-9.598589,-6.788767,-6.5971417,-5.2557616,-3.4273698,-6.26672,-3.6907408,-5.394297,-3.160253,-2.642047,0.05246116,-0.6899877,1.0989201,3.03681,-0.723417,3.1498468,1.8658466,1.8396851,4.2678556,2.1364532,3.2807834,1.0394886,1.6449343,1.8457636,1.6181228,0.54906,-0.5211505,-1.3806813,-1.9500724,-0.62112325,1.6155148,0.5826198,surprised,03-01-08-02-01-02-18.wav
-564.234,31.972391,-0.2620614,-2.0941207,-10.961602,-0.8778547,-8.4326515,-16.844267,-10.443376,-10.376999,-7.771773,-5.788765,-4.302019,-5.586439,-5.286655,-8.211711,-4.2495217,-3.7123604,-1.6893195,-3.1137846,-1.3813604,-0.1790367,-1.0185331,3.5912902,2.7989352,3.115762,1.4594687,-0.18429023,1.0872607,-1.5123874,-0.5471643,1.2018019,0.5942052,0.54489404,0.57136095,0.30876476,-0.9888737,-0.46936747,0.46320146,-0.06737257,surprised,03-01-08-02-02-01-18.wav
-581.8817,26.83791,-2.2314591,-1.934275,-8.631755,4.2536454,-4.250965,-9.065908,-7.809641,-5.9595814,-5.2184663,-2.8633277,-2.4570577,-3.343855,-2.534591,-3.9359434,-1.2718192,1.1575679,1.232925,1.4920297,2.410331,2.5988767,1.6102418,5.018864,3.4283855,2.860205,3.2536988,2.110646,2.7742405,-1.229058,-0.1444591,-0.71294415,0.1382724,1.1598973,-0.12458128,-1.4523032,-1.5259472,-0.9666308,0.21316388,-0.35966244,surprised,03-01-08-02-02-02-18.wav
-702.44543,29.580873,-5.4841976,6.379921,-12.373681,-5.0012665,-14.471412,-6.9715767,-5.746162,-2.1124043,-7.917525,-3.368777,-4.084255,-6.64565,-4.976151,-3.5068724,-3.9129915,-4.0086546,-3.4736917,-2.4401877,-2.5406115,2.6813846,1.2273302,1.9840515,0.7387784,0.06841055,0.9554704,2.314843,3.1215568,2.6620889,2.38651,3.1536272,2.9958901,1.8860399,-0.5108098,-2.1270554,-0.48488957,0.52546287,-0.40531304,-3.249538,neutral,03-01-01-01-01-01-20.wav
-692.7166,28.25328,-7.19,8.364929,-15.142157,-5.5607576,-14.592073,-8.057388,-5.217064,-4.4516363,-6.597799,-4.217578,-2.4143887,-8.403615,-3.979398,-4.613109,-2.2921283,-2.6565685,1.1805451,0.7566125,-1.5282152,0.3661811,-1.2654746,3.6738293,5.5695767,3.8496578,2.8125088,0.24410023,-0.015013865,-0.13787058,0.6567523,1.3903953,0.29638284,-0.9003729,-2.3416717,-1.1801958,1.322527,1.0515634,-0.95521307,-1.9147426,neutral,03-01-01-01-01-02-20.wav
-716.3667,35.74924,-2.7879224,5.933898,-10.918453,-5.0252595,-13.906605,-6.2458844,-4.9691534,-3.5771875,-7.344089,-2.6010294,-2.2754915,-6.925351,-3.0671985,-3.6751125,-2.8266582,-3.995036,-0.5717214,-1.9792467,-1.0616378,2.9281847,2.7415478,3.3749776,4.135362,2.9549258,2.0028248,2.5777771,2.5282876,1.537475,0.7217702,0.26435342,-0.5931226,-0.1167013,-0.12222313,0.70967895,-0.07220343,-0.46864378,-0.27346966,-0.99134326,neutral,03-01-01-01-02-01-20.wav
-703.3166,27.998331,-5.4729323,5.4219494,-12.276596,-6.3680506,-15.446517,-6.132553,-5.637817,-3.639996,-7.1646776,-2.7734954,-3.39026,-8.122668,-3.0952013,-4.196265,-2.38772,-4.1885753,-0.7281639,-1.3221354,-0.056194134,4.2978544,3.666143,3.2467282,2.2235188,0.86122996,1.2464619,0.7860335,0.5409913,1.8654876,2.120537,0.9896219,-0.34353608,-0.5854058,-0.072205804,-0.2658676,-0.8533564,-1.6275496,0.58916724,-0.5768331,neutral,03-01-01-01-02-02-20.wav
-780.7724,27.668432,-4.83169,10.369676,-11.136068,-7.147854,-15.071487,-6.3401475,-6.2897825,-2.5883942,-8.329108,-1.8932999,-5.5452924,-5.2628436,-4.909465,-4.431416,-2.7317724,-5.408054,-2.475888,-3.4191527,-4.347848,-1.3301438,-3.1361854,-1.5458394,-1.2872733,-0.17027865,1.9889123,1.2747556,3.7645173,4.6261196,7.3382015,7.109468,5.6378646,3.2201927,0.07443022,0.9679224,1.4300132,1.8868996,0.5735973,-2.7944105,calm,03-01-02-01-01-01-20.wav
-794.8912,26.591156,-6.5590405,5.9836187,-9.346505,-6.153014,-14.386238,-7.680893,-6.1598067,-4.644759,-10.915698,-2.306144,-4.0937624,-7.4626694,-5.892944,-4.3416095,-4.676106,-6.3002906,-2.8002934,-2.7426941,-2.3245032,1.5310737,-0.67317474,1.9506339,0.023012051,0.033899035,1.2837497,0.14910719,3.593027,3.640183,6.2855673,7.140615,6.5038867,4.4613466,1.3853881,-0.056780703,-0.064532146,0.5157949,0.08307548,-1.7242674,calm,03-01-02-01-01-02-20.wav
-803.0254,31.469921,1.8627105,6.757011,-3.7790406,-3.9530191,-13.544682,-8.565866,-6.670631,-4.1151576,-7.467575,-1.7969652,-3.300053,-8.904107,-4.5624375,-2.885932,-2.8991067,-4.4878583,-1.5163231,-2.9950187,-2.8191147,1.3919725,0.3839427,2.6719508,2.0084243,0.6741173,0.7422535,-0.91103375,1.5097431,2.4746187,3.1021905,4.143957,4.9619455,4.6928864,1.0885433,-0.5997951,0.553516,0.310753,-0.4199608,-1.3700649,calm,03-01-02-01-02-01-20.wav
-779.9599,31.215849,0.6483129,6.264999,-6.41876,-4.6529264,-13.124112,-5.6452513,-5.0355473,-2.2578068,-8.344602,-1.4449914,-2.611849,-7.445975,-3.74047,-1.8970369,-2.7249963,-5.2426133,-1.2561219,-2.810301,-3.8832853,-0.48078623,-3.4134064,0.17652182,0.93014807,2.8565645,4.2565227,2.6044478,4.14224,4.12275,5.092494,6.1441045,6.1666,3.0889971,0.06659429,-0.31542557,0.9225395,1.3522013,-0.21400963,-3.0762002,calm,03-01-02-01-02-02-20.wav
-808.96606,36.14817,-2.710503,10.048378,-8.480273,-6.21387,-13.561748,-5.197864,-7.145794,-3.466911,-5.593037,-0.9871903,-3.6202524,-4.2174597,-3.0032597,-4.469863,-0.040855534,-5.521873,-0.21210666,-0.34585318,-0.9995258,2.2403417,-2.2288501,-1.2009124,-1.5025858,-0.7406123,0.81549805,-0.6699263,1.9221064,3.0407295,6.5905695,7.233526,4.8658905,1.8310814,-0.60400236,-0.1954465,1.4288361,2.1116107,1.2380285,-1.771942,calm,03-01-02-02-01-01-20.wav
-804.16156,32.88941,-2.1646812,14.462856,-8.21139,-3.2083597,-12.694408,-6.9277124,-5.1964855,-4.3478336,-8.209079,-1.3539019,-3.0749576,-7.18219,-4.262119,-4.862322,-2.3578367,-6.35719,-2.6807177,-4.0548644,-4.4233146,-0.59482837,-4.0138435,-0.62916213,-1.1932423,-0.25687283,2.181159,1.377087,4.826977,4.767625,7.1526804,6.7816944,6.1518927,4.1166286,2.0105977,0.14179027,0.96523786,1.079191,1.1873333,-2.1264615,calm,03-01-02-02-01-02-20.wav
-795.7057,35.76435,1.5616771,9.524103,-6.5027714,-4.9312625,-14.447118,-5.570025,-2.2342546,-3.702825,-6.67821,-2.1629777,-4.277582,-6.1377277,-2.9850206,-3.7633338,-1.4068043,-5.9468007,-2.0512257,-2.5661907,-3.245144,1.3969781,-2.5835998,-0.48918188,-1.6996236,-1.7982261,-1.3248545,0.43790168,3.919395,5.4911137,8.161972,5.6080894,3.8978288,2.120427,1.10415,2.999455,2.3138144,1.2590256,0.17439313,-2.1278949,calm,03-01-02-02-02-01-20.wav
-840.2989,26.875221,1.9397379,6.7468853,-8.128327,-3.143944,-12.570513,-7.9073906,-5.028574,-4.7651763,-10.235634,-1.9938344,-4.0341945,-8.117611,-3.3001726,-3.8422272,-3.974673,-4.398827,-1.099879,-0.1651816,-1.3848882,1.3293185,-1.706641,-0.93595326,0.12646434,-1.7653661,0.72363716,-0.23558907,0.9824681,3.7988818,5.7225375,7.380415,6.9900146,4.9551125,1.4412282,0.066993125,1.8094362,2.2111502,1.3050317,-0.88069904,calm,03-01-02-02-02-02-20.wav
-568.24023,28.720568,-15.214605,4.8624506,-16.910471,-7.7004004,-15.7549095,-14.026106,-5.9772024,-9.907122,-3.4035015,-9.150538,-2.0458863,-7.4643054,-4.523985,-2.6413052,-3.4438622,-2.684923,1.8159213,1.0220697,-0.52666485,1.3636966,2.260506,2.5100152,1.7668247,-0.99540806,-0.34371796,1.237788,0.42348036,2.0099022,-0.3129523,-2.0065904,-1.3537786,-0.22280931,-0.08610249,-0.44402376,0.2726949,0.17576453,1.6070958,0.66296875,happy,03-01-03-01-01-01-20.wav
-621.1018,28.699865,-15.839766,2.581195,-16.912483,-5.7374434,-16.171532,-9.272247,-9.28612,-4.757976,-4.9118347,-7.212486,0.23854676,-10.234688,-3.4007392,-6.9844913,-3.5776114,-2.0708323,2.817525,2.8194153,3.093571,4.1187983,0.5500003,-0.90717846,0.10889377,1.3552362,2.2281518,-0.0824311,0.2306589,0.77875775,0.66201043,-0.2820373,0.42311993,0.50961864,-0.72274333,-0.85924643,0.7949999,0.8661333,-0.052108385,-0.26622713,happy,03-01-03-01-01-02-20.wav
-615.7158,31.828964,-1.8311623,8.982093,-8.953201,-5.3931074,-17.337503,-9.817041,-9.688939,-7.9685855,-4.9927163,-6.1872816,-2.3480308,-11.989506,-4.578143,-2.7846854,-8.737588,-4.937427,-3.2111273,-4.7719607,-5.3144464,-5.212547,-2.0139608,-2.3132904,3.8506668,4.509101,6.675896,2.1536152,-0.96975464,0.95942694,1.7664227,4.439961,2.9973652,1.0560492,-0.9985917,1.2242836,2.3316896,1.312704,0.28999257,0.022750452,happy,03-01-03-01-02-01-20.wav
-665.05444,22.984257,-17.344103,0.50734866,-13.177125,-7.8695183,-18.32939,-11.777883,-8.104493,-5.4652934,-2.6100233,-6.0176015,2.101372,-7.717017,-1.6398635,0.08431944,3.2476304,3.9989605,5.1121035,2.621793,0.044827256,0.20594242,0.3352835,-0.3117703,1.4552858,-1.5727024,-1.0867841,-2.585342,-1.2155122,1.2771143,1.9145536,0.83141196,2.0906878,2.840743,0.019998405,-1.0296425,1.6269577,5.2967057,4.140052,0.23060842,happy,03-01-03-01-02-02-20.wav
-528.86273,17.038694,-34.76093,-3.9618995,-27.101957,-12.431052,-18.426323,-14.9099,-4.1702,-11.510779,-4.0908732,-9.4944315,-2.0248878,-2.2750876,2.4765255,5.0155625,2.7287958,1.3891658,5.174598,3.6139677,0.52042514,2.0162158,1.3879225,1.9880041,0.70094836,-0.3532674,-0.020924775,2.8574445,1.6578258,1.5417472,-0.9382953,-2.154444,-1.3476278,-0.7019652,-1.1699462,-0.11169332,0.60473406,-0.13431774,0.1008389,0.18212241,happy,03-01-03-02-01-01-20.wav
-467.13657,21.321064,-37.885143,-0.17198475,-28.368662,-11.891886,-21.822182,-16.103127,-8.010751,-14.19804,-1.6027272,-0.973853,6.854243,-1.8117611,5.1044283,4.208012,3.108134,0.76966363,0.6196802,-2.2262764,1.7654324,0.7315134,-3.0725436,0.20936325,-0.2757397,-2.79252,1.1617843,-0.12176208,0.6576025,0.71650946,1.0362836,3.360518,2.083223,-1.5262105,-1.4680145,0.6978398,0.4289989,0.73985016,1.1116277,0.28529194,happy,03-01-03-02-01-02-20.wav
-465.76303,14.44803,-27.540812,-3.3346438,-22.926548,-14.494093,-21.666456,-10.676249,-5.184317,-2.3722584,-2.8360639,-0.54918975,1.3220857,-4.76463,2.1639497,3.0612466,4.629421,0.55479634,1.5803432,1.8389822,-0.22391178,2.4081993,0.5847755,-0.57735676,1.0449295,-0.6890084,1.9380906,-0.22448842,0.83860064,0.6113167,2.0758433,1.5867049,0.5363185,1.0585698,1.0452701,1.5787342,-1.013254,1.3024218,1.217683,0.11661066,happy,03-01-03-02-02-01-20.wav
-406.92767,3.9392538,-35.773975,-12.84777,-23.852657,-14.504958,-18.325195,-11.950115,-0.42934853,5.226164,13.321076,8.204193,5.0863924,-11.471897,-1.8479922,-3.4813893,-4.9162354,-2.163846,5.9783616,6.450093,-0.113956645,1.6713555,-1.1435373,-2.837863,-1.314133,-0.3709444,2.6926627,0.2475045,-0.26836008,-1.3837093,0.91693014,1.957867,-0.16091219,-0.12673858,-3.0069659,0.5571558,0.9652182,0.17108454,-0.042309187,1.046007,happy,03-01-03-02-02-02-20.wav
-734.9913,31.919756,-7.0676904,9.279035,-10.920955,-1.6599399,-20.936203,-8.557863,-4.967575,-5.911914,-6.4540195,-1.6980166,-6.2172446,-2.704584,-2.9800887,-2.364714,-3.1787195,-3.790423,-1.552127,-1.4782164,-4.447559,-0.93471795,-2.577365,-0.90620863,-1.73591,-4.33778,-2.3559294,-0.7917856,0.7376124,3.5393474,5.2695994,8.70544,5.902021,2.3415153,0.046634033,-0.10849024,-0.19595137,0.97547865,-0.17730276,-1.473932,sad,03-01-04-01-01-01-20.wav
-821.89886,33.680912,1.4835194,8.870819,-2.406189,-0.69346666,-13.091076,-6.472938,-5.847661,-2.4915757,-6.8970222,1.6762348,-4.906459,-4.827132,-5.0432663,-2.4154463,-2.0257816,-4.580477,-2.1342006,-0.1838581,-3.045318,-0.73021996,-1.5557888,-0.63013196,-0.70653963,-0.78404397,-0.13552906,0.51909965,1.0831732,0.70205736,1.8935827,4.2144527,4.7799573,5.3866615,2.1210597,0.32654384,-0.2786785,1.1413225,1.8431836,-0.26985386,sad,03-01-04-01-01-02-20.wav
-791.3259,33.294415,0.4905341,8.092112,-4.488226,2.1236897,-16.025932,-6.20076,-2.8683553,-2.4674761,-5.371887,-0.6306182,-1.4503133,-5.815419,-5.6704254,-2.5412533,-4.7465167,-5.607569,-2.1370003,-1.7414111,-3.359084,-0.823612,-2.979406,-0.46783823,-0.7902727,-1.4929142,-0.8073261,-0.24674131,0.6832577,2.2512138,5.085822,7.339028,5.13145,3.8140676,1.4292234,0.45932895,0.32467684,1.2879435,1.1070733,-0.5865061,sad,03-01-04-01-02-01-20.wav
-779.91016,36.877083,0.841914,11.070858,-1.0782733,2.1971653,-17.006662,-10.590621,-3.063754,-1.7324835,-7.6857944,-1.0426039,-2.1396937,-6.5548143,-6.1510963,-4.13361,-1.7084578,-3.57529,-4.628827,-2.5417233,-3.8411381,0.04895345,-2.436568,-1.0397769,-0.6682986,-2.7168827,-0.47715086,-0.67260534,-0.8923492,-0.29771203,0.94927245,2.3681972,2.2156034,2.224471,0.7792208,-0.63916403,0.4919864,0.52654594,1.0137824,-0.3677849,sad,03-01-04-01-02-02-20.wav
-651.38904,35.585026,-12.41752,11.429721,-13.879744,-13.659195,-17.963545,-16.579084,-4.9222755,-9.062376,-1.4010136,-5.639791,-4.8180923,-2.7898426,-6.1139317,-3.8926518,-2.623739,-5.7583942,-4.7249556,-0.20857352,-1.2084893,5.7325172,3.1902947,4.198052,1.9459538,0.6826636,3.4244213,3.776213,3.87749,1.4606084,0.25934014,2.5765717,3.6270769,2.5623496,-1.6266882,-1.5361457,-0.6367644,-0.6980361,-0.45972022,-2.4192553,sad,03-01-04-02-01-01-20.wav
-472.33716,17.917505,-35.045853,0.20948435,-24.043203,-19.723911,-16.574121,-28.867643,-4.156129,-13.0745735,-1.9529876,0.6617094,1.2418637,5.2480183,1.2308178,13.073,5.540217,-0.1873909,-2.6125937,-0.9693353,-0.68539613,-0.5857719,-3.0814247,-1.2520723,-2.0557184,-4.493953,0.52284825,2.8759022,-1.0396843,-0.9168079,0.73391664,2.0031765,1.9323959,2.792658,-0.08118502,-0.70588326,-1.4753231,-1.5112041,1.8161678,0.879965,sad,03-01-04-02-01-02-20.wav
-695.7873,33.612473,-4.816133,2.070836,-10.438443,-12.616061,-18.269882,-16.462292,-4.3981614,-9.764959,-1.6118894,-4.55089,-3.7760797,-2.338752,-7.3071823,0.64800614,-3.4231231,-0.7453254,1.7439722,3.190985,1.02401,5.173853,2.5865216,2.979709,0.10267971,-2.2527337,-2.504307,0.9973469,-0.1369975,-1.1194001,-2.4429386,-2.6628952,-1.4175678,-0.3802051,-2.1420834,-1.3715793,-0.6034675,0.031156195,-0.70151585,-0.78391683,sad,03-01-04-02-02-01-20.wav
-513.95825,18.085575,-30.96191,-3.0755327,-24.292631,-21.561134,-17.443493,-27.401,-6.5209537,-5.688931,-4.7320333,0.8557522,-1.6261212,8.177585,-1.5179892,9.377982,5.1697516,-1.1398107,-2.3080225,-2.5971463,-3.8508346,2.0501456,-3.1174965,-2.8236732,-1.0772624,-0.97478294,0.11498157,0.41766632,-0.43925324,0.45223022,0.89416313,0.41479287,1.0592599,1.8135581,1.0068774,-2.9116523,0.48236677,0.011120789,-0.24160194,-1.4859507,sad,03-01-04-02-02-02-20.wav
-713.8762,31.646446,-3.6423936,3.5034645,-8.595858,-2.1676688,-13.065532,-7.721222,-9.250548,-2.6103725,-5.3956213,-5.749009,-3.3831842,-5.9816446,-4.700152,-5.047075,-3.6888611,-4.923233,-3.4001105,-3.396446,-3.5612524,-1.7531977,-1.4034507,-0.62418646,-1.2340122,-3.668544,-1.3325241,0.123698264,3.1356351,3.4903364,4.2961736,4.343397,3.6084843,2.8566775,2.5230386,3.1072645,3.1864643,1.8653883,1.1960483,-1.8565978,angry,03-01-05-01-01-01-20.wav
-575.21735,23.984207,-13.6069565,-4.397689,-12.788509,-3.7392726,-12.925158,-10.723353,-8.6448555,-4.4728785,-6.245391,-7.281217,-5.7024283,-8.83796,-4.5982113,-2.6244922,3.1673145,4.327924,6.385206,1.6831949,0.2330832,2.408456,2.4497683,-0.0010620896,-1.3295,-1.9180329,0.3990178,-1.1932995,-3.166464,-2.4304762,-1.0480577,0.66289395,0.09159183,1.6909162,0.8387146,0.6450098,-0.37280306,0.22224624,1.3298595,0.4562688,angry,03-01-05-01-01-02-20.wav
-622.71027,21.038834,-13.853556,2.959806,-15.092726,-7.789943,-19.956923,-9.641487,-6.2858496,-2.8262808,-4.326396,-5.551808,-4.8150306,-5.1211395,-3.1894133,-2.1547391,-4.4444075,-5.5254583,-2.0581474,-1.3411633,-3.8235958,-2.606925,-2.1885297,-1.6785406,-1.5618438,-1.9535514,2.0221317,4.800674,4.166533,6.815795,5.2214255,6.049944,5.011188,2.3338573,0.2542744,1.0696605,1.497371,0.7089576,0.056048285,-2.34907,angry,03-01-05-01-02-01-20.wav
-508.33163,25.226345,-25.445871,-3.9530168,-20.274696,-12.876237,-20.30294,-13.38802,-8.682749,-4.317547,-9.421631,-8.720549,-5.97565,-14.385439,-9.534982,-9.940497,-8.088314,-5.648097,1.6737337,2.275196,1.1132433,1.3703303,1.1318085,0.20817155,0.21591587,-0.21360166,2.4058297,1.5026776,1.7261165,2.0273256,0.8609781,0.6157014,0.80856043,0.9800842,-0.36571252,-0.20053062,-0.3898572,2.4858186,0.5287076,-0.22839402,angry,03-01-05-01-02-02-20.wav
-414.33804,24.48248,-8.255441,8.224187,-22.136688,-2.7863448,-17.9745,-8.529107,-9.34395,-5.119895,-4.5487967,-3.863563,-1.0397576,-4.9650145,-2.8877409,-2.0466883,-3.8922827,-4.1389027,-1.0781626,0.54627275,0.93276507,1.0514476,-0.9513496,0.47452784,1.6638672,0.4596527,2.8508005,2.9748633,1.1359824,-0.20806749,-0.36176637,2.1536531,2.8173306,2.318034,0.61909246,1.0235678,-0.62078834,0.011473084,1.3633543,0.8243793,angry,03-01-05-02-01-01-20.wav
-350.60864,13.5600395,-28.940676,-9.189131,-29.039225,-11.078897,-15.581133,-9.886723,-4.696518,-2.1698709,-1.4121454,-6.1260867,-0.43087986,0.12127316,4.012634,6.5636415,4.6177015,2.6664553,3.0174658,-3.3021555,-3.2415953,-1.6298405,-4.045615,-1.9867975,1.6236478,1.1043409,1.605472,1.7912064,1.2041625,1.5505497,0.8894229,1.0211358,2.087445,0.2129072,0.48805302,1.7677586,-0.5326421,0.16328534,2.2428336,0.8834002,angry,03-01-05-02-01-02-20.wav
-326.13757,15.851644,-29.685558,-11.424311,-22.553616,-10.067402,-11.823939,-9.062756,-7.1656723,-2.8404315,-6.8129835,-1.2802675,0.7762252,-1.1222169,2.5686004,4.2242146,2.12487,-2.2180138,1.0811726,0.3828293,1.482914,-0.18377618,-2.0092084,-1.0643003,0.85885483,-1.8657568,-0.034139108,1.7569978,0.8243624,1.13875,0.8495132,-0.12541723,0.16933563,0.5504742,1.4925745,1.391916,-0.4946924,-0.05402872,0.87611157,-0.06630854,angry,03-01-05-02-02-01-20.wav
-466.22617,15.72047,-7.891387,3.1762834,-14.635418,-3.7780614,-18.467955,-9.411638,-10.777839,-4.812747,-7.9087453,-6.522131,-3.0612538,-5.3488,-2.1818504,-0.12500542,1.6075414,0.6590609,0.38137138,0.67506033,-1.0770026,1.0639757,0.5634062,1.1086234,0.46559164,-1.0728034,0.41259366,-0.3108738,-0.8729005,-0.5142781,0.6730398,0.79327035,1.7515845,1.5227906,1.9001468,2.0931685,1.0409203,-0.12674373,0.9707184,1.1285067,angry,03-01-05-02-02-02-20.wav
-702.7038,23.157993,-5.616761,4.162166,-13.128721,-8.915666,-14.477653,-5.8417845,-5.727885,-7.096957,-3.1704087,-5.6775517,-1.9486715,-3.8991294,-4.0683846,-1.5721906,-4.3130026,-2.752089,-0.71173114,-0.88387525,-1.1526388,2.0797665,2.6558838,3.9265597,5.874787,2.5185473,3.446104,0.27532443,1.1305559,-0.10569051,0.63956714,-0.76473045,-0.94474304,-1.8959244,-1.4110961,-1.3005071,-0.066018514,-0.5618695,-1.4056429,-3.523627,fearful,03-01-06-01-01-01-20.wav
-709.5055,23.454088,-8.963393,4.1265173,-14.653885,-10.186101,-17.026321,-4.9559155,-5.681778,-8.640322,-1.4054385,-7.3241444,-1.0257261,-5.03973,-4.58059,-2.1883457,-3.8080413,-2.0048032,-0.064834565,1.4217111,2.4664867,3.9311569,4.340269,5.2184944,6.3292766,3.1566348,1.2022028,-1.1303313,-0.5874973,-0.29489535,0.9362002,0.4158555,-0.26454073,-1.4415804,0.2961622,0.34244826,-0.4338532,-0.8915179,-0.23205641,-0.560456,fearful,03-01-06-01-01-02-20.wav
-744.6835,21.228441,-0.100886256,6.6308117,-6.063002,-7.312795,-19.586935,-2.3783782,-4.000346,-6.0800176,-5.682399,-2.2665331,-1.0142778,-4.711949,-4.534171,-2.4595525,-3.1716294,-4.069686,-1.593444,-2.2106674,-1.9254224,-0.5382181,1.4648942,4.425934,5.935431,2.9852169,3.0843818,0.7477793,2.420835,3.59681,3.259955,0.40863144,-0.56863403,-0.33392718,-0.54543465,-0.26692393,-1.5189743,-1.588933,-0.7828497,-2.0527442,fearful,03-01-06-01-02-01-20.wav
-750.3051,30.649754,-0.99280477,8.804138,-9.994623,-9.179566,-22.73592,-6.261929,-4.6455355,-7.1928134,-3.5731318,-3.6606598,-2.4586973,-5.217788,-6.5186405,-2.721094,-3.1862333,-5.285957,-0.21725924,-2.9846916,-0.17782354,0.7626546,0.56036776,2.135946,5.9116354,4.4979043,9.41276,8.064233,8.406516,6.7490563,7.1702223,5.122335,2.5666482,1.6992015,0.17499648,-0.17434472,1.1658472,1.0011653,-0.7652344,-2.2027473,fearful,03-01-06-01-02-02-20.wav
-343.0984,18.481241,-38.387997,-3.849517,-24.250698,-7.47691,-19.625662,-6.7750034,-1.084232,-4.970279,0.33967006,4.7726035,11.021095,-4.3835983,7.6227107,3.1414144,6.0011,3.7832284,4.6215196,3.91517,1.6449271,3.2228246,-5.1687617,1.6691669,1.3442557,-3.2127125,0.982737,-0.005762201,3.3093011,2.9614925,2.9726465,3.3791435,1.4196328,2.8167117,1.7837051,1.4228864,1.162454,3.028305,1.7957772,0.98420954,fearful,03-01-06-02-01-01-20.wav
-304.19995,14.1294985,-43.007076,-12.060578,-29.17941,-7.059214,-23.94662,-10.758822,1.7123276,-6.0186043,4.8123345,6.8957896,15.112844,-2.324482,3.600088,1.7663872,1.4023687,5.92953,5.9744835,2.0046942,0.46338168,4.145971,-2.113105,0.8484659,1.0203582,-1.5842246,1.1698633,-3.226932,-1.017603,1.6729817,1.1169251,4.1270947,-0.1929408,2.1078515,2.1623907,1.3383667,2.6589625,2.4231694,1.6314979,-0.7634652,fearful,03-01-06-02-01-02-20.wav
-368.21252,12.176445,-41.467678,-15.335145,-23.298166,-15.627536,-14.632635,-6.60106,0.41401005,2.3546247,-2.4147255,-5.1208386,4.024903,-0.24603,4.4411387,-1.9702289,0.102477886,-0.2909199,-0.5534808,-2.938402,-7.3805904,-2.4875765,-2.9881456,-0.086290784,0.1625289,0.07020777,3.6768637,1.2288029,-2.5319126,1.2865852,1.2078075,1.0312335,-0.5676116,0.7943385,-2.6582038,-1.0262985,0.057640225,-0.53954774,0.9656092,-0.6405876,fearful,03-01-06-02-02-01-20.wav
-332.67502,5.1919146,-28.098085,-11.285162,-19.04928,-10.938979,-16.560457,-9.65593,3.6050138,4.6939087,12.535125,8.142512,6.029644,-8.883309,-0.8329151,4.6073937,-1.2455467,-0.4206007,4.835451,6.175101,-2.0920446,-2.8752174,-2.0852382,-0.9450884,-0.21299903,-0.37834832,3.239176,1.8255799,0.51804984,1.0074764,-0.7687423,1.6214272,0.11098272,1.7162548,0.97537893,0.50821155,0.5956667,1.2151592,0.63383937,-2.127315,fearful,03-01-06-02-02-02-20.wav
-633.1055,34.01383,-9.534388,0.43322405,-12.5953,-7.1155286,-13.789472,-10.094582,-4.5042186,-5.7737727,-7.028555,-2.5007455,-5.697192,-6.817313,-8.645861,-3.4607315,-5.382057,-3.6103046,-0.2586923,-1.0300242,-2.7770176,0.14434597,-1.1363827,-0.057390574,-0.6051136,-0.75707287,2.9985044,2.4045866,1.5587039,0.2531205,1.3350245,2.6904726,1.2794343,0.6338989,-0.79852533,-1.1322086,-2.3028352,-0.84284663,-1.1033392,-1.7627804,disgust,03-01-07-01-01-01-20.wav
-666.51447,51.222424,-8.543151,4.979864,-9.450439,-9.55678,-11.770943,-0.8180427,-2.9901733,-3.4567428,-4.1611123,-0.82283455,-0.9872993,-4.305439,-5.867338,-3.5647018,-4.264369,-4.859107,-1.9846119,-0.27862397,-1.7269571,0.5538329,0.8860696,2.3294058,1.407653,1.2920108,1.6754433,0.3590032,0.26531383,1.1328099,1.9525213,3.8448958,3.2028887,2.482086,1.176186,0.06627307,-0.8358441,0.076272994,0.23453403,-1.6660873,disgust,03-01-07-01-01-02-20.wav
-700.9756,38.532883,-0.28216386,-0.6554572,-6.217279,-5.674679,-14.942921,-5.5358553,-6.14617,-6.0616474,-6.945524,-1.8861847,-4.7407966,-5.7469225,-6.7583323,-3.4340384,-5.7933726,-6.7775955,-4.770129,-3.344308,-5.6979127,-3.3615184,-3.7945092,0.5455514,1.0975765,0.88497436,2.7625976,3.0114043,3.4032164,4.3955336,5.891531,4.449495,1.9671013,1.0624659,-0.018428305,0.09545331,-0.08973778,-1.0905623,-0.8551784,-1.872419,disgust,03-01-07-01-02-01-20.wav
-671.3957,34.382507,-0.67875,-0.2207853,-7.7388763,-11.88351,-17.686607,-6.676443,-7.2546673,-7.3496776,-7.0648274,-3.7151046,-5.166738,-9.401256,-8.381216,-6.4624085,-6.4103575,-8.627345,-5.7123847,-3.9560533,-3.1201909,-0.88728964,-3.3366797,-1.3595314,-0.7216968,1.8051356,4.8134394,6.0959353,4.8797636,3.8201394,2.9340522,3.4725306,2.5591824,1.7604382,-0.42680216,1.0120252,1.3362694,1.3589724,-0.07772245,-2.48715,disgust,03-01-07-01-02-02-20.wav
-635.50543,34.06559,-0.5308701,1.1869315,-12.08152,-6.0631547,-11.846862,-12.945055,-5.182056,-4.1326337,-8.052188,-1.1811693,-4.585134,-4.158785,-6.720382,-0.69884956,-0.48996374,0.37151343,2.0397618,0.20734505,1.4868809,1.386633,0.72202253,2.148294,0.55859494,-0.48064992,0.6678555,-0.9441024,0.6316642,-0.3055417,0.6199005,-0.31603548,0.68898636,0.1827447,0.11987916,0.28384766,-0.11677063,1.9211167,0.6535417,-0.2614021,disgust,03-01-07-02-01-01-20.wav
-594.29456,21.634005,-9.452132,0.5280942,-11.5236635,-8.25802,-11.261133,-8.670366,-7.2128143,-4.4825788,-4.3639417,-4.989101,-4.285807,-7.3412533,-5.5454273,-4.4652185,-1.8187968,-1.7835552,1.1623597,1.6066297,-0.4525707,3.10313,3.3205252,7.4689565,5.1133666,2.4455879,-0.98726684,-0.77473515,-0.62612057,-2.2399325,-0.5035825,-0.8728945,-0.9459076,-1.9260387,-2.1970584,-1.1364502,-1.0994875,-1.3996096,-0.67272586,-2.331917,disgust,03-01-07-02-01-02-20.wav
-550.07935,16.983997,-11.408943,-12.428418,-13.112093,-14.447208,-17.128021,-12.885785,-5.0792155,-8.106634,-11.355102,-3.378604,-5.7686267,-5.56354,-2.2873404,-0.11816419,0.42035547,0.43943286,2.4318507,2.2352498,1.8264049,-1.0673982,-1.5809896,0.7507199,0.13358916,0.60754776,0.3876681,-0.3611108,0.033481315,0.7098222,0.56779975,1.3348885,1.3196408,1.0553489,-1.0451214,0.91312873,1.56942,0.46902692,-0.13113767,-1.5885754,disgust,03-01-07-02-02-01-20.wav
-528.23126,29.904736,-15.1430645,-11.209984,-15.129782,-6.488934,-17.715347,-15.013447,-6.92148,-5.8842177,-12.366699,-6.5979357,-8.4585905,-10.277891,-7.510558,-0.5936815,-0.76531976,1.4846481,6.084152,2.3741343,-0.0158303,-2.1000469,-3.587654,2.935022,-1.841497,-1.5822862,-1.8130016,-2.3569622,-0.34805182,-1.7022549,-0.46378595,0.3036369,1.5743343,0.41076636,-0.6554744,-0.66986185,-1.4597821,-0.23508805,-0.56881505,-2.5822682,disgust,03-01-07-02-02-02-20.wav
-645.01324,25.520252,-16.40607,5.4709654,-13.340576,-6.030153,-19.00289,-8.986544,-5.582879,-6.5610266,-4.3977375,-4.623085,-2.9419563,-7.495388,-7.593738,-7.1945543,-5.081235,-4.7205887,-0.7279454,-0.10976871,1.073214,3.0151014,1.4160147,0.23524445,1.6843064,2.162361,3.9722888,1.9702514,-0.8357631,-2.6045883,0.7399724,2.4081943,0.6611774,-1.3569106,-2.3350823,-0.78618485,0.62518126,-0.92734855,-0.78853524,-0.6803257,surprised,03-01-08-01-01-01-20.wav
-574.6419,32.87999,-14.568757,3.8028316,-15.086724,-7.8823657,-14.671361,-9.9011965,-7.931656,-5.5148497,-7.2933836,-5.132243,-4.818444,-8.683299,-5.347638,-0.33783475,2.7664678,1.6314899,5.3420615,3.3790479,2.7063806,2.397413,0.23454444,-2.0065696,-0.6378228,-0.26422748,-0.5115575,-1.4209148,-1.4680811,-0.02946857,3.282947,2.9325655,1.7299916,1.5416968,-0.10839878,-0.6261196,-0.039356656,-0.8582734,1.2539495,0.047992367,surprised,03-01-08-01-01-02-20.wav
-689.8012,29.25649,-11.051108,1.7652779,-8.131115,-5.315206,-18.12292,-7.8509736,-4.8460717,-5.9069977,-6.1220727,-2.718048,-3.8651047,-6.072408,-6.658007,-4.5905147,-4.1852727,-4.5962906,-0.27751046,-0.4970183,-2.165121,1.5426576,-2.1950517,-2.1955512,-1.7542655,-2.2171023,-0.90721554,-1.2302356,0.6268084,2.9433603,4.5233536,3.6361883,2.2459373,3.3046882,1.534531,1.0564055,0.6278002,1.5100526,1.3904707,0.22815867,surprised,03-01-08-01-02-01-20.wav
-668.43964,29.820774,-14.943124,3.2123404,-14.832877,-5.9172745,-20.399158,-5.785325,-6.266124,-5.654981,-4.708852,0.040891293,1.7677424,-2.101369,-3.6034362,-3.5662081,-3.300799,-3.287724,-2.6272993,-1.3596863,-3.1122968,0.4496379,0.82247585,0.5300205,2.0730948,-0.7522469,0.33075356,-1.94179,0.6003652,2.0172257,3.9058597,5.1968775,4.4396653,4.16705,2.3253832,1.6819016,2.8938205,3.4011817,2.469405,-1.2865651,surprised,03-01-08-01-02-02-20.wav
-483.6729,25.791897,-22.170929,0.65931076,-22.297628,-8.889038,-19.169048,-11.554889,-6.762968,-9.908405,-7.0675073,-2.3405921,0.76116544,-5.57832,-0.9507307,2.419665,0.38822868,-1.416813,1.6754858,-1.7239617,-0.8570949,3.5458667,-0.72868663,-0.056309674,1.0917419,0.9351454,0.86970794,0.8839043,2.7098308,1.6302896,1.3990161,0.90162987,2.2258162,0.3783175,-0.13936064,-0.36989245,1.4331156,0.3442313,-0.06346703,-2.1892657,surprised,03-01-08-02-01-01-20.wav
-649.8828,32.043526,-16.73449,0.24036275,-16.601873,-6.8782005,-19.001213,-11.64468,-8.562189,-8.01048,-7.3738666,-6.5714254,-3.4403546,-6.167633,-4.7021046,-5.513825,-4.2944107,-3.5357692,-0.7158047,0.19637674,-1.7072325,1.2819583,0.07082607,0.82882965,-0.007973252,0.07309702,0.83379245,-0.01594949,-0.053522483,2.2405972,2.1930273,1.4148736,0.048942808,0.24985121,1.2116752,0.34319845,-0.94289714,0.73742354,1.6482097,-0.6599835,surprised,03-01-08-02-01-02-20.wav
-478.78952,23.753746,-25.427126,4.430069,-16.285877,-6.219791,-23.144724,-18.736029,-5.689162,-12.353058,-9.45655,-4.8075466,-4.612634,-9.683847,-4.9590564,2.022341,2.888459,1.7384673,6.877578,1.5184832,1.2349586,4.2535014,1.7528747,2.1726003,1.0695969,1.6094053,2.367336,0.35210106,1.3346165,-0.04833218,0.36866185,0.4400522,1.4614506,1.4235901,0.5563246,1.0375918,0.28292862,1.2895533,1.7675781,-1.4321978,surprised,03-01-08-02-02-01-20.wav
-589.1455,26.916622,-17.56534,4.430792,-12.365161,-6.2678394,-21.934896,-8.128957,-4.2168784,-8.438097,-7.29888,-4.8475423,-6.105131,-10.192889,-8.985823,-7.1605377,-6.2904325,-6.32291,0.5577152,2.4404013,3.9906812,6.7481985,1.6458328,0.19754465,1.2210326,2.603218,4.6527944,0.20814107,-0.091417454,-0.71085906,1.3259403,-0.16279751,-0.6948838,-2.348524,-2.8528192,-1.4420631,-1.3654469,-0.059841584,-1.1444626,-2.3097928,surprised,03-01-08-02-02-02-20.wav
-585.5245,63.384293,-0.13832219,18.74466,-1.8350616,-1.2794878,-0.41540325,-11.354146,-2.8426988,-0.32603687,-5.4270954,0.24040465,0.54382885,-2.8600574,-3.0887196,-2.205714,-0.45942232,-1.1924843,-3.0452526,-0.8292386,-4.2861233,-4.7683206,-1.9626632,-3.6438727,-2.8430521,-1.0210605,-1.3241001,-0.97249156,-2.3628764,-2.3832524,-1.5887347,-1.0807525,-1.3455518,-3.1237137,-1.6188577,-2.6423562,-2.1730447,-2.3274658,-2.9862146,-3.6717272,neutral,03-01-01-01-01-01-21.wav
-588.1197,67.77601,5.984998,20.53744,-1.212084,1.245565,-1.6877462,-10.444164,-1.6784763,1.5145532,-3.5821805,1.3348104,1.9199737,-1.1652308,-1.2981195,-1.0644779,1.2941471,-0.71565706,-2.4409769,-0.36564362,-2.7415175,-3.5242033,-1.588349,-2.6058254,-2.1775064,-0.6120449,0.79296154,-0.49412015,-1.6663752,-2.0287328,-1.2191005,-0.8972429,-1.3076499,-2.6899405,-2.6328177,-2.0410967,-1.858639,-1.8754604,-2.8405483,-3.2936876,neutral,03-01-01-01-01-02-21.wav
-596.7793,65.798454,-0.03794432,17.537014,-0.34756276,0.7618295,-4.1997137,-12.750921,-3.802259,1.5163621,-4.865091,-2.267232,1.1499346,-1.7727672,-0.81110007,0.5465824,-0.07922583,-1.5877289,-4.247244,-0.6634202,-3.8014264,-5.489857,-1.1306623,-2.199925,-2.8630538,-0.8676654,0.011789875,-0.5139671,-2.4686916,-1.4051632,-0.68980676,0.12115862,-1.5770171,-3.089249,-2.6120205,-2.6852899,-0.96822244,-1.3047231,-1.605552,-3.0122561,neutral,03-01-01-01-02-01-21.wav
-598.7896,64.769035,-0.7642724,17.399885,2.5146668,-0.04162969,-6.1746845,-11.959822,-2.3815463,0.55906034,-4.0785193,0.31992254,0.3689777,-1.6229858,-3.709036,-1.5209507,-0.47795287,-2.301403,-4.4539337,-1.5304828,-3.7519805,-5.2580605,-2.6150033,-2.3953676,-2.5510929,-1.5616893,0.40100908,-2.0491517,-2.7928882,-2.8420813,-1.4403474,-1.6232537,-1.6960884,-3.2353442,-2.6173308,-2.897614,-1.6746768,-1.6097097,-2.417396,-3.294812,neutral,03-01-01-01-02-02-21.wav
-617.2068,72.606766,6.0898623,20.446629,2.1832392,0.5392131,-4.003736,-8.052275,-1.5393431,3.1695893,-2.6923482,1.8555658,2.6875916,-1.32662,-3.0494936,-1.0068096,-0.05101402,-2.0834315,-3.853245,0.28121936,-4.3877554,-3.9758215,-1.3912597,-2.4606771,-1.618872,-1.0686562,0.36560556,-0.6477217,-3.005759,-1.9207689,-2.4073954,-1.6739923,-1.4624687,-2.970539,-2.5511487,-3.037483,-0.5650457,-1.5250955,-2.679423,-2.5973656,calm,03-01-02-01-01-01-21.wav
-594.72345,72.78401,-1.0555844,21.121527,-0.5987026,-2.8711405,-3.9240658,-10.349287,-2.0270467,1.1193086,-4.5451574,2.5735877,1.685398,-3.0060296,-2.7694502,-0.7178919,-0.04758708,-2.4987228,-4.1289577,-1.2905811,-4.387036,-3.3782418,-1.2517308,-3.048852,-2.3995726,-0.62923914,0.2795831,-0.84625024,-3.265877,-2.8876987,-3.296264,-2.3297017,-1.4530607,-3.3778448,-3.7882185,-3.3950076,-3.009126,-1.6581587,-2.9247715,-3.6076193,calm,03-01-02-01-01-02-21.wav
-628.9156,76.26206,13.404954,24.932795,6.4799986,6.1035347,-2.2351894,-5.8747826,0.6699863,3.3511033,0.1089951,4.5244083,4.3097625,1.8955474,-0.6133165,1.0326551,1.7200136,-0.88234425,-3.2269998,0.95608234,-2.7633102,-2.7794733,-0.8973372,-1.5142053,-1.6913441,-0.057361547,0.93446267,0.36675432,-1.9388515,-1.1675717,-1.0068733,-0.7404441,-0.80558205,-2.759709,-2.0017116,-1.8399299,-0.9368997,-1.2056457,-1.9149376,-2.8758466,calm,03-01-02-01-02-01-21.wav
-617.4618,76.50408,8.722237,26.30185,7.5686164,1.6282693,-5.7673507,-5.481695,1.0594966,3.1829011,-2.9766161,3.86239,3.2429843,0.11898738,-1.7460304,-0.464217,1.1509385,-1.1469445,-4.8363566,0.44596082,-4.1120453,-3.7072632,-2.1355596,-0.9367441,-0.69278216,-0.4590762,1.2393935,-0.6426313,-1.7768657,-1.2390962,-1.1093719,-2.0760033,-1.2021427,-4.425502,-3.696444,-3.1368835,-0.13538247,-1.4183424,-3.2194674,-4.8461385,calm,03-01-02-01-02-02-21.wav
-602.26587,66.24094,2.423502,25.470367,1.6107179,1.9548241,-6.388057,-5.9211287,0.13448238,4.216363,-3.3175201,3.4498546,2.8857656,-1.9986742,-1.2027044,-0.725168,2.2725532,-0.21406971,-4.3759136,-0.3365861,-4.309354,-2.585928,-1.6590533,-2.8071167,-0.14949647,-0.40548015,1.6752704,0.016341284,-3.4598143,-1.7674085,-2.613218,0.34609288,-1.2743675,-3.1292763,-2.7017717,-1.7813023,-0.71410483,-0.99712205,-1.9001019,-3.7957833,calm,03-01-02-02-01-01-21.wav
-580.9676,66.62463,-3.8714523,24.976614,-1.5630393,-0.06444287,-9.069824,-10.8069725,-1.0802904,2.5378256,-6.20913,1.4259999,0.37312183,-2.9623938,-3.631554,-1.7310134,0.19444306,-1.6409323,-4.7153087,-0.562304,-5.610546,-4.689647,-2.963005,-4.7203517,-1.7697908,-0.84861994,1.0185728,-1.7009302,-2.5337906,-2.5501294,-2.3504496,-0.52676386,-1.7386254,-4.032999,-4.2851005,-3.4478889,-2.320835,-2.4959955,-3.1992497,-4.7761116,calm,03-01-02-02-01-02-21.wav
-576.66754,64.91585,-2.3455465,25.024403,0.59543926,-0.9957193,-5.490581,-11.794518,-0.2996137,1.1701546,-4.226785,3.0196946,2.488191,-1.3178898,-2.6074908,-0.69093865,0.5484348,-2.8348205,-4.8541512,0.5681713,-4.4427395,-4.9052086,-2.2794778,-3.206583,-2.0061417,-0.6666911,1.0133933,-0.2523205,-3.5560753,-2.1515756,-2.778484,-0.058660507,-0.49551404,-2.507223,-3.8860288,-1.587038,-1.4067211,-0.66727024,-1.842611,-4.2470164,calm,03-01-02-02-02-01-21.wav
-591.5341,69.50084,-4.8091617,24.73343,2.0625136,-0.61250323,-11.048542,-9.645297,-2.0584066,-0.24998821,-4.6571593,2.0794694,2.172192,-0.8283631,-2.618216,-0.9956024,-0.31922436,-2.988663,-5.4189954,1.6062081,-4.9828167,-3.7264805,-2.7921546,-3.1940405,-2.2722003,-1.0171789,1.8755676,-0.30787173,-4.179221,-1.5211015,-2.0868826,-1.6681806,-1.4657865,-2.31231,-3.1685293,-2.6872246,-1.9035883,-1.2970282,-2.1945467,-3.8278735,calm,03-01-02-02-02-02-21.wav
-562.2354,56.601402,-6.0157986,18.083763,-2.439953,-4.6960998,-4.78235,-11.796758,-2.0374796,-1.6694338,-6.51191,0.9907393,-2.7723613,-4.2042155,-4.622985,-2.3699102,-1.3288871,-3.209725,-3.9105327,-1.2386886,-4.8774433,-3.9555292,-1.898123,-3.1981528,-1.5650363,-1.2785059,-0.5444575,-2.7647965,-2.034274,-2.245179,-2.917576,-1.6768836,-1.5085167,-3.3005328,-2.8117716,-2.7135458,-1.761859,-2.5394647,-3.6149962,-1.9832587,happy,03-01-03-01-01-01-21.wav
-555.3802,58.21691,-9.760389,22.438118,0.86157835,-5.3160763,-1.7270904,-12.3684025,-0.7027475,0.2699575,-6.621631,2.303174,-0.7846561,-3.0881622,-3.7153862,-2.6942813,-1.1120558,-2.070153,-4.499433,-0.6706112,-3.259977,-3.9734874,-1.6910686,-3.655865,-1.1675658,-0.57722193,0.24280547,-1.9920032,-2.284919,-1.945642,-3.185709,-2.0241039,-1.3933448,-2.8707752,-3.521661,-1.3703626,0.18967034,-0.015821842,-2.3687541,-0.96835613,happy,03-01-03-01-01-02-21.wav
-535.2955,56.941887,-11.789976,23.019365,-3.283078,-5.996255,-9.033093,-14.234427,-2.2503068,-2.880804,-8.242025,2.212038,-1.0813016,-3.191375,-6.0329456,-3.0645351,-0.6351726,-4.079502,-6.3589478,-0.99409163,-4.505933,-4.541617,-0.93878317,-3.3196108,-1.3578954,-1.2111729,1.0841568,-2.3584757,-1.369653,-2.7732499,-2.2546165,-0.78271663,-0.69243425,-3.2090254,-2.534615,-1.4922084,-0.45369446,-0.3159174,-1.9625502,-0.6099389,happy,03-01-03-01-02-01-21.wav
-560.7453,58.031086,-9.011633,16.494501,-1.3085188,-4.815332,-10.656447,-11.870817,-3.257596,-1.5964007,-7.2428513,0.33686334,-1.632784,-3.3992076,-5.873634,-3.2345989,-2.0435195,-4.9994493,-6.321521,-1.4409043,-4.9769125,-5.224347,-1.0978922,-3.0483103,-1.8055142,-1.6693302,0.2953131,-2.804994,-2.6711586,-2.9408767,-2.5807347,-0.7280538,-2.2146297,-3.2774744,-4.072336,-2.4246893,-1.6189796,-0.9851324,-2.3796325,-0.91173387,happy,03-01-03-01-02-02-21.wav
-464.78262,46.297924,-17.05966,16.94031,-8.077343,-10.228588,-3.5848815,-16.456818,-5.106918,-2.840782,-11.166771,0.5562093,-6.5784774,-3.930474,-5.623515,-5.316849,-3.9026442,-4.2675095,-6.580922,-1.6717772,-5.6355233,-6.395012,-2.9672716,-5.7171917,-3.37188,-0.93081146,-0.05748643,-0.5698848,-0.26001495,0.35487944,0.07975106,0.7892442,0.34529692,-1.2487152,-1.7766029,-0.4359567,-5.2360552e-05,-0.11061399,-1.5470194,-0.3539769,happy,03-01-03-02-01-01-21.wav
-473.57095,43.844925,-17.390854,16.053825,-4.7971387,-10.376788,-2.070354,-17.157082,-5.317035,-2.7538528,-11.042976,-0.20759018,-6.0477953,-5.2510676,-5.9195766,-6.621917,-3.2484853,-4.37755,-6.0224943,-2.277457,-6.2927637,-5.973484,-2.7586923,-5.4349084,-2.2159808,0.3765797,0.71975493,1.0673866,0.6247448,-0.6730367,-1.932068,0.7377311,1.1281164,-1.0574515,-1.9792641,-1.1092905,0.25713563,0.8312478,-1.8341504,-1.9563266,happy,03-01-03-02-01-02-21.wav
-490.53314,54.836235,-13.697288,14.820551,-4.2709036,-10.858505,-7.0869336,-15.873556,-2.9848166,-3.0724142,-9.495643,0.5582301,-5.6247616,-2.1063235,-6.904524,-4.4674926,-2.3289683,-4.118495,-5.8640637,-2.1032882,-4.2793217,-6.8018184,-2.015821,-4.033033,-2.503955,-1.9700384,-0.50553113,-2.0561697,-2.8972967,-4.1295805,-3.7909236,-3.2104726,-2.7733865,-3.6351457,-2.8078809,0.7511595,1.9048772,2.336281,0.20205721,-1.0261356,happy,03-01-03-02-02-01-21.wav
-443.67218,44.758778,-15.7272625,13.752802,-8.021679,-10.815984,-6.1459274,-17.398573,-6.6909156,-3.1221144,-11.5819645,0.5310308,-5.894511,-4.581523,-7.0017085,-6.4523644,-3.2992458,-5.3508234,-7.487982,-2.0766563,-6.1737323,-6.641032,-2.5293758,-4.0336843,-2.1293507,-1.896849,-0.07882866,-2.2052023,-2.9585614,-2.2360709,-1.8399526,0.022492947,-0.16598286,-1.5374548,-1.391246,0.8599776,1.4695808,1.8417264,-0.11035686,1.1669272,happy,03-01-03-02-02-02-21.wav
-634.2014,63.623077,3.627456,23.341692,-2.0656726,2.9137566,-3.9526246,-11.476038,-4.9016275,-0.7435314,-7.058875,-1.1855128,-2.7883503,-0.7125073,-5.010992,-2.7799213,-0.9608369,-2.1242852,-3.3218043,-0.2722922,-3.8101866,-3.6725867,-0.7339238,-3.5657237,-2.990088,-1.0184063,-0.3134997,-2.0713847,-1.4564044,-1.2402071,-0.99204034,-1.4641341,0.33202335,-1.8171849,-1.8907048,-1.9627519,-0.6803224,-2.2617593,-1.1372856,-2.795343,sad,03-01-04-01-01-01-21.wav
-636.6399,66.89208,4.872927,24.191332,-3.3375506,4.688367,-3.9583325,-8.247005,-3.8338938,-2.3433583,-5.363717,-0.87729853,-2.020549,-0.584768,-5.5347037,-3.424326,-0.8817332,-2.63198,-4.0360303,-2.4336011,-5.009771,-3.6526768,-0.28189528,-1.6419232,-2.6657884,-0.4770494,-1.2087188,-1.7383891,-2.538016,-1.3584733,-1.5200702,-1.7562399,-0.050582077,-2.371024,-3.4093947,-3.0192232,-1.6035341,-2.7431095,-2.1594667,-3.307882,sad,03-01-04-01-01-02-21.wav
-603.2679,59.652832,3.208553,20.856682,-2.3798227,3.9951444,-6.4687185,-11.250245,-1.0623542,1.0545881,-4.959053,-0.60512674,-1.2530141,-1.8593079,-6.704679,-2.5799637,2.0302482,-1.5255961,-4.8333473,-0.14437324,-4.034857,-3.5277624,-2.6100044,-2.143168,-1.251676,2.0073228,-0.88565856,-0.9951724,-0.46108934,-2.7480977,-2.3152852,0.21657139,-0.22432029,-2.9321067,-2.6427855,-1.673739,-0.12304844,-1.9857864,-1.7730405,-4.062627,sad,03-01-04-01-02-01-21.wav
-620.72363,60.442467,0.26668978,23.017296,-0.9964756,3.8907516,-4.0576653,-11.022185,-3.5868144,-0.4577131,-6.385648,0.5211836,-2.642019,0.09693672,-4.4074373,-2.1275516,1.6592963,-1.5200024,-3.4157665,-0.18106642,-3.9272397,-2.2320173,-1.7880039,-2.5486226,-2.541539,-0.25503907,-0.023875678,-1.669138,-0.18423964,-1.8711363,-1.4194283,0.04295436,0.34852937,-1.2635591,-2.314616,-2.0296059,-0.23193003,-1.710934,-1.6176635,-3.216259,sad,03-01-04-01-02-02-21.wav
-500.58658,53.68391,-17.598421,18.422754,2.0365107,-19.300434,-7.359664,-18.291464,-16.42675,3.6174006,-17.763884,-1.873209,-4.1180887,-4.4179792,-2.7157276,-6.077441,0.43799374,-5.2843385,-1.9804763,-4.6222715,-2.8948853,-3.2875264,-3.8297741,-2.0180416,-2.7153428,-1.4741137,-1.3078976,1.18895,-3.834559,-0.86215377,-0.90956855,-2.0021894,0.6972188,1.4253944,-0.6708982,0.97812706,0.0520348,-0.9245439,0.24608234,0.34206602,sad,03-01-04-02-01-01-21.wav
-500.13834,50.92531,-14.627256,17.217318,2.651041,-18.738253,-9.41239,-20.272724,-13.500559,4.396616,-17.493408,-1.357751,-5.691277,-4.801914,-3.18406,-5.7652693,0.7302799,-4.621862,-1.1266137,-3.547076,-2.4381135,-2.8352408,-3.7645757,-2.0197237,-2.3504562,-1.1383336,-1.3283483,2.3718808,-3.7027245,-0.12478114,-0.11678622,-0.11415727,2.861817,3.0682673,1.3739547,1.8288572,2.046321,1.7766731,2.791698,1.8410946,sad,03-01-04-02-01-02-21.wav
-515.61005,53.166344,-11.500359,21.620422,0.09089165,-12.996902,-5.94959,-21.674564,-6.692432,-1.2159907,-12.555219,-2.1669736,-5.1937776,-2.8346212,-5.1010194,-3.1725314,-0.85392445,-2.1440914,-3.8127153,-2.2044241,-1.3599871,-4.423647,-2.0159872,-3.0529761,-1.677139,-1.1999168,-0.1217989,-1.0446892,-1.8279697,-0.8088652,-2.4345007,-1.8469243,-0.7095485,-1.3952981,-3.201346,-0.5410617,-2.7543154,-0.13484989,-0.5961507,-1.523001,sad,03-01-04-02-02-01-21.wav
-543.1017,58.47988,-12.1306305,22.746256,3.6297836,-12.305275,-4.459532,-17.959822,-7.869347,1.8131341,-12.986107,-0.24580853,-3.9589412,-1.1766193,-2.6559448,-2.4817586,-0.110060416,-3.0826209,-1.4197686,-2.9017973,-0.37685105,-2.756435,-2.0307534,-1.1161311,-3.2771075,-0.31380385,-0.33940035,1.2769891,-2.957095,-0.18283626,-1.0162725,-0.972956,0.182959,0.68741655,-1.8194522,1.3689681,-0.59558827,0.3534355,0.33213764,-1.7055478,sad,03-01-04-02-02-02-21.wav
-424.7731,40.144344,-16.7157,19.54709,-7.5023417,-9.731177,-3.827932,-20.258425,-5.434923,0.083330594,-12.002358,-0.25356892,-4.4748526,-3.1688654,-5.6643705,-4.249914,-2.4627745,-3.7193453,-3.8873146,-4.256236,-2.990972,-5.3494244,-1.5544896,-4.1121593,-3.356875,-1.6668442,-1.9243324,-1.3832884,-4.5969877,-4.094762,-5.2372766,-2.8812795,-0.62701297,1.273396,0.02695465,-0.8710988,-0.12522207,0.42711028,-0.38966486,-0.40155905,angry,03-01-05-01-01-01-21.wav
-435.76263,41.72792,-16.302639,19.40591,-5.8819075,-8.43733,-1.3588202,-19.19541,-5.137131,0.22919676,-11.84535,-0.51760215,-4.634038,-4.2847266,-4.5033193,-4.842947,-1.5888057,-3.8509033,-2.6153667,-3.4212613,-2.7442229,-5.847676,-2.13102,-3.8062162,-3.8805523,-2.6700454,-2.5956278,-1.749423,-3.3209412,-2.8294637,-4.188437,-4.0523543,-2.987183,-1.5165004,-1.1053439,0.5352925,0.9328236,1.8841696,0.6483304,-0.77036345,angry,03-01-05-01-01-02-21.wav
-396.75696,37.98584,-11.854317,14.63457,-7.9910784,-9.035206,-2.8861861,-18.402935,-7.698702,-1.9292191,-12.686642,-1.9515777,-5.0479746,-2.4585173,-6.427233,-4.380421,-1.4763856,-5.0145855,-4.6300735,-2.6686444,-4.231068,-6.4629235,-3.8372421,-5.1208744,-5.070675,-2.9856162,-3.148148,-1.1773912,-3.5560308,-3.2214313,-2.1228251,0.51533496,0.42804694,0.7541752,-1.9524915,-2.112399,-0.62322503,1.4888973,1.914395,1.1773095,angry,03-01-05-01-02-01-21.wav
-424.4868,41.21833,-13.84539,18.128536,-7.020548,-9.44057,-3.3535094,-20.898525,-5.8500724,-0.86734456,-14.208307,-0.81326526,-5.1053247,-3.5817673,-6.0726376,-4.1758995,-2.0960028,-3.5950146,-4.6117887,-3.5464041,-2.4431777,-6.4691944,-2.2996857,-4.219832,-3.971358,-3.1808565,-2.5649943,-1.4693382,-4.2406473,-4.238075,-4.0869884,-2.0096982,0.03484738,2.108058,0.95368636,-0.04956347,-0.750864,0.9222995,0.74919564,0.81890035,angry,03-01-05-01-02-02-21.wav
-336.19052,35.00965,-21.05158,15.184059,-7.485177,-14.109418,-2.184256,-15.69808,-5.0481215,0.9293401,-11.127831,-0.6391,-4.57272,-4.48925,-5.187011,-2.7323005,-3.6005259,-5.639846,-6.1741285,-4.2778845,-4.40421,-7.3495126,-3.9708867,-6.4574585,-5.383431,-1.802317,1.0031524,6.23203,5.829858,2.7618299,0.15316884,-0.19085418,1.8881685,1.9452628,2.8572006,0.5588596,0.021694379,1.4220307,1.9559034,1.4350067,angry,03-01-05-02-01-01-21.wav
-358.93008,33.977303,-26.003426,14.437402,-4.8037214,-12.6067505,-6.7672143,-16.9058,-4.3229814,0.81291145,-12.430649,-0.051456396,-5.794003,-4.8541017,-6.6884627,-4.9860554,-5.60749,-6.080051,-7.757026,-3.6288724,-5.538134,-5.578589,0.47354454,-2.3119488,1.8445492,2.2388217,1.9649063,5.381157,2.9394748,2.8295844,3.08615,2.5078318,1.9646548,1.2001989,-0.11779938,-0.7705767,-1.0393896,-0.0022165026,0.9351783,-0.5680296,angry,03-01-05-02-01-02-21.wav
-366.11874,33.32059,-17.659082,12.209426,-7.8882203,-10.274314,-5.4113173,-19.24681,-5.764938,-2.1069746,-12.420541,-2.036546,-4.192748,-3.1906848,-6.8927193,-3.160377,-2.347797,-5.8901224,-4.5411596,-4.453651,-5.2207265,-8.04557,-3.3423975,-6.1993084,-4.0953135,-4.3926177,-4.4362206,-2.5757253,-1.1173631,2.2296062,2.4174535,3.9834988,2.737368,2.246836,0.968102,1.0247531,0.16935694,0.4607304,-0.43907762,-0.44895574,angry,03-01-05-02-02-01-21.wav
-366.91714,30.248848,-21.836067,13.979032,-8.747821,-13.334687,-6.0640006,-18.66053,-6.761694,-1.5507351,-11.479172,-0.755827,-3.6888044,-3.8296206,-6.884678,-4.902314,-4.287344,-6.875348,-7.8934426,-5.6775146,-5.7225103,-8.087845,-3.7885904,-4.7490053,-1.2065557,1.9005928,4.142865,5.790183,1.8966371,-0.5333193,-1.8900582,-0.13087407,1.8860519,2.103661,1.922577,1.6062688,2.324527,1.7804942,0.46961367,0.5072201,angry,03-01-05-02-02-02-21.wav
-547.4027,58.07359,-6.4905353,22.052382,-4.4053373,-2.1418364,-4.769799,-14.444879,-2.422214,0.51769173,-11.472281,1.4382972,-0.0020331424,-1.5487068,-2.7662446,-2.8126056,-1.4473572,-1.6995935,-3.4377654,-2.3628583,-5.122164,-3.6558335,-0.65866804,-3.0371344,-1.2363225,-0.2501969,0.48496205,-1.1082613,-2.0700493,-1.8279312,-2.5637083,-2.7351546,0.5046473,-2.049211,-3.5676382,-0.5139582,-1.0825311,-0.8424401,-2.0166893,-3.8891428,fearful,03-01-06-01-01-01-21.wav
-557.3452,56.082962,-8.473532,20.018406,-5.074789,-3.8867059,-5.161276,-13.603028,-3.1840687,-0.22293459,-10.61477,-0.4078229,-2.2626119,-1.2992616,-4.207757,-3.0488853,-0.9493139,-3.7135437,-4.728876,-2.7862408,-5.369003,-2.9051225,-1.4164447,-2.515027,-2.0553827,-0.19838753,-0.031142559,-1.7284949,-1.686946,-1.696457,-2.278268,-1.7616572,0.93201387,-3.0819173,-3.6922107,-1.6546406,-2.1945226,-1.7593008,-2.4135082,-3.0644946,fearful,03-01-06-01-01-02-21.wav
-565.1778,50.943584,-5.9652543,17.375427,-0.16540314,-1.0326333,-4.941573,-11.559441,-1.2163033,-2.5970175,-8.836391,0.53120935,-0.92141783,1.3650353,-4.3558826,-5.1465187,-2.1081395,-2.199396,-5.17035,-3.0967484,-3.892798,-4.277023,-0.54815847,-2.8626368,-1.8749644,-0.8425308,0.25240815,-1.9317516,-2.9739726,-3.0278528,-2.2665732,-2.7714224,-1.233543,-3.6921136,-4.903939,-2.2129824,-2.5701308,-2.5525343,-3.9086866,-3.3587277,fearful,03-01-06-01-02-01-21.wav
-582.19104,54.775124,-0.9964595,14.945439,-2.0344188,1.219064,-4.474825,-11.653669,-2.7797532,-3.2123337,-8.464469,-1.6994371,-1.4679788,-0.78924954,-5.0302367,-6.448258,-2.6366177,-3.452519,-5.4330006,-3.3563352,-4.6035757,-3.0283754,-1.355735,-3.40199,-1.330337,-0.33527303,-0.23765585,-1.9892255,-1.6538007,-2.5590992,-2.1396737,-1.9784181,-0.12279269,-1.9499872,-2.8840537,-1.5622176,-1.8134116,-1.3132541,-3.2302344,-3.1585658,fearful,03-01-06-01-02-02-21.wav
-485.44507,42.871464,-16.553535,17.49276,-3.6082625,-9.334888,-5.5901027,-14.653536,-3.5507827,0.5251488,-11.045826,1.62388,-0.96485764,0.4029036,-5.1590424,-5.5529566,-1.974888,-6.004702,-3.6284184,-4.029757,-3.755485,-3.215029,-2.2624063,-2.8128746,-1.6083324,-2.207812,0.43088496,-1.5158937,-3.6435668,-3.7569144,-4.4051595,-3.189327,-2.0418746,-1.9400164,-1.2119448,0.71049696,0.09371609,1.0478612,-0.033410255,-0.62165576,fearful,03-01-06-02-01-01-21.wav
-481.20013,44.145325,-15.523577,15.833632,-4.465789,-9.994261,-6.347873,-14.335761,-7.474454,1.0734702,-12.132023,0.3391667,-2.355239,1.3491031,-5.7870016,-6.4274435,-1.5611752,-5.738076,-3.5373588,-6.016932,-3.4877775,-5.28785,-2.4377682,-3.8815029,-3.3071706,-2.5360427,-0.24982475,-1.9451617,-6.2832003,-2.6520379,-3.080369,-2.1876547,-0.5481645,-1.0886071,-0.502526,1.2932583,2.4828355,2.454894,0.4706979,-0.30051586,fearful,03-01-06-02-01-02-21.wav
-468.8532,48.584576,-13.702455,16.50791,-2.842363,-7.671644,-7.483996,-16.263958,-7.2947555,-2.477685,-12.316795,-1.1341234,-3.5952728,-1.1747983,-5.531807,-7.4023657,-2.3755684,-5.597808,-5.1209893,-5.0046883,-4.2628255,-5.7969394,-3.4174893,-4.1362624,-2.7627327,-1.6933178,-0.7125506,-3.5000083,-3.5529034,-3.6259747,-3.3834949,-2.4839427,-1.8141183,-3.942385,-4.0589075,-0.33962125,-0.9394332,0.6423255,-1.3535625,-1.2822388,fearful,03-01-06-02-02-01-21.wav
-495.76703,47.569546,-10.208246,15.476328,-1.3264474,-7.428404,-4.5454693,-13.430832,-6.4167376,-4.6199937,-11.882781,-0.9491552,-3.6737156,-1.4287273,-5.6112585,-7.0771046,-2.7962205,-4.418593,-5.1792555,-4.5164866,-3.8170524,-5.2136464,-2.403706,-5.2642837,-3.6548574,-2.2547324,-0.872629,-3.0018578,-2.5632381,-3.509835,-4.452898,-3.024719,-1.7435129,-2.6706705,-3.2142937,-2.474394,-2.3104606,-0.15038268,0.18702726,2.3901076,fearful,03-01-06-02-02-02-21.wav
-538.28235,54.02502,-5.827324,20.24059,-5.0702043,-4.746543,-1.4730871,-14.453658,-2.6384714,0.98999345,-9.583579,-4.2480245,-3.91593,-2.8415828,-4.8414025,-3.222086,-1.6327829,-3.5365663,-4.1054025,-1.7367258,-5.0634103,-3.5074685,-2.169897,-2.993473,-2.7892566,-0.3810629,-1.2901747,-1.6579423,-1.8285384,-2.8469522,-2.4385076,-0.4788101,-1.1067529,-2.2821748,-2.274883,-2.730393,-1.2057102,-1.3741251,-1.8491515,-3.1221027,disgust,03-01-07-01-01-01-21.wav
-542.86084,54.24621,-9.915851,22.752111,-3.8621728,-4.383247,-1.0390899,-12.2981825,-2.3999,3.140171,-7.077129,-2.0780597,-1.6519533,-2.6574655,-4.090881,-3.8261333,-1.4860238,-3.2550745,-1.6721344,-1.7156126,-5.3834867,-2.67334,-2.398401,-3.4045675,-1.6651369,-0.58972436,-1.6220925,-1.4651158,-2.2534165,-1.7937329,-2.80801,-0.7992417,-1.4124246,-2.2889361,-2.479919,-3.0459118,-1.5385866,-1.0233927,-2.7415059,-2.7513976,disgust,03-01-07-01-01-02-21.wav
-543.70984,55.400543,-7.249539,20.491444,-2.1760147,-8.416822,-4.645166,-12.582617,-1.9051621,-1.3548019,-10.667812,-3.0647562,-3.5429685,-1.4606353,-3.764737,-1.5962937,-3.121879,-3.1790907,-2.7352245,-2.4209766,-4.4191513,-2.7065802,-4.2686596,-1.6541295,-0.68179506,-0.8697268,-1.2006323,-1.0607473,-1.763052,-3.9527953,-1.4447548,-1.086542,-1.4503467,-1.6597898,-3.052703,-3.221581,-2.5039544,-1.9958898,-2.9706023,-3.8548915,disgust,03-01-07-01-02-01-21.wav
-539.7774,46.07061,-8.668702,20.696194,-4.36089,-8.687256,-2.1395473,-13.611093,-2.3694134,-0.6101329,-7.837625,-2.7390153,-4.697247,-2.7993345,-3.914297,-1.7431761,-2.3236535,-3.5729244,-2.7384405,-0.20387477,-3.9934123,-3.0282376,-2.6892931,-2.4010293,-2.3131266,-0.83758986,-0.6970139,-2.32546,-2.5293493,-3.4286332,-2.187652,-1.0730481,-2.1391692,-2.0396397,-2.2899868,-2.9308362,-1.4967597,-1.6432428,-1.8001882,-2.4610386,disgust,03-01-07-01-02-02-21.wav
-573.71155,61.397606,-9.692492,23.21537,1.689416,-2.4369452,-1.1259552,-10.971421,3.409388,4.8426356,-3.9875648,0.58939964,1.6458523,0.85806143,-3.276233,-1.9250379,-0.25552982,-1.9739113,-2.907034,-1.3351865,-4.6482296,-2.9844246,-1.7051862,-3.2068853,-1.8994179,0.53009015,-1.1302531,-1.1388389,-1.580976,-1.4788806,-2.0463076,-1.292109,-0.28346393,-2.2019598,-2.7617245,-1.8206444,-1.8397682,-0.7406993,-2.4052682,-3.945422,disgust,03-01-07-02-01-01-21.wav
-569.5645,57.094513,-8.619608,22.771738,-2.4152195,-1.1167203,2.2286038,-12.390008,0.24263881,2.9910607,-4.069976,1.3989544,-0.16496405,0.33924454,-2.6358492,-2.19836,0.5594985,-0.6580505,-2.1014652,0.32349765,-4.4568896,-2.1972294,-0.37123555,-2.9177744,-1.8040186,0.8801971,0.2639173,-0.5959695,-1.8505851,-1.1381834,-0.92893237,-0.9293042,-0.4308606,-1.4742447,-2.7270362,-0.7321964,-1.6733845,-1.0425726,-1.1071813,-2.0497205,disgust,03-01-07-02-01-02-21.wav
-565.3707,52.053314,-5.154864,22.365921,-1.8899221,-3.9031231,-0.9262919,-10.894003,1.0779974,2.7270048,-5.6289835,1.0620905,-0.59097904,-0.01269422,-4.9293327,-2.9609058,-1.5705913,-3.3784018,-3.1880538,-0.41548094,-5.846128,-2.4976509,-2.839874,-2.7260091,-1.1151581,-0.67252564,-0.95711476,-1.645478,-1.5928026,-1.943302,-2.1497371,-1.0609733,-1.0683167,-2.3479638,-2.266226,-2.327654,-1.1864014,-1.5418772,-3.5128474,-3.369168,disgust,03-01-07-02-02-01-21.wav
-568.4727,64.05269,-0.061081313,25.567795,4.320884,-0.6854861,0.5419761,-10.335107,2.0719755,7.108764,-2.0327535,3.5789921,4.062056,1.1360836,-2.8063931,-0.4652432,-0.5171823,-0.9536971,-2.1673865,-0.070949055,-4.591867,-2.2758095,-1.4500287,-1.902279,0.003175724,0.76068103,0.2543202,-0.862594,-0.19854572,-1.3953685,-1.5180863,-0.6605991,0.31448027,-1.5259198,-2.2474372,-2.3038957,-1.445729,-0.21059522,-1.6395841,-3.694096,disgust,03-01-07-02-02-02-21.wav
-533.5227,55.61729,-6.552874,12.57532,-4.244787,-8.781293,-5.929595,-15.788449,-4.2036595,-4.9545255,-10.877165,-1.3416008,-5.17694,-1.9116322,-5.1424766,-4.581413,-0.9678286,-2.028356,-4.1994653,-2.864445,-5.087279,-3.620121,-1.5641125,-4.9538894,-1.2548133,-2.0241947,-0.41737318,-2.0116065,-2.190067,-1.6749167,-0.8840208,0.29159263,1.5830072,-0.5554555,-2.2126615,-0.6570499,0.74208194,0.5193864,-1.214975,-1.2574663,surprised,03-01-08-01-01-01-21.wav
-556.3414,52.27885,-4.0346465,12.834451,-3.1096718,-5.2329907,-3.1104467,-14.002807,-4.999826,-4.0460563,-9.791618,-1.8668863,-5.340354,-1.9746248,-4.937064,-3.9114523,-2.2715516,-4.070399,-5.335564,-3.4805093,-4.34872,-3.5554214,-2.0734088,-3.2377129,-0.32094374,-0.4471712,0.8655954,-0.42460176,-0.6421435,0.6619877,-0.16912112,0.14804466,1.2431622,-0.7998572,-2.225369,-0.68219006,0.31355008,0.7566108,-1.0785987,-1.6232038,surprised,03-01-08-01-01-02-21.wav
-539.7083,47.044647,-8.947125,11.820377,-4.3662963,-5.519506,-6.8794417,-14.306113,-4.276255,-6.3397756,-12.488642,-2.3296347,-3.5753722,-1.0381881,-5.5476456,-4.8276434,-2.2623477,-3.4383686,-4.5073843,-0.8417142,-1.8454366,-4.413707,-0.9459285,-3.9762492,-0.047168385,-2.376502,0.8146195,0.7267694,-1.0541726,-1.1860005,0.07122846,0.104564905,1.6339141,-0.57297087,-1.1219717,-0.30721718,1.3652399,0.93967974,-1.177979,-0.98974514,surprised,03-01-08-01-02-01-21.wav
-497.55347,49.50524,-2.876761,9.441701,-4.5133567,-6.8210897,-5.1716437,-13.589572,-4.16414,-6.7356086,-10.931051,-5.0833054,-5.6616755,-3.4969585,-4.3796606,-3.5220277,-2.7671475,-5.5598025,-4.981102,-1.3999285,-3.906404,-6.1527715,-2.2846134,-3.9205775,-1.7881438,-1.73205,-0.8391058,-3.3802774,-3.1724794,-1.8540566,-0.7231788,1.0710005,0.39506313,-0.6902953,-0.41738755,-0.11770647,0.37792656,-0.06432976,-1.4747077,-1.2202663,surprised,03-01-08-01-02-02-21.wav
-488.8151,40.199986,-6.206996,11.799762,-4.265605,-9.376458,-4.9648876,-16.46781,-5.5866194,-4.726373,-12.857825,0.03873419,-5.1989546,-2.1166148,-5.878692,-5.3068447,-0.86049914,-3.4942946,-3.130715,-2.2730296,-4.339377,-3.0255766,-1.3810205,-2.6580052,1.3833755,0.8282602,3.638696,2.1876197,1.974168,0.31128955,-1.7321662,0.06513371,0.09022363,-0.45615444,-0.8592834,-0.26432794,0.10113076,0.12653111,-0.3902264,-0.70227367,surprised,03-01-08-02-01-01-21.wav
-498.09204,46.37022,-10.295613,12.846363,-7.754594,-11.896409,-5.5162234,-16.393639,-7.817566,-4.957157,-12.56995,-0.5175044,-5.897453,-1.4116439,-7.8974514,-6.3540864,-3.2961955,-4.569337,-3.2369027,-2.6817145,-3.3212066,-2.4024029,1.0150591,-1.1613556,1.7926929,0.025257446,0.65588653,0.15487845,-1.1308125,1.3202534,-2.07916,-0.49599692,0.043594494,0.053969424,-2.013381,-1.9896636,-0.60415334,0.4197492,-1.4163381,-2.1630912,surprised,03-01-08-02-01-02-21.wav
-523.28467,43.182922,-7.6693087,11.98782,-2.3375425,-7.645477,-7.154933,-18.535988,-1.5842534,-2.6672149,-12.541099,-0.75646186,-3.8239083,-2.2540274,-5.1101136,-6.036064,-0.54043573,-1.4016136,-4.9786706,-1.195006,-2.0825906,-2.9718223,-2.026709,-4.4116454,0.51251775,0.1571172,2.3639216,1.2672154,0.66567147,-0.11841875,-0.44373223,-0.3231242,1.2581824,-1.6375691,-2.5926905,-1.4406811,1.0512654,1.5718566,-0.7821809,-1.0543095,surprised,03-01-08-02-02-01-21.wav
-505.07062,40.188946,-3.3022764,11.617322,-3.4528716,-8.378861,-7.5098515,-17.202137,-3.6384993,-5.307367,-11.751465,-1.8688818,-5.9651303,-0.2502199,-5.5606847,-6.1182647,-1.1829014,-4.1225486,-4.096043,-1.7932181,-4.05354,-2.86279,-1.2961626,-1.4000612,2.4891908,0.75017095,2.6280322,-0.46683532,-1.2093247,0.1899415,-0.19003102,0.6282691,-0.7170149,-1.6571093,-2.1205442,0.57479125,1.5256797,-0.5857291,-1.6121051,-0.45736003,surprised,03-01-08-02-02-02-21.wav
-688.75824,49.663437,-1.1694335,7.8437076,0.31046847,-4.5129104,-6.9538126,-12.133463,-5.9674435,-2.194593,-5.7411013,0.16511331,-0.5243781,-2.7557795,-7.2863083,-0.5038956,-5.02224,-4.040617,-6.184604,-3.7363687,-3.4720843,-2.4568403,-4.2713866,-2.9715598,-3.6636422,0.60181516,3.192287,3.5208821,1.9996288,0.5920814,1.1023196,3.715906,5.3014646,8.431694,4.37732,3.3394773,5.469231,7.2587447,5.9099154,2.0209663,neutral,03-01-01-01-01-01-22.wav
-659.5375,38.14576,-4.9222345,5.980221,0.62112594,-10.116203,-9.219579,-11.632554,-3.604155,-2.4536104,-7.2149744,-2.801922,-0.4752773,-2.713808,-5.529135,-1.7729334,-5.1599483,-3.6963964,-5.8262897,-2.678227,-5.184977,-2.8207579,-3.8636334,-1.4856776,0.506287,2.61149,3.1263974,2.9880764,0.831313,2.1987307,2.8832002,5.6024923,2.361576,2.721965,2.2781591,3.0976105,7.3829675,7.1246643,4.2283835,1.0757406,neutral,03-01-01-01-01-02-22.wav
-672.96027,47.661205,-3.47108,2.384609,1.4779432,-7.05534,-12.885891,-12.436094,-2.810978,-1.6444303,-8.815463,-2.0131419,0.1509042,-2.9848156,-5.5457206,-0.14983854,-5.5507116,-4.029863,-4.714847,-3.2680237,-4.6550307,-1.2711056,-2.8364854,-0.9703297,0.57359093,3.0112562,3.2803602,4.6548486,2.2942321,3.0221817,4.582775,4.791031,2.7322385,2.9777644,0.65233576,3.0650265,4.8645635,4.4297166,1.5492139,1.6973687,neutral,03-01-01-01-02-01-22.wav
-665.3,42.703995,-1.4526079,7.1478996,0.75055635,-2.4630425,-12.318816,-14.674575,-2.2523746,-0.88580304,-8.262023,-0.92262685,-1.6452701,-2.2192068,-5.21774,0.26768315,-5.1796813,-3.3667655,-4.117716,-4.460595,-4.0286894,-2.0342963,-3.3967605,-2.0469747,-1.5101078,2.3365495,3.3936493,3.784464,1.9280758,2.3485868,5.3380876,5.875746,5.3528037,3.6518393,-0.112599336,0.70845646,3.4531293,6.2183285,3.9231083,1.1288828,neutral,03-01-01-01-02-02-22.wav
-693.3481,38.847157,3.9660094,7.6459603,1.2397755,-4.839875,-9.31177,-7.9635506,-3.7311766,-2.8877287,-7.753734,-0.7424892,-1.3502427,-1.1838264,-6.09567,1.0961428,-5.3749533,-3.174638,-4.595129,-2.5660856,-3.7566137,-1.1356177,-3.823276,-0.5604483,0.078590885,3.08653,2.3889194,2.8398478,-0.78076005,-0.3396121,1.7524253,5.3028574,4.8797584,5.9679246,1.7409142,2.364039,3.0530484,3.5066805,2.784091,2.0075786,calm,03-01-02-01-01-01-22.wav
-669.43884,43.086056,-3.314719,9.802185,0.8198825,-4.7696166,-9.034908,-10.338965,-3.5024552,-0.76225,-7.2185264,0.11936531,-0.5339041,-1.0390524,-7.1388965,-0.9187663,-5.7296033,-3.8084314,-4.196112,-2.0390294,-3.084883,2.079231,-0.7830587,2.4712455,0.6792259,0.84133434,0.5287967,0.464068,-1.460804,0.4336832,1.278756,4.309059,3.1412733,2.4194856,-0.3081189,-1.2867879,1.6494732,2.950133,2.4467752,1.7829663,calm,03-01-02-01-01-02-22.wav
-676.40344,43.153484,-2.1461792,3.7531135,0.23590334,-6.8112445,-13.266475,-8.438491,-2.4040134,-2.6298726,-9.515032,-0.401424,-0.5473855,-3.9482706,-7.0416565,0.0051844204,-5.27855,-4.6705246,-5.894195,-3.8147619,-3.4885345,-0.87066567,-2.1371455,0.8056758,0.15322585,3.0268347,2.5106285,2.1488922,0.19538434,2.2744577,4.980725,4.6674743,4.2680764,3.9484155,1.603032,1.1741625,1.05327,1.6795305,0.6968278,1.3836277,calm,03-01-02-01-02-01-22.wav
-666.0907,42.89059,-2.774436,6.4300027,2.5499487,-2.1101105,-13.972666,-11.831321,0.022888502,-1.8125116,-9.589397,0.15275899,0.5523436,-1.6219127,-7.2807302,-0.6404394,-3.401922,-5.028033,-4.5563154,-2.4099386,-3.5381894,0.023674013,-2.8827705,-0.19129565,0.978105,1.6702174,0.95555484,1.8887519,-2.0065062,1.7334787,5.499074,7.05609,5.064786,3.1708193,-1.111512,0.4706262,3.4281144,4.640223,0.85439444,-0.8118684,calm,03-01-02-01-02-02-22.wav
-673.52234,41.32685,-2.2440584,8.47616,0.4873906,-3.749441,-6.8613276,-6.4018,-2.411254,-1.5526025,-8.128567,-1.6975911,0.52789026,-1.5662781,-8.135539,-0.24932277,-4.9216757,-3.6088216,-5.3304033,-1.6829329,-4.5701833,-1.3568492,-4.5930185,-2.1289957,-2.4273777,0.87568617,3.6144211,3.6098483,0.8505262,-1.4017603,0.18963407,2.8119745,3.2902312,4.7225156,1.9056592,1.7048986,3.3873332,6.461821,4.3434396,3.3376243,calm,03-01-02-02-01-01-22.wav
-675.8577,41.88432,0.93636566,6.4305105,-1.7444962,-6.3378797,-7.8038177,-5.7071786,-1.3095374,-3.7724397,-6.983235,0.4652287,-3.0774474,0.12350265,-7.711589,-1.0206597,-5.54129,-4.236785,-2.7894309,-2.5186238,-3.26665,-2.7136374,-4.4465156,-0.6733698,-1.1311024,3.47665,2.639886,2.3099532,-2.2313857,-0.6701504,-0.91752917,3.9556165,3.220596,5.644998,0.8000696,2.600637,4.426554,5.9381433,4.383791,2.9713862,calm,03-01-02-02-01-02-22.wav
-666.89215,50.43952,-9.72192,2.7294917,-0.8312286,-1.1661712,-12.741707,-12.677884,-2.6130955,-0.30662227,-10.375736,-1.603699,-0.68725765,-3.0385,-6.7199993,-0.841549,-5.472933,-3.8102934,-4.8346415,-0.83549595,-3.179922,-0.75412315,-3.8330064,-0.90356976,-0.38034567,1.5328525,4.304165,5.1226487,4.5216203,3.6132116,5.560983,5.9910793,3.4823437,4.530826,0.72985816,1.3469764,2.4716356,2.781034,1.7303747,0.5222242,calm,03-01-02-02-02-01-22.wav
-659.1274,46.431725,-3.5946925,6.466289,-3.6755004,-3.4595478,-14.255607,-13.37052,-3.1514351,-2.3041086,-9.397852,-0.47169435,-2.1210926,-2.8526235,-7.0864477,0.56358546,-6.505799,-2.7883756,-4.690067,-3.1473424,-3.7091913,-2.1526415,-3.1994665,-2.0269527,-1.6964608,0.50789857,1.3492403,3.2093554,1.6313313,3.0057352,5.219026,5.84808,5.631353,3.668368,-0.7226939,-0.27136102,2.834829,4.0782294,2.3994024,-0.6739386,calm,03-01-02-02-02-02-22.wav
-615.979,50.60139,-13.3442745,5.0490294,-1.4152871,-9.245004,-13.527343,-12.889848,-4.0679927,-5.898946,-9.602605,-2.692541,-5.806881,-2.4280558,-9.162857,-1.3585705,-6.5174556,-5.4211926,-4.753371,-5.499858,-2.8316514,-0.41771856,-3.242484,0.2812541,-0.2843256,0.65139556,0.49921617,3.821096,2.3491862,4.803782,5.4682093,6.420718,5.2482123,5.764462,0.3072512,3.237975,4.127787,5.035857,2.904598,-0.74034804,happy,03-01-03-01-01-01-22.wav
-631.6683,40.251083,-20.072706,3.7724123,-2.7186341,-12.4507,-13.871576,-13.922268,-2.9400191,-6.2674084,-8.510704,-2.101857,-2.855129,-1.6345342,-9.5276375,-3.4702988,-4.0434637,-4.719421,-4.589025,-1.9713025,-0.5382214,4.9996986,1.0891322,2.7590353,-2.5281358,-0.75522053,1.754058,5.442733,3.3985584,0.9099911,1.0484538,3.3156948,5.851809,5.1416726,2.0251818,2.963171,3.7892427,2.397886,-0.14256701,-1.4873697,happy,03-01-03-01-01-02-22.wav
-632.54944,40.289337,-7.907118,1.0709957,-3.4707026,-10.457485,-13.844464,-14.007608,-3.045301,-4.6751714,-8.862745,-2.5255148,-4.225019,-2.1567144,-9.798643,-1.1427729,-5.852781,-4.3166814,-4.4304667,-3.3349237,-4.6844788,-1.7773793,-3.0706758,-1.9511945,2.3924513,5.8710837,7.315741,9.825893,3.5546818,1.8355366,1.8833026,2.5532181,4.1302533,4.1752977,2.6409943,2.9923425,3.5252855,2.6778784,0.33358666,-0.29693374,happy,03-01-03-01-02-01-22.wav
-634.6559,42.29069,-8.381207,-0.77923363,0.79563975,-8.320337,-13.570231,-12.653278,-2.492319,-4.7859893,-8.50741,-0.346036,-4.161746,-2.1915536,-7.706618,-0.39824033,-4.4621997,-4.034024,-4.3278456,-3.3647156,-4.5464354,-0.8691316,-4.2772474,-1.2534351,-1.0421648,1.6595161,2.751056,0.51474565,-1.5988566,-1.7017787,0.05726779,1.7895795,1.8651657,3.6268215,2.524916,5.182011,6.973276,6.0705,3.9972007,1.7984015,happy,03-01-03-01-02-02-22.wav
-488.96255,26.219631,-25.34886,-5.5522094,-10.6279745,-17.278894,-14.342127,-17.81687,-6.193468,-4.7421665,-11.262695,-7.142145,-8.157566,-4.731116,-10.471634,1.8436247,0.25686762,1.6716332,1.8635294,-0.05665849,-2.2017632,3.0334673,1.8016908,3.6843705,1.2867937,-0.84218097,1.1076746,2.626338,0.24983607,0.017606132,0.81541765,1.5354654,3.9707499,3.4232476,-0.41653222,-0.3123354,0.6170874,1.1086955,-0.52669513,-1.6408617,happy,03-01-03-02-01-01-22.wav
-486.62332,30.617401,-18.648596,-1.9804685,-6.35126,-16.434486,-16.217934,-15.741622,-6.6851177,-4.736596,-13.641412,-4.364221,-6.894542,-6.750529,-12.40584,-4.2478037,-3.4449408,-0.63786507,2.1554608,2.872466,0.39694798,3.3397162,2.4649205,5.881361,2.6424384,-0.8224289,-0.19547749,1.1591088,-0.06398497,0.38320595,-1.8975953,-0.8744344,2.8607748,3.7896652,-0.049600158,0.5552526,2.333794,3.0333526,-0.2202562,-1.6767204,happy,03-01-03-02-01-02-22.wav
-491.27502,25.72826,-10.647794,-6.840493,-4.3005104,-14.176793,-15.433715,-18.718098,-5.338972,-8.688046,-14.084426,-4.6197877,-8.356096,-6.561928,-10.91343,-2.4613223,-2.7632406,2.7533822,4.2212343,4.621544,0.63404363,4.6247463,1.2890555,1.0987035,0.28961858,-2.5072896,0.45162815,2.8573852,-3.3201501,-1.920394,-1.8848548,2.395421,4.9711056,3.4026213,0.039558608,2.4505818,1.17284,-0.6801301,0.28223208,-0.31606695,happy,03-01-03-02-02-01-22.wav
-514.47705,30.071045,-21.636898,-3.7813392,-5.6376624,-16.67423,-16.680788,-17.404333,-3.6068144,-7.114587,-13.664151,-4.30679,-6.7704864,-8.16317,-9.791527,-3.6270387,-3.3940272,2.2985492,2.6138194,1.8069791,-0.9256573,4.524751,1.6541184,6.970806,3.7882829,1.1742076,2.0957868,2.423892,0.2120078,-0.80125284,-0.90614283,-0.22740082,3.8971577,2.9265692,0.4429976,2.0650477,2.5673137,3.5191479,1.187082,-0.46068102,happy,03-01-03-02-02-02-22.wav
-646.01,45.830826,-8.408851,8.503114,-0.7462553,-9.303713,-10.52809,-13.686474,-1.6735178,-4.2973685,-5.903065,-0.59961736,-1.9663268,-0.9530399,-4.09265,-1.6129072,-3.957586,-3.754564,-4.431687,-3.2285168,-3.528812,-2.254681,-3.7754786,0.27514932,0.31079045,2.5980484,2.2883217,2.4672792,0.09286612,1.0259138,1.2158202,5.09095,3.4645767,7.5677586,4.0631127,5.4165883,6.1112185,3.1537337,0.22223087,-0.84738684,sad,03-01-04-01-01-01-22.wav
-626.3526,40.192905,-12.280189,3.3122525,-3.1445456,-11.627347,-13.373267,-14.41188,-2.8847756,-2.1844988,-7.5765233,-0.87399584,-2.9766805,-3.025852,-6.4526258,-3.16746,-4.4505525,-5.308285,-4.924129,-3.2840648,-4.1578946,-1.1830852,-2.6918862,0.56461567,0.3810392,2.7320917,2.441554,3.412339,1.7281886,1.9959131,2.191339,5.868289,7.086406,10.989785,8.26902,5.1874785,0.6637146,0.35879922,0.4953202,2.1321523,sad,03-01-04-01-01-02-22.wav
-617.49945,37.590843,-11.402009,0.84745216,-2.1848323,-6.982631,-18.977692,-17.369291,-1.2131522,-1.6424325,-10.124856,-1.010793,-3.8065598,-5.4014945,-5.73654,-2.206632,-4.9635787,-3.7900927,-3.0999894,-2.8227358,-5.094093,-2.8240724,-4.9250526,0.69074667,2.1577222,5.632999,5.4727173,3.8442945,0.23596627,0.9815601,6.3881664,10.782127,10.090312,9.005734,2.7592888,0.97731006,0.28218532,2.8676467,2.4214427,1.3630129,sad,03-01-04-01-02-01-22.wav
-610.01385,39.81326,-9.661499,-1.0422992,-2.9946644,-6.2472553,-18.942451,-17.37324,-0.31324357,-3.7194386,-11.135689,0.7874884,-3.2680018,-4.6101656,-6.6846824,-0.80770946,-4.0329633,-5.422058,-4.112485,-2.8764439,-4.572568,-3.3777814,-4.4718904,-3.0739722,1.1598172,3.9190881,4.9583273,5.3074794,1.4457908,3.5815277,6.025955,11.588437,10.474196,10.035224,1.8254316,-1.2448664,-0.07767878,2.258036,2.9371996,0.96447015,sad,03-01-04-01-02-02-22.wav
-618.1954,42.23139,-13.145687,4.271622,-2.7530704,-11.254329,-11.334196,-15.361981,-5.1339645,-3.01026,-9.909944,-1.0576963,-3.568122,0.8756455,-9.198507,-3.1998293,-4.554853,-4.1147695,-3.953538,-3.0391002,-4.42324,-1.3606904,-3.2374988,-0.59229076,-0.8397215,3.5142815,5.2094083,5.7173486,4.029333,4.479083,4.3220954,7.755186,8.670629,9.616411,3.2440677,-0.73543817,-1.1058229,1.5279857,3.397963,1.8981049,sad,03-01-04-02-01-01-22.wav
-596.2502,33.823936,-12.834707,6.165386,-5.568146,-13.855034,-14.388996,-14.7851925,-5.903154,-4.9420834,-7.618116,0.0784837,-4.771797,1.4053375,-8.130841,-2.796697,-3.8596144,-4.194082,-4.3813915,-3.4077103,-4.8112507,-2.8590217,-2.8264253,1.0730877,1.6216762,7.337885,7.302618,5.8549547,5.1294594,7.1478457,9.461926,10.403051,6.325885,2.0243547,-2.8089602,-0.39562058,1.0430351,0.7701181,-1.68305,-1.6550053,sad,03-01-04-02-01-02-22.wav
-624.1987,36.02429,-6.998986,0.6937983,-0.22602579,-7.7992387,-15.791871,-17.661575,-6.133211,-4.1993647,-11.6305895,-1.6653357,-5.1640124,-0.2754746,-7.8210506,-1.1548494,-3.9193609,-4.4511647,-5.655174,-3.7702277,-4.222969,-3.3598645,-4.5760713,-3.249645,-1.9899564,2.5057468,5.054052,11.614243,9.926893,10.797918,11.17007,10.830073,6.857201,5.147724,-0.0032968894,-1.2104442,-0.37821648,1.3083175,0.39143363,-0.6843987,sad,03-01-04-02-02-01-22.wav
-606.278,36.370045,-6.085979,7.6196957,-2.5735958,-11.622763,-14.32049,-16.416117,-8.616887,-5.2834167,-10.636768,-1.0957805,-7.1106143,0.10139847,-10.0088215,-1.0775505,-3.761808,-5.062109,-4.7151437,-4.4310427,-4.704077,-3.4541373,-2.6897511,-0.9483491,-3.0059717,-0.5817052,0.52693784,7.213393,8.31078,12.778296,12.821619,12.140096,7.142034,4.5749116,1.7012095,1.0528886,1.8611305,1.2904313,-0.06586234,-0.2875566,sad,03-01-04-02-02-02-22.wav
-571.7526,37.907455,-5.9334426,4.0368433,-6.3970447,-9.7392025,-10.626581,-11.601929,-5.1052685,-1.2802907,-10.308242,0.23442335,-5.6137705,-1.555828,-6.8714323,-1.529382,-4.327716,-4.8754725,-5.1639915,-4.9832206,-4.892976,-1.6794368,-2.1250253,0.08518357,0.3910762,0.09607729,-0.09588233,0.9519664,0.43264458,2.0458028,2.199554,1.0434093,1.0973535,3.0611577,2.7248876,1.392026,2.2116106,1.2055359,2.2341654,1.4609467,angry,03-01-05-01-01-01-22.wav
-607.3387,42.63774,-3.6541464,4.9454193,-4.9166436,-9.757948,-7.0081396,-11.160542,-4.739563,-1.2608016,-8.517071,-0.15001677,-5.7006273,1.0295241,-6.7205534,-1.1447183,-4.4427857,-4.15014,-3.9035563,-3.1963954,-3.7110925,-0.39382946,-0.6367173,1.1305261,-0.3662333,0.4501944,0.8774822,2.5829718,1.6268034,1.0220382,-1.1398175,0.22779503,5.4940166,8.183693,5.0693755,-0.17120557,-1.6993872,1.9741265,3.107022,1.2757857,angry,03-01-05-01-01-02-22.wav
-558.4535,34.642635,-11.397306,-0.088600345,-7.7446127,-10.001208,-11.978318,-13.706641,-5.2171206,-2.2652972,-10.249011,-0.39908218,-7.3376675,-2.5322275,-7.9693556,-1.4836186,-4.504641,-4.4017863,-3.1554782,-2.2140825,-1.2611217,2.2027447,0.5618892,1.0539569,1.2766795,2.5761735,3.964204,4.0644283,1.050762,0.5802616,-1.1562086,0.48990643,3.3838704,4.006892,2.9634767,2.2199435,0.29189503,1.9768612,0.5689981,1.393953,angry,03-01-05-01-02-01-22.wav
-532.9687,35.72337,-10.630778,0.6323605,-9.427711,-10.017353,-11.977744,-17.058308,-7.71837,-3.1947706,-13.388276,-1.5617517,-6.7905073,-3.8689232,-7.8837194,-1.7180381,-6.0953846,-4.6947675,-4.500476,-3.956166,-6.788471,-2.1431706,-3.8472183,-0.6491967,1.0771296,4.3562856,6.46361,4.96175,1.9619964,-0.8751208,-1.9659375,2.1044202,5.067408,6.0287166,4.8709993,2.079299,1.5320579,1.1035303,1.3695534,1.5303168,angry,03-01-05-01-02-02-22.wav
-469.60837,25.534035,-17.649195,2.2663128,-13.1011505,-13.940106,-11.734151,-15.676177,-3.781637,-6.4009795,-8.988503,-3.776685,-6.441833,-2.127455,-11.623331,-4.154887,-9.137929,-4.9474077,-0.66639197,1.036549,0.25759628,0.99709696,-1.3743691,3.0145297,5.2363405,8.321649,6.359961,2.9767842,-0.43359604,-0.8750248,1.6907654,0.27902532,1.6682607,0.39234748,-3.042687,0.102478154,1.0458379,1.8436277,0.041915648,1.367153,angry,03-01-05-02-01-01-22.wav
-480.09274,29.469479,-18.192562,0.2124358,-10.696145,-12.822644,-10.055672,-16.100468,-6.4102554,-4.016782,-11.569486,-3.4300153,-7.730247,-1.49509,-12.072688,-3.170929,-6.7800503,-6.967348,-4.071841,0.09159057,1.6698534,2.985599,1.7883496,3.0284464,2.7281454,6.1240454,6.722446,5.369148,1.2416095,-1.4287593,-0.74254256,0.22430196,2.9065871,2.0168123,-2.2645962,-2.523952,-0.01878457,3.0925412,1.0975091,-1.9086989,angry,03-01-05-02-01-02-22.wav
-422.3542,18.007553,-17.542568,-1.0991424,-12.865937,-11.484828,-12.407346,-19.440397,-6.5768924,-5.9560122,-10.806971,-3.2962673,-8.880347,-2.12768,-13.188911,-3.4916964,-10.096663,-6.553031,-2.7164428,-3.0464828,-2.4125774,2.660198,3.8815844,5.881341,4.6544433,4.213074,3.980887,3.5240235,1.2398622,-2.368711,-0.17643382,-0.9935545,1.6449721,1.5951875,-2.249812,-1.2471787,0.86624086,1.5683396,0.38914296,-0.3595767,angry,03-01-05-02-02-01-22.wav
-428.18088,17.237717,-22.409527,-1.6411544,-15.702944,-12.972828,-14.603154,-19.878328,-6.343672,-4.556308,-12.534945,-2.8287418,-9.386082,-4.469623,-13.830361,-3.4019923,-9.111647,-4.514759,-1.2856168,-1.6374253,-1.044072,4.0637307,5.7440352,8.435879,5.955072,4.6488166,1.0079072,0.93053585,0.3566771,-0.32330483,1.3776863,-2.4034402,-0.07001583,0.23153594,0.8636411,-0.6598639,-2.5347435,-0.21340214,1.4685724,0.8231462,angry,03-01-05-02-02-02-22.wav
-576.2381,28.6448,-14.6078415,6.0996437,-6.045718,-13.736712,-15.566923,-14.851798,-4.0978456,-6.3784256,-6.9186735,-1.1504458,-4.607133,-1.7760726,-10.0819,-1.8283199,-4.582485,-6.5251985,-4.1989074,-5.8291163,-5.6363754,-3.459987,-1.1677457,4.2010875,3.9479713,5.597702,3.433016,4.530764,4.6324396,9.138726,10.788537,8.58291,3.887502,2.7487886,-0.08494878,0.8862764,0.081746474,0.7912398,-0.09854747,-0.9304527,fearful,03-01-06-01-01-01-22.wav
-562.6024,30.601168,-12.821461,4.7120385,-4.9510627,-13.015488,-12.406694,-14.220262,-6.027894,-5.5224624,-8.775527,-1.1564497,-5.0480824,-1.2182614,-9.36872,-2.2786782,-5.300751,-5.5360312,-3.7850978,-4.1221676,-5.315177,-2.721013,-0.30244952,2.5799682,3.532064,5.405515,3.2265036,6.034931,7.1836696,10.724204,10.437958,9.124287,3.1839745,1.6148496,-1.392821,0.49693367,1.225894,0.7582719,-1.5931051,-1.4523791,fearful,03-01-06-01-01-02-22.wav
-552.14325,27.670212,-20.167482,4.41681,-9.688973,-11.632409,-20.291801,-16.358154,-2.7456877,-7.282997,-8.14259,-2.0946527,-2.371808,-3.5443609,-8.374406,-1.9879639,-5.0980606,-5.991116,-4.5507793,-3.972858,-5.193638,-2.4863517,-4.631601,-3.2807093,-0.6386871,4.092894,7.5764937,11.785776,9.202607,11.322376,9.376875,7.9099493,3.598345,3.4958267,-0.0958104,0.18866487,0.41570616,1.2405947,-0.19463415,-1.6746372,fearful,03-01-06-01-02-01-22.wav
-559.5419,30.483433,-16.625973,0.7949208,-5.56994,-14.077832,-17.380487,-16.337679,-1.7946274,-4.760396,-9.459325,-0.5136048,-3.4720705,-2.4208162,-10.412346,-2.8540719,-3.8587618,-6.834985,-3.4928014,-4.5098267,-5.3167663,-2.5434172,-2.2778833,3.4226916,4.4015307,6.4225507,4.7512913,7.122638,5.2743173,7.6876254,8.457953,8.7210655,6.8158,4.0563445,0.66503376,-0.19135293,0.71462333,1.4765438,0.2301231,-1.5308262,fearful,03-01-06-01-02-02-22.wav
-491.31735,17.062346,-21.718588,-4.5529733,-12.968392,-16.993704,-17.709936,-14.870858,-6.0998216,-7.8123426,-12.175212,-2.2118983,-6.9185724,1.237963,-8.380207,-1.0837399,3.0607948,5.4156103,12.877577,11.954309,6.5854287,3.6269767,-1.3903812,1.2061679,-0.87615013,0.9395805,-0.17096989,1.1536703,-2.6108203,-2.8326607,-1.0298746,0.97842985,-0.16271387,0.26347396,-0.12670408,1.1519623,0.6753469,2.006982,1.1919739,-0.93420875,fearful,03-01-06-02-01-01-22.wav
-471.19873,13.850937,-20.098083,-1.3140647,-11.228637,-15.46364,-17.095243,-15.178428,-5.768377,-10.770473,-8.704131,-3.181768,-7.298261,0.1846592,-12.098161,-1.0151402,-1.575065,-1.0774934,4.3676796,7.214221,9.231793,7.6876817,3.5646396,3.8861995,0.9420624,2.591231,0.6080852,1.6927377,-2.793511,-2.8469207,-1.2132977,-0.088129796,-0.09256758,-0.59239197,-3.469399,-1.3616791,-0.8054837,0.38565582,-0.01777385,0.5910669,fearful,03-01-06-02-01-02-22.wav
-469.18698,10.743624,-21.543432,-0.54960227,-10.855366,-20.528118,-20.233387,-16.062143,-6.348014,-11.174533,-11.082544,-3.0924635,-8.471622,0.5445062,-13.750973,-4.249093,-6.4218535,-3.282903,7.15099,11.820508,14.662706,10.880731,3.9308574,0.2637252,-0.38932326,4.0896997,3.068887,-0.12313896,-3.5720923,-2.7687793,1.414102,0.6860595,-1.4879557,-3.452201,-3.8742003,0.118849024,0.71052307,1.9752481,0.7112216,0.97852993,fearful,03-01-06-02-02-01-22.wav
-467.77557,8.1623955,-23.577621,-3.0845838,-11.143248,-19.359598,-17.56535,-15.815576,-5.9119496,-10.562324,-11.085872,-0.5841567,-8.868334,-2.0556962,-10.675818,3.0945911,9.599823,10.844191,11.902016,7.7771173,1.4734743,-1.3567928,0.66372955,-1.010109,-1.7407948,0.80971426,-1.6793382,-0.23625974,-4.955152,-2.791727,-0.5771471,1.0978924,0.31764948,1.593259,-0.26373547,-1.5611067,-0.32196343,2.6573193,0.40193295,-1.2580013,fearful,03-01-06-02-02-02-22.wav
-581.3744,38.980473,-16.391525,2.6310418,-7.9466715,-11.28984,-11.254245,-11.818428,-5.2412524,-3.7143133,-9.981192,0.2606815,-8.273913,2.878132,-8.973712,-2.6885598,-3.3501158,-5.252324,-3.643328,-4.208238,-3.3766663,-3.969968,-3.1011922,-2.0434146,-1.1137439,0.8093899,0.27478197,2.3733566,-1.1524161,0.10557248,-0.045429386,1.6035095,1.456994,3.5535717,4.2543087,5.8447742,8.924318,8.678871,4.021195,1.3274193,disgust,03-01-07-01-01-01-22.wav
-598.6659,47.292145,-20.337175,1.8345977,-5.694252,-13.348996,-10.1591215,-12.015166,-9.281922,-0.03415436,-10.98256,-0.14577037,-9.268024,-1.2215863,-7.301015,-4.042731,-4.88259,-4.8372884,-5.192943,-3.9103324,-2.567635,-2.6611428,-3.0034926,-1.5767177,-0.92945784,1.3115875,-0.49833766,1.0711124,-0.8108715,-1.508585,-0.08379111,2.7781844,3.2415442,4.634813,5.15458,5.6010766,8.807197,8.459542,3.8453634,0.58779836,disgust,03-01-07-01-01-02-22.wav
-600.24854,40.854122,-11.826457,0.87772083,-2.780564,-12.889227,-13.459409,-11.449194,-4.4471273,-4.1359925,-9.953908,1.2182156,-8.921698,0.82439774,-10.700798,-0.99265283,-4.771248,-5.321371,-4.3089933,-4.881936,-2.6667852,-3.5537999,-3.3349493,-2.0407345,-2.5732737,0.9735702,0.21819475,0.8333027,-3.0292237,-3.2309697,-1.7685012,2.76382,5.039644,7.6723,6.632577,6.4009905,6.841733,7.424307,5.1803603,4.2426424,disgust,03-01-07-01-02-01-22.wav
-580.9947,42.107014,-16.150658,3.3008208,-3.7352626,-10.161384,-13.676225,-14.937245,-1.7451832,-2.330331,-10.622062,1.1288468,-7.718987,0.7875484,-10.587628,-2.7545154,-3.6750276,-5.011871,-3.4927495,-3.578047,-3.7077138,-2.0534241,-3.9686682,-3.224171,-3.8309312,0.18208042,-1.0431005,0.85172933,-1.288077,-2.1746619,-0.57391876,2.6438262,3.340618,7.245837,6.6856847,9.142243,9.7611,7.377967,3.74817,-0.0868948,disgust,03-01-07-01-02-02-22.wav
-536.19867,31.68675,-18.810122,2.163004,-8.071116,-14.192748,-15.266901,-10.835943,-3.6862032,-2.124755,-10.951144,-1.4167743,-8.74979,-0.57931364,-11.192293,-2.011642,-5.6935267,-5.491508,-4.971344,-4.578604,-4.3969445,-4.9353476,-3.815843,-3.439962,-2.246987,-1.293165,0.062148932,2.7795177,2.936505,5.260821,4.569129,4.0235124,2.7171478,3.8237443,4.3690963,4.713048,4.508869,3.2243583,1.3581734,-0.14803389,disgust,03-01-07-02-01-01-22.wav
-560.4744,36.46127,-10.801291,-1.8151678,-8.65189,-12.882222,-9.70363,-9.146547,-8.315594,0.97241807,-13.683555,-1.4873708,-7.3045774,-1.0872126,-7.7137938,-3.0657115,-4.789093,-6.7144485,-4.041555,-4.7105703,-5.0346875,-3.5288222,-3.3771472,-2.4870055,-2.5103126,1.0957643,0.7343085,1.6598378,1.5694572,0.5152821,0.35479912,1.7844788,1.943781,4.481544,5.1736865,4.1405153,5.342345,4.4832687,1.9943923,1.1796787,disgust,03-01-07-02-01-02-22.wav
-558.8775,27.45304,-11.972811,-0.07996822,-7.5851154,-15.729788,-13.706833,-10.381357,-3.781033,-5.970013,-10.281577,-1.0187787,-10.141643,-0.21040416,-11.252801,-3.42117,-5.6321373,-5.976984,-5.8227277,-4.338405,-6.6160555,-4.30509,-3.9093096,1.2444085,0.8751595,6.0572176,3.4056706,5.182364,3.897361,4.593445,5.8843985,6.8389907,5.9220324,4.362053,1.6734356,1.9922282,3.2128544,3.5060937,2.4272192,0.16093075,disgust,03-01-07-02-02-01-22.wav
-529.1629,31.37223,-14.11296,3.6144528,-10.796063,-17.53145,-14.904378,-13.429818,-6.504478,-3.0838602,-13.435142,-2.481778,-9.926992,-1.6237563,-11.834859,-2.1212616,-6.9250603,-6.3848624,-5.669643,-6.45078,-6.105011,-5.148481,-5.092362,-2.1305625,-1.2115822,1.6042736,1.2032667,2.8016696,4.9627676,5.892158,9.126353,8.700374,5.3621354,2.4079168,-0.08817161,1.0216442,4.6341715,3.7691748,1.6996952,-0.048595693,disgust,03-01-07-02-02-02-22.wav
-588.30396,44.915806,-15.036423,-1.8540441,-5.381266,-12.154952,-10.776772,-13.292705,-4.2890115,-2.9839785,-11.941633,-2.917682,-7.4786267,0.99257916,-5.657238,1.2806162,0.366242,-2.4648902,-1.2581611,-0.6452414,0.05259507,2.0468118,-0.49045837,0.07369873,-2.0157835,1.4599386,0.9660514,1.9763961,0.722565,0.8525782,3.5721056,3.3060899,1.2741565,1.3697224,-2.6748533,-0.7090736,0.22919853,1.9258962,2.3039024,1.9964405,surprised,03-01-08-01-01-01-22.wav
-560.59955,38.144142,-16.964832,-2.6671898,-10.1680765,-15.6671915,-13.083384,-15.245151,-6.0536838,-6.3370132,-11.489049,-3.3024135,-9.917472,0.26230687,-7.4941254,0.23228373,0.45284796,-1.621321,-0.7720884,-0.40581805,-0.1117122,1.104206,-0.17092037,0.38017282,0.02759896,2.5628083,1.6105007,2.7321,0.6793172,1.9516038,3.3766923,2.6593666,1.1180248,1.6190386,-1.7073354,-1.2327242,-1.4587156,1.9339877,2.272636,1.3054342,surprised,03-01-08-01-01-02-22.wav
-568.9349,40.85922,-14.716279,-4.5225177,-7.5797143,-10.803306,-17.853657,-16.80295,-3.9443953,-4.294852,-13.709983,-2.3578334,-7.985638,0.85169554,-4.84605,1.0477564,-1.2003733,-4.033509,-1.1706917,-1.9509234,-1.8783224,-1.3396797,-3.3979354,-0.88713455,0.81425506,1.5219398,3.4586742,4.4549985,0.94472694,1.969343,2.3170655,3.9353075,3.2312028,2.3702989,-0.72017926,0.28221408,0.47962976,2.2730434,3.7138982,1.2604257,surprised,03-01-08-01-02-01-22.wav
-541.98395,33.005108,-15.454452,-4.336278,-6.036941,-12.753128,-17.350258,-18.78864,-3.0855126,-5.9267006,-13.649769,0.8315447,-3.7398074,3.4500754,-6.150251,-0.70733815,-3.4890862,-2.711684,-0.922778,-1.8764127,-2.4525409,0.4762937,-0.6051346,1.3783464,0.15190263,1.7816997,4.4356275,7.203194,3.2281778,3.8407817,2.5367339,0.58099973,0.9888839,1.8887787,0.5385955,1.4842248,1.7966254,3.7196338,2.9734905,1.8239458,surprised,03-01-08-01-02-02-22.wav
-547.87006,32.721172,-15.0179205,-6.6901374,-9.165415,-13.990631,-13.041167,-16.33741,-3.2085688,-3.1575077,-11.879486,-4.2981267,-7.6686707,-1.5615294,-8.878431,0.36380675,-1.0547723,-0.27673537,0.47972414,-0.104490556,1.1976398,2.29584,-0.075134955,0.51085144,-0.5141721,2.1598902,1.2593056,1.8893719,0.43186125,4.2447476,4.286363,2.7071407,1.9400808,0.3396473,-1.7922944,0.28125265,3.0096872,3.089163,2.2739015,1.1229577,surprised,03-01-08-02-01-01-22.wav
-514.2962,32.23813,-19.549295,-1.2754915,-9.140758,-13.232034,-13.446047,-15.695159,-1.6047459,-5.99317,-10.41273,-2.0881677,-7.4185863,-0.13127565,-7.237203,1.7773471,0.62851983,-0.097171925,-0.33233288,0.09458194,1.0186521,0.16757599,-3.7939332,0.27221367,-0.073467925,2.8883233,2.7634215,5.124528,3.0818481,3.180334,1.3601718,0.30697146,0.964723,2.6883113,0.47099656,0.9860785,-0.013077583,2.3594851,2.4397647,-0.054381896,surprised,03-01-08-02-01-02-22.wav
-494.90546,22.486341,-13.257141,-11.545584,-7.796785,-15.139284,-15.68102,-17.811333,-6.55181,-3.8797095,-13.850912,-2.8049707,-6.9895167,0.41890055,-2.249355,2.9615335,-2.5743506,-2.8444893,-1.9094436,-0.39896837,-0.3544212,0.13537906,-1.6869239,1.2699748,2.305042,0.38735563,1.8763869,3.5122917,-1.1952384,-0.12543964,0.5623544,1.8614705,1.3651533,1.8857895,0.7424165,0.9326768,0.44148558,2.7213538,2.7515943,0.4747513,surprised,03-01-08-02-02-01-22.wav
-528.85767,19.485435,-16.434309,-4.933422,-5.5487614,-13.95023,-13.648844,-14.159938,-3.945356,-4.8654943,-12.598618,-5.907247,-10.854505,-3.0874245,-6.631467,3.2083972,0.8060625,-1.7660601,0.98925763,0.90547997,2.177192,8.05737,4.4009075,2.5311766,0.33907315,0.24346693,1.4087714,4.68382,0.65734875,0.29161718,0.11666517,1.5153464,2.916656,0.3059104,-2.2773986,1.0601958,0.8718013,1.9419936,0.79132456,0.34795913,surprised,03-01-08-02-02-02-22.wav
-634.13824,58.25971,-8.931952,16.347523,2.0577903,-7.0958304,-4.660439,-9.2027025,-9.044268,1.0121574,-6.0278673,-0.39998803,-3.8088515,-0.4607865,-0.7522924,-5.9705544,-1.659115,-3.1687915,-3.7784476,-3.2935767,-3.6516254,-3.8110304,-2.4138622,-1.6079,-3.6935198,-1.0386797,-2.4213665,-1.8069668,-2.1638339,-2.255754,-2.2683413,-1.9108036,0.2828201,-0.035889443,-0.20595825,-0.30822456,1.4908463,2.5501125,1.543208,-1.21709,neutral,03-01-01-01-01-01-23.wav
-604.1202,55.738224,-11.212399,18.927626,4.261197,-5.40241,0.804546,-8.4258,-6.533819,3.474543,-3.1884348,0.74956113,-1.9993366,-0.81212664,1.2191626,-4.7570505,-1.0438143,-1.3411571,-2.2078989,-1.3256235,-2.5950007,-2.323572,-1.2655393,-0.5879951,-2.0409253,0.028248454,-0.9277067,-1.4414811,-1.5080656,-1.8013864,-1.5234759,-1.827251,-0.44734675,-0.78583264,0.42935625,1.1559218,3.31582,4.528627,5.133408,4.1869864,neutral,03-01-01-01-01-02-23.wav
-619.3442,50.508564,-13.979376,14.580144,0.6783643,-7.418626,-2.3620963,-11.295939,-8.414707,1.0624748,-5.186984,-1.2421567,-3.2299714,-3.059394,-1.3204834,-7.362652,-2.2330444,-3.1348674,-5.769662,-2.4149702,-3.4309385,-3.7542884,-3.5154803,-2.5167942,-3.122269,-1.1224635,-1.6116629,-3.4754233,-3.6685057,-3.5127215,-4.384765,-2.5347793,-0.57223284,-0.69705117,0.022806088,-0.25884804,1.8670409,3.1047354,3.8832343,2.9414806,neutral,03-01-01-01-02-01-23.wav
-612.9573,59.70805,-10.666268,15.106887,2.305565,-8.044813,-3.7358313,-12.472291,-7.851827,0.34316775,-6.086188,-0.93660563,-3.8391051,-2.8696523,-1.9137611,-7.0615664,-2.849945,-4.39773,-5.848826,-3.2427852,-3.16803,-4.8797398,-3.307956,-2.4904134,-3.483192,-0.033520926,-1.8656434,-3.297818,-2.488091,-2.6180267,-2.3324182,-1.8071078,-0.58060086,-0.84218764,-0.31224108,-0.0013750712,2.6290746,3.112522,3.6577363,2.803869,neutral,03-01-01-01-02-02-23.wav
-668.7286,57.940407,0.69936424,15.330019,3.7935576,-1.4860555,-1.7431356,-5.338553,-5.34381,1.1238669,-4.8450413,-3.0753024,-1.6271383,-0.77941144,-2.0601375,-3.8603141,-0.076355994,-1.6449009,-1.9161395,-2.5897295,-1.9640286,-4.382602,-2.757316,-2.5709202,-3.6093936,0.05770031,-1.3784564,-1.9947754,-1.3104956,-2.1112216,-3.1711066,-1.2183625,0.931004,1.3221097,-0.48522708,-2.618554,-1.7496377,-1.210687,-0.5023067,1.0094919,calm,03-01-02-01-01-01-23.wav
-690.84186,55.319702,0.019141197,14.632591,3.2814841,-1.1003954,-5.6789637,-5.4685287,-7.2180934,1.7425857,-4.9312315,-2.5472422,-2.5550833,0.49977165,-1.0631098,-3.1182835,-1.5403382,-2.6841464,-1.4986298,-3.4817333,-2.6209273,-3.6536555,-2.549469,-2.7619333,-4.353902,-0.45390877,-2.3551197,-2.925149,-2.1207032,-2.545575,-4.1715665,-3.5239804,-1.9778924,1.7365217,1.823633,0.7241465,-0.22013617,-1.3258396,-1.8435681,-1.1474291,calm,03-01-02-01-01-02-23.wav
-650.6201,52.869736,-4.7778854,12.254215,0.3628003,-3.336668,-4.79451,-7.3161573,-6.766327,1.6391755,-6.315795,-2.979336,-3.7894237,-0.67422986,-4.516577,-4.523988,-0.6950808,-3.7819011,-2.0242481,-3.3280342,-1.9649628,-4.378457,-4.0790133,-1.8801966,-4.8502245,-1.2265327,-1.3778379,-2.4798787,-0.97561306,-1.7678517,-1.5038451,0.20213598,0.40079847,-0.11670784,0.24589632,-1.5953425,-0.46876574,-0.28641993,0.54397863,0.75581366,calm,03-01-02-01-02-01-23.wav
-650.85156,53.100685,-3.2559242,13.646946,1.0870851,-4.2455363,-4.7175417,-7.65542,-6.9114985,0.8191225,-5.8604274,-2.6137302,-3.1162696,-1.3614206,-3.4129908,-5.300475,-1.2031878,-4.649719,-2.9724567,-3.6437337,-2.0167327,-3.7225661,-4.209936,-2.8311188,-5.3814073,-0.6964803,-2.8683977,-2.3900354,-2.2589478,-1.524234,-2.6148713,-0.7090453,0.03897367,0.2843874,-0.49002278,-2.624271,-2.076111,-1.4506303,-0.7192275,-0.56754565,calm,03-01-02-01-02-02-23.wav
-644.51495,59.39597,-2.5673404,12.518318,3.3504486,-3.4160762,-6.5949497,-5.6032863,-7.714725,2.5804389,-6.8035707,-2.7516088,-4.62047,-0.477033,-3.3732917,-4.5813937,-1.1101769,-3.4930577,-2.4139435,-4.546786,-3.041182,-6.0864954,-3.855333,-3.3621547,-3.973409,0.02295343,-2.3628118,-4.282384,-2.5673833,-3.1243668,-4.2024403,-2.7354212,-1.8102525,-0.0461203,-1.4750307,-0.89157933,0.73492455,2.1293917,3.495856,2.328573,calm,03-01-02-02-01-01-23.wav
-667.08026,61.397408,-0.86782956,13.344167,5.5430484,-1.3486502,-7.067036,-5.2673984,-6.819775,3.121048,-5.719823,-2.045687,-3.5773401,-0.20874722,-1.1470855,-3.8220634,-1.2328238,-2.0241535,-1.3758224,-2.1959789,-1.6504221,-4.0006537,-2.7719107,-3.1378605,-3.520741,1.0050001,-0.8375113,-1.7233863,-1.6270033,-1.2202023,-3.0718884,-2.4288814,-1.1741674,0.16130526,0.21111155,-0.52806056,1.5529199,1.2007768,0.6048657,-0.28034747,calm,03-01-02-02-01-02-23.wav
-664.49304,55.600403,-3.3152676,15.414269,5.238622,-2.5235436,-7.092585,-8.413279,-5.652796,2.510558,-5.2360544,-2.6903536,-1.1307443,-0.040608663,-2.4556155,-4.420651,-0.22274251,-3.1391127,-2.606666,-3.5013855,-2.1907296,-3.5839443,-3.4893327,-2.1898248,-3.3240001,-0.41095728,-1.584256,-2.9517233,-1.0878894,-3.182774,-3.1793883,-1.8922949,0.95185924,1.088262,0.8301153,0.15595305,-0.042050205,0.5401935,-0.1271952,0.583662,calm,03-01-02-02-02-01-23.wav
-640.8919,56.896214,-3.6344087,13.955145,3.6559503,-1.933133,-6.2365265,-8.199432,-6.9472613,3.6349893,-8.471122,-3.3961024,-3.629381,-1.0050273,-5.0389833,-5.2401814,-1.4135845,-4.744652,-2.7395463,-5.0194354,-2.4988298,-4.806552,-3.7156036,-3.1295035,-4.351886,-1.5144019,-1.7274653,-1.9751246,-1.673674,-3.9627578,-3.6497068,-2.2983592,0.030082116,0.62343806,0.24132831,-1.2620271,-1.3898156,-1.4052075,-0.7628805,0.36319155,calm,03-01-02-02-02-02-23.wav
-628.3623,42.91862,-11.93222,8.941152,-2.4779918,-6.768401,-8.532682,-12.047505,-9.142046,-2.2275786,-6.0107226,-3.287607,-7.133875,-2.1133325,-2.109963,-7.3997397,-4.8443046,-4.2236958,-6.756549,-3.2335126,-4.0055575,-3.816897,0.77747107,0.56177956,0.6507196,3.013212,0.44065958,3.5447323,2.7296038,1.3349296,0.53906715,-0.10840828,-0.2725172,2.2966304,0.5554603,2.2562099,1.9909894,1.4057943,0.54518497,-1.8603816,happy,03-01-03-01-01-01-23.wav
-570.8503,38.947956,-10.983785,6.3948026,-1.9162233,-6.499725,-7.2603655,-10.358076,-7.4495754,-2.3271558,-6.676897,-2.031766,-7.4618607,-1.138244,-1.8127741,-8.01609,-3.1450882,-5.5956,-5.185464,-3.4009936,-1.6219263,-1.4279528,2.4976344,1.3687707,1.3680117,3.0816689,1.8032647,3.7636714,2.3976562,1.2833822,-0.59858054,0.21809132,0.38966888,1.4346746,-0.41758204,-0.3811269,1.2623082,1.483289,3.2760339,2.414513,happy,03-01-03-01-01-02-23.wav
-597.11957,38.72883,-10.744607,7.799838,-1.4932168,-7.4418073,-9.183618,-13.146572,-7.4629745,-1.6788213,-7.104234,-1.9923588,-7.503727,-0.7196772,-2.818869,-6.855359,-3.0280466,-4.5256133,-6.1164074,-4.5406847,-2.8171008,-4.910183,-3.1662562,-3.2947667,-5.1341224,-1.8213689,-3.60067,-2.790257,-0.09794971,1.2483933,3.1293874,5.768947,5.6528363,4.4439363,2.6991317,2.1428554,4.0622525,2.467952,2.103471,1.4190412,happy,03-01-03-01-02-01-23.wav
-598.6979,39.718235,-6.518475,8.751773,-0.53456724,-7.221728,-6.996326,-12.86062,-7.5055265,-1.5973603,-6.3321543,-2.3519268,-7.1981535,-0.11007194,-2.9511862,-6.675864,-2.9673145,-3.8617945,-6.693197,-4.3230634,-2.395546,-5.904939,-3.2621915,-3.6693163,-4.6747904,-2.5579524,-3.685372,-2.4813924,-0.8743609,-2.207385,-0.5783898,1.2790722,2.4655457,5.7679973,3.7907667,3.7326388,2.728297,1.6241688,2.251236,1.4031703,happy,03-01-03-01-02-02-23.wav
-498.42648,25.696795,-15.1451,-0.17784774,-5.7795453,-9.218359,-8.599612,-10.075,-9.757116,-2.2018964,-7.8893433,-4.4631815,-8.021396,-3.926332,-4.859973,-8.78159,-5.0021043,-4.4112716,-3.2341638,0.90502715,4.9182253,3.9094672,6.2809315,2.832054,0.44874692,3.0664675,0.6056296,2.8024561,0.25978082,-1.5670197,-0.85613525,-0.00534569,0.6261076,0.037253164,-1.494882,-0.8486435,0.42889267,0.1056922,-0.42628336,0.18903682,happy,03-01-03-02-01-01-23.wav
-500.39264,25.829344,-16.166735,-1.0363498,-7.032825,-9.866133,-9.898775,-9.801591,-10.987921,-2.9724128,-6.6107335,-6.068236,-9.793408,-4.033975,-5.2133045,-8.817133,-4.5005226,-4.7717805,-2.2989464,0.27685562,4.746767,3.3632133,5.4362106,1.6091393,-0.08639851,1.4947091,-0.64131254,3.3137977,0.73709637,0.2720666,-0.18485537,-0.3644332,0.3262531,-1.4986379,-0.60409635,-0.5751944,0.41092396,-0.24901144,-0.8781631,0.9818345,happy,03-01-03-02-01-02-23.wav
-513.1167,28.664103,-13.744738,-2.8257108,-7.507474,-12.003291,-7.666079,-12.955325,-9.871259,-1.4030292,-8.379746,-3.8432748,-10.597278,-3.663858,-4.654085,-7.8313527,-4.0397186,-5.1704392,-5.3304214,-1.4575881,0.57009256,-1.0530595,2.1643891,1.6793548,-0.4229251,3.8494024,1.0143851,2.1885903,1.2452396,-0.4314009,0.7043971,1.8047614,1.7820559,-1.719685,-1.7475228,-1.0727037,-0.5966487,-1.0122445,-0.9614647,0.075946264,happy,03-01-03-02-02-01-23.wav
-539.47546,32.75385,-12.551504,1.6029025,-7.387193,-10.118936,-6.981365,-13.6928,-10.0396805,-1.2471691,-8.827995,-3.589919,-9.306177,-3.407342,-5.137465,-7.3388076,-3.1202705,-4.117884,-5.83133,-3.9686081,-0.3812909,-0.7991978,4.300746,3.4837704,0.7656144,1.928597,0.30792466,2.461579,2.257745,1.2077397,0.2091948,1.9603258,2.248285,0.5143485,0.39409515,-0.9622378,-0.6006905,-0.71395445,-1.0388038,0.95146894,happy,03-01-03-02-02-02-23.wav
-684.643,56.23809,-9.008314,13.936465,4.731027,-2.3385544,-6.3637304,-8.589651,-9.285835,-0.8036677,-6.4242225,-3.6195967,-2.7431922,-2.0602608,-2.5233018,-4.456907,-3.5920067,-3.254152,-2.234866,-4.46202,-2.7626543,-3.762464,-4.3598413,-3.1599588,-5.3269196,-3.2836359,-1.3888949,-2.4371657,-2.5598528,-3.4893434,-4.5408726,-3.7422836,-3.3943033,-3.1347618,-2.6755495,-2.7518725,-2.0587406,-0.21264648,0.09647049,-0.77358496,sad,03-01-04-01-01-01-23.wav
-666.51385,56.009678,-7.2323694,15.7743,2.2617426,0.057077378,-6.1368203,-6.837362,-8.089357,-0.06145352,-7.1397905,-4.3107634,-1.6821505,-2.0749006,-2.755569,-4.7494082,-2.362398,-4.132332,-1.6672015,-5.1129613,-2.3566291,-4.4687834,-3.230543,-2.913936,-5.992237,-2.3678637,-3.1467025,-2.5121965,-2.449198,-2.5653424,-4.0572023,-3.6776175,-3.0929098,-2.7012,-1.9003038,-2.5069382,-1.9780011,-1.2967784,-0.77778083,-1.2076435,sad,03-01-04-01-01-02-23.wav
-625.2169,40.552467,-2.207566,11.935384,1.594365,1.5445532,-7.3221793,-6.0987496,-8.181233,0.34727022,-6.0121374,-1.7497042,-1.6141453,-1.7496358,-1.9980042,-4.417088,-1.1932248,-0.6631047,-2.5421543,-3.086617,-1.6266154,-2.41311,-4.0500636,-2.1115603,-3.8910203,-1.4094399,-0.5393764,-0.60473335,0.04046045,-1.7046528,-2.7782478,-3.338169,-1.3864058,-2.4426205,-0.2492838,-1.1384764,0.614116,2.2416391,0.9773498,-0.21196887,sad,03-01-04-01-02-01-23.wav
-631.56433,45.117653,-2.0742044,14.676399,2.345677,2.2911391,-6.9326506,-5.4012275,-7.8206043,-0.038850613,-5.3660808,-2.0020113,-1.1492782,-2.221826,-0.5375981,-4.8533463,-1.379321,-1.9814148,-4.1714573,-3.400553,-2.452456,-1.7416111,-2.7030497,-2.3488257,-3.5378723,-1.6712692,-1.850862,-1.8514984,0.33770397,-1.4564527,-2.5174987,-3.0591698,-2.152872,-1.8310407,-1.5743767,-3.0014493,-2.5895097,-0.63662237,-0.3106566,1.7130874,sad,03-01-04-01-02-02-23.wav
-561.67755,47.656628,-6.8251715,14.177051,2.3597567,-3.0479548,-13.2085705,-10.649426,-9.581495,-1.6029968,-6.645763,0.41977292,-1.030956,-0.4492397,-1.4176401,-4.1585965,-0.067938276,-3.7624748,-3.0806718,-1.7767732,-2.6458426,-3.1792684,-2.8629246,-1.7235861,-1.81492,-0.7300841,1.8225992,3.318232,2.3307605,3.743108,2.5809574,3.5180073,4.5485,3.1032474,3.6771717,0.8126036,0.75416565,2.3477147,5.227808,5.4454384,sad,03-01-04-02-01-01-23.wav
-600.50653,46.32398,-13.244296,11.581132,2.5606449,-1.2158307,-11.41731,-8.216404,-5.9167757,-2.1644866,-7.167366,0.16118687,-0.9827089,-2.8922985,-2.648155,-4.7121625,-1.8163991,-0.7916363,-2.1633327,-2.9718218,-2.9062295,-3.6788957,-1.8104546,-1.150328,-2.8040514,-2.3356168,-1.996284,-1.7640119,-2.146529,-0.54521435,1.3221909,1.5503191,3.6564262,4.12868,4.770268,4.703084,4.2944207,3.5230253,3.5996392,2.3992517,sad,03-01-04-02-01-02-23.wav
-643.96124,41.147545,0.07316657,5.903672,1.9953798,-0.9915049,-9.588043,-9.720181,-8.386813,-0.95121753,-9.527612,-0.84471273,-2.8905265,-1.1370344,-2.4675357,-4.246554,-1.4059609,-1.4977278,-4.8413544,-3.1062503,-1.4200299,-2.8388095,-2.7082744,-2.9864132,-4.544875,-2.2198763,-2.1229908,-2.6038625,-1.8818843,-2.592766,-2.1905494,-1.0424896,2.3539512,4.5233006,6.527904,5.6600127,5.560353,5.019803,4.4339566,5.557815,sad,03-01-04-02-02-01-23.wav
-593.4245,58.519333,-8.176025,17.204924,6.5936007,2.4863245,-13.443539,-7.926063,-0.97075707,-0.29057497,-6.149139,3.0085738,1.9073548,0.6893952,-1.159324,-2.3387144,0.78144896,-0.4317669,-0.44357336,-0.32239088,-2.3493772,-2.5379276,-2.337647,0.060700435,-0.539926,-2.0480213,-0.85427135,0.317764,-0.7704445,-1.8033214,-1.7984779,1.186154,2.4601915,5.359455,5.601788,4.253787,3.2624195,1.5418726,3.7895155,6.277636,sad,03-01-04-02-02-02-23.wav
-535.4613,34.756454,-12.852552,3.9105697,-5.830304,-5.752312,-5.992047,-11.054976,-9.967057,-1.0971903,-8.571108,-1.8197343,-4.2988787,-4.429734,-4.1402235,-7.396482,-3.7314966,-5.5592933,-5.569782,-3.6148295,-1.3149813,-4.0135083,-1.4040021,-1.5569775,-2.2271428,2.6372666,1.0879216,4.000142,2.34944,0.66606873,-1.181138,0.48168978,1.3396178,1.4784614,-0.094935305,-0.7520638,-0.42086813,1.3880355,2.4443858,0.0031696558,angry,03-01-05-01-01-01-23.wav
-521.874,34.466637,-11.701324,5.0361476,-5.6361623,-7.190913,-6.7315297,-10.160494,-10.75566,-0.742045,-9.034533,-2.1812644,-5.4733453,-4.809599,-2.6133122,-6.7340546,-3.492752,-6.434055,-5.6621065,-2.833222,-1.9527602,-4.1692395,-2.1387486,-2.590813,-2.818424,2.327032,1.4563394,2.375421,1.8863238,1.2052968,0.51273054,1.0426176,0.18438,0.41025984,-0.8399953,-0.68616295,0.77123696,1.392025,1.546839,1.0621066,angry,03-01-05-01-01-02-23.wav
-540.8593,36.270992,-11.713456,4.969437,-4.388255,-6.261877,-6.0777173,-9.741064,-8.927979,-3.1543596,-7.856972,-3.1348197,-5.998699,-3.6293173,-3.142327,-6.5055566,-3.460836,-6.8177557,-5.9285727,-3.5001986,-2.0854082,-5.313757,-1.8283174,-0.6874606,-1.0948507,3.4279928,1.3416919,3.248716,1.8283522,0.7272985,-0.47697538,-0.78743786,0.031437945,1.0443302,0.41028637,0.98440856,1.3493134,1.760912,2.6493733,0.6529895,angry,03-01-05-01-02-01-23.wav
-541.917,31.9617,-10.735437,2.6936164,-6.7405,-9.24275,-6.845149,-10.327887,-12.257427,-1.7048155,-10.502646,-4.6962237,-6.348513,-5.984844,-4.8099294,-6.086513,-5.1007447,-6.4314847,-5.9382224,-4.470521,-3.983218,-4.610542,-2.5442414,0.6242705,-0.2945047,2.99737,1.9005353,0.13375218,0.15604608,-0.08492076,-1.6679596,-0.31519696,0.6171644,1.667465,1.7985283,0.35975596,0.01589746,-0.50158215,0.28507704,0.5630009,angry,03-01-05-01-02-02-23.wav
-410.59976,22.781584,-16.814384,-0.5221157,-10.090458,-7.2579575,-7.2614474,-6.9684772,-11.983548,-2.0079725,-5.5066376,-3.5838146,-5.0034375,-4.474264,-2.2709298,-5.1154146,0.79904395,-1.7370517,0.2507779,4.0681033,5.452802,5.158083,5.774156,2.2100823,-2.9061165,0.44702807,-0.20172362,1.4375587,-1.2257224,-1.3290156,1.3274418,-0.75005376,-0.385131,-0.6933272,0.29894444,-1.4678285,-2.10276,0.94086,1.2649313,0.67325073,angry,03-01-05-02-01-01-23.wav
-433.66153,23.549911,-19.464386,-0.4313036,-10.181328,-7.128351,-7.2614465,-8.298357,-9.651798,-3.6685379,-6.345595,-2.9554534,-6.7830634,-3.4390395,-3.7076046,-5.924102,2.1668644,-1.4034302,3.9408958,2.8690825,2.851821,2.656188,3.5928092,3.134566,-0.8092252,2.0269074,0.28122154,1.3303965,-1.3678735,-0.770695,0.05714647,-0.8356333,0.2830277,-0.7176375,1.1740373,-0.84743077,-0.46606582,0.51910573,0.44520026,0.58874226,angry,03-01-05-02-01-02-23.wav
-393.34674,17.077803,-19.314398,-2.2269735,-7.9730067,-5.471268,-9.397622,-7.7582865,-8.984311,-3.592697,-5.736558,-2.1520514,-6.2617674,-3.8359482,-3.598416,-3.9775043,4.659196,3.3391657,2.8979483,4.379665,1.9060271,-0.62294495,3.4624069,3.687784,0.9178417,2.0055828,-1.7123799,1.7846167,0.88182425,-1.8153653,-0.91978246,-1.3461331,0.80423945,1.5938772,0.5758179,0.869945,-0.28593442,-1.3191451,0.46976516,0.9588141,angry,03-01-05-02-02-01-23.wav
-401.90173,19.221958,-17.25693,-1.5014285,-9.300963,-7.785568,-7.6386724,-9.353769,-10.783648,-3.332826,-8.271548,-3.7318873,-7.889409,-5.6060257,-6.0831127,-5.9596815,3.0165763,0.44377804,1.5685984,2.9705927,0.6910235,0.6196842,4.5591707,3.8128514,0.9672546,1.6133332,-2.8354,0.10210844,0.5700105,0.231843,-3.0485024,-2.3150153,1.2692033,1.6598337,0.97452664,-2.1270468,-0.44428962,1.6538417,-0.06850268,-1.0021284,angry,03-01-05-02-02-02-23.wav
-587.92255,44.941097,-6.917225,11.777892,0.38360077,-2.894496,-7.509009,-10.921706,-6.178787,-0.66009,-4.682022,-1.4866959,-3.2348566,-1.8053559,-2.0217683,-3.9845092,-0.737477,-3.484878,-3.7694662,-3.9640563,-0.63312465,-4.83984,-1.4955009,-2.8449595,-2.9008856,-1.4664804,-3.2862756,-2.6173964,-1.5437198,-3.4653707,-2.6292605,-1.9546107,-0.812522,-0.14731263,-0.41351488,-1.9005275,-0.6872672,-0.57670516,1.51206,2.1948538,fearful,03-01-06-01-01-01-23.wav
-673.2827,47.776833,-6.5864396,11.878386,2.4339046,0.041127495,-4.230318,-8.602862,-7.2905645,3.2474413,-6.557004,-0.81436414,-2.279049,-0.8122106,-1.3304682,-4.1104565,-1.0788634,-2.3818445,-3.8324502,-3.9646113,-0.2682944,-3.8596063,-2.3885474,-2.3933623,-2.6008298,-1.1577915,-0.7456988,-2.2767096,-1.0040233,-2.7384605,-2.422524,-2.8790374,-1.7600647,-1.1246015,-0.71230423,-0.87587965,-0.032393817,1.086187,1.9374878,2.3597767,fearful,03-01-06-01-01-02-23.wav
-618.55634,34.934616,-6.9424753,10.943162,1.3649591,-2.356729,-6.9916143,-9.073246,-7.5057864,0.6865747,-6.6137447,-1.0904742,-3.9962535,-2.1338263,-3.3557794,-4.6529374,-0.7357299,-3.550679,-5.833412,-4.125822,-0.05324878,-5.1278753,-1.5124432,-1.5073011,-3.5720007,-1.27959,-2.1734798,-2.4239235,-0.37995687,-3.284033,-2.4008696,-1.6972749,-2.4463022,-1.9469467,-0.706434,-0.019812323,1.5703735,1.090806,0.63198495,-0.7753493,fearful,03-01-06-01-02-01-23.wav
-643.65894,37.698807,-7.3251424,8.94124,-0.020312399,-2.3187723,-8.103592,-9.519211,-7.826396,-1.7470014,-5.8525867,-1.9151306,-3.9415567,-2.7069788,-4.612683,-4.725221,-2.0823328,-3.2409391,-5.5116596,-4.7468495,-1.512663,-5.592397,-3.143648,-2.975816,-4.4178314,-2.5919645,-2.6811693,-2.3885424,-1.5019925,-4.2995467,-3.206287,-2.895381,-2.3562515,-2.076869,-1.4978706,-0.8517717,1.2493373,1.0507164,1.7016066,0.12735279,fearful,03-01-06-01-02-02-23.wav
-517.89404,37.01224,-15.581678,10.793439,-3.6896815,-10.909441,-10.997988,-12.935611,-8.307697,-1.1695486,-9.390391,-0.48943943,-5.446962,-3.4241507,-1.6433231,-8.133806,-2.4426286,-4.411875,-6.1157217,-4.4325166,-3.5417285,-5.62034,-4.2228994,-3.4069026,-5.3956494,-2.4455285,-4.3481336,1.5343348,1.8320252,3.2558026,4.555392,3.3858507,3.795151,3.744426,5.3757434,4.577577,3.0583653,-0.46013215,0.83166283,0.86236334,fearful,03-01-06-02-01-01-23.wav
-544.76965,39.37271,-11.498788,10.631248,-4.742328,-6.726759,-11.322596,-12.441543,-9.229074,-2.8220088,-7.4819803,-1.6038132,-5.857621,-2.6407313,-2.5375702,-7.1855946,-2.7663543,-4.6613917,-4.6820836,-5.928541,-3.1073282,-5.3093433,-3.901968,-4.0743413,-4.742196,-2.9590943,-5.7759867,-2.08538,-0.37517735,1.6034656,5.6537504,6.8415914,6.248173,3.5505967,0.59058714,1.7237588,3.5517578,3.6243138,2.7611034,-0.70529896,fearful,03-01-06-02-01-02-23.wav
-508.89014,33.059692,-16.733763,5.113495,-5.103338,-11.059369,-12.276608,-12.242577,-9.65746,-0.115280285,-10.628747,-2.4402788,-4.5850015,-4.4713225,-3.286539,-8.42692,-3.2672226,-4.46597,-7.8737464,-4.3320594,-3.2843246,-8.239179,-3.4195297,-4.632566,-3.0177028,-2.3445003,-0.88137776,2.0466485,3.6637628,2.407559,2.6090443,5.180774,6.1272135,4.9669037,3.3190455,1.8463724,3.1114917,2.9924932,2.0210726,1.4468912,fearful,03-01-06-02-02-01-23.wav
-510.9391,44.461967,-17.913296,5.4207196,-0.26074496,-6.370718,-15.408714,-17.096405,-10.271406,-0.04739538,-9.616373,-2.7708213,-4.999552,-2.2866242,-0.6912381,-8.809669,-3.74344,-7.2875943,-7.4793105,-2.7274833,-3.5921943,-6.504832,-3.636869,-3.9062715,-4.6395273,-3.124901,-3.284739,-1.3016734,-0.30890524,-0.6529034,2.2388797,3.7049482,5.8637776,6.2467475,4.7062964,4.4722447,3.6153674,3.8416543,3.5334127,2.2201185,fearful,03-01-06-02-02-02-23.wav
-624.39557,46.092716,-2.7713225,10.331312,1.6704844,3.9148636,-6.0782466,-6.069427,-8.182906,3.3498428,-4.176174,-2.9183323,-0.67495525,-1.0102924,-0.3449535,-1.6219547,-2.4072418,-2.0513737,-1.4987344,-2.508189,1.0300056,-3.837217,-0.790791,-1.6792529,-3.6330028,0.09692938,-1.3883334,-0.911131,-0.684988,-2.3857517,-3.4995182,-3.0518117,-2.4736316,-0.7771346,0.10717913,0.3312036,-0.5818585,-1.0706371,-0.5449358,-0.9506426,disgust,03-01-07-01-01-01-23.wav
-624.19543,41.799427,-3.618292,11.269037,-0.7464014,-0.6975283,-6.236173,-5.6429095,-6.1987176,0.71536064,-4.6986423,-2.3457434,-1.5735291,-1.1119783,-3.01687,-3.494991,-2.4702759,-2.5136645,-3.3060818,-4.2007475,-0.80332935,-3.3657672,-2.6255815,-2.7087142,-3.2714665,-2.2194989,-1.4773439,-1.005185,-1.402651,-2.5105832,-3.8324187,-2.65452,-0.42412382,0.03735515,-0.6358865,-0.84501725,-1.210459,-1.3465555,-1.181466,-0.69691116,disgust,03-01-07-01-01-02-23.wav
-643.3794,35.513023,-1.3513772,7.843315,0.787404,1.4387507,-8.683826,-6.2655544,-4.6800365,0.43678632,-5.28647,-2.898006,-1.5022641,-1.0981247,-2.3514597,-1.1567967,-2.7468035,-2.7327085,-3.5923457,-3.5622058,-1.1127051,-3.6291795,-3.0409114,-2.4608588,-3.353385,-2.0531485,-1.9808319,-2.240579,-2.6262197,-3.9326682,-3.7493575,-2.2556655,-0.79659665,-0.9059242,-0.80970055,-1.2738845,-2.2639503,-1.7675966,-0.8888762,-0.33313262,disgust,03-01-07-01-02-01-23.wav
-650.77856,40.2292,2.0807586,8.093871,0.4932114,1.5762115,-7.5242844,-7.609804,-5.1839733,-0.982755,-6.390641,-2.4045584,-2.6744256,-0.81540555,-2.7115173,-3.3495407,-2.638288,-2.4017377,-4.07688,-3.770759,-0.66442096,-5.203831,-2.7278214,-1.8093011,-4.101192,-1.7222761,-2.6675193,-2.954965,-2.052113,-2.166843,-4.10966,-2.9015,-2.7025533,-1.5408328,-1.5600193,-1.3903655,-0.1524651,0.19943212,0.8828348,1.1350087,disgust,03-01-07-01-02-02-23.wav
-552.1841,38.305958,-3.1086714,5.75028,-1.0499508,-1.2927685,-4.8091607,-7.4106803,-9.125719,0.42751205,-6.0677752,-2.0132236,-4.7862105,-2.5098174,-4.088376,-4.0815425,-3.3138554,-4.149166,-4.359823,-3.348042,-4.1465626,-4.3819456,-1.4767184,-3.5206656,-2.4765813,-1.1822667,-3.4292574,-1.0774882,-0.6345296,0.21526712,1.8579254,1.5397837,1.9333742,1.6674974,1.6457745,1.2957988,1.930455,1.1185256,1.447067,0.8259145,disgust,03-01-07-02-01-01-23.wav
-559.8475,44.55735,-3.0576077,8.1635275,-3.3008547,-2.293576,-7.867371,-10.254751,-9.8785305,0.96012354,-7.2254205,-2.6320498,-3.9387252,0.7335006,-3.6605341,-3.9873693,-3.5153582,-5.3467193,-4.5158505,-4.140064,-4.360317,-5.2956553,-0.7320603,-4.7448764,-3.3920875,-2.7861245,-3.609822,0.17428857,-0.38842925,0.07814259,-1.0335897,-0.35127112,1.3453345,2.461927,1.6805402,2.3346508,2.3612652,2.6878645,2.3153582,0.6050311,disgust,03-01-07-02-01-02-23.wav
-556.64075,41.647675,-1.083712,6.416097,1.3209856,-3.4802895,-9.724825,-10.039644,-10.543426,-1.3480346,-8.5273285,-3.693739,-4.830892,-2.0882561,-3.1022317,-4.3843102,-4.2881985,-5.3715763,-6.101049,-3.7188313,-4.1538444,-6.6567545,-4.236777,-3.7740495,-3.8886516,-2.9785852,-2.5221603,-0.5763252,0.27997205,0.11940213,-0.8880403,-0.8798218,-0.47643706,0.2507703,1.4182494,1.2966406,1.1599482,1.8468902,3.4448142,2.629804,disgust,03-01-07-02-02-01-23.wav
-570.5563,39.628616,-0.8170638,6.3606806,0.9060775,-3.7833343,-7.389926,-11.843032,-10.539936,0.32141933,-9.128642,-3.0159092,-5.6410503,-2.6689553,-3.654739,-5.304757,-3.5570586,-3.7309427,-5.3893843,-3.9959743,-3.129691,-7.3051763,-4.0393443,-3.6174765,-3.3450484,-1.5599769,-2.5100613,-1.2519205,-0.7233303,-0.56992924,-0.5225576,-1.2316179,0.58096206,1.2798806,2.0096607,1.8455753,2.1288629,2.5091224,1.9549556,2.0778005,disgust,03-01-07-02-02-02-23.wav
-563.5649,39.644547,-11.688358,7.0241485,-3.548552,-6.905848,-9.923184,-10.992115,-7.382338,0.081362486,-6.937222,-2.1594343,-6.345638,-5.027966,-2.3614738,-8.744883,-4.5305676,-2.8711462,-3.2012417,-1.1845509,0.7057548,-1.6098887,2.3740027,-0.3263844,-1.2645539,3.3662193,0.08854042,2.7999523,0.5862168,-1.9078526,-0.30807322,-0.37684828,1.5437648,0.6910834,1.0216374,2.3460104,3.1013167,2.343265,1.6137526,0.9094955,surprised,03-01-08-01-01-01-23.wav
-570.00385,41.804573,-10.736867,7.5728364,-1.0446755,-7.9208217,-8.477722,-9.601797,-6.3309264,1.9495932,-7.9846478,-1.2485194,-5.572162,-4.2679706,-0.73015517,-6.8639107,-3.578874,-2.2371068,-4.894479,-0.9014032,-0.6601111,1.1979946,2.9260755,0.5595599,2.0758305,4.606768,2.2768269,1.8659619,2.3170938,-0.8953136,0.682428,2.028899,1.8017348,1.2521676,1.0258081,0.045445703,2.334781,1.9179583,1.6868128,0.74875945,surprised,03-01-08-01-01-02-23.wav
-545.1648,43.2908,-10.498413,3.9272172,0.23318027,-5.507407,-8.162002,-10.360702,-7.491527,3.0405977,-5.339446,-3.0616696,-5.4762344,-4.773181,-2.7869704,-7.5341496,-4.5816464,-1.8431848,-4.115538,2.1515741,2.5272038,-0.41099116,1.2003926,0.41309065,0.2813676,4.1332517,1.7675338,0.30539748,0.0009280947,-1.3157055,0.27222174,-0.04843587,1.375767,1.187011,0.79076046,0.9752913,2.301333,3.6562617,3.6730845,2.4349403,surprised,03-01-08-01-02-01-23.wav
-540.8962,39.628777,-13.342602,1.9441662,-3.3183377,-7.122671,-9.59108,-10.62114,-7.3387427,-0.701676,-6.4837923,-5.0619946,-6.272021,-3.991861,-6.036916,-7.379342,-4.9894266,-2.848133,-3.5699577,2.0851033,1.3150615,-0.2278355,0.76472604,-0.6010166,-0.91049373,1.7133901,-0.6395303,-0.13073842,-0.29611185,-0.04743187,1.7963935,1.4182951,2.2762237,0.85697925,1.3767568,0.27468938,1.910467,2.343596,1.3591105,0.90605587,surprised,03-01-08-01-02-02-23.wav
-512.0296,33.743885,-12.815774,4.6581397,-2.361222,-10.164015,-12.48986,-9.1084385,-8.12607,-1.3148725,-8.1157255,-5.5091314,-7.7393904,-6.995345,-4.995747,-9.765702,-3.540026,-0.117226146,0.70068455,3.3961518,0.45623156,-0.9197518,0.45004216,1.7880166,0.96391076,1.7062821,0.036178235,0.9165908,3.8302228,0.96336144,0.20981081,0.028909614,2.371728,1.3380163,1.3214629,1.1171037,4.865145,3.9543405,2.3360255,1.7041745,surprised,03-01-08-02-01-01-23.wav
-512.0708,34.187057,-15.05487,0.53160036,-6.0333967,-8.509803,-12.741517,-10.006771,-8.116549,-1.6060814,-7.6767983,-3.7629035,-8.836683,-5.6497116,-4.497899,-9.881963,-3.3988676,-2.2065475,-0.18281972,2.0129843,2.2607112,-1.2410674,2.2698374,1.7120348,1.2626625,3.8272967,1.1396844,2.4459822,1.5455765,-0.3116154,-0.7501973,0.82777464,2.1509,-0.123075694,0.7275321,0.2860698,0.9449514,2.406572,1.9353081,0.71337503,surprised,03-01-08-02-01-02-23.wav
-494.9355,27.146109,-15.466768,-3.5159628,-7.6413302,-8.710953,-12.67568,-10.768807,-8.998307,-3.0896628,-7.022325,-6.1211915,-8.834228,-6.859505,-6.287058,-8.168681,-2.9318545,0.6242968,0.20906895,3.7301729,1.9065173,-4.319311,0.9008477,2.392057,0.93736297,2.1435246,-0.555076,1.691229,2.9097042,-0.7467722,-1.6197541,-1.1165522,1.6241533,0.71727586,0.2422304,2.2124803,1.9153268,0.7982419,0.5541101,0.48687628,surprised,03-01-08-02-02-01-23.wav
-516.6029,29.3159,-14.08529,-0.75260866,-4.792059,-8.561995,-11.466223,-10.003501,-8.170574,-2.0297153,-6.8372808,-5.0928745,-6.8754506,-4.580121,-5.1235843,-6.9316654,-3.2929406,-0.707742,-1.7683982,3.0271113,3.5591848,1.2368462,3.2082753,1.8157216,0.0780632,2.4557192,1.2715836,1.8563042,2.2552443,0.3573498,1.4731472,1.2305427,2.1179242,1.017186,0.79893804,0.34713346,1.705956,2.1343312,1.4582626,1.0825715,surprised,03-01-08-02-02-02-23.wav
-678.5275,36.96188,-8.683276,-0.60017276,-11.680828,-9.084217,-16.504286,-10.379645,-8.493543,-8.752732,-4.606253,-6.249226,-4.763353,-3.5862808,-6.818893,-3.4113398,-6.9106293,-4.83361,-5.3466234,-4.7674594,-3.7923043,-2.5362785,-1.1860538,1.2378865,1.9669063,2.5797088,3.8286815,5.224096,6.5245805,7.954336,5.9099274,4.2588663,0.8348175,0.6495672,-0.25811365,-0.27704206,-1.360092,-1.609818,-1.0919583,-2.054173,neutral,03-01-01-01-01-01-24.wav
-674.07434,33.81117,-13.697647,1.1011878,-14.102812,-9.240144,-15.945839,-10.594049,-6.8928556,-10.006088,-4.3665605,-5.9723864,-6.5664268,-2.8448496,-7.013149,-4.28928,-5.26475,-4.457365,-4.7501454,-4.368472,-3.3525782,-2.6170073,-1.5604048,0.3913092,0.6931859,2.2903502,2.8638532,5.171106,6.4600363,7.045231,5.706531,2.7062316,1.6177485,0.029300287,-0.19010626,-0.2600616,-1.0859655,-0.8524496,-1.10008,-2.2385125,neutral,03-01-01-01-01-02-24.wav
-669.425,36.60455,-6.9689713,0.40882918,-10.878472,-7.7337084,-17.318674,-7.280654,-6.8128176,-6.5929837,-1.65728,-7.448113,-3.262346,-3.8057935,-6.0676503,-2.691433,-6.1075745,-4.180362,-3.3351965,-2.013405,0.06993967,1.513216,1.2808727,1.1854246,1.6921358,6.505327,6.8973713,7.587005,3.049243,1.2496724,0.35776582,2.599597,1.3474587,-2.4894655,-5.0690923,-1.6229476,-0.20884374,-2.3236215,-4.9746127,-4.057014,neutral,03-01-01-01-02-01-24.wav
-657.8623,31.816906,-4.820278,-0.2819056,-9.876197,-10.5385275,-19.06838,-8.79658,-7.959229,-8.204372,-2.496141,-4.6778846,-4.7583785,-1.6134591,-7.194565,-2.2692502,-5.8031406,-4.536901,-3.3125548,-2.7212558,-2.6467211,0.11253902,0.48746842,0.49549285,1.8491752,2.5539384,3.7371438,5.7920246,4.089135,4.2079573,3.3591986,3.5107214,3.1364138,0.18732621,-3.2460268,-1.7483344,-0.3332016,0.080027096,-3.3354282,-3.6629233,neutral,03-01-01-01-02-02-24.wav
-736.7505,35.841305,-4.876773,2.9842076,-7.3266015,-8.177379,-17.022797,-10.945968,-8.535045,-7.5855227,-5.5327353,-8.6505995,-4.4327474,-3.949517,-6.417049,-2.2841861,-4.0703254,-2.651117,-1.3486232,1.935359,2.6586192,1.8564016,-0.42295456,-1.5256034,-0.48916107,0.8227723,0.5214033,0.872715,3.4514492,8.351506,8.924731,5.91293,1.2166291,-0.7370534,-1.6123818,-0.5119673,-2.081827,-0.5801195,-0.38652113,-1.6843904,calm,03-01-02-01-01-01-24.wav
-733.41364,38.424377,-2.8963866,1.2237937,-9.615398,-6.284107,-13.574614,-10.768342,-6.667787,-6.8203983,-5.1226354,-7.2597585,-3.3334177,-4.022413,-6.6358786,-2.9265795,-5.710377,-3.248251,-3.4192576,-0.5550928,0.17109773,2.054052,2.5539095,0.5037209,-0.76366407,1.3949268,2.9059548,4.8834968,6.736614,7.355339,5.8107495,4.129834,1.7931652,-1.9256029,-3.4151058,-0.71143425,-0.74440354,-1.3435066,-2.8138628,-2.4043398,calm,03-01-02-01-01-02-24.wav
-718.4974,31.981781,3.1914446,5.2029147,-8.480745,-5.6861086,-15.287571,-6.3158565,-8.7746935,-3.2373807,-5.0778656,-6.051382,-2.3869884,-2.2255156,-4.874639,-3.3191392,-2.4140587,-6.5090995,-3.0341268,-3.7091157,-4.593159,-2.3498583,-2.2923167,-2.8101406,-1.097367,1.4551307,5.7403274,10.498721,15.0522995,13.711303,9.923074,1.9992363,1.0291919,0.97745156,1.4982815,2.1985123,-1.2029158,-2.780718,-2.3480852,-1.6717964,calm,03-01-02-01-02-01-24.wav
-684.5645,38.050953,-0.59598273,0.06250645,-2.758426,-10.263814,-13.831595,-9.378396,-7.8385534,-7.6029725,-3.7539465,-5.548325,-4.0005198,-2.2654333,-4.876176,-3.0347028,-4.9645467,-5.3859963,-2.7812352,-5.380926,-5.3066273,-2.213242,-3.687123,-3.535906,-0.9325556,2.0513449,4.6762204,6.9781065,9.367115,10.697807,7.183729,4.343333,1.7659103,-0.87013966,-2.166461,-0.02967712,-0.69316983,-2.4903965,-3.622541,-3.591272,calm,03-01-02-01-02-02-24.wav
-661.1005,34.452644,-12.49479,-1.3429631,-11.202517,-9.88436,-14.626213,-8.986763,-8.829133,-7.6317763,-4.13435,-7.307073,-5.7456026,-3.3617914,-7.813678,-4.3072696,-6.5668244,-2.437456,-4.0535035,-2.3176587,0.37327895,0.2379219,2.338385,-0.776771,-1.7298877,-0.24599782,1.035886,4.6177044,6.846583,8.434913,7.5194035,5.784221,4.0217624,-0.16730836,-2.134002,-0.47652885,-0.20157729,-1.8446547,-2.8879347,-2.8052986,calm,03-01-02-02-01-01-24.wav
-687.8169,39.634735,-4.4005613,4.5149803,-7.813119,-6.4975834,-12.381954,-9.179041,-10.62446,-4.0121994,-5.7284408,-8.398733,-3.3343818,-3.2922873,-6.7334237,-4.6476984,-3.9042525,-4.675687,-2.7498183,-1.9969244,0.24235028,-0.13090971,1.0896012,-0.13063863,-1.5571104,2.5688634,3.6263032,5.7672806,6.874529,6.5821753,3.766401,1.6079223,1.2137219,-0.62090683,-1.3710592,-1.7514668,-2.8157916,-2.5828831,-3.5530832,-3.585257,calm,03-01-02-02-01-02-24.wav
-695.39825,42.8891,-1.5334657,-2.7046444,-9.751653,-10.802655,-12.283938,-10.552746,-11.22602,-5.122002,-5.300453,-7.5470357,-3.6518292,-4.5414615,-7.032397,-2.4166498,-4.8818855,-4.9846797,-3.2548316,-2.2888136,-3.338773,1.0402117,0.9984121,1.7135302,4.011748,4.3518043,2.9751241,3.5443478,5.5222487,8.015351,7.8511953,5.6821737,1.533822,-0.98288715,-2.0429382,0.14328375,-0.17596686,-2.3518648,-3.8106375,-2.2599483,calm,03-01-02-02-02-01-24.wav
-675.51843,36.72402,-5.2370067,-0.03523479,-7.363796,-11.187561,-10.8000345,-10.07038,-10.790217,-4.5153375,-6.5411725,-7.558209,-4.345805,-4.7648993,-7.2512436,-4.7981563,-5.829732,-4.2053657,-3.9216156,-3.8793375,-4.295609,-1.4036814,0.1725329,0.30245736,2.3347635,3.501122,1.5075074,2.5522096,2.8649852,8.369977,7.138664,5.5344543,2.2739756,-0.12721772,-1.7081358,0.56134343,-0.796633,-2.3517418,-3.683343,-2.7605128,calm,03-01-02-02-02-02-24.wav
-641.0189,33.36717,-12.652704,0.30895412,-11.250186,-9.088087,-11.344716,-10.046468,-8.970755,-9.46157,-2.6092412,-8.238687,-3.7362216,-2.6487694,-8.059718,-2.8563113,-7.1503,-4.256067,-2.7402632,-0.8562321,0.47295657,0.09469252,-0.32583386,0.21296068,-1.5950853,2.1549263,4.5432568,4.9997535,3.1953049,3.4478576,4.3413754,3.1249402,3.745507,0.6653064,0.21555331,0.32480398,-0.13684858,-1.4868002,-2.1321256,-0.85165656,happy,03-01-03-01-01-01-24.wav
-636.132,35.01937,-15.857869,5.0979366,-10.994292,-8.674114,-11.771621,-9.1865425,-5.735597,-9.888899,-1.727859,-7.253457,-5.2362638,-2.8098192,-7.7380295,-2.1386726,-7.3847313,-2.2614584,-2.5667362,-0.47840524,1.1505005,-1.1964549,-0.016764797,-0.9150803,0.6095741,4.485964,5.280932,6.647292,3.1871836,4.6580744,4.285757,3.1415477,2.6471033,1.29567,-0.20038109,0.06122616,0.15042827,0.0422954,-1.4848317,-1.1556176,happy,03-01-03-01-01-02-24.wav
-668.2648,41.805496,-16.414549,-0.72340727,-10.025982,-9.289735,-14.254349,-8.568153,-7.9264846,-6.634762,-1.9924624,-7.2545705,-3.4671156,-3.1070511,-6.9965377,-2.4125252,-6.044583,-3.3534358,-3.3566096,-1.7243837,-1.9800278,-1.6387767,1.1539872,2.4618142,3.577196,5.9079943,2.727812,2.6941395,-0.7163547,2.910985,2.179056,2.7341943,1.2146318,-0.45129815,-2.6548111,-2.9647932,-3.7948084,-2.170255,-1.3797551,-2.5950065,happy,03-01-03-01-02-01-24.wav
-600.5862,24.621826,-16.244694,-0.19598307,-12.123949,-12.534386,-13.990189,-8.653034,-10.317597,-6.610069,-3.2432761,-8.408946,-4.3377175,-4.267991,-8.973123,-2.4817576,-8.200454,-3.6103795,-2.8300283,-3.5622132,-0.85704154,0.43698385,2.334416,4.2860365,4.4211903,4.9713645,-0.04892001,0.41124195,0.52335936,7.2066555,6.6073523,3.4900017,-0.35629064,-2.6973681,-2.6703937,-0.43035492,0.64493847,-1.7545999,-2.8233817,-1.5083418,happy,03-01-03-01-02-02-24.wav
-516.04254,23.840408,-20.960583,6.1725793,-20.565779,-9.118819,-11.897829,-8.365555,-3.3617852,-8.828037,2.6570318,-8.2057495,-0.30779725,-1.9250538,-8.150719,-0.10998672,-5.8337293,0.18112296,0.01985122,0.44814846,4.0651793,4.566168,5.0211926,1.8515637,0.70322216,3.6348062,4.0614104,9.592846,5.5526023,1.8341349,-1.1994776,1.7107906,0.70443434,-0.24085996,-3.3142004,-1.0187662,-0.024289824,0.3675786,-1.4323525,-2.802237,happy,03-01-03-02-01-01-24.wav
-515.48236,23.26846,-17.274467,9.775345,-16.701332,-6.6675963,-9.856523,-7.281649,-1.9719561,-7.9564915,4.7974772,-2.53485,-1.2584232,1.3852503,-6.0730414,-0.010191182,-4.796788,-0.148167,-0.23237118,-1.058946,1.5380939,1.5131339,1.9685701,3.647292,4.0094767,3.7546499,0.101541616,5.231103,7.0483656,9.99989,6.024407,2.202608,-2.0641828,-0.50482154,0.78694767,1.4323314,-0.7842089,-0.9982982,-1.1057949,-0.25766173,happy,03-01-03-02-01-02-24.wav
-527.5673,19.463388,-19.57464,0.69659215,-18.28339,-14.244752,-14.530253,-12.463956,-5.9136267,-7.8682327,-1.3108828,-9.264513,-1.5129869,-3.8450897,-8.405643,-1.1739061,-7.664022,-0.7823987,0.7192465,4.129058,5.7357464,7.9733596,8.649116,3.9700062,5.749589,3.3185976,0.2659044,0.9501789,0.023758927,2.4280486,-2.3332536,-0.4922447,-2.5772161,-1.9637866,-2.327066,-2.0677881,-2.7476232,-0.6824505,-1.3229743,-0.3598419,happy,03-01-03-02-02-01-24.wav
-495.78577,11.92678,-22.09455,-6.1098976,-20.261475,-14.572716,-13.293166,-10.386313,-6.8856573,-10.308757,-4.0398436,-8.603687,-2.2406898,-6.455339,-6.774184,7.364636,8.095288,17.839544,12.984833,3.523372,-0.31756088,1.4085201,0.24108732,-1.0189638,-1.3160759,-0.5782417,-1.7846406,-4.1536374,-2.3379936,1.5017647,-0.052911934,0.201328,0.75576025,1.1306496,-1.5724903,0.2861687,2.9594703,0.89550734,-2.0528526,-1.6214821,happy,03-01-03-02-02-02-24.wav
-671.52856,42.61819,-2.2858944,3.9652147,-6.8158765,-11.453498,-13.178261,-9.394885,-8.596774,-8.421614,-5.9266768,-4.992445,-3.200087,-4.6640677,-5.917308,-3.3795378,-5.0110273,-5.3480334,-3.2202067,-4.280159,-2.2496345,-1.4394777,1.1397156,2.8638206,1.4302111,1.6895392,-1.1497526,-0.70701444,-0.58197737,1.7847768,4.2160997,6.656371,6.033303,3.1138635,-0.26556543,-1.0154206,-2.433984,-0.6942293,-0.5511983,-2.67901,sad,03-01-04-01-01-01-24.wav
-704.477,45.525513,2.1951873,5.6078424,-6.5187078,-5.987306,-12.798346,-6.9386454,-4.9771214,-7.779904,-3.819471,-4.481891,-0.45757654,-3.7262075,-2.9756305,-2.4815574,-4.7379313,-2.8711138,-4.168631,-3.1930387,-3.3358107,-1.4738951,-2.2647126,-1.3464621,-0.7302976,-1.0779172,1.2788926,4.8744917,7.738587,10.60808,10.20938,7.3472657,2.1136432,0.6830247,-1.2663754,1.1120532,-1.5091046,-0.9562687,-2.2656503,-1.5927012,sad,03-01-04-01-01-02-24.wav
-685.5691,36.223694,-7.4665337,-0.6854715,-10.8403635,-6.3985953,-17.832983,-10.352101,-9.3353405,-8.741429,-3.46001,-8.082601,-2.6016555,-3.1194334,-8.867355,-1.3850623,-4.5960965,-5.0339704,-4.3536515,-3.8147745,-3.484682,-1.9089704,1.0156823,-0.5783377,1.5509497,3.0652473,1.5833552,2.9395716,3.6785102,6.1134424,7.8511825,8.010532,4.754945,1.2800263,-0.6422655,-1.8026575,-0.6164297,0.04128887,-1.5673524,-2.926024,sad,03-01-04-01-02-01-24.wav
-678.00824,44.908432,2.2549646,2.3708656,-7.9256597,-6.4092298,-11.975532,-7.236095,-9.448499,-4.8232555,-5.060233,-4.457037,-3.252038,-1.4556628,-6.5783606,-1.5626757,-5.7225466,-5.46302,-3.3877394,-3.9379313,-3.9213135,-3.2743514,-2.4587533,-3.0690477,-2.3680212,0.51329094,0.2947621,2.494891,2.7089515,4.8725333,3.1192384,2.400821,0.5092191,0.6626708,-2.6286683,-1.6864817,-2.02419,-0.75738126,-2.9730573,-2.6530097,sad,03-01-04-01-02-02-24.wav
-556.6995,29.80854,-22.899935,0.4152355,-20.151512,-15.240226,-19.481041,-20.11711,0.3882589,-9.482767,-6.763779,3.7933433,-9.605864,2.422726,-7.3568673,0.797063,3.8611312,3.7158768,5.0886807,3.3241878,2.449454,7.640869,3.7864184,6.744466,0.17390089,-1.7855408,-2.2061908,-1.0823125,-0.8404973,-3.3475451,-1.4155326,-0.28367904,0.08084839,0.051264502,-2.3220017,-0.25852978,0.14311063,-0.88942075,-0.42148086,-1.6192808,sad,03-01-04-02-01-01-24.wav
-565.0393,43.62592,-13.536088,3.117638,-19.139347,-8.387799,-11.904001,-15.330191,-1.275795,-9.021903,-1.9214821,-0.30814984,-4.9576287,2.717163,-6.8139873,2.339453,-2.1617808,1.3634336,1.876032,-0.35391104,2.367809,2.5314617,1.2703676,2.3936014,2.1523287,4.5615487,1.7461507,2.6006036,-0.4465587,0.5809472,0.89106846,1.0322647,0.046822753,0.2080541,0.14143904,-0.5125768,-1.1705035,-0.5670343,-0.11425707,-1.7288437,sad,03-01-04-02-01-02-24.wav
-557.105,44.851772,-6.974758,1.8119704,-10.913256,-16.05498,-22.861399,-19.723125,-5.0737715,-15.979504,-6.0588436,-0.30962914,-8.701429,-0.7016542,-11.1851,-0.36311933,-4.1537733,-2.3603876,1.1279881,0.55754185,-0.49669752,3.6767159,0.7550141,3.8504925,2.750187,4.1291957,1.2858603,-0.76443106,-3.474957,-3.4034197,-1.8437624,-2.3314514,-1.3266611,-1.3128115,-2.5534527,-2.1656692,-2.19999,-2.3388226,-1.136841,-2.9943657,sad,03-01-04-02-02-01-24.wav
-656.81934,38.394196,-2.6942136,-4.3189907,-10.373409,-7.6721478,-12.067673,-13.532633,-6.737519,-8.396603,-4.832774,-3.7085292,-5.6000557,-1.9094056,-7.298925,0.02421886,-3.8997576,-1.5825024,-2.3238885,-1.8774076,-0.87443364,0.3405481,2.5991478,6.540784,7.832891,9.191762,3.4753907,2.2465727,-2.4697568,-0.4914475,-1.2381889,0.1627541,-3.3238297,-1.99383,-2.6890693,-1.6685975,-3.7793717,-3.7646456,-3.7062445,-3.6262486,sad,03-01-04-02-02-02-24.wav
-494.2428,24.61324,-18.581535,-2.1236928,-20.504885,-5.7733803,-12.24989,-11.37732,-1.6405048,-9.242421,1.1881144,-6.094291,-3.673274,-0.7614979,-8.586135,-1.6696517,-7.1383533,-0.8511446,-2.2205117,-1.0762227,-0.6657853,-2.3213737,0.7608852,2.7536266,5.582016,9.190434,5.313863,4.6307535,0.61922073,1.0821017,0.6855013,2.079146,1.1651729,0.19424619,-0.9432403,-1.2875428,0.5358859,-0.033032972,-1.597164,-1.4770141,angry,03-01-05-01-01-01-24.wav
-492.46582,21.759937,-17.529089,-1.9791967,-16.439209,-8.197889,-9.976917,-10.197843,-3.341716,-6.5831523,-0.4735687,-3.3898842,-4.663185,-0.81223345,-7.3439837,-2.0541465,-6.112477,-0.95279443,-2.5158596,0.35786608,3.5860507,4.0614467,6.227834,6.1807775,4.3881283,5.1811795,3.4289167,4.481856,0.37280878,-0.11468323,-0.17656979,-0.002833505,0.9879912,-2.383523,-2.8858976,0.20909157,1.2773623,-0.50447404,-4.2739305,-1.0767361,angry,03-01-05-01-01-02-24.wav
-513.5407,24.964975,-15.160629,1.9257414,-15.986197,-6.6568923,-14.026555,-12.04096,-3.6003418,-5.9615874,1.4081129,-4.4097786,-4.3112965,-0.6796989,-5.759061,-0.94339615,-5.1503196,-2.8303902,-3.2540274,-4.457669,-2.8421557,-4.6309676,-1.9146603,1.180567,3.1653793,7.015033,3.8338828,5.03324,2.3945587,4.666489,4.498733,3.504713,-0.884885,-2.7512603,-3.219173,1.6027092,0.21628845,-2.9298706,-4.1009393,-1.6111895,angry,03-01-05-01-02-01-24.wav
-481.90585,27.814291,-21.31958,-2.0022087,-18.692722,-13.292913,-14.413707,-15.41524,-2.4175937,-6.4286103,-0.46401134,-6.12001,-2.743455,-1.7495068,-6.178215,-1.2537162,-7.031324,-3.9760742,-4.578398,-5.9707847,-1.4829464,-1.4045956,4.451916,4.681793,6.257525,7.8939495,4.0809517,7.017005,2.2796824,1.567032,-0.50627506,0.13656576,0.76472336,0.58609027,-1.4184381,-2.730507,-3.3353121,-0.10879216,-1.4169213,-3.0285044,angry,03-01-05-01-02-02-24.wav
-408.53876,16.934841,-16.9182,-2.932051,-25.313337,-5.5547,-11.626551,-11.618423,-4.457606,-10.871309,2.5395145,-9.205589,-2.913479,-1.9909383,-6.9520817,-3.2082777,-7.8084154,-3.149854,-1.1849756,3.3475127,5.8011103,7.6948466,10.85965,7.756433,3.9300892,1.6676174,-1.3573958,0.59073365,0.26373714,1.0253927,-1.1148398,0.36558044,1.6378078,0.13966376,-2.3342516,-2.081114,-0.74066716,0.20152523,-2.067546,-0.7002576,angry,03-01-05-02-01-01-24.wav
-449.435,18.574982,-20.220825,-2.056378,-21.997326,-7.574826,-10.791528,-12.62693,-1.7634368,-11.124538,2.6746595,-6.2445593,-5.479871,-2.0108857,-9.730739,-1.3370928,-6.594491,0.6445651,-0.3667284,0.45329052,0.998827,5.2922873,8.842123,10.5721245,6.275048,2.6149132,-0.9367139,1.3915931,1.5671028,0.39873856,-1.787686,-1.2399669,1.2253661,0.1389172,-2.0601435,-1.2106738,0.92245847,0.5135905,-1.9424503,-2.768049,angry,03-01-05-02-01-02-24.wav
-487.67426,27.731379,-13.386778,-4.645241,-16.049332,-7.9153533,-14.34211,-11.814367,-4.609414,-6.2368546,3.4886484,-5.6770897,-2.1179092,-3.090857,-5.551377,-0.2773366,-6.8504357,-1.6365329,-4.226293,-4.7636075,0.1962782,-1.772646,0.5690042,3.668079,5.8492503,9.599803,6.731838,6.088925,0.41618046,-1.1876748,0.21726564,1.905217,1.2897353,-1.4877526,-2.3019567,-0.25957954,-0.3926536,-1.1229608,-3.9447114,-3.0148544,angry,03-01-05-02-02-01-24.wav
-478.865,15.47379,-15.193535,-5.9054255,-21.784733,-4.9059916,-14.45138,-10.52823,-5.210393,-8.0837145,2.530371,-7.5760026,-5.012103,-1.5840573,-7.8675103,-0.6123837,-9.196497,-3.221566,-3.9488761,-1.1870797,-0.6452315,1.1279371,6.1141925,7.325728,7.6747847,7.63451,4.22171,3.2581646,-1.1367902,-0.035139345,-0.55001336,0.6370457,-0.061332177,-2.660221,-4.126645,-2.0427084,-1.3501338,-1.4996755,-2.285071,-2.2306004,angry,03-01-05-02-02-02-24.wav
-500.2484,17.716866,-15.063492,-2.2178278,-15.621938,-9.106031,-17.990833,-5.8833327,-3.9589617,-8.728442,0.008246311,-4.8892484,-0.1182863,-2.3563228,-6.381963,-0.9885486,2.737773,3.3430083,7.320132,6.0778174,5.003068,5.8734145,3.1605945,0.9788268,-1.243301,-0.883161,-3.5681167,-3.513691,-4.363759,-2.5286496,-0.974129,1.1856105,0.020557433,-0.7858971,-0.94395953,1.093408,0.4021869,-1.5339228,0.15354246,0.13304469,fearful,03-01-06-01-01-01-24.wav
-515.32965,21.618732,-17.55413,-4.637518,-14.842865,-6.93325,-14.859579,-7.619728,-3.2382984,-6.7768664,-2.4772258,-5.394201,-0.7456444,3.9744747,1.2533451,7.1250367,5.2320986,7.46622,7.763554,5.726043,4.404859,3.7060604,-0.9713784,-1.1906184,-0.8618089,-1.1013128,-2.1473174,-3.026504,-2.9426973,0.05977852,1.5506631,1.3062997,0.21521288,0.55154824,0.07974321,0.3000962,-0.7419195,0.4519212,0.14771083,-1.0612303,fearful,03-01-06-01-01-02-24.wav
-513.9889,17.774443,-10.467356,-5.4384217,-14.515336,-13.670754,-15.582081,-8.841972,-5.9280133,-8.675477,-4.9114947,-3.4201548,-4.746,-1.4570712,-7.7252874,-2.9732232,-3.0439284,0.77508,10.520393,10.281219,10.882911,9.699183,3.4455585,-0.40559265,0.16179924,2.1959286,-0.48618203,-2.010041,-3.7925801,-1.4745295,-0.4016876,-1.496105,-1.7373515,-0.5365657,-2.2758431,-0.51760274,-0.33734402,2.2676628,1.627704,0.31870818,fearful,03-01-06-01-02-01-24.wav
-531.5671,20.889956,-10.024511,-3.4620347,-12.445834,-5.596548,-14.962468,-6.4185066,-4.0828953,-5.4535437,-3.388152,-4.0763183,-1.2854724,-1.4951793,-7.620624,-2.7560563,-1.5569483,3.5175037,13.121323,13.564899,14.437521,10.318784,3.8682241,2.148154,3.1124735,1.6278306,-0.86026883,-2.7708364,-2.1866581,-0.79200584,-1.6818185,-1.7444168,-2.411922,-1.5726643,-1.8522308,-1.3234814,-0.51997644,1.3464838,1.8411525,0.30574748,fearful,03-01-06-01-02-02-24.wav
-412.09445,5.5934215,-32.377834,-5.713158,-21.192131,-18.8941,-22.706543,-15.327313,-1.6091714,0.29295477,12.627311,11.794734,10.734454,0.7566859,-8.281943,-0.78564364,-2.8122284,-4.2975974,1.5183289,4.6887665,3.4823203,-0.44604188,0.05678908,0.98212,-2.4400764,-0.37260216,-0.7831652,-1.7858474,-0.7904724,1.6404189,0.37535283,0.75334066,-0.985239,-0.76287663,-0.9561627,-1.0627927,0.75251603,1.6773334,0.57684296,1.8850882,fearful,03-01-06-02-01-01-24.wav
-468.8179,11.140511,-19.759815,-8.368142,-18.449957,-11.866795,-12.789155,-11.578211,-6.2962437,-7.064193,1.6679841,8.51437,14.052957,13.137409,-2.045168,-2.9089737,-4.342261,-3.6142273,0.23719367,-3.9562397,-1.8487756,-0.19383927,0.43624794,1.0243435,0.39650324,2.6104858,0.9948615,-0.6174975,-1.3023211,1.1532953,2.055209,0.4082271,-0.67911506,-1.5718236,-1.249932,2.1197338,-0.45153502,-0.6367619,0.17065915,-0.7206137,fearful,03-01-06-02-01-02-24.wav
-448.52838,-0.5426601,-28.067154,-9.757093,-14.918246,-18.035059,-21.170124,-15.431118,-0.6335419,2.4955578,13.817225,15.58009,10.976735,-0.12844726,-8.770195,2.0929632,-0.16151062,-4.934209,-4.083286,-1.1575954,2.7290132,2.0847437,-0.19482902,-0.7529702,-0.5051391,-0.13029988,-2.153611,-0.9948806,-1.3516178,0.9825557,1.4131235,1.0453001,0.9102943,0.23886462,-1.6650293,0.64128935,0.18452667,-0.24349317,-0.6876357,-0.2724396,fearful,03-01-06-02-02-01-24.wav
-435.20425,-1.1341385,-31.737976,-15.120909,-14.7040615,-18.995243,-18.727255,-14.4866085,-0.01770258,6.85677,19.734472,16.386824,5.411526,-8.769269,-12.233384,2.3006089,-4.1806693,-11.466959,-1.3958323,10.8592415,6.5623865,-1.3370178,-0.45552635,0.39962354,-4.5980744,-1.6456736,1.0998843,-2.1919405,0.14415556,5.2591796,2.3025548,1.9567714,-1.9390635,-1.0505916,-0.24844773,-2.3301167,-0.1853764,0.90208054,0.0949811,1.2358925,fearful,03-01-06-02-02-02-24.wav
-568.94604,41.731014,-20.867134,-0.4480565,-22.734161,-9.984349,-14.15991,-13.130158,-7.6165056,-6.4437633,-4.1228228,-4.5774894,-4.0199924,-2.4036117,-7.94356,-5.4082017,-7.5599146,-5.5139832,-5.2889023,-6.1891727,-5.134799,-4.6044617,-3.9827013,-2.0637107,-0.63842636,1.4117785,0.6361287,-0.071927056,0.6830201,2.5954626,3.0077333,4.9846206,3.541068,3.5813255,0.7426223,-0.037347354,-2.5823874,-0.54852664,0.19540264,-0.6005661,disgust,03-01-07-01-01-01-24.wav
-555.33734,37.15968,-19.028149,2.7756135,-19.8273,-8.92904,-15.736203,-10.104622,-2.5194812,-8.940064,-4.931982,-3.8802326,-6.8845987,-0.610904,-7.9368625,-4.740193,-5.7278256,-5.02153,-4.056259,-3.6710782,-3.5843074,-2.7345665,-2.20585,1.0713432,2.902257,4.577531,2.134311,0.6392284,-0.5525766,-0.5476637,2.877825,4.0172443,1.7430049,-0.37507984,-1.5028883,-0.3330377,0.3719516,-1.0735517,-1.871925,-1.6352262,disgust,03-01-07-01-01-02-24.wav
-566.867,27.890976,-17.741554,1.8138962,-20.580454,-10.380753,-21.344881,-11.490643,-6.7457366,-10.610771,-1.2840301,-6.7014885,-5.611336,-2.2204833,-8.665394,-1.7840486,-6.529734,-2.7678032,-4.368983,-4.523445,-5.5645666,-4.691318,-3.0100574,-0.7640618,3.5740354,6.796507,6.307171,5.064355,1.0138611,2.0813363,3.3886983,3.8905458,3.115359,2.3473554,0.3930777,1.974502,-0.55276054,-2.4106326,-2.6580918,-1.2126508,disgust,03-01-07-01-02-01-24.wav
-551.29865,40.39485,-16.312479,2.8979561,-18.2929,-12.766855,-19.55645,-16.454487,-6.791889,-6.9693694,-8.03858,-0.99004734,-9.5118065,-2.9485955,-7.9562798,-2.49566,-5.8631754,-5.3379736,-4.761281,-5.3109503,-3.8303535,-4.893246,-5.08423,-2.852801,-2.5013304,-0.3545227,0.63908637,2.6039724,2.1714811,4.349761,4.0357103,3.029151,1.3794036,0.034617305,0.26129234,0.40899482,0.080605805,0.06982304,-0.4805733,-1.3236643,disgust,03-01-07-01-02-02-24.wav
-593.15643,44.8236,-10.9092245,-6.3441744,-19.895271,-6.967642,-19.912106,-12.864136,-2.6267898,-7.891989,-3.0699818,-3.7128851,-4.7809553,-0.073149174,-6.9405375,-2.1574397,-5.3890657,-3.5694396,-3.1674492,-3.4607062,-2.913969,-1.9935321,-1.910451,0.034557566,-1.6657935,-0.34580067,-3.255451,-0.9147334,-0.9702136,-1.5301032,-0.53069305,-0.48791257,-0.48592594,0.24293667,-0.975811,-1.1410592,-1.8103104,-1.4834185,-1.1263701,-2.598819,disgust,03-01-07-02-01-01-24.wav
-491.53217,21.829803,-22.811247,-6.156557,-18.21392,-11.8703375,-18.499657,-5.7607174,-2.1354172,-8.311978,-2.315756,-2.1532109,-5.4455905,-1.8003917,-7.3023086,-0.85951495,-5.5601463,0.6591727,0.0024561388,-0.70245886,0.7622127,2.5054994,5.646769,5.708369,6.759274,3.2141998,-1.6731108,0.6247198,0.49550596,2.6852798,0.22690198,-1.4617989,-0.49018985,-0.61487186,-0.10830791,-0.11559264,-1.1119033,-1.3843145,-0.8316662,-1.2867572,disgust,03-01-07-02-01-02-24.wav
-498.46906,22.48853,-24.594599,-7.4918895,-18.502533,-11.919616,-20.144442,-8.176085,-4.2150345,-7.044848,-3.3162282,-6.906106,-4.6007724,-4.953356,-9.307266,-6.305156,-7.1906476,-2.111571,1.4688776,1.3143436,2.8009243,1.6243742,0.27829358,1.013011,1.9988704,4.7840858,3.2278185,3.1729348,1.3533522,-0.78490305,0.54527855,1.465685,0.9198263,-1.8119015,-3.3675144,-0.5349416,1.5136831,1.016219,-0.65746224,0.19660993,disgust,03-01-07-02-02-01-24.wav
-503.0776,18.291515,-17.613049,-3.6665864,-17.72435,-15.148218,-20.66089,-9.520626,-5.1116514,-5.713398,-3.928967,-5.396757,-6.5666003,-3.6853209,-6.4482546,-5.134865,-7.4110827,-6.8641105,-5.128761,-2.9889932,-0.33700693,6.8394575,9.7360115,12.836345,9.689068,7.485765,0.62367284,0.588745,0.08703163,1.2995862,2.6006372,0.7286713,-2.054157,-1.6297997,-1.7607902,-1.0962584,-1.978277,-2.1716676,-2.0457444,-1.347729,disgust,03-01-07-02-02-02-24.wav
-674.32904,27.684002,-3.5684814,-1.6110526,-9.987697,-5.3544474,-11.557929,-7.3007793,-8.575609,-6.5914545,-6.9647393,-7.8881326,-3.2581277,-2.8798828,-4.836344,0.47550216,1.4937218,3.0592892,2.6214228,0.089365885,1.2783816,0.9518088,2.3520682,2.157815,0.3741511,0.5715815,-0.98524845,0.2523103,-0.02923749,0.6556665,-0.46588817,-1.2665838,-0.11727075,-1.513063,-0.70506406,-0.65541935,-1.8554164,-1.2891303,-0.56035686,-2.4185998,surprised,03-01-08-01-01-01-24.wav
-564.61127,27.685171,-16.600801,-5.1370564,-15.966147,-11.333762,-19.557821,-8.133052,-5.570888,-9.480331,-5.2789364,-5.070135,1.1615795,2.7655203,0.5555651,1.9079235,-1.1738906,-1.3976805,-0.1596532,0.70992446,0.30523908,1.5624712,0.9815364,-0.15656394,0.79458183,1.4923476,2.3143313,1.337412,2.5856454,2.9342897,0.5522253,0.362541,-0.44174263,-0.6337165,-1.1178197,-1.1810116,0.28951946,0.27596262,-1.6573194,-0.5432921,surprised,03-01-08-01-01-02-24.wav
-594.49866,24.014772,-9.725876,-2.3547966,-12.464997,-7.9726877,-15.657378,-6.9656625,-7.669935,-5.729876,-2.242982,-6.844167,-1.1060616,-2.1830988,-5.034602,-0.50491154,-2.017768,-0.15099151,2.058623,1.6862097,4.185242,3.421136,0.22930591,-2.6012337,1.0766686,4.015304,2.6283884,0.18857607,-1.356109,0.6764079,1.4037186,1.6924746,0.36876053,-0.57276994,-2.5765033,-2.023902,-1.1503385,1.7504721,-0.18118086,-1.4319419,surprised,03-01-08-01-02-01-24.wav
-572.9668,17.61541,-16.946316,-5.384332,-18.089394,-11.397049,-22.546995,-8.258446,-8.800706,-8.302086,-5.09127,-4.7726707,4.032337,3.2799444,-1.6454458,-0.43721122,-2.9687712,-0.8859009,1.6619066,-0.45287484,0.44683197,0.90312624,-2.1260765,-0.66529727,3.5917006,3.7083626,-0.3946002,-1.1331325,-0.04214841,1.9553366,-0.08759515,-1.6902333,-2.191681,-1.3510737,-1.173813,-0.064749554,-1.3740181,-1.5609579,-0.9380712,-1.4587502,surprised,03-01-08-01-02-02-24.wav
-520.1696,31.576212,-17.854206,-7.7454767,-20.328636,-11.210415,-14.654391,-10.582063,-5.1395164,-8.451845,4.046871,-1.8931807,1.4112598,-0.2486132,-4.5982304,-1.4001862,-2.7971733,0.043250546,-1.1053765,0.86583436,3.7447417,3.4774427,2.978099,4.4315925,2.4767375,3.8658586,-1.0407497,-1.0549955,-1.383258,-0.037813526,-0.8844617,0.3767112,-0.07777583,-1.9926878,-1.462034,-0.62337786,-1.5774328,-0.25378138,0.18530744,-0.32228184,surprised,03-01-08-02-01-01-24.wav
-532.2569,23.489443,-20.15407,-4.0218964,-22.580412,-15.081551,-15.518863,-9.6272955,-2.1872356,-5.5473504,3.8168576,-3.9298124,0.41536546,-0.6653342,-3.6657238,1.6232073,-5.3547883,1.256671,1.0892065,1.8261243,2.378106,1.0544593,0.5901711,0.9247369,2.0000072,2.7767282,-0.79567003,1.1956584,0.46695116,-0.37756455,-1.0510303,-0.089528516,0.04645961,-1.1672782,-0.9593685,-0.54028404,-1.2899511,-1.0431675,-1.4137841,-1.8312812,surprised,03-01-08-02-01-02-24.wav
-487.20618,21.068872,-5.661654,-1.427004,-12.6057625,-4.9864626,-15.343932,-1.0723381,-5.1653423,-4.8777466,-4.4775267,-5.546723,1.9732121,-0.82761556,-3.5155244,1.449499,0.61527663,0.9455867,7.876775,3.7208993,6.796936,5.3412914,3.791982,3.7197804,1.3515017,0.643049,-0.5299165,0.016182793,-0.0056982166,-1.0459385,-1.098416,0.019266888,0.36228642,1.151395,-0.7647633,0.2504361,1.1809785,-0.3742097,-0.51207125,-0.8155234,surprised,03-01-08-02-02-01-24.wav
-509.01083,27.82076,-5.923374,-1.8503338,-7.5924163,-10.635763,-10.946754,-7.306586,-5.0174556,-5.841935,-6.0121374,-2.407938,0.50007826,2.934877,0.23100743,5.633066,3.399343,0.38583902,4.375015,1.5445796,3.9743218,4.296542,3.3449554,1.4654659,1.5405594,1.4728438,1.4022292,1.1278539,0.4001952,0.66311777,0.18963516,1.3602251,0.024531566,0.43806666,-1.653424,-0.445377,0.5850184,0.4972872,-1.521248,0.0027586713,surprised,03-01-08-02-02-02-24.wav
