filename,filepath,actor_id,actor,gender,modality,vocal_channel,emotion_code,emotion,intensity,statement,repetition,sampling_rate,channels,duration_seconds,samples
03-01-01-01-01-01-01.wav,c:\Users\kamal\group 2\Group-2-Speech-Recognition-Emotion-Classification-\data\raw\RAVDESS\Actor_01\03-01-01-01-01-01-01.wav,1,Actor_01,male,3,1,1,neutral,1,1,1,16000,1,3.3033,52853
03-01-01-01-01-02-01.wav,c:\Users\kamal\group 2\Group-2-Speech-Recognition-Emotion-Classification-\data\raw\RAVDESS\Actor_01\03-01-01-01-01-02-01.wav,1,Actor_01,male,3,1,1,neutral,1,1,2,16000,1,3.3367,53387
03-01-01-01-02-01-01.wav,c:\Users\kamal\group 2\Group-2-Speech-Recognition-Emotion-Classification-\data\raw\RAVDESS\Actor_01\03-01-01-01-02-01-01.wav,1,Actor_01,male,3,1,1,neutral,1,2,1,16000,1,3.2699,52319
03-01-01-01-02-02-01.wav,c:\Users\kamal\group 2\Group-2-Speech-Recognition-Emotion-Classification-\data\raw\RAVDESS\Actor_01\03-01-01-01-02-02-01.wav,1,Actor_01,male,3,1,1,neutral,1,2,2,16000,1,3.1699,50718
03-01-02-01-01-01-01.wav,c:\Users\kamal\group 2\Group-2-Speech-Recognition-Emotion-Classification-\data\raw\RAVDESS\Actor_01\03-01-02-01-01-01-01.wav,1,Actor_01,male,3,1,2,calm,1,1,1,16000,1,3.5369,56590
03-01-02-01-01-02-01.wav,c:\Users\kamal\group 2\Group-2-Speech-Recognition-Emotion-Classification-\data\raw\RAVDESS\Actor_01\03-01-02-01-01-02-01.wav,1,Actor_01,male,3,1,2,calm,1,1,2,16000,1,3.6036,57658
03-01-02-01-02-01-01.wav,c:\Users\kamal\group 2\Group-2-Speech-Recognition-Emotion-Classification-\data\raw\RAVDESS\Actor_01\03-01-02-01-02-01-01.wav,1,Actor_01,male,3,1,2,calm,1,2,1,16000,1,3.5035,56056
03-01-02-01-02-02-01.wav,c:\Users\kamal\group 2\Group-2-Speech-Recognition-Emotion-Classification-\data\raw\RAVDESS\Actor_01\03-01-02-01-02-02-01.wav,1,Actor_01,male,3,1,2,calm,1,2,2,16000,1,3.4702,55523
03-01-02-02-01-01-01.wav,c:\Users\kamal\group 2\Group-2-Speech-Recognition-Emotion-Classification-\data\raw\RAVDESS\Actor_01\03-01-02-02-01-01-01.wav,1,Actor_01,male,3,1,2,calm,2,1,1,16000,1,3.7037,59260
03-01-02-02-01-02-01.wav,c:\Users\kamal\group 2\Group-2-Speech-Recognition-Emotion-Classification-\data\raw\RAVDESS\Actor_01\03-01-02-02-01-02-01.wav,1,Actor_01,male,3,1,2,calm,2,1,2,16000,1,4.004,64064
03-01-02-02-02-01-01.wav,c:\Users\kamal\group 2\Group-2-Speech-Recognition-Emotion-Classification-\data\raw\RAVDESS\Actor_01\03-01-02-02-02-01-01.wav,1,Actor_01,male,3,1,2,calm,2,2,1,16000,1,4.2043,67268
03-01-02-02-02-02-01.wav,c:\Users\kamal\group 2\Group-2-Speech-Recognition-Emotion-Classification-\data\raw\RAVDESS\Actor_01\03-01-02-02-02-02-01.wav,1,Actor_01,male,3,1,2,calm,2,2,2,16000,1,4.004,64064
03-01-03-01-01-01-01.wav,c:\Users\kamal\group 2\Group-2-Speech-Recognition-Emotion-Classification-\data\raw\RAVDESS\Actor_01\03-01-03-01-01-01-01.wav,1,Actor_01,male,3,1,3,happy,1,1,1,16000,1,3.4702,55523
03-01-03-01-01-02-01.wav,c:\Users\kamal\group 2\Group-2-Speech-Recognition-Emotion-Classification-\data\raw\RAVDESS\Actor_01\03-01-03-01-01-02-01.wav,1,Actor_01,male,3,1,3,happy,1,1,2,16000,1,3.4701,55522
03-01-03-01-02-01-01.wav,c:\Users\kamal\group 2\Group-2-Speech-Recognition-Emotion-Classification-\data\raw\RAVDESS\Actor_01\03-01-03-01-02-01-01.wav,1,Actor_01,male,3,1,3,happy,1,2,1,16000,1,3.5369,56590
03-01-03-01-02-02-01.wav,c:\Users\kamal\group 2\Group-2-Speech-Recognition-Emotion-Classification-\data\raw\RAVDESS\Actor_01\03-01-03-01-02-02-01.wav,1,Actor_01,male,3,1,3,happy,1,2,2,16000,1,3.7037,59260
03-01-03-02-01-01-01.wav,c:\Users\kamal\group 2\Group-2-Speech-Recognition-Emotion-Classification-\data\raw\RAVDESS\Actor_01\03-01-03-02-01-01-01.wav,1,Actor_01,male,3,1,3,happy,2,1,1,16000,1,3.6704,58726
03-01-03-02-01-02-01.wav,c:\Users\kamal\group 2\Group-2-Speech-Recognition-Emotion-Classification-\data\raw\RAVDESS\Actor_01\03-01-03-02-01-02-01.wav,1,Actor_01,male,3,1,3,happy,2,1,2,16000,1,3.637,58192
03-01-03-02-02-01-01.wav,c:\Users\kamal\group 2\Group-2-Speech-Recognition-Emotion-Classification-\data\raw\RAVDESS\Actor_01\03-01-03-02-02-01-01.wav,1,Actor_01,male,3,1,3,happy,2,2,1,16000,1,3.9373,62996
03-01-03-02-02-02-01.wav,c:\Users\kamal\group 2\Group-2-Speech-Recognition-Emotion-Classification-\data\raw\RAVDESS\Actor_01\03-01-03-02-02-02-01.wav,1,Actor_01,male,3,1,3,happy,2,2,2,16000,1,3.9373,62997
03-01-04-01-01-01-01.wav,c:\Users\kamal\group 2\Group-2-Speech-Recognition-Emotion-Classification-\data\raw\RAVDESS\Actor_01\03-01-04-01-01-01-01.wav,1,Actor_01,male,3,1,4,sad,1,1,1,16000,1,3.8372,61395
03-01-04-01-01-02-01.wav,c:\Users\kamal\group 2\Group-2-Speech-Recognition-Emotion-Classification-\data\raw\RAVDESS\Actor_01\03-01-04-01-01-02-01.wav,1,Actor_01,male,3,1,4,sad,1,1,2,16000,1,3.5703,57124
03-01-04-01-02-01-01.wav,c:\Users\kamal\group 2\Group-2-Speech-Recognition-Emotion-Classification-\data\raw\RAVDESS\Actor_01\03-01-04-01-02-01-01.wav,1,Actor_01,male,3,1,4,sad,1,2,1,16000,1,3.5035,56056
03-01-04-01-02-02-01.wav,c:\Users\kamal\group 2\Group-2-Speech-Recognition-Emotion-Classification-\data\raw\RAVDESS\Actor_01\03-01-04-01-02-02-01.wav,1,Actor_01,male,3,1,4,sad,1,2,2,16000,1,3.3701,53921
03-01-04-02-01-01-01.wav,c:\Users\kamal\group 2\Group-2-Speech-Recognition-Emotion-Classification-\data\raw\RAVDESS\Actor_01\03-01-04-02-01-01-01.wav,1,Actor_01,male,3,1,4,sad,2,1,1,16000,1,3.8038,60861
03-01-04-02-01-02-01.wav,c:\Users\kamal\group 2\Group-2-Speech-Recognition-Emotion-Classification-\data\raw\RAVDESS\Actor_01\03-01-04-02-01-02-01.wav,1,Actor_01,male,3,1,4,sad,2,1,2,16000,1,3.7037,59260
03-01-04-02-02-01-01.wav,c:\Users\kamal\group 2\Group-2-Speech-Recognition-Emotion-Classification-\data\raw\RAVDESS\Actor_01\03-01-04-02-02-01-01.wav,1,Actor_01,male,3,1,4,sad,2,2,1,16000,1,3.7371,59794
03-01-04-02-02-02-01.wav,c:\Users\kamal\group 2\Group-2-Speech-Recognition-Emotion-Classification-\data\raw\RAVDESS\Actor_01\03-01-04-02-02-02-01.wav,1,Actor_01,male,3,1,4,sad,2,2,2,16000,1,3.7371,59793
03-01-05-01-01-01-01.wav,c:\Users\kamal\group 2\Group-2-Speech-Recognition-Emotion-Classification-\data\raw\RAVDESS\Actor_01\03-01-05-01-01-01-01.wav,1,Actor_01,male,3,1,5,angry,1,1,1,16000,1,3.8706,61929
03-01-05-01-01-02-01.wav,c:\Users\kamal\group 2\Group-2-Speech-Recognition-Emotion-Classification-\data\raw\RAVDESS\Actor_01\03-01-05-01-01-02-01.wav,1,Actor_01,male,3,1,5,angry,1,1,2,16000,1,3.9373,62997
03-01-05-01-02-01-01.wav,c:\Users\kamal\group 2\Group-2-Speech-Recognition-Emotion-Classification-\data\raw\RAVDESS\Actor_01\03-01-05-01-02-01-01.wav,1,Actor_01,male,3,1,5,angry,1,2,1,16000,1,3.5035,56056
03-01-05-01-02-02-01.wav,c:\Users\kamal\group 2\Group-2-Speech-Recognition-Emotion-Classification-\data\raw\RAVDESS\Actor_01\03-01-05-01-02-02-01.wav,1,Actor_01,male,3,1,5,angry,1,2,2,16000,1,3.7371,59793
03-01-05-02-01-01-01.wav,c:\Users\kamal\group 2\Group-2-Speech-Recognition-Emotion-Classification-\data\raw\RAVDESS\Actor_01\03-01-05-02-01-01-01.wav,1,Actor_01,male,3,1,5,angry,2,1,1,16000,1,4.1041,65666
03-01-05-02-01-02-01.wav,c:\Users\kamal\group 2\Group-2-Speech-Recognition-Emotion-Classification-\data\raw\RAVDESS\Actor_01\03-01-05-02-01-02-01.wav,1,Actor_01,male,3,1,5,angry,2,1,2,16000,1,4.3711,69937
03-01-05-02-02-01-01.wav,c:\Users\kamal\group 2\Group-2-Speech-Recognition-Emotion-Classification-\data\raw\RAVDESS\Actor_01\03-01-05-02-02-01-01.wav,1,Actor_01,male,3,1,5,angry,2,2,1,16000,1,4.1375,66200
03-01-05-02-02-02-01.wav,c:\Users\kamal\group 2\Group-2-Speech-Recognition-Emotion-Classification-\data\raw\RAVDESS\Actor_01\03-01-05-02-02-02-01.wav,1,Actor_01,male,3,1,5,angry,2,2,2,16000,1,4.4378,71005
03-01-06-01-01-01-01.wav,c:\Users\kamal\group 2\Group-2-Speech-Recognition-Emotion-Classification-\data\raw\RAVDESS\Actor_01\03-01-06-01-01-01-01.wav,1,Actor_01,male,3,1,6,fearful,1,1,1,16000,1,3.6704,58726
03-01-06-01-01-02-01.wav,c:\Users\kamal\group 2\Group-2-Speech-Recognition-Emotion-Classification-\data\raw\RAVDESS\Actor_01\03-01-06-01-01-02-01.wav,1,Actor_01,male,3,1,6,fearful,1,1,2,16000,1,3.637,58192
03-01-06-01-02-01-01.wav,c:\Users\kamal\group 2\Group-2-Speech-Recognition-Emotion-Classification-\data\raw\RAVDESS\Actor_01\03-01-06-01-02-01-01.wav,1,Actor_01,male,3,1,6,fearful,1,2,1,16000,1,3.4368,54989
03-01-06-01-02-02-01.wav,c:\Users\kamal\group 2\Group-2-Speech-Recognition-Emotion-Classification-\data\raw\RAVDESS\Actor_01\03-01-06-01-02-02-01.wav,1,Actor_01,male,3,1,6,fearful,1,2,2,16000,1,3.7037,59259
03-01-06-02-01-01-01.wav,c:\Users\kamal\group 2\Group-2-Speech-Recognition-Emotion-Classification-\data\raw\RAVDESS\Actor_01\03-01-06-02-01-01-01.wav,1,Actor_01,male,3,1,6,fearful,2,1,1,16000,1,5.005,80080
03-01-06-02-01-02-01.wav,c:\Users\kamal\group 2\Group-2-Speech-Recognition-Emotion-Classification-\data\raw\RAVDESS\Actor_01\03-01-06-02-01-02-01.wav,1,Actor_01,male,3,1,6,fearful,2,1,2,16000,1,4.2376,67801
03-01-06-02-02-01-01.wav,c:\Users\kamal\group 2\Group-2-Speech-Recognition-Emotion-Classification-\data\raw\RAVDESS\Actor_01\03-01-06-02-02-01-01.wav,1,Actor_01,male,3,1,6,fearful,2,2,1,16000,1,3.9706,63530
03-01-06-02-02-02-01.wav,c:\Users\kamal\group 2\Group-2-Speech-Recognition-Emotion-Classification-\data\raw\RAVDESS\Actor_01\03-01-06-02-02-02-01.wav,1,Actor_01,male,3,1,6,fearful,2,2,2,16000,1,3.9039,62463
03-01-07-01-01-01-01.wav,c:\Users\kamal\group 2\Group-2-Speech-Recognition-Emotion-Classification-\data\raw\RAVDESS\Actor_01\03-01-07-01-01-01-01.wav,1,Actor_01,male,3,1,7,disgust,1,1,1,16000,1,3.8706,61929
03-01-07-01-01-02-01.wav,c:\Users\kamal\group 2\Group-2-Speech-Recognition-Emotion-Classification-\data\raw\RAVDESS\Actor_01\03-01-07-01-01-02-01.wav,1,Actor_01,male,3,1,7,disgust,1,1,2,16000,1,3.9039,62463
03-01-07-01-02-01-01.wav,c:\Users\kamal\group 2\Group-2-Speech-Recognition-Emotion-Classification-\data\raw\RAVDESS\Actor_01\03-01-07-01-02-01-01.wav,1,Actor_01,male,3,1,7,disgust,1,2,1,16000,1,3.9039,62463
03-01-07-01-02-02-01.wav,c:\Users\kamal\group 2\Group-2-Speech-Recognition-Emotion-Classification-\data\raw\RAVDESS\Actor_01\03-01-07-01-02-02-01.wav,1,Actor_01,male,3,1,7,disgust,1,2,2,16000,1,3.8372,61395
03-01-07-02-01-01-01.wav,c:\Users\kamal\group 2\Group-2-Speech-Recognition-Emotion-Classification-\data\raw\RAVDESS\Actor_01\03-01-07-02-01-01-01.wav,1,Actor_01,male,3,1,7,disgust,2,1,1,16000,1,4.3043,68869
03-01-07-02-01-02-01.wav,c:\Users\kamal\group 2\Group-2-Speech-Recognition-Emotion-Classification-\data\raw\RAVDESS\Actor_01\03-01-07-02-01-02-01.wav,1,Actor_01,male,3,1,7,disgust,2,1,2,16000,1,4.1041,65666
03-01-07-02-02-01-01.wav,c:\Users\kamal\group 2\Group-2-Speech-Recognition-Emotion-Classification-\data\raw\RAVDESS\Actor_01\03-01-07-02-02-01-01.wav,1,Actor_01,male,3,1,7,disgust,2,2,1,16000,1,4.0374,64598
03-01-07-02-02-02-01.wav,c:\Users\kamal\group 2\Group-2-Speech-Recognition-Emotion-Classification-\data\raw\RAVDESS\Actor_01\03-01-07-02-02-02-01.wav,1,Actor_01,male,3,1,7,disgust,2,2,2,16000,1,4.3711,69937
03-01-08-01-01-01-01.wav,c:\Users\kamal\group 2\Group-2-Speech-Recognition-Emotion-Classification-\data\raw\RAVDESS\Actor_01\03-01-08-01-01-01-01.wav,1,Actor_01,male,3,1,8,surprised,1,1,1,16000,1,3.4034,54455
03-01-08-01-01-02-01.wav,c:\Users\kamal\group 2\Group-2-Speech-Recognition-Emotion-Classification-\data\raw\RAVDESS\Actor_01\03-01-08-01-01-02-01.wav,1,Actor_01,male,3,1,8,surprised,1,1,2,16000,1,3.2699,52319
03-01-08-01-02-01-01.wav,c:\Users\kamal\group 2\Group-2-Speech-Recognition-Emotion-Classification-\data\raw\RAVDESS\Actor_01\03-01-08-01-02-01-01.wav,1,Actor_01,male,3,1,8,surprised,1,2,1,16000,1,3.5369,56590
03-01-08-01-02-02-01.wav,c:\Users\kamal\group 2\Group-2-Speech-Recognition-Emotion-Classification-\data\raw\RAVDESS\Actor_01\03-01-08-01-02-02-01.wav,1,Actor_01,male,3,1,8,surprised,1,2,2,16000,1,3.2699,52319
03-01-08-02-01-01-01.wav,c:\Users\kamal\group 2\Group-2-Speech-Recognition-Emotion-Classification-\data\raw\RAVDESS\Actor_01\03-01-08-02-01-01-01.wav,1,Actor_01,male,3,1,8,surprised,2,1,1,16000,1,3.4367,54988
03-01-08-02-01-02-01.wav,c:\Users\kamal\group 2\Group-2-Speech-Recognition-Emotion-Classification-\data\raw\RAVDESS\Actor_01\03-01-08-02-01-02-01.wav,1,Actor_01,male,3,1,8,surprised,2,1,2,16000,1,3.5703,57124
03-01-08-02-02-01-01.wav,c:\Users\kamal\group 2\Group-2-Speech-Recognition-Emotion-Classification-\data\raw\RAVDESS\Actor_01\03-01-08-02-02-01-01.wav,1,Actor_01,male,3,1,8,surprised,2,2,1,16000,1,3.5035,56056
03-01-08-02-02-02-01.wav,c:\Users\kamal\group 2\Group-2-Speech-Recognition-Emotion-Classification-\data\raw\RAVDESS\Actor_01\03-01-08-02-02-02-01.wav,1,Actor_01,male,3,1,8,surprised,2,2,2,16000,1,3.2699,52319
03-01-01-01-01-01-02.wav,c:\Users\kamal\group 2\Group-2-Speech-Recognition-Emotion-Classification-\data\raw\RAVDESS\Actor_02\03-01-01-01-01-01-02.wav,2,Actor_02,female,3,1,1,neutral,1,1,1,16000,1,3.637,58192
03-01-01-01-01-02-02.wav,c:\Users\kamal\group 2\Group-2-Speech-Recognition-Emotion-Classification-\data\raw\RAVDESS\Actor_02\03-01-01-01-01-02-02.wav,2,Actor_02,female,3,1,1,neutral,1,1,2,16000,1,3.6036,57658
03-01-01-01-02-01-02.wav,c:\Users\kamal\group 2\Group-2-Speech-Recognition-Emotion-Classification-\data\raw\RAVDESS\Actor_02\03-01-01-01-02-01-02.wav,2,Actor_02,female,3,1,1,neutral,1,2,1,16000,1,3.7704,60327
03-01-01-01-02-02-02.wav,c:\Users\kamal\group 2\Group-2-Speech-Recognition-Emotion-Classification-\data\raw\RAVDESS\Actor_02\03-01-01-01-02-02-02.wav,2,Actor_02,female,3,1,1,neutral,1,2,2,16000,1,3.6036,57658
03-01-02-01-01-01-02.wav,c:\Users\kamal\group 2\Group-2-Speech-Recognition-Emotion-Classification-\data\raw\RAVDESS\Actor_02\03-01-02-01-01-01-02.wav,2,Actor_02,female,3,1,2,calm,1,1,1,16000,1,3.8372,61395
03-01-02-01-01-02-02.wav,c:\Users\kamal\group 2\Group-2-Speech-Recognition-Emotion-Classification-\data\raw\RAVDESS\Actor_02\03-01-02-01-01-02-02.wav,2,Actor_02,female,3,1,2,calm,1,1,2,16000,1,4.004,64064
03-01-02-01-02-01-02.wav,c:\Users\kamal\group 2\Group-2-Speech-Recognition-Emotion-Classification-\data\raw\RAVDESS\Actor_02\03-01-02-01-02-01-02.wav,2,Actor_02,female,3,1,2,calm,1,2,1,16000,1,3.8372,61395
03-01-02-01-02-02-02.wav,c:\Users\kamal\group 2\Group-2-Speech-Recognition-Emotion-Classification-\data\raw\RAVDESS\Actor_02\03-01-02-01-02-02-02.wav,2,Actor_02,female,3,1,2,calm,1,2,2,16000,1,3.9706,63530
03-01-02-02-01-01-02.wav,c:\Users\kamal\group 2\Group-2-Speech-Recognition-Emotion-Classification-\data\raw\RAVDESS\Actor_02\03-01-02-02-01-01-02.wav,2,Actor_02,female,3,1,2,calm,2,1,1,16000,1,4.1375,66200
03-01-02-02-01-02-02.wav,c:\Users\kamal\group 2\Group-2-Speech-Recognition-Emotion-Classification-\data\raw\RAVDESS\Actor_02\03-01-02-02-01-02-02.wav,2,Actor_02,female,3,1,2,calm,2,1,2,16000,1,4.0374,64598
03-01-02-02-02-01-02.wav,c:\Users\kamal\group 2\Group-2-Speech-Recognition-Emotion-Classification-\data\raw\RAVDESS\Actor_02\03-01-02-02-02-01-02.wav,2,Actor_02,female,3,1,2,calm,2,2,1,16000,1,4.1041,65666
03-01-02-02-02-02-02.wav,c:\Users\kamal\group 2\Group-2-Speech-Recognition-Emotion-Classification-\data\raw\RAVDESS\Actor_02\03-01-02-02-02-02-02.wav,2,Actor_02,female,3,1,2,calm,2,2,2,16000,1,4.1041,65666
03-01-03-01-01-01-02.wav,c:\Users\kamal\group 2\Group-2-Speech-Recognition-Emotion-Classification-\data\raw\RAVDESS\Actor_02\03-01-03-01-01-01-02.wav,2,Actor_02,female,3,1,3,happy,1,1,1,16000,1,3.6036,57658
03-01-03-01-01-02-02.wav,c:\Users\kamal\group 2\Group-2-Speech-Recognition-Emotion-Classification-\data\raw\RAVDESS\Actor_02\03-01-03-01-01-02-02.wav,2,Actor_02,female,3,1,3,happy,1,1,2,16000,1,3.7037,59259
03-01-03-01-02-01-02.wav,c:\Users\kamal\group 2\Group-2-Speech-Recognition-Emotion-Classification-\data\raw\RAVDESS\Actor_02\03-01-03-01-02-01-02.wav,2,Actor_02,female,3,1,3,happy,1,2,1,16000,1,3.7704,60327
03-01-03-01-02-02-02.wav,c:\Users\kamal\group 2\Group-2-Speech-Recognition-Emotion-Classification-\data\raw\RAVDESS\Actor_02\03-01-03-01-02-02-02.wav,2,Actor_02,female,3,1,3,happy,1,2,2,16000,1,3.7371,59794
03-01-03-02-01-01-02.wav,c:\Users\kamal\group 2\Group-2-Speech-Recognition-Emotion-Classification-\data\raw\RAVDESS\Actor_02\03-01-03-02-01-01-02.wav,2,Actor_02,female,3,1,3,happy,2,1,1,16000,1,3.7037,59260
03-01-03-02-01-02-02.wav,c:\Users\kamal\group 2\Group-2-Speech-Recognition-Emotion-Classification-\data\raw\RAVDESS\Actor_02\03-01-03-02-01-02-02.wav,2,Actor_02,female,3,1,3,happy,2,1,2,16000,1,3.6704,58726
03-01-03-02-02-01-02.wav,c:\Users\kamal\group 2\Group-2-Speech-Recognition-Emotion-Classification-\data\raw\RAVDESS\Actor_02\03-01-03-02-02-01-02.wav,2,Actor_02,female,3,1,3,happy,2,2,1,16000,1,3.7037,59260
03-01-03-02-02-02-02.wav,c:\Users\kamal\group 2\Group-2-Speech-Recognition-Emotion-Classification-\data\raw\RAVDESS\Actor_02\03-01-03-02-02-02-02.wav,2,Actor_02,female,3,1,3,happy,2,2,2,16000,1,3.8706,61929
03-01-04-01-01-01-02.wav,c:\Users\kamal\group 2\Group-2-Speech-Recognition-Emotion-Classification-\data\raw\RAVDESS\Actor_02\03-01-04-01-01-01-02.wav,2,Actor_02,female,3,1,4,sad,1,1,1,16000,1,3.8372,61395
03-01-04-01-01-02-02.wav,c:\Users\kamal\group 2\Group-2-Speech-Recognition-Emotion-Classification-\data\raw\RAVDESS\Actor_02\03-01-04-01-01-02-02.wav,2,Actor_02,female,3,1,4,sad,1,1,2,16000,1,3.7704,60327
03-01-04-01-02-01-02.wav,c:\Users\kamal\group 2\Group-2-Speech-Recognition-Emotion-Classification-\data\raw\RAVDESS\Actor_02\03-01-04-01-02-01-02.wav,2,Actor_02,female,3,1,4,sad,1,2,1,16000,1,3.7371,59793
03-01-04-01-02-02-02.wav,c:\Users\kamal\group 2\Group-2-Speech-Recognition-Emotion-Classification-\data\raw\RAVDESS\Actor_02\03-01-04-01-02-02-02.wav,2,Actor_02,female,3,1,4,sad,1,2,2,16000,1,3.7704,60327
03-01-04-02-01-01-02.wav,c:\Users\kamal\group 2\Group-2-Speech-Recognition-Emotion-Classification-\data\raw\RAVDESS\Actor_02\03-01-04-02-01-01-02.wav,2,Actor_02,female,3,1,4,sad,2,1,1,16000,1,3.7371,59794
03-01-04-02-01-02-02.wav,c:\Users\kamal\group 2\Group-2-Speech-Recognition-Emotion-Classification-\data\raw\RAVDESS\Actor_02\03-01-04-02-01-02-02.wav,2,Actor_02,female,3,1,4,sad,2,1,2,16000,1,3.7704,60327
03-01-04-02-02-01-02.wav,c:\Users\kamal\group 2\Group-2-Speech-Recognition-Emotion-Classification-\data\raw\RAVDESS\Actor_02\03-01-04-02-02-01-02.wav,2,Actor_02,female,3,1,4,sad,2,2,1,16000,1,3.7037,59259
03-01-04-02-02-02-02.wav,c:\Users\kamal\group 2\Group-2-Speech-Recognition-Emotion-Classification-\data\raw\RAVDESS\Actor_02\03-01-04-02-02-02-02.wav,2,Actor_02,female,3,1,4,sad,2,2,2,16000,1,3.6704,58726
03-01-05-01-01-01-02.wav,c:\Users\kamal\group 2\Group-2-Speech-Recognition-Emotion-Classification-\data\raw\RAVDESS\Actor_02\03-01-05-01-01-01-02.wav,2,Actor_02,female,3,1,5,angry,1,1,1,16000,1,3.6704,58726
03-01-05-01-01-02-02.wav,c:\Users\kamal\group 2\Group-2-Speech-Recognition-Emotion-Classification-\data\raw\RAVDESS\Actor_02\03-01-05-01-01-02-02.wav,2,Actor_02,female,3,1,5,angry,1,1,2,16000,1,3.6704,58726
03-01-05-01-02-01-02.wav,c:\Users\kamal\group 2\Group-2-Speech-Recognition-Emotion-Classification-\data\raw\RAVDESS\Actor_02\03-01-05-01-02-01-02.wav,2,Actor_02,female,3,1,5,angry,1,2,1,16000,1,3.7704,60327
03-01-05-01-02-02-02.wav,c:\Users\kamal\group 2\Group-2-Speech-Recognition-Emotion-Classification-\data\raw\RAVDESS\Actor_02\03-01-05-01-02-02-02.wav,2,Actor_02,female,3,1,5,angry,1,2,2,16000,1,3.8038,60861
03-01-05-02-01-01-02.wav,c:\Users\kamal\group 2\Group-2-Speech-Recognition-Emotion-Classification-\data\raw\RAVDESS\Actor_02\03-01-05-02-01-01-02.wav,2,Actor_02,female,3,1,5,angry,2,1,1,16000,1,3.9039,62463
03-01-05-02-01-02-02.wav,c:\Users\kamal\group 2\Group-2-Speech-Recognition-Emotion-Classification-\data\raw\RAVDESS\Actor_02\03-01-05-02-01-02-02.wav,2,Actor_02,female,3,1,5,angry,2,1,2,16000,1,4.004,64064
03-01-05-02-02-01-02.wav,c:\Users\kamal\group 2\Group-2-Speech-Recognition-Emotion-Classification-\data\raw\RAVDESS\Actor_02\03-01-05-02-02-01-02.wav,2,Actor_02,female,3,1,5,angry,2,2,1,16000,1,4.004,64064
03-01-05-02-02-02-02.wav,c:\Users\kamal\group 2\Group-2-Speech-Recognition-Emotion-Classification-\data\raw\RAVDESS\Actor_02\03-01-05-02-02-02-02.wav,2,Actor_02,female,3,1,5,angry,2,2,2,16000,1,4.004,64064
03-01-06-01-01-01-02.wav,c:\Users\kamal\group 2\Group-2-Speech-Recognition-Emotion-Classification-\data\raw\RAVDESS\Actor_02\03-01-06-01-01-01-02.wav,2,Actor_02,female,3,1,6,fearful,1,1,1,16000,1,3.637,58192
03-01-06-01-01-02-02.wav,c:\Users\kamal\group 2\Group-2-Speech-Recognition-Emotion-Classification-\data\raw\RAVDESS\Actor_02\03-01-06-01-01-02-02.wav,2,Actor_02,female,3,1,6,fearful,1,1,2,16000,1,3.7371,59793
03-01-06-01-02-01-02.wav,c:\Users\kamal\group 2\Group-2-Speech-Recognition-Emotion-Classification-\data\raw\RAVDESS\Actor_02\03-01-06-01-02-01-02.wav,2,Actor_02,female,3,1,6,fearful,1,2,1,16000,1,3.6704,58726
03-01-06-01-02-02-02.wav,c:\Users\kamal\group 2\Group-2-Speech-Recognition-Emotion-Classification-\data\raw\RAVDESS\Actor_02\03-01-06-01-02-02-02.wav,2,Actor_02,female,3,1,6,fearful,1,2,2,16000,1,3.7371,59793
03-01-06-02-01-01-02.wav,c:\Users\kamal\group 2\Group-2-Speech-Recognition-Emotion-Classification-\data\raw\RAVDESS\Actor_02\03-01-06-02-01-01-02.wav,2,Actor_02,female,3,1,6,fearful,2,1,1,16000,1,3.8038,60861
03-01-06-02-01-02-02.wav,c:\Users\kamal\group 2\Group-2-Speech-Recognition-Emotion-Classification-\data\raw\RAVDESS\Actor_02\03-01-06-02-01-02-02.wav,2,Actor_02,female,3,1,6,fearful,2,1,2,16000,1,3.637,58192
03-01-06-02-02-01-02.wav,c:\Users\kamal\group 2\Group-2-Speech-Recognition-Emotion-Classification-\data\raw\RAVDESS\Actor_02\03-01-06-02-02-01-02.wav,2,Actor_02,female,3,1,6,fearful,2,2,1,16000,1,3.6036,57658
03-01-06-02-02-02-02.wav,c:\Users\kamal\group 2\Group-2-Speech-Recognition-Emotion-Classification-\data\raw\RAVDESS\Actor_02\03-01-06-02-02-02-02.wav,2,Actor_02,female,3,1,6,fearful,2,2,2,16000,1,3.6036,57658
03-01-07-01-01-01-02.wav,c:\Users\kamal\group 2\Group-2-Speech-Recognition-Emotion-Classification-\data\raw\RAVDESS\Actor_02\03-01-07-01-01-01-02.wav,2,Actor_02,female,3,1,7,disgust,1,1,1,16000,1,3.6704,58726
03-01-07-01-01-02-02.wav,c:\Users\kamal\group 2\Group-2-Speech-Recognition-Emotion-Classification-\data\raw\RAVDESS\Actor_02\03-01-07-01-01-02-02.wav,2,Actor_02,female,3,1,7,disgust,1,1,2,16000,1,3.637,58192
03-01-07-01-02-01-02.wav,c:\Users\kamal\group 2\Group-2-Speech-Recognition-Emotion-Classification-\data\raw\RAVDESS\Actor_02\03-01-07-01-02-01-02.wav,2,Actor_02,female,3,1,7,disgust,1,2,1,16000,1,3.8706,61929
03-01-07-01-02-02-02.wav,c:\Users\kamal\group 2\Group-2-Speech-Recognition-Emotion-Classification-\data\raw\RAVDESS\Actor_02\03-01-07-01-02-02-02.wav,2,Actor_02,female,3,1,7,disgust,1,2,2,16000,1,3.8372,61395
03-01-07-02-01-01-02.wav,c:\Users\kamal\group 2\Group-2-Speech-Recognition-Emotion-Classification-\data\raw\RAVDESS\Actor_02\03-01-07-02-01-01-02.wav,2,Actor_02,female,3,1,7,disgust,2,1,1,16000,1,4.1375,66200
03-01-07-02-01-02-02.wav,c:\Users\kamal\group 2\Group-2-Speech-Recognition-Emotion-Classification-\data\raw\RAVDESS\Actor_02\03-01-07-02-01-02-02.wav,2,Actor_02,female,3,1,7,disgust,2,1,2,16000,1,4.1375,66200
03-01-07-02-02-01-02.wav,c:\Users\kamal\group 2\Group-2-Speech-Recognition-Emotion-Classification-\data\raw\RAVDESS\Actor_02\03-01-07-02-02-01-02.wav,2,Actor_02,female,3,1,7,disgust,2,2,1,16000,1,4.004,64064
03-01-07-02-02-02-02.wav,c:\Users\kamal\group 2\Group-2-Speech-Recognition-Emotion-Classification-\data\raw\RAVDESS\Actor_02\03-01-07-02-02-02-02.wav,2,Actor_02,female,3,1,7,disgust,2,2,2,16000,1,4.0374,64598
03-01-08-01-01-01-02.wav,c:\Users\kamal\group 2\Group-2-Speech-Recognition-Emotion-Classification-\data\raw\RAVDESS\Actor_02\03-01-08-01-01-01-02.wav,2,Actor_02,female,3,1,8,surprised,1,1,1,16000,1,3.5369,56590
03-01-08-01-01-02-02.wav,c:\Users\kamal\group 2\Group-2-Speech-Recognition-Emotion-Classification-\data\raw\RAVDESS\Actor_02\03-01-08-01-01-02-02.wav,2,Actor_02,female,3,1,8,surprised,1,1,2,16000,1,3.5369,56590
03-01-08-01-02-01-02.wav,c:\Users\kamal\group 2\Group-2-Speech-Recognition-Emotion-Classification-\data\raw\RAVDESS\Actor_02\03-01-08-01-02-01-02.wav,2,Actor_02,female,3,1,8,surprised,1,2,1,16000,1,3.6036,57658
03-01-08-01-02-02-02.wav,c:\Users\kamal\group 2\Group-2-Speech-Recognition-Emotion-Classification-\data\raw\RAVDESS\Actor_02\03-01-08-01-02-02-02.wav,2,Actor_02,female,3,1,8,surprised,1,2,2,16000,1,3.5369,56590
03-01-08-02-01-01-02.wav,c:\Users\kamal\group 2\Group-2-Speech-Recognition-Emotion-Classification-\data\raw\RAVDESS\Actor_02\03-01-08-02-01-01-02.wav,2,Actor_02,female,3,1,8,surprised,2,1,1,16000,1,3.7371,59793
03-01-08-02-01-02-02.wav,c:\Users\kamal\group 2\Group-2-Speech-Recognition-Emotion-Classification-\data\raw\RAVDESS\Actor_02\03-01-08-02-01-02-02.wav,2,Actor_02,female,3,1,8,surprised,2,1,2,16000,1,3.7704,60327
03-01-08-02-02-01-02.wav,c:\Users\kamal\group 2\Group-2-Speech-Recognition-Emotion-Classification-\data\raw\RAVDESS\Actor_02\03-01-08-02-02-01-02.wav,2,Actor_02,female,3,1,8,surprised,2,2,1,16000,1,3.7371,59794
03-01-08-02-02-02-02.wav,c:\Users\kamal\group 2\Group-2-Speech-Recognition-Emotion-Classification-\data\raw\RAVDESS\Actor_02\03-01-08-02-02-02-02.wav,2,Actor_02,female,3,1,8,surprised,2,2,2,16000,1,3.8038,60861
03-01-01-01-01-01-03.wav,c:\Users\kamal\group 2\Group-2-Speech-Recognition-Emotion-Classification-\data\raw\RAVDESS\Actor_03\03-01-01-01-01-01-03.wav,3,Actor_03,male,3,1,1,neutral,1,1,1,16000,1,3.4368,54989
03-01-01-01-01-02-03.wav,c:\Users\kamal\group 2\Group-2-Speech-Recognition-Emotion-Classification-\data\raw\RAVDESS\Actor_03\03-01-01-01-01-02-03.wav,3,Actor_03,male,3,1,1,neutral,1,1,2,16000,1,3.5035,56056
03-01-01-01-02-01-03.wav,c:\Users\kamal\group 2\Group-2-Speech-Recognition-Emotion-Classification-\data\raw\RAVDESS\Actor_03\03-01-01-01-02-01-03.wav,3,Actor_03,male,3,1,1,neutral,1,2,1,16000,1,3.5035,56056
03-01-01-01-02-02-03.wav,c:\Users\kamal\group 2\Group-2-Speech-Recognition-Emotion-Classification-\data\raw\RAVDESS\Actor_03\03-01-01-01-02-02-03.wav,3,Actor_03,male,3,1,1,neutral,1,2,2,16000,1,3.4702,55523
03-01-02-01-01-01-03.wav,c:\Users\kamal\group 2\Group-2-Speech-Recognition-Emotion-Classification-\data\raw\RAVDESS\Actor_03\03-01-02-01-01-01-03.wav,3,Actor_03,male,3,1,2,calm,1,1,1,16000,1,3.8372,61395
03-01-02-01-01-02-03.wav,c:\Users\kamal\group 2\Group-2-Speech-Recognition-Emotion-Classification-\data\raw\RAVDESS\Actor_03\03-01-02-01-01-02-03.wav,3,Actor_03,male,3,1,2,calm,1,1,2,16000,1,3.7371,59793
03-01-02-01-02-01-03.wav,c:\Users\kamal\group 2\Group-2-Speech-Recognition-Emotion-Classification-\data\raw\RAVDESS\Actor_03\03-01-02-01-02-01-03.wav,3,Actor_03,male,3,1,2,calm,1,2,1,16000,1,3.8372,61395
03-01-02-01-02-02-03.wav,c:\Users\kamal\group 2\Group-2-Speech-Recognition-Emotion-Classification-\data\raw\RAVDESS\Actor_03\03-01-02-01-02-02-03.wav,3,Actor_03,male,3,1,2,calm,1,2,2,16000,1,3.9706,63530
03-01-02-02-01-01-03.wav,c:\Users\kamal\group 2\Group-2-Speech-Recognition-Emotion-Classification-\data\raw\RAVDESS\Actor_03\03-01-02-02-01-01-03.wav,3,Actor_03,male,3,1,2,calm,2,1,1,16000,1,4.0374,64598
03-01-02-02-01-02-03.wav,c:\Users\kamal\group 2\Group-2-Speech-Recognition-Emotion-Classification-\data\raw\RAVDESS\Actor_03\03-01-02-02-01-02-03.wav,3,Actor_03,male,3,1,2,calm,2,1,2,16000,1,3.9707,63531
03-01-02-02-02-01-03.wav,c:\Users\kamal\group 2\Group-2-Speech-Recognition-Emotion-Classification-\data\raw\RAVDESS\Actor_03\03-01-02-02-02-01-03.wav,3,Actor_03,male,3,1,2,calm,2,2,1,16000,1,4.1375,66200
03-01-02-02-02-02-03.wav,c:\Users\kamal\group 2\Group-2-Speech-Recognition-Emotion-Classification-\data\raw\RAVDESS\Actor_03\03-01-02-02-02-02-03.wav,3,Actor_03,male,3,1,2,calm,2,2,2,16000,1,4.004,64064
03-01-03-01-01-01-03.wav,c:\Users\kamal\group 2\Group-2-Speech-Recognition-Emotion-Classification-\data\raw\RAVDESS\Actor_03\03-01-03-01-01-01-03.wav,3,Actor_03,male,3,1,3,happy,1,1,1,16000,1,3.7704,60327
03-01-03-01-01-02-03.wav,c:\Users\kamal\group 2\Group-2-Speech-Recognition-Emotion-Classification-\data\raw\RAVDESS\Actor_03\03-01-03-01-01-02-03.wav,3,Actor_03,male,3,1,3,happy,1,1,2,16000,1,3.6036,57658
03-01-03-01-02-01-03.wav,c:\Users\kamal\group 2\Group-2-Speech-Recognition-Emotion-Classification-\data\raw\RAVDESS\Actor_03\03-01-03-01-02-01-03.wav,3,Actor_03,male,3,1,3,happy,1,2,1,16000,1,3.5035,56056
03-01-03-01-02-02-03.wav,c:\Users\kamal\group 2\Group-2-Speech-Recognition-Emotion-Classification-\data\raw\RAVDESS\Actor_03\03-01-03-01-02-02-03.wav,3,Actor_03,male,3,1,3,happy,1,2,2,16000,1,3.5035,56056
03-01-03-02-01-01-03.wav,c:\Users\kamal\group 2\Group-2-Speech-Recognition-Emotion-Classification-\data\raw\RAVDESS\Actor_03\03-01-03-02-01-01-03.wav,3,Actor_03,male,3,1,3,happy,2,1,1,16000,1,4.3043,68869
03-01-03-02-01-02-03.wav,c:\Users\kamal\group 2\Group-2-Speech-Recognition-Emotion-Classification-\data\raw\RAVDESS\Actor_03\03-01-03-02-01-02-03.wav,3,Actor_03,male,3,1,3,happy,2,1,2,16000,1,4.4044,70471
03-01-03-02-02-01-03.wav,c:\Users\kamal\group 2\Group-2-Speech-Recognition-Emotion-Classification-\data\raw\RAVDESS\Actor_03\03-01-03-02-02-01-03.wav,3,Actor_03,male,3,1,3,happy,2,2,1,16000,1,4.1375,66200
03-01-03-02-02-02-03.wav,c:\Users\kamal\group 2\Group-2-Speech-Recognition-Emotion-Classification-\data\raw\RAVDESS\Actor_03\03-01-03-02-02-02-03.wav,3,Actor_03,male,3,1,3,happy,2,2,2,16000,1,3.8372,61395
03-01-04-01-01-01-03.wav,c:\Users\kamal\group 2\Group-2-Speech-Recognition-Emotion-Classification-\data\raw\RAVDESS\Actor_03\03-01-04-01-01-01-03.wav,3,Actor_03,male,3,1,4,sad,1,1,1,16000,1,3.6036,57658
03-01-04-01-01-02-03.wav,c:\Users\kamal\group 2\Group-2-Speech-Recognition-Emotion-Classification-\data\raw\RAVDESS\Actor_03\03-01-04-01-01-02-03.wav,3,Actor_03,male,3,1,4,sad,1,1,2,16000,1,3.5703,57124
03-01-04-01-02-01-03.wav,c:\Users\kamal\group 2\Group-2-Speech-Recognition-Emotion-Classification-\data\raw\RAVDESS\Actor_03\03-01-04-01-02-01-03.wav,3,Actor_03,male,3,1,4,sad,1,2,1,16000,1,3.5703,57124
03-01-04-01-02-02-03.wav,c:\Users\kamal\group 2\Group-2-Speech-Recognition-Emotion-Classification-\data\raw\RAVDESS\Actor_03\03-01-04-01-02-02-03.wav,3,Actor_03,male,3,1,4,sad,1,2,2,16000,1,3.5369,56590
03-01-04-02-01-01-03.wav,c:\Users\kamal\group 2\Group-2-Speech-Recognition-Emotion-Classification-\data\raw\RAVDESS\Actor_03\03-01-04-02-01-01-03.wav,3,Actor_03,male,3,1,4,sad,2,1,1,16000,1,3.7704,60327
03-01-04-02-01-02-03.wav,c:\Users\kamal\group 2\Group-2-Speech-Recognition-Emotion-Classification-\data\raw\RAVDESS\Actor_03\03-01-04-02-01-02-03.wav,3,Actor_03,male,3,1,4,sad,2,1,2,16000,1,3.8372,61395
03-01-04-02-02-01-03.wav,c:\Users\kamal\group 2\Group-2-Speech-Recognition-Emotion-Classification-\data\raw\RAVDESS\Actor_03\03-01-04-02-02-01-03.wav,3,Actor_03,male,3,1,4,sad,2,2,1,16000,1,3.4701,55522
03-01-04-02-02-02-03.wav,c:\Users\kamal\group 2\Group-2-Speech-Recognition-Emotion-Classification-\data\raw\RAVDESS\Actor_03\03-01-04-02-02-02-03.wav,3,Actor_03,male,3,1,4,sad,2,2,2,16000,1,3.7037,59259
03-01-05-01-01-01-03.wav,c:\Users\kamal\group 2\Group-2-Speech-Recognition-Emotion-Classification-\data\raw\RAVDESS\Actor_03\03-01-05-01-01-01-03.wav,3,Actor_03,male,3,1,5,angry,1,1,1,16000,1,4.004,64064
03-01-05-01-01-02-03.wav,c:\Users\kamal\group 2\Group-2-Speech-Recognition-Emotion-Classification-\data\raw\RAVDESS\Actor_03\03-01-05-01-01-02-03.wav,3,Actor_03,male,3,1,5,angry,1,1,2,16000,1,4.0708,65132
03-01-05-01-02-01-03.wav,c:\Users\kamal\group 2\Group-2-Speech-Recognition-Emotion-Classification-\data\raw\RAVDESS\Actor_03\03-01-05-01-02-01-03.wav,3,Actor_03,male,3,1,5,angry,1,2,1,16000,1,3.8038,60861
03-01-05-01-02-02-03.wav,c:\Users\kamal\group 2\Group-2-Speech-Recognition-Emotion-Classification-\data\raw\RAVDESS\Actor_03\03-01-05-01-02-02-03.wav,3,Actor_03,male,3,1,5,angry,1,2,2,16000,1,3.8372,61395
03-01-05-02-01-01-03.wav,c:\Users\kamal\group 2\Group-2-Speech-Recognition-Emotion-Classification-\data\raw\RAVDESS\Actor_03\03-01-05-02-01-01-03.wav,3,Actor_03,male,3,1,5,angry,2,1,1,16000,1,4.4044,70471
03-01-05-02-01-02-03.wav,c:\Users\kamal\group 2\Group-2-Speech-Recognition-Emotion-Classification-\data\raw\RAVDESS\Actor_03\03-01-05-02-01-02-03.wav,3,Actor_03,male,3,1,5,angry,2,1,2,16000,1,4.4044,70471
03-01-05-02-02-01-03.wav,c:\Users\kamal\group 2\Group-2-Speech-Recognition-Emotion-Classification-\data\raw\RAVDESS\Actor_03\03-01-05-02-02-01-03.wav,3,Actor_03,male,3,1,5,angry,2,2,1,16000,1,4.2376,67801
03-01-05-02-02-02-03.wav,c:\Users\kamal\group 2\Group-2-Speech-Recognition-Emotion-Classification-\data\raw\RAVDESS\Actor_03\03-01-05-02-02-02-03.wav,3,Actor_03,male,3,1,5,angry,2,2,2,16000,1,4.5045,72072
03-01-06-01-01-01-03.wav,c:\Users\kamal\group 2\Group-2-Speech-Recognition-Emotion-Classification-\data\raw\RAVDESS\Actor_03\03-01-06-01-01-01-03.wav,3,Actor_03,male,3,1,6,fearful,1,1,1,16000,1,3.7371,59794
03-01-06-01-01-02-03.wav,c:\Users\kamal\group 2\Group-2-Speech-Recognition-Emotion-Classification-\data\raw\RAVDESS\Actor_03\03-01-06-01-01-02-03.wav,3,Actor_03,male,3,1,6,fearful,1,1,2,16000,1,3.8372,61395
03-01-06-01-02-01-03.wav,c:\Users\kamal\group 2\Group-2-Speech-Recognition-Emotion-Classification-\data\raw\RAVDESS\Actor_03\03-01-06-01-02-01-03.wav,3,Actor_03,male,3,1,6,fearful,1,2,1,16000,1,3.5035,56056
03-01-06-01-02-02-03.wav,c:\Users\kamal\group 2\Group-2-Speech-Recognition-Emotion-Classification-\data\raw\RAVDESS\Actor_03\03-01-06-01-02-02-03.wav,3,Actor_03,male,3,1,6,fearful,1,2,2,16000,1,3.2033,51252
03-01-06-02-01-01-03.wav,c:\Users\kamal\group 2\Group-2-Speech-Recognition-Emotion-Classification-\data\raw\RAVDESS\Actor_03\03-01-06-02-01-01-03.wav,3,Actor_03,male,3,1,6,fearful,2,1,1,16000,1,3.3033,52853
03-01-06-02-01-02-03.wav,c:\Users\kamal\group 2\Group-2-Speech-Recognition-Emotion-Classification-\data\raw\RAVDESS\Actor_03\03-01-06-02-01-02-03.wav,3,Actor_03,male,3,1,6,fearful,2,1,2,16000,1,3.9039,62463
03-01-06-02-02-01-03.wav,c:\Users\kamal\group 2\Group-2-Speech-Recognition-Emotion-Classification-\data\raw\RAVDESS\Actor_03\03-01-06-02-02-01-03.wav,3,Actor_03,male,3,1,6,fearful,2,2,1,16000,1,3.3033,52853
03-01-06-02-02-02-03.wav,c:\Users\kamal\group 2\Group-2-Speech-Recognition-Emotion-Classification-\data\raw\RAVDESS\Actor_03\03-01-06-02-02-02-03.wav,3,Actor_03,male,3,1,6,fearful,2,2,2,16000,1,3.4368,54989
03-01-07-01-01-01-03.wav,c:\Users\kamal\group 2\Group-2-Speech-Recognition-Emotion-Classification-\data\raw\RAVDESS\Actor_03\03-01-07-01-01-01-03.wav,3,Actor_03,male,3,1,7,disgust,1,1,1,16000,1,4.0374,64598
03-01-07-01-01-02-03.wav,c:\Users\kamal\group 2\Group-2-Speech-Recognition-Emotion-Classification-\data\raw\RAVDESS\Actor_03\03-01-07-01-01-02-03.wav,3,Actor_03,male,3,1,7,disgust,1,1,2,16000,1,3.9707,63531
03-01-07-01-02-01-03.wav,c:\Users\kamal\group 2\Group-2-Speech-Recognition-Emotion-Classification-\data\raw\RAVDESS\Actor_03\03-01-07-01-02-01-03.wav,3,Actor_03,male,3,1,7,disgust,1,2,1,16000,1,3.6036,57658
03-01-07-01-02-02-03.wav,c:\Users\kamal\group 2\Group-2-Speech-Recognition-Emotion-Classification-\data\raw\RAVDESS\Actor_03\03-01-07-01-02-02-03.wav,3,Actor_03,male,3,1,7,disgust,1,2,2,16000,1,3.7704,60327
03-01-07-02-01-01-03.wav,c:\Users\kamal\group 2\Group-2-Speech-Recognition-Emotion-Classification-\data\raw\RAVDESS\Actor_03\03-01-07-02-01-01-03.wav,3,Actor_03,male,3,1,7,disgust,2,1,1,16000,1,4.1041,65666
03-01-07-02-01-02-03.wav,c:\Users\kamal\group 2\Group-2-Speech-Recognition-Emotion-Classification-\data\raw\RAVDESS\Actor_03\03-01-07-02-01-02-03.wav,3,Actor_03,male,3,1,7,disgust,2,1,2,16000,1,4.1041,65666
03-01-07-02-02-01-03.wav,c:\Users\kamal\group 2\Group-2-Speech-Recognition-Emotion-Classification-\data\raw\RAVDESS\Actor_03\03-01-07-02-02-01-03.wav,3,Actor_03,male,3,1,7,disgust,2,2,1,16000,1,3.8372,61395
03-01-07-02-02-02-03.wav,c:\Users\kamal\group 2\Group-2-Speech-Recognition-Emotion-Classification-\data\raw\RAVDESS\Actor_03\03-01-07-02-02-02-03.wav,3,Actor_03,male,3,1,7,disgust,2,2,2,16000,1,3.9373,62997
03-01-08-01-01-01-03.wav,c:\Users\kamal\group 2\Group-2-Speech-Recognition-Emotion-Classification-\data\raw\RAVDESS\Actor_03\03-01-08-01-01-01-03.wav,3,Actor_03,male,3,1,8,surprised,1,1,1,16000,1,3.2366,51785
03-01-08-01-01-02-03.wav,c:\Users\kamal\group 2\Group-2-Speech-Recognition-Emotion-Classification-\data\raw\RAVDESS\Actor_03\03-01-08-01-01-02-03.wav,3,Actor_03,male,3,1,8,surprised,1,1,2,16000,1,3.3701,53921
03-01-08-01-02-01-03.wav,c:\Users\kamal\group 2\Group-2-Speech-Recognition-Emotion-Classification-\data\raw\RAVDESS\Actor_03\03-01-08-01-02-01-03.wav,3,Actor_03,male,3,1,8,surprised,1,2,1,16000,1,3.2033,51252
03-01-08-01-02-02-03.wav,c:\Users\kamal\group 2\Group-2-Speech-Recognition-Emotion-Classification-\data\raw\RAVDESS\Actor_03\03-01-08-01-02-02-03.wav,3,Actor_03,male,3,1,8,surprised,1,2,2,16000,1,3.5703,57124
03-01-08-02-01-01-03.wav,c:\Users\kamal\group 2\Group-2-Speech-Recognition-Emotion-Classification-\data\raw\RAVDESS\Actor_03\03-01-08-02-01-01-03.wav,3,Actor_03,male,3,1,8,surprised,2,1,1,16000,1,3.2699,52319
03-01-08-02-01-02-03.wav,c:\Users\kamal\group 2\Group-2-Speech-Recognition-Emotion-Classification-\data\raw\RAVDESS\Actor_03\03-01-08-02-01-02-03.wav,3,Actor_03,male,3,1,8,surprised,2,1,2,16000,1,3.6036,57658
03-01-08-02-02-01-03.wav,c:\Users\kamal\group 2\Group-2-Speech-Recognition-Emotion-Classification-\data\raw\RAVDESS\Actor_03\03-01-08-02-02-01-03.wav,3,Actor_03,male,3,1,8,surprised,2,2,1,16000,1,3.5035,56056
03-01-08-02-02-02-03.wav,c:\Users\kamal\group 2\Group-2-Speech-Recognition-Emotion-Classification-\data\raw\RAVDESS\Actor_03\03-01-08-02-02-02-03.wav,3,Actor_03,male,3,1,8,surprised,2,2,2,16000,1,3.2366,51785
03-01-01-01-01-01-04.wav,c:\Users\kamal\group 2\Group-2-Speech-Recognition-Emotion-Classification-\data\raw\RAVDESS\Actor_04\03-01-01-01-01-01-04.wav,4,Actor_04,female,3,1,1,neutral,1,1,1,16000,1,3.3033,52853
03-01-01-01-01-02-04.wav,c:\Users\kamal\group 2\Group-2-Speech-Recognition-Emotion-Classification-\data\raw\RAVDESS\Actor_04\03-01-01-01-01-02-04.wav,4,Actor_04,female,3,1,1,neutral,1,1,2,16000,1,3.3701,53921
03-01-01-01-02-01-04.wav,c:\Users\kamal\group 2\Group-2-Speech-Recognition-Emotion-Classification-\data\raw\RAVDESS\Actor_04\03-01-01-01-02-01-04.wav,4,Actor_04,female,3,1,1,neutral,1,2,1,16000,1,3.2699,52319
03-01-01-01-02-02-04.wav,c:\Users\kamal\group 2\Group-2-Speech-Recognition-Emotion-Classification-\data\raw\RAVDESS\Actor_04\03-01-01-01-02-02-04.wav,4,Actor_04,female,3,1,1,neutral,1,2,2,16000,1,3.2366,51785
03-01-02-01-01-01-04.wav,c:\Users\kamal\group 2\Group-2-Speech-Recognition-Emotion-Classification-\data\raw\RAVDESS\Actor_04\03-01-02-01-01-01-04.wav,4,Actor_04,female,3,1,2,calm,1,1,1,16000,1,3.8038,60861
03-01-02-01-01-02-04.wav,c:\Users\kamal\group 2\Group-2-Speech-Recognition-Emotion-Classification-\data\raw\RAVDESS\Actor_04\03-01-02-01-01-02-04.wav,4,Actor_04,female,3,1,2,calm,1,1,2,16000,1,3.7371,59793
03-01-02-01-02-01-04.wav,c:\Users\kamal\group 2\Group-2-Speech-Recognition-Emotion-Classification-\data\raw\RAVDESS\Actor_04\03-01-02-01-02-01-04.wav,4,Actor_04,female,3,1,2,calm,1,2,1,16000,1,3.637,58192
03-01-02-01-02-02-04.wav,c:\Users\kamal\group 2\Group-2-Speech-Recognition-Emotion-Classification-\data\raw\RAVDESS\Actor_04\03-01-02-01-02-02-04.wav,4,Actor_04,female,3,1,2,calm,1,2,2,16000,1,3.5703,57124
03-01-02-02-01-01-04.wav,c:\Users\kamal\group 2\Group-2-Speech-Recognition-Emotion-Classification-\data\raw\RAVDESS\Actor_04\03-01-02-02-01-01-04.wav,4,Actor_04,female,3,1,2,calm,2,1,1,16000,1,3.9706,63530
03-01-02-02-01-02-04.wav,c:\Users\kamal\group 2\Group-2-Speech-Recognition-Emotion-Classification-\data\raw\RAVDESS\Actor_04\03-01-02-02-01-02-04.wav,4,Actor_04,female,3,1,2,calm,2,1,2,16000,1,3.8038,60861
03-01-02-02-02-01-04.wav,c:\Users\kamal\group 2\Group-2-Speech-Recognition-Emotion-Classification-\data\raw\RAVDESS\Actor_04\03-01-02-02-02-01-04.wav,4,Actor_04,female,3,1,2,calm,2,2,1,16000,1,3.8038,60861
03-01-02-02-02-02-04.wav,c:\Users\kamal\group 2\Group-2-Speech-Recognition-Emotion-Classification-\data\raw\RAVDESS\Actor_04\03-01-02-02-02-02-04.wav,4,Actor_04,female,3,1,2,calm,2,2,2,16000,1,4.0374,64598
03-01-03-01-01-01-04.wav,c:\Users\kamal\group 2\Group-2-Speech-Recognition-Emotion-Classification-\data\raw\RAVDESS\Actor_04\03-01-03-01-01-01-04.wav,4,Actor_04,female,3,1,3,happy,1,1,1,16000,1,3.5035,56056
03-01-03-01-01-02-04.wav,c:\Users\kamal\group 2\Group-2-Speech-Recognition-Emotion-Classification-\data\raw\RAVDESS\Actor_04\03-01-03-01-01-02-04.wav,4,Actor_04,female,3,1,3,happy,1,1,2,16000,1,3.5369,56590
03-01-03-01-02-01-04.wav,c:\Users\kamal\group 2\Group-2-Speech-Recognition-Emotion-Classification-\data\raw\RAVDESS\Actor_04\03-01-03-01-02-01-04.wav,4,Actor_04,female,3,1,3,happy,1,2,1,16000,1,3.5035,56056
03-01-03-01-02-02-04.wav,c:\Users\kamal\group 2\Group-2-Speech-Recognition-Emotion-Classification-\data\raw\RAVDESS\Actor_04\03-01-03-01-02-02-04.wav,4,Actor_04,female,3,1,3,happy,1,2,2,16000,1,3.4368,54989
03-01-03-02-01-01-04.wav,c:\Users\kamal\group 2\Group-2-Speech-Recognition-Emotion-Classification-\data\raw\RAVDESS\Actor_04\03-01-03-02-01-01-04.wav,4,Actor_04,female,3,1,3,happy,2,1,1,16000,1,3.8706,61929
03-01-03-02-01-02-04.wav,c:\Users\kamal\group 2\Group-2-Speech-Recognition-Emotion-Classification-\data\raw\RAVDESS\Actor_04\03-01-03-02-01-02-04.wav,4,Actor_04,female,3,1,3,happy,2,1,2,16000,1,3.5703,57124
03-01-03-02-02-01-04.wav,c:\Users\kamal\group 2\Group-2-Speech-Recognition-Emotion-Classification-\data\raw\RAVDESS\Actor_04\03-01-03-02-02-01-04.wav,4,Actor_04,female,3,1,3,happy,2,2,1,16000,1,3.6036,57658
03-01-03-02-02-02-04.wav,c:\Users\kamal\group 2\Group-2-Speech-Recognition-Emotion-Classification-\data\raw\RAVDESS\Actor_04\03-01-03-02-02-02-04.wav,4,Actor_04,female,3,1,3,happy,2,2,2,16000,1,3.7704,60327
03-01-04-01-01-01-04.wav,c:\Users\kamal\group 2\Group-2-Speech-Recognition-Emotion-Classification-\data\raw\RAVDESS\Actor_04\03-01-04-01-01-01-04.wav,4,Actor_04,female,3,1,4,sad,1,1,1,16000,1,3.3701,53921
03-01-04-01-01-02-04.wav,c:\Users\kamal\group 2\Group-2-Speech-Recognition-Emotion-Classification-\data\raw\RAVDESS\Actor_04\03-01-04-01-01-02-04.wav,4,Actor_04,female,3,1,4,sad,1,1,2,16000,1,3.4034,54455
03-01-04-01-02-01-04.wav,c:\Users\kamal\group 2\Group-2-Speech-Recognition-Emotion-Classification-\data\raw\RAVDESS\Actor_04\03-01-04-01-02-01-04.wav,4,Actor_04,female,3,1,4,sad,1,2,1,16000,1,3.4368,54989
03-01-04-01-02-02-04.wav,c:\Users\kamal\group 2\Group-2-Speech-Recognition-Emotion-Classification-\data\raw\RAVDESS\Actor_04\03-01-04-01-02-02-04.wav,4,Actor_04,female,3,1,4,sad,1,2,2,16000,1,3.4701,55522
03-01-04-02-01-01-04.wav,c:\Users\kamal\group 2\Group-2-Speech-Recognition-Emotion-Classification-\data\raw\RAVDESS\Actor_04\03-01-04-02-01-01-04.wav,4,Actor_04,female,3,1,4,sad,2,1,1,16000,1,3.6704,58726
03-01-04-02-01-02-04.wav,c:\Users\kamal\group 2\Group-2-Speech-Recognition-Emotion-Classification-\data\raw\RAVDESS\Actor_04\03-01-04-02-01-02-04.wav,4,Actor_04,female,3,1,4,sad,2,1,2,16000,1,3.7704,60327
03-01-04-02-02-01-04.wav,c:\Users\kamal\group 2\Group-2-Speech-Recognition-Emotion-Classification-\data\raw\RAVDESS\Actor_04\03-01-04-02-02-01-04.wav,4,Actor_04,female,3,1,4,sad,2,2,1,16000,1,3.7704,60327
03-01-04-02-02-02-04.wav,c:\Users\kamal\group 2\Group-2-Speech-Recognition-Emotion-Classification-\data\raw\RAVDESS\Actor_04\03-01-04-02-02-02-04.wav,4,Actor_04,female,3,1,4,sad,2,2,2,16000,1,3.7704,60327
03-01-05-01-01-01-04.wav,c:\Users\kamal\group 2\Group-2-Speech-Recognition-Emotion-Classification-\data\raw\RAVDESS\Actor_04\03-01-05-01-01-01-04.wav,4,Actor_04,female,3,1,5,angry,1,1,1,16000,1,3.7037,59260
03-01-05-01-01-02-04.wav,c:\Users\kamal\group 2\Group-2-Speech-Recognition-Emotion-Classification-\data\raw\RAVDESS\Actor_04\03-01-05-01-01-02-04.wav,4,Actor_04,female,3,1,5,angry,1,1,2,16000,1,3.6036,57658
03-01-05-01-02-01-04.wav,c:\Users\kamal\group 2\Group-2-Speech-Recognition-Emotion-Classification-\data\raw\RAVDESS\Actor_04\03-01-05-01-02-01-04.wav,4,Actor_04,female,3,1,5,angry,1,2,1,16000,1,3.4701,55522
03-01-05-01-02-02-04.wav,c:\Users\kamal\group 2\Group-2-Speech-Recognition-Emotion-Classification-\data\raw\RAVDESS\Actor_04\03-01-05-01-02-02-04.wav,4,Actor_04,female,3,1,5,angry,1,2,2,16000,1,3.7371,59793
03-01-05-02-01-01-04.wav,c:\Users\kamal\group 2\Group-2-Speech-Recognition-Emotion-Classification-\data\raw\RAVDESS\Actor_04\03-01-05-02-01-01-04.wav,4,Actor_04,female,3,1,5,angry,2,1,1,16000,1,3.7704,60327
03-01-05-02-01-02-04.wav,c:\Users\kamal\group 2\Group-2-Speech-Recognition-Emotion-Classification-\data\raw\RAVDESS\Actor_04\03-01-05-02-01-02-04.wav,4,Actor_04,female,3,1,5,angry,2,1,2,16000,1,3.8706,61929
03-01-05-02-02-01-04.wav,c:\Users\kamal\group 2\Group-2-Speech-Recognition-Emotion-Classification-\data\raw\RAVDESS\Actor_04\03-01-05-02-02-01-04.wav,4,Actor_04,female,3,1,5,angry,2,2,1,16000,1,3.7037,59259
03-01-05-02-02-02-04.wav,c:\Users\kamal\group 2\Group-2-Speech-Recognition-Emotion-Classification-\data\raw\RAVDESS\Actor_04\03-01-05-02-02-02-04.wav,4,Actor_04,female,3,1,5,angry,2,2,2,16000,1,3.8372,61395
03-01-06-01-01-01-04.wav,c:\Users\kamal\group 2\Group-2-Speech-Recognition-Emotion-Classification-\data\raw\RAVDESS\Actor_04\03-01-06-01-01-01-04.wav,4,Actor_04,female,3,1,6,fearful,1,1,1,16000,1,3.3033,52853
03-01-06-01-01-02-04.wav,c:\Users\kamal\group 2\Group-2-Speech-Recognition-Emotion-Classification-\data\raw\RAVDESS\Actor_04\03-01-06-01-01-02-04.wav,4,Actor_04,female,3,1,6,fearful,1,1,2,16000,1,3.2366,51786
03-01-06-01-02-01-04.wav,c:\Users\kamal\group 2\Group-2-Speech-Recognition-Emotion-Classification-\data\raw\RAVDESS\Actor_04\03-01-06-01-02-01-04.wav,4,Actor_04,female,3,1,6,fearful,1,2,1,16000,1,3.4701,55522
03-01-06-01-02-02-04.wav,c:\Users\kamal\group 2\Group-2-Speech-Recognition-Emotion-Classification-\data\raw\RAVDESS\Actor_04\03-01-06-01-02-02-04.wav,4,Actor_04,female,3,1,6,fearful,1,2,2,16000,1,3.4701,55522
03-01-06-02-01-01-04.wav,c:\Users\kamal\group 2\Group-2-Speech-Recognition-Emotion-Classification-\data\raw\RAVDESS\Actor_04\03-01-06-02-01-01-04.wav,4,Actor_04,female,3,1,6,fearful,2,1,1,16000,1,3.9373,62997
03-01-06-02-01-02-04.wav,c:\Users\kamal\group 2\Group-2-Speech-Recognition-Emotion-Classification-\data\raw\RAVDESS\Actor_04\03-01-06-02-01-02-04.wav,4,Actor_04,female,3,1,6,fearful,2,1,2,16000,1,3.4034,54455
03-01-06-02-02-01-04.wav,c:\Users\kamal\group 2\Group-2-Speech-Recognition-Emotion-Classification-\data\raw\RAVDESS\Actor_04\03-01-06-02-02-01-04.wav,4,Actor_04,female,3,1,6,fearful,2,2,1,16000,1,3.6036,57658
03-01-06-02-02-02-04.wav,c:\Users\kamal\group 2\Group-2-Speech-Recognition-Emotion-Classification-\data\raw\RAVDESS\Actor_04\03-01-06-02-02-02-04.wav,4,Actor_04,female,3,1,6,fearful,2,2,2,16000,1,3.5703,57124
03-01-07-01-01-01-04.wav,c:\Users\kamal\group 2\Group-2-Speech-Recognition-Emotion-Classification-\data\raw\RAVDESS\Actor_04\03-01-07-01-01-01-04.wav,4,Actor_04,female,3,1,7,disgust,1,1,1,16000,1,3.9039,62463
03-01-07-01-01-02-04.wav,c:\Users\kamal\group 2\Group-2-Speech-Recognition-Emotion-Classification-\data\raw\RAVDESS\Actor_04\03-01-07-01-01-02-04.wav,4,Actor_04,female,3,1,7,disgust,1,1,2,16000,1,3.9039,62463
03-01-07-01-02-01-04.wav,c:\Users\kamal\group 2\Group-2-Speech-Recognition-Emotion-Classification-\data\raw\RAVDESS\Actor_04\03-01-07-01-02-01-04.wav,4,Actor_04,female,3,1,7,disgust,1,2,1,16000,1,3.7704,60327
03-01-07-01-02-02-04.wav,c:\Users\kamal\group 2\Group-2-Speech-Recognition-Emotion-Classification-\data\raw\RAVDESS\Actor_04\03-01-07-01-02-02-04.wav,4,Actor_04,female,3,1,7,disgust,1,2,2,16000,1,3.8038,60861
03-01-07-02-01-01-04.wav,c:\Users\kamal\group 2\Group-2-Speech-Recognition-Emotion-Classification-\data\raw\RAVDESS\Actor_04\03-01-07-02-01-01-04.wav,4,Actor_04,female,3,1,7,disgust,2,1,1,16000,1,4.004,64064
03-01-07-02-01-02-04.wav,c:\Users\kamal\group 2\Group-2-Speech-Recognition-Emotion-Classification-\data\raw\RAVDESS\Actor_04\03-01-07-02-01-02-04.wav,4,Actor_04,female,3,1,7,disgust,2,1,2,16000,1,4.0374,64598
03-01-07-02-02-01-04.wav,c:\Users\kamal\group 2\Group-2-Speech-Recognition-Emotion-Classification-\data\raw\RAVDESS\Actor_04\03-01-07-02-02-01-04.wav,4,Actor_04,female,3,1,7,disgust,2,2,1,16000,1,3.8706,61929
03-01-07-02-02-02-04.wav,c:\Users\kamal\group 2\Group-2-Speech-Recognition-Emotion-Classification-\data\raw\RAVDESS\Actor_04\03-01-07-02-02-02-04.wav,4,Actor_04,female,3,1,7,disgust,2,2,2,16000,1,3.9373,62997
03-01-08-01-01-01-04.wav,c:\Users\kamal\group 2\Group-2-Speech-Recognition-Emotion-Classification-\data\raw\RAVDESS\Actor_04\03-01-08-01-01-01-04.wav,4,Actor_04,female,3,1,8,surprised,1,1,1,16000,1,3.2366,51786
03-01-08-01-01-02-04.wav,c:\Users\kamal\group 2\Group-2-Speech-Recognition-Emotion-Classification-\data\raw\RAVDESS\Actor_04\03-01-08-01-01-02-04.wav,4,Actor_04,female,3,1,8,surprised,1,1,2,16000,1,3.3367,53387
03-01-08-01-02-01-04.wav,c:\Users\kamal\group 2\Group-2-Speech-Recognition-Emotion-Classification-\data\raw\RAVDESS\Actor_04\03-01-08-01-02-01-04.wav,4,Actor_04,female,3,1,8,surprised,1,2,1,16000,1,3.637,58192
03-01-08-01-02-02-04.wav,c:\Users\kamal\group 2\Group-2-Speech-Recognition-Emotion-Classification-\data\raw\RAVDESS\Actor_04\03-01-08-01-02-02-04.wav,4,Actor_04,female,3,1,8,surprised,1,2,2,16000,1,3.4367,54988
03-01-08-02-01-01-04.wav,c:\Users\kamal\group 2\Group-2-Speech-Recognition-Emotion-Classification-\data\raw\RAVDESS\Actor_04\03-01-08-02-01-01-04.wav,4,Actor_04,female,3,1,8,surprised,2,1,1,16000,1,3.6704,58726
03-01-08-02-01-02-04.wav,c:\Users\kamal\group 2\Group-2-Speech-Recognition-Emotion-Classification-\data\raw\RAVDESS\Actor_04\03-01-08-02-01-02-04.wav,4,Actor_04,female,3,1,8,surprised,2,1,2,16000,1,3.5703,57124
03-01-08-02-02-01-04.wav,c:\Users\kamal\group 2\Group-2-Speech-Recognition-Emotion-Classification-\data\raw\RAVDESS\Actor_04\03-01-08-02-02-01-04.wav,4,Actor_04,female,3,1,8,surprised,2,2,1,16000,1,3.4701,55522
03-01-08-02-02-02-04.wav,c:\Users\kamal\group 2\Group-2-Speech-Recognition-Emotion-Classification-\data\raw\RAVDESS\Actor_04\03-01-08-02-02-02-04.wav,4,Actor_04,female,3,1,8,surprised,2,2,2,16000,1,3.5369,56590
03-01-01-01-01-01-05.wav,c:\Users\kamal\group 2\Group-2-Speech-Recognition-Emotion-Classification-\data\raw\RAVDESS\Actor_05\03-01-01-01-01-01-05.wav,5,Actor_05,male,3,1,1,neutral,1,1,1,16000,1,3.6036,57658
03-01-01-01-01-02-05.wav,c:\Users\kamal\group 2\Group-2-Speech-Recognition-Emotion-Classification-\data\raw\RAVDESS\Actor_05\03-01-01-01-01-02-05.wav,5,Actor_05,male,3,1,1,neutral,1,1,2,16000,1,3.637,58192
03-01-01-01-02-01-05.wav,c:\Users\kamal\group 2\Group-2-Speech-Recognition-Emotion-Classification-\data\raw\RAVDESS\Actor_05\03-01-01-01-02-01-05.wav,5,Actor_05,male,3,1,1,neutral,1,2,1,16000,1,3.1031,49650
03-01-01-01-02-02-05.wav,c:\Users\kamal\group 2\Group-2-Speech-Recognition-Emotion-Classification-\data\raw\RAVDESS\Actor_05\03-01-01-01-02-02-05.wav,5,Actor_05,male,3,1,1,neutral,1,2,2,16000,1,3.6036,57658
03-01-02-01-01-01-05.wav,c:\Users\kamal\group 2\Group-2-Speech-Recognition-Emotion-Classification-\data\raw\RAVDESS\Actor_05\03-01-02-01-01-01-05.wav,5,Actor_05,male,3,1,2,calm,1,1,1,16000,1,4.0374,64598
03-01-02-01-01-02-05.wav,c:\Users\kamal\group 2\Group-2-Speech-Recognition-Emotion-Classification-\data\raw\RAVDESS\Actor_05\03-01-02-01-01-02-05.wav,5,Actor_05,male,3,1,2,calm,1,1,2,16000,1,4.1041,65666
03-01-02-01-02-01-05.wav,c:\Users\kamal\group 2\Group-2-Speech-Recognition-Emotion-Classification-\data\raw\RAVDESS\Actor_05\03-01-02-01-02-01-05.wav,5,Actor_05,male,3,1,2,calm,1,2,1,16000,1,4.1375,66200
03-01-02-01-02-02-05.wav,c:\Users\kamal\group 2\Group-2-Speech-Recognition-Emotion-Classification-\data\raw\RAVDESS\Actor_05\03-01-02-01-02-02-05.wav,5,Actor_05,male,3,1,2,calm,1,2,2,16000,1,4.2376,67801
03-01-02-02-01-01-05.wav,c:\Users\kamal\group 2\Group-2-Speech-Recognition-Emotion-Classification-\data\raw\RAVDESS\Actor_05\03-01-02-02-01-01-05.wav,5,Actor_05,male,3,1,2,calm,2,1,1,16000,1,4.7381,75809
03-01-02-02-01-02-05.wav,c:\Users\kamal\group 2\Group-2-Speech-Recognition-Emotion-Classification-\data\raw\RAVDESS\Actor_05\03-01-02-02-01-02-05.wav,5,Actor_05,male,3,1,2,calm,2,1,2,16000,1,4.5045,72072
03-01-02-02-02-01-05.wav,c:\Users\kamal\group 2\Group-2-Speech-Recognition-Emotion-Classification-\data\raw\RAVDESS\Actor_05\03-01-02-02-02-01-05.wav,5,Actor_05,male,3,1,2,calm,2,2,1,16000,1,4.7714,76343
03-01-02-02-02-02-05.wav,c:\Users\kamal\group 2\Group-2-Speech-Recognition-Emotion-Classification-\data\raw\RAVDESS\Actor_05\03-01-02-02-02-02-05.wav,5,Actor_05,male,3,1,2,calm,2,2,2,16000,1,4.3043,68869
03-01-03-01-01-01-05.wav,c:\Users\kamal\group 2\Group-2-Speech-Recognition-Emotion-Classification-\data\raw\RAVDESS\Actor_05\03-01-03-01-01-01-05.wav,5,Actor_05,male,3,1,3,happy,1,1,1,16000,1,4.004,64064
03-01-03-01-01-02-05.wav,c:\Users\kamal\group 2\Group-2-Speech-Recognition-Emotion-Classification-\data\raw\RAVDESS\Actor_05\03-01-03-01-01-02-05.wav,5,Actor_05,male,3,1,3,happy,1,1,2,16000,1,3.2366,51785
03-01-03-01-02-01-05.wav,c:\Users\kamal\group 2\Group-2-Speech-Recognition-Emotion-Classification-\data\raw\RAVDESS\Actor_05\03-01-03-01-02-01-05.wav,5,Actor_05,male,3,1,3,happy,1,2,1,16000,1,3.3701,53921
03-01-03-01-02-02-05.wav,c:\Users\kamal\group 2\Group-2-Speech-Recognition-Emotion-Classification-\data\raw\RAVDESS\Actor_05\03-01-03-01-02-02-05.wav,5,Actor_05,male,3,1,3,happy,1,2,2,16000,1,3.7704,60327
03-01-03-02-01-01-05.wav,c:\Users\kamal\group 2\Group-2-Speech-Recognition-Emotion-Classification-\data\raw\RAVDESS\Actor_05\03-01-03-02-01-01-05.wav,5,Actor_05,male,3,1,3,happy,2,1,1,16000,1,4.1375,66200
03-01-03-02-01-02-05.wav,c:\Users\kamal\group 2\Group-2-Speech-Recognition-Emotion-Classification-\data\raw\RAVDESS\Actor_05\03-01-03-02-01-02-05.wav,5,Actor_05,male,3,1,3,happy,2,1,2,16000,1,3.8706,61929
03-01-03-02-02-01-05.wav,c:\Users\kamal\group 2\Group-2-Speech-Recognition-Emotion-Classification-\data\raw\RAVDESS\Actor_05\03-01-03-02-02-01-05.wav,5,Actor_05,male,3,1,3,happy,2,2,1,16000,1,3.6036,57658
03-01-03-02-02-02-05.wav,c:\Users\kamal\group 2\Group-2-Speech-Recognition-Emotion-Classification-\data\raw\RAVDESS\Actor_05\03-01-03-02-02-02-05.wav,5,Actor_05,male,3,1,3,happy,2,2,2,16000,1,3.4034,54455
03-01-04-01-01-01-05.wav,c:\Users\kamal\group 2\Group-2-Speech-Recognition-Emotion-Classification-\data\raw\RAVDESS\Actor_05\03-01-04-01-01-01-05.wav,5,Actor_05,male,3,1,4,sad,1,1,1,16000,1,3.2699,52319
03-01-04-01-01-02-05.wav,c:\Users\kamal\group 2\Group-2-Speech-Recognition-Emotion-Classification-\data\raw\RAVDESS\Actor_05\03-01-04-01-01-02-05.wav,5,Actor_05,male,3,1,4,sad,1,1,2,16000,1,3.637,58192
03-01-04-01-02-01-05.wav,c:\Users\kamal\group 2\Group-2-Speech-Recognition-Emotion-Classification-\data\raw\RAVDESS\Actor_05\03-01-04-01-02-01-05.wav,5,Actor_05,male,3,1,4,sad,1,2,1,16000,1,3.1031,49650
03-01-04-01-02-02-05.wav,c:\Users\kamal\group 2\Group-2-Speech-Recognition-Emotion-Classification-\data\raw\RAVDESS\Actor_05\03-01-04-01-02-02-05.wav,5,Actor_05,male,3,1,4,sad,1,2,2,16000,1,3.7037,59259
03-01-04-02-01-01-05.wav,c:\Users\kamal\group 2\Group-2-Speech-Recognition-Emotion-Classification-\data\raw\RAVDESS\Actor_05\03-01-04-02-01-01-05.wav,5,Actor_05,male,3,1,4,sad,2,1,1,16000,1,3.5369,56590
03-01-04-02-01-02-05.wav,c:\Users\kamal\group 2\Group-2-Speech-Recognition-Emotion-Classification-\data\raw\RAVDESS\Actor_05\03-01-04-02-01-02-05.wav,5,Actor_05,male,3,1,4,sad,2,1,2,16000,1,3.2699,52319
03-01-04-02-02-01-05.wav,c:\Users\kamal\group 2\Group-2-Speech-Recognition-Emotion-Classification-\data\raw\RAVDESS\Actor_05\03-01-04-02-02-01-05.wav,5,Actor_05,male,3,1,4,sad,2,2,1,16000,1,3.2699,52319
03-01-04-02-02-02-05.wav,c:\Users\kamal\group 2\Group-2-Speech-Recognition-Emotion-Classification-\data\raw\RAVDESS\Actor_05\03-01-04-02-02-02-05.wav,5,Actor_05,male,3,1,4,sad,2,2,2,16000,1,3.1365,50184
03-01-05-01-01-01-05.wav,c:\Users\kamal\group 2\Group-2-Speech-Recognition-Emotion-Classification-\data\raw\RAVDESS\Actor_05\03-01-05-01-01-01-05.wav,5,Actor_05,male,3,1,5,angry,1,1,1,16000,1,3.8706,61929
03-01-05-01-01-02-05.wav,c:\Users\kamal\group 2\Group-2-Speech-Recognition-Emotion-Classification-\data\raw\RAVDESS\Actor_05\03-01-05-01-01-02-05.wav,5,Actor_05,male,3,1,5,angry,1,1,2,16000,1,3.8038,60861
03-01-05-01-02-01-05.wav,c:\Users\kamal\group 2\Group-2-Speech-Recognition-Emotion-Classification-\data\raw\RAVDESS\Actor_05\03-01-05-01-02-01-05.wav,5,Actor_05,male,3,1,5,angry,1,2,1,16000,1,4.0708,65132
03-01-05-01-02-02-05.wav,c:\Users\kamal\group 2\Group-2-Speech-Recognition-Emotion-Classification-\data\raw\RAVDESS\Actor_05\03-01-05-01-02-02-05.wav,5,Actor_05,male,3,1,5,angry,1,2,2,16000,1,4.4044,70471
03-01-05-02-01-01-05.wav,c:\Users\kamal\group 2\Group-2-Speech-Recognition-Emotion-Classification-\data\raw\RAVDESS\Actor_05\03-01-05-02-01-01-05.wav,5,Actor_05,male,3,1,5,angry,2,1,1,16000,1,3.4034,54455
03-01-05-02-01-02-05.wav,c:\Users\kamal\group 2\Group-2-Speech-Recognition-Emotion-Classification-\data\raw\RAVDESS\Actor_05\03-01-05-02-01-02-05.wav,5,Actor_05,male,3,1,5,angry,2,1,2,16000,1,3.5703,57124
03-01-05-02-02-01-05.wav,c:\Users\kamal\group 2\Group-2-Speech-Recognition-Emotion-Classification-\data\raw\RAVDESS\Actor_05\03-01-05-02-02-01-05.wav,5,Actor_05,male,3,1,5,angry,2,2,1,16000,1,3.637,58192
03-01-05-02-02-02-05.wav,c:\Users\kamal\group 2\Group-2-Speech-Recognition-Emotion-Classification-\data\raw\RAVDESS\Actor_05\03-01-05-02-02-02-05.wav,5,Actor_05,male,3,1,5,angry,2,2,2,16000,1,3.637,58192
03-01-06-01-01-01-05.wav,c:\Users\kamal\group 2\Group-2-Speech-Recognition-Emotion-Classification-\data\raw\RAVDESS\Actor_05\03-01-06-01-01-01-05.wav,5,Actor_05,male,3,1,6,fearful,1,1,1,16000,1,3.1365,50184
03-01-06-01-01-02-05.wav,c:\Users\kamal\group 2\Group-2-Speech-Recognition-Emotion-Classification-\data\raw\RAVDESS\Actor_05\03-01-06-01-01-02-05.wav,5,Actor_05,male,3,1,6,fearful,1,1,2,16000,1,3.3701,53921
03-01-06-01-02-01-05.wav,c:\Users\kamal\group 2\Group-2-Speech-Recognition-Emotion-Classification-\data\raw\RAVDESS\Actor_05\03-01-06-01-02-01-05.wav,5,Actor_05,male,3,1,6,fearful,1,2,1,16000,1,3.1365,50184
03-01-06-01-02-02-05.wav,c:\Users\kamal\group 2\Group-2-Speech-Recognition-Emotion-Classification-\data\raw\RAVDESS\Actor_05\03-01-06-01-02-02-05.wav,5,Actor_05,male,3,1,6,fearful,1,2,2,16000,1,3.0697,49116
03-01-06-02-01-01-05.wav,c:\Users\kamal\group 2\Group-2-Speech-Recognition-Emotion-Classification-\data\raw\RAVDESS\Actor_05\03-01-06-02-01-01-05.wav,5,Actor_05,male,3,1,6,fearful,2,1,1,16000,1,3.2366,51785
03-01-06-02-01-02-05.wav,c:\Users\kamal\group 2\Group-2-Speech-Recognition-Emotion-Classification-\data\raw\RAVDESS\Actor_05\03-01-06-02-01-02-05.wav,5,Actor_05,male,3,1,6,fearful,2,1,2,16000,1,3.5703,57124
03-01-06-02-02-01-05.wav,c:\Users\kamal\group 2\Group-2-Speech-Recognition-Emotion-Classification-\data\raw\RAVDESS\Actor_05\03-01-06-02-02-01-05.wav,5,Actor_05,male,3,1,6,fearful,2,2,1,16000,1,3.2366,51785
03-01-06-02-02-02-05.wav,c:\Users\kamal\group 2\Group-2-Speech-Recognition-Emotion-Classification-\data\raw\RAVDESS\Actor_05\03-01-06-02-02-02-05.wav,5,Actor_05,male,3,1,6,fearful,2,2,2,16000,1,3.1031,49650
03-01-07-01-01-01-05.wav,c:\Users\kamal\group 2\Group-2-Speech-Recognition-Emotion-Classification-\data\raw\RAVDESS\Actor_05\03-01-07-01-01-01-05.wav,5,Actor_05,male,3,1,7,disgust,1,1,1,16000,1,4.3377,69403
03-01-07-01-01-02-05.wav,c:\Users\kamal\group 2\Group-2-Speech-Recognition-Emotion-Classification-\data\raw\RAVDESS\Actor_05\03-01-07-01-01-02-05.wav,5,Actor_05,male,3,1,7,disgust,1,1,2,16000,1,4.1041,65666
03-01-07-01-02-01-05.wav,c:\Users\kamal\group 2\Group-2-Speech-Recognition-Emotion-Classification-\data\raw\RAVDESS\Actor_05\03-01-07-01-02-01-05.wav,5,Actor_05,male,3,1,7,disgust,1,2,1,16000,1,3.9039,62463
03-01-07-01-02-02-05.wav,c:\Users\kamal\group 2\Group-2-Speech-Recognition-Emotion-Classification-\data\raw\RAVDESS\Actor_05\03-01-07-01-02-02-05.wav,5,Actor_05,male,3,1,7,disgust,1,2,2,16000,1,3.7371,59793
03-01-07-02-01-01-05.wav,c:\Users\kamal\group 2\Group-2-Speech-Recognition-Emotion-Classification-\data\raw\RAVDESS\Actor_05\03-01-07-02-01-01-05.wav,5,Actor_05,male,3,1,7,disgust,2,1,1,16000,1,4.3377,69403
03-01-07-02-01-02-05.wav,c:\Users\kamal\group 2\Group-2-Speech-Recognition-Emotion-Classification-\data\raw\RAVDESS\Actor_05\03-01-07-02-01-02-05.wav,5,Actor_05,male,3,1,7,disgust,2,1,2,16000,1,3.9039,62463
03-01-07-02-02-01-05.wav,c:\Users\kamal\group 2\Group-2-Speech-Recognition-Emotion-Classification-\data\raw\RAVDESS\Actor_05\03-01-07-02-02-01-05.wav,5,Actor_05,male,3,1,7,disgust,2,2,1,16000,1,4.2709,68335
03-01-07-02-02-02-05.wav,c:\Users\kamal\group 2\Group-2-Speech-Recognition-Emotion-Classification-\data\raw\RAVDESS\Actor_05\03-01-07-02-02-02-05.wav,5,Actor_05,male,3,1,7,disgust,2,2,2,16000,1,4.5379,72606
03-01-08-01-01-01-05.wav,c:\Users\kamal\group 2\Group-2-Speech-Recognition-Emotion-Classification-\data\raw\RAVDESS\Actor_05\03-01-08-01-01-01-05.wav,5,Actor_05,male,3,1,8,surprised,1,1,1,16000,1,3.7371,59793
03-01-08-01-01-02-05.wav,c:\Users\kamal\group 2\Group-2-Speech-Recognition-Emotion-Classification-\data\raw\RAVDESS\Actor_05\03-01-08-01-01-02-05.wav,5,Actor_05,male,3,1,8,surprised,1,1,2,16000,1,3.6704,58726
03-01-08-01-02-01-05.wav,c:\Users\kamal\group 2\Group-2-Speech-Recognition-Emotion-Classification-\data\raw\RAVDESS\Actor_05\03-01-08-01-02-01-05.wav,5,Actor_05,male,3,1,8,surprised,1,2,1,16000,1,3.0697,49116
03-01-08-01-02-02-05.wav,c:\Users\kamal\group 2\Group-2-Speech-Recognition-Emotion-Classification-\data\raw\RAVDESS\Actor_05\03-01-08-01-02-02-05.wav,5,Actor_05,male,3,1,8,surprised,1,2,2,16000,1,3.7037,59259
03-01-08-02-01-01-05.wav,c:\Users\kamal\group 2\Group-2-Speech-Recognition-Emotion-Classification-\data\raw\RAVDESS\Actor_05\03-01-08-02-01-01-05.wav,5,Actor_05,male,3,1,8,surprised,2,1,1,16000,1,4.1375,66200
03-01-08-02-01-02-05.wav,c:\Users\kamal\group 2\Group-2-Speech-Recognition-Emotion-Classification-\data\raw\RAVDESS\Actor_05\03-01-08-02-01-02-05.wav,5,Actor_05,male,3,1,8,surprised,2,1,2,16000,1,4.1041,65666
03-01-08-02-02-01-05.wav,c:\Users\kamal\group 2\Group-2-Speech-Recognition-Emotion-Classification-\data\raw\RAVDESS\Actor_05\03-01-08-02-02-01-05.wav,5,Actor_05,male,3,1,8,surprised,2,2,1,16000,1,3.6704,58726
03-01-08-02-02-02-05.wav,c:\Users\kamal\group 2\Group-2-Speech-Recognition-Emotion-Classification-\data\raw\RAVDESS\Actor_05\03-01-08-02-02-02-05.wav,5,Actor_05,male,3,1,8,surprised,2,2,2,16000,1,3.5369,56590
03-01-01-01-01-01-06.wav,c:\Users\kamal\group 2\Group-2-Speech-Recognition-Emotion-Classification-\data\raw\RAVDESS\Actor_06\03-01-01-01-01-01-06.wav,6,Actor_06,female,3,1,1,neutral,1,1,1,16000,1,3.3367,53387
03-01-01-01-01-02-06.wav,c:\Users\kamal\group 2\Group-2-Speech-Recognition-Emotion-Classification-\data\raw\RAVDESS\Actor_06\03-01-01-01-01-02-06.wav,6,Actor_06,female,3,1,1,neutral,1,1,2,16000,1,3.6036,57658
03-01-01-01-02-01-06.wav,c:\Users\kamal\group 2\Group-2-Speech-Recognition-Emotion-Classification-\data\raw\RAVDESS\Actor_06\03-01-01-01-02-01-06.wav,6,Actor_06,female,3,1,1,neutral,1,2,1,16000,1,3.4034,54455
03-01-01-01-02-02-06.wav,c:\Users\kamal\group 2\Group-2-Speech-Recognition-Emotion-Classification-\data\raw\RAVDESS\Actor_06\03-01-01-01-02-02-06.wav,6,Actor_06,female,3,1,1,neutral,1,2,2,16000,1,3.4368,54989
03-01-02-01-01-01-06.wav,c:\Users\kamal\group 2\Group-2-Speech-Recognition-Emotion-Classification-\data\raw\RAVDESS\Actor_06\03-01-02-01-01-01-06.wav,6,Actor_06,female,3,1,2,calm,1,1,1,16000,1,4.0374,64598
03-01-02-01-01-02-06.wav,c:\Users\kamal\group 2\Group-2-Speech-Recognition-Emotion-Classification-\data\raw\RAVDESS\Actor_06\03-01-02-01-01-02-06.wav,6,Actor_06,female,3,1,2,calm,1,1,2,16000,1,4.1041,65666
03-01-02-01-02-01-06.wav,c:\Users\kamal\group 2\Group-2-Speech-Recognition-Emotion-Classification-\data\raw\RAVDESS\Actor_06\03-01-02-01-02-01-06.wav,6,Actor_06,female,3,1,2,calm,1,2,1,16000,1,3.9706,63530
03-01-02-01-02-02-06.wav,c:\Users\kamal\group 2\Group-2-Speech-Recognition-Emotion-Classification-\data\raw\RAVDESS\Actor_06\03-01-02-01-02-02-06.wav,6,Actor_06,female,3,1,2,calm,1,2,2,16000,1,4.2042,67267
03-01-02-02-01-01-06.wav,c:\Users\kamal\group 2\Group-2-Speech-Recognition-Emotion-Classification-\data\raw\RAVDESS\Actor_06\03-01-02-02-01-01-06.wav,6,Actor_06,female,3,1,2,calm,2,1,1,16000,1,4.5045,72072
03-01-02-02-01-02-06.wav,c:\Users\kamal\group 2\Group-2-Speech-Recognition-Emotion-Classification-\data\raw\RAVDESS\Actor_06\03-01-02-02-01-02-06.wav,6,Actor_06,female,3,1,2,calm,2,1,2,16000,1,4.638,74208
03-01-02-02-02-01-06.wav,c:\Users\kamal\group 2\Group-2-Speech-Recognition-Emotion-Classification-\data\raw\RAVDESS\Actor_06\03-01-02-02-02-01-06.wav,6,Actor_06,female,3,1,2,calm,2,2,1,16000,1,4.3377,69403
03-01-02-02-02-02-06.wav,c:\Users\kamal\group 2\Group-2-Speech-Recognition-Emotion-Classification-\data\raw\RAVDESS\Actor_06\03-01-02-02-02-02-06.wav,6,Actor_06,female,3,1,2,calm,2,2,2,16000,1,4.7714,76343
03-01-03-01-01-01-06.wav,c:\Users\kamal\group 2\Group-2-Speech-Recognition-Emotion-Classification-\data\raw\RAVDESS\Actor_06\03-01-03-01-01-01-06.wav,6,Actor_06,female,3,1,3,happy,1,1,1,16000,1,3.5369,56590
03-01-03-01-01-02-06.wav,c:\Users\kamal\group 2\Group-2-Speech-Recognition-Emotion-Classification-\data\raw\RAVDESS\Actor_06\03-01-03-01-01-02-06.wav,6,Actor_06,female,3,1,3,happy,1,1,2,16000,1,3.6036,57658
03-01-03-01-02-01-06.wav,c:\Users\kamal\group 2\Group-2-Speech-Recognition-Emotion-Classification-\data\raw\RAVDESS\Actor_06\03-01-03-01-02-01-06.wav,6,Actor_06,female,3,1,3,happy,1,2,1,16000,1,3.4701,55522
03-01-03-01-02-02-06.wav,c:\Users\kamal\group 2\Group-2-Speech-Recognition-Emotion-Classification-\data\raw\RAVDESS\Actor_06\03-01-03-01-02-02-06.wav,6,Actor_06,female,3,1,3,happy,1,2,2,16000,1,3.4368,54989
03-01-03-02-01-01-06.wav,c:\Users\kamal\group 2\Group-2-Speech-Recognition-Emotion-Classification-\data\raw\RAVDESS\Actor_06\03-01-03-02-01-01-06.wav,6,Actor_06,female,3,1,3,happy,2,1,1,16000,1,3.5035,56056
03-01-03-02-01-02-06.wav,c:\Users\kamal\group 2\Group-2-Speech-Recognition-Emotion-Classification-\data\raw\RAVDESS\Actor_06\03-01-03-02-01-02-06.wav,6,Actor_06,female,3,1,3,happy,2,1,2,16000,1,3.4701,55522
03-01-03-02-02-01-06.wav,c:\Users\kamal\group 2\Group-2-Speech-Recognition-Emotion-Classification-\data\raw\RAVDESS\Actor_06\03-01-03-02-02-01-06.wav,6,Actor_06,female,3,1,3,happy,2,2,1,16000,1,3.5703,57124
03-01-03-02-02-02-06.wav,c:\Users\kamal\group 2\Group-2-Speech-Recognition-Emotion-Classification-\data\raw\RAVDESS\Actor_06\03-01-03-02-02-02-06.wav,6,Actor_06,female,3,1,3,happy,2,2,2,16000,1,3.6036,57658
03-01-04-01-01-01-06.wav,c:\Users\kamal\group 2\Group-2-Speech-Recognition-Emotion-Classification-\data\raw\RAVDESS\Actor_06\03-01-04-01-01-01-06.wav,6,Actor_06,female,3,1,4,sad,1,1,1,16000,1,3.5703,57124
03-01-04-01-01-02-06.wav,c:\Users\kamal\group 2\Group-2-Speech-Recognition-Emotion-Classification-\data\raw\RAVDESS\Actor_06\03-01-04-01-01-02-06.wav,6,Actor_06,female,3,1,4,sad,1,1,2,16000,1,3.6036,57658
03-01-04-01-02-01-06.wav,c:\Users\kamal\group 2\Group-2-Speech-Recognition-Emotion-Classification-\data\raw\RAVDESS\Actor_06\03-01-04-01-02-01-06.wav,6,Actor_06,female,3,1,4,sad,1,2,1,16000,1,3.4702,55523
03-01-04-01-02-02-06.wav,c:\Users\kamal\group 2\Group-2-Speech-Recognition-Emotion-Classification-\data\raw\RAVDESS\Actor_06\03-01-04-01-02-02-06.wav,6,Actor_06,female,3,1,4,sad,1,2,2,16000,1,3.4368,54989
03-01-04-02-01-01-06.wav,c:\Users\kamal\group 2\Group-2-Speech-Recognition-Emotion-Classification-\data\raw\RAVDESS\Actor_06\03-01-04-02-01-01-06.wav,6,Actor_06,female,3,1,4,sad,2,1,1,16000,1,4.2042,67267
03-01-04-02-01-02-06.wav,c:\Users\kamal\group 2\Group-2-Speech-Recognition-Emotion-Classification-\data\raw\RAVDESS\Actor_06\03-01-04-02-01-02-06.wav,6,Actor_06,female,3,1,4,sad,2,1,2,16000,1,4.1041,65666
03-01-04-02-02-01-06.wav,c:\Users\kamal\group 2\Group-2-Speech-Recognition-Emotion-Classification-\data\raw\RAVDESS\Actor_06\03-01-04-02-02-01-06.wav,6,Actor_06,female,3,1,4,sad,2,2,1,16000,1,4.6046,73674
03-01-04-02-02-02-06.wav,c:\Users\kamal\group 2\Group-2-Speech-Recognition-Emotion-Classification-\data\raw\RAVDESS\Actor_06\03-01-04-02-02-02-06.wav,6,Actor_06,female,3,1,4,sad,2,2,2,16000,1,4.0374,64598
03-01-05-01-01-01-06.wav,c:\Users\kamal\group 2\Group-2-Speech-Recognition-Emotion-Classification-\data\raw\RAVDESS\Actor_06\03-01-05-01-01-01-06.wav,6,Actor_06,female,3,1,5,angry,1,1,1,16000,1,3.7704,60327
03-01-05-01-01-02-06.wav,c:\Users\kamal\group 2\Group-2-Speech-Recognition-Emotion-Classification-\data\raw\RAVDESS\Actor_06\03-01-05-01-01-02-06.wav,6,Actor_06,female,3,1,5,angry,1,1,2,16000,1,3.9706,63530
03-01-05-01-02-01-06.wav,c:\Users\kamal\group 2\Group-2-Speech-Recognition-Emotion-Classification-\data\raw\RAVDESS\Actor_06\03-01-05-01-02-01-06.wav,6,Actor_06,female,3,1,5,angry,1,2,1,16000,1,4.2042,67267
03-01-05-01-02-02-06.wav,c:\Users\kamal\group 2\Group-2-Speech-Recognition-Emotion-Classification-\data\raw\RAVDESS\Actor_06\03-01-05-01-02-02-06.wav,6,Actor_06,female,3,1,5,angry,1,2,2,16000,1,3.9039,62463
03-01-05-02-01-01-06.wav,c:\Users\kamal\group 2\Group-2-Speech-Recognition-Emotion-Classification-\data\raw\RAVDESS\Actor_06\03-01-05-02-01-01-06.wav,6,Actor_06,female,3,1,5,angry,2,1,1,16000,1,4.1041,65666
03-01-05-02-01-02-06.wav,c:\Users\kamal\group 2\Group-2-Speech-Recognition-Emotion-Classification-\data\raw\RAVDESS\Actor_06\03-01-05-02-01-02-06.wav,6,Actor_06,female,3,1,5,angry,2,1,2,16000,1,4.2042,67267
03-01-05-02-02-01-06.wav,c:\Users\kamal\group 2\Group-2-Speech-Recognition-Emotion-Classification-\data\raw\RAVDESS\Actor_06\03-01-05-02-02-01-06.wav,6,Actor_06,female,3,1,5,angry,2,2,1,16000,1,4.4378,71005
03-01-05-02-02-02-06.wav,c:\Users\kamal\group 2\Group-2-Speech-Recognition-Emotion-Classification-\data\raw\RAVDESS\Actor_06\03-01-05-02-02-02-06.wav,6,Actor_06,female,3,1,5,angry,2,2,2,16000,1,4.4711,71538
03-01-06-01-01-01-06.wav,c:\Users\kamal\group 2\Group-2-Speech-Recognition-Emotion-Classification-\data\raw\RAVDESS\Actor_06\03-01-06-01-01-01-06.wav,6,Actor_06,female,3,1,6,fearful,1,1,1,16000,1,3.637,58192
03-01-06-01-01-02-06.wav,c:\Users\kamal\group 2\Group-2-Speech-Recognition-Emotion-Classification-\data\raw\RAVDESS\Actor_06\03-01-06-01-01-02-06.wav,6,Actor_06,female,3,1,6,fearful,1,1,2,16000,1,3.4368,54989
03-01-06-01-02-01-06.wav,c:\Users\kamal\group 2\Group-2-Speech-Recognition-Emotion-Classification-\data\raw\RAVDESS\Actor_06\03-01-06-01-02-01-06.wav,6,Actor_06,female,3,1,6,fearful,1,2,1,16000,1,3.5703,57124
03-01-06-01-02-02-06.wav,c:\Users\kamal\group 2\Group-2-Speech-Recognition-Emotion-Classification-\data\raw\RAVDESS\Actor_06\03-01-06-01-02-02-06.wav,6,Actor_06,female,3,1,6,fearful,1,2,2,16000,1,3.5035,56056
03-01-06-02-01-01-06.wav,c:\Users\kamal\group 2\Group-2-Speech-Recognition-Emotion-Classification-\data\raw\RAVDESS\Actor_06\03-01-06-02-01-01-06.wav,6,Actor_06,female,3,1,6,fearful,2,1,1,16000,1,3.637,58192
03-01-06-02-01-02-06.wav,c:\Users\kamal\group 2\Group-2-Speech-Recognition-Emotion-Classification-\data\raw\RAVDESS\Actor_06\03-01-06-02-01-02-06.wav,6,Actor_06,female,3,1,6,fearful,2,1,2,16000,1,3.6036,57658
03-01-06-02-02-01-06.wav,c:\Users\kamal\group 2\Group-2-Speech-Recognition-Emotion-Classification-\data\raw\RAVDESS\Actor_06\03-01-06-02-02-01-06.wav,6,Actor_06,female,3,1,6,fearful,2,2,1,16000,1,3.7371,59793
03-01-06-02-02-02-06.wav,c:\Users\kamal\group 2\Group-2-Speech-Recognition-Emotion-Classification-\data\raw\RAVDESS\Actor_06\03-01-06-02-02-02-06.wav,6,Actor_06,female,3,1,6,fearful,2,2,2,16000,1,3.7371,59793
03-01-07-01-01-01-06.wav,c:\Users\kamal\group 2\Group-2-Speech-Recognition-Emotion-Classification-\data\raw\RAVDESS\Actor_06\03-01-07-01-01-01-06.wav,6,Actor_06,female,3,1,7,disgust,1,1,1,16000,1,3.5035,56056
03-01-07-01-01-02-06.wav,c:\Users\kamal\group 2\Group-2-Speech-Recognition-Emotion-Classification-\data\raw\RAVDESS\Actor_06\03-01-07-01-01-02-06.wav,6,Actor_06,female,3,1,7,disgust,1,1,2,16000,1,4.2709,68335
03-01-07-01-02-01-06.wav,c:\Users\kamal\group 2\Group-2-Speech-Recognition-Emotion-Classification-\data\raw\RAVDESS\Actor_06\03-01-07-01-02-01-06.wav,6,Actor_06,female,3,1,7,disgust,1,2,1,16000,1,3.7371,59793
03-01-07-01-02-02-06.wav,c:\Users\kamal\group 2\Group-2-Speech-Recognition-Emotion-Classification-\data\raw\RAVDESS\Actor_06\03-01-07-01-02-02-06.wav,6,Actor_06,female,3,1,7,disgust,1,2,2,16000,1,3.9373,62997
03-01-07-02-01-01-06.wav,c:\Users\kamal\group 2\Group-2-Speech-Recognition-Emotion-Classification-\data\raw\RAVDESS\Actor_06\03-01-07-02-01-01-06.wav,6,Actor_06,female,3,1,7,disgust,2,1,1,16000,1,4.3043,68869
03-01-07-02-01-02-06.wav,c:\Users\kamal\group 2\Group-2-Speech-Recognition-Emotion-Classification-\data\raw\RAVDESS\Actor_06\03-01-07-02-01-02-06.wav,6,Actor_06,female,3,1,7,disgust,2,1,2,16000,1,3.9373,62997
03-01-07-02-02-01-06.wav,c:\Users\kamal\group 2\Group-2-Speech-Recognition-Emotion-Classification-\data\raw\RAVDESS\Actor_06\03-01-07-02-02-01-06.wav,6,Actor_06,female,3,1,7,disgust,2,2,1,16000,1,4.0374,64598
03-01-07-02-02-02-06.wav,c:\Users\kamal\group 2\Group-2-Speech-Recognition-Emotion-Classification-\data\raw\RAVDESS\Actor_06\03-01-07-02-02-02-06.wav,6,Actor_06,female,3,1,7,disgust,2,2,2,16000,1,3.9706,63530
03-01-08-01-01-01-06.wav,c:\Users\kamal\group 2\Group-2-Speech-Recognition-Emotion-Classification-\data\raw\RAVDESS\Actor_06\03-01-08-01-01-01-06.wav,6,Actor_06,female,3,1,8,surprised,1,1,1,16000,1,3.2366,51785
03-01-08-01-01-02-06.wav,c:\Users\kamal\group 2\Group-2-Speech-Recognition-Emotion-Classification-\data\raw\RAVDESS\Actor_06\03-01-08-01-01-02-06.wav,6,Actor_06,female,3,1,8,surprised,1,1,2,16000,1,3.2366,51785
03-01-08-01-02-01-06.wav,c:\Users\kamal\group 2\Group-2-Speech-Recognition-Emotion-Classification-\data\raw\RAVDESS\Actor_06\03-01-08-01-02-01-06.wav,6,Actor_06,female,3,1,8,surprised,1,2,1,16000,1,3.2033,51252
03-01-08-01-02-02-06.wav,c:\Users\kamal\group 2\Group-2-Speech-Recognition-Emotion-Classification-\data\raw\RAVDESS\Actor_06\03-01-08-01-02-02-06.wav,6,Actor_06,female,3,1,8,surprised,1,2,2,16000,1,3.1365,50184
03-01-08-02-01-01-06.wav,c:\Users\kamal\group 2\Group-2-Speech-Recognition-Emotion-Classification-\data\raw\RAVDESS\Actor_06\03-01-08-02-01-01-06.wav,6,Actor_06,female,3,1,8,surprised,2,1,1,16000,1,3.2366,51785
03-01-08-02-01-02-06.wav,c:\Users\kamal\group 2\Group-2-Speech-Recognition-Emotion-Classification-\data\raw\RAVDESS\Actor_06\03-01-08-02-01-02-06.wav,6,Actor_06,female,3,1,8,surprised,2,1,2,16000,1,3.3701,53921
03-01-08-02-02-01-06.wav,c:\Users\kamal\group 2\Group-2-Speech-Recognition-Emotion-Classification-\data\raw\RAVDESS\Actor_06\03-01-08-02-02-01-06.wav,6,Actor_06,female,3,1,8,surprised,2,2,1,16000,1,3.3033,52853
03-01-08-02-02-02-06.wav,c:\Users\kamal\group 2\Group-2-Speech-Recognition-Emotion-Classification-\data\raw\RAVDESS\Actor_06\03-01-08-02-02-02-06.wav,6,Actor_06,female,3,1,8,surprised,2,2,2,16000,1,3.2033,51252
03-01-01-01-01-01-07.wav,c:\Users\kamal\group 2\Group-2-Speech-Recognition-Emotion-Classification-\data\raw\RAVDESS\Actor_07\03-01-01-01-01-01-07.wav,7,Actor_07,male,3,1,1,neutral,1,1,1,16000,1,3.9039,62463
03-01-01-01-01-02-07.wav,c:\Users\kamal\group 2\Group-2-Speech-Recognition-Emotion-Classification-\data\raw\RAVDESS\Actor_07\03-01-01-01-01-02-07.wav,7,Actor_07,male,3,1,1,neutral,1,1,2,16000,1,3.8038,60861
03-01-01-01-02-01-07.wav,c:\Users\kamal\group 2\Group-2-Speech-Recognition-Emotion-Classification-\data\raw\RAVDESS\Actor_07\03-01-01-01-02-01-07.wav,7,Actor_07,male,3,1,1,neutral,1,2,1,16000,1,4.1375,66200
03-01-01-01-02-02-07.wav,c:\Users\kamal\group 2\Group-2-Speech-Recognition-Emotion-Classification-\data\raw\RAVDESS\Actor_07\03-01-01-01-02-02-07.wav,7,Actor_07,male,3,1,1,neutral,1,2,2,16000,1,3.7371,59793
03-01-02-01-01-01-07.wav,c:\Users\kamal\group 2\Group-2-Speech-Recognition-Emotion-Classification-\data\raw\RAVDESS\Actor_07\03-01-02-01-01-01-07.wav,7,Actor_07,male,3,1,2,calm,1,1,1,16000,1,3.4701,55522
03-01-02-01-01-02-07.wav,c:\Users\kamal\group 2\Group-2-Speech-Recognition-Emotion-Classification-\data\raw\RAVDESS\Actor_07\03-01-02-01-01-02-07.wav,7,Actor_07,male,3,1,2,calm,1,1,2,16000,1,3.7371,59793
03-01-02-01-02-01-07.wav,c:\Users\kamal\group 2\Group-2-Speech-Recognition-Emotion-Classification-\data\raw\RAVDESS\Actor_07\03-01-02-01-02-01-07.wav,7,Actor_07,male,3,1,2,calm,1,2,1,16000,1,3.5035,56056
03-01-02-01-02-02-07.wav,c:\Users\kamal\group 2\Group-2-Speech-Recognition-Emotion-Classification-\data\raw\RAVDESS\Actor_07\03-01-02-01-02-02-07.wav,7,Actor_07,male,3,1,2,calm,1,2,2,16000,1,3.5369,56590
03-01-02-02-01-01-07.wav,c:\Users\kamal\group 2\Group-2-Speech-Recognition-Emotion-Classification-\data\raw\RAVDESS\Actor_07\03-01-02-02-01-01-07.wav,7,Actor_07,male,3,1,2,calm,2,1,1,16000,1,4.004,64064
03-01-02-02-01-02-07.wav,c:\Users\kamal\group 2\Group-2-Speech-Recognition-Emotion-Classification-\data\raw\RAVDESS\Actor_07\03-01-02-02-01-02-07.wav,7,Actor_07,male,3,1,2,calm,2,1,2,16000,1,3.8706,61929
03-01-02-02-02-01-07.wav,c:\Users\kamal\group 2\Group-2-Speech-Recognition-Emotion-Classification-\data\raw\RAVDESS\Actor_07\03-01-02-02-02-01-07.wav,7,Actor_07,male,3,1,2,calm,2,2,1,16000,1,4.2709,68335
03-01-02-02-02-02-07.wav,c:\Users\kamal\group 2\Group-2-Speech-Recognition-Emotion-Classification-\data\raw\RAVDESS\Actor_07\03-01-02-02-02-02-07.wav,7,Actor_07,male,3,1,2,calm,2,2,2,16000,1,4.1041,65666
03-01-03-01-01-01-07.wav,c:\Users\kamal\group 2\Group-2-Speech-Recognition-Emotion-Classification-\data\raw\RAVDESS\Actor_07\03-01-03-01-01-01-07.wav,7,Actor_07,male,3,1,3,happy,1,1,1,16000,1,3.5035,56056
03-01-03-01-01-02-07.wav,c:\Users\kamal\group 2\Group-2-Speech-Recognition-Emotion-Classification-\data\raw\RAVDESS\Actor_07\03-01-03-01-01-02-07.wav,7,Actor_07,male,3,1,3,happy,1,1,2,16000,1,3.4701,55522
03-01-03-01-02-01-07.wav,c:\Users\kamal\group 2\Group-2-Speech-Recognition-Emotion-Classification-\data\raw\RAVDESS\Actor_07\03-01-03-01-02-01-07.wav,7,Actor_07,male,3,1,3,happy,1,2,1,16000,1,3.4034,54455
03-01-03-01-02-02-07.wav,c:\Users\kamal\group 2\Group-2-Speech-Recognition-Emotion-Classification-\data\raw\RAVDESS\Actor_07\03-01-03-01-02-02-07.wav,7,Actor_07,male,3,1,3,happy,1,2,2,16000,1,3.4034,54455
03-01-03-02-01-01-07.wav,c:\Users\kamal\group 2\Group-2-Speech-Recognition-Emotion-Classification-\data\raw\RAVDESS\Actor_07\03-01-03-02-01-01-07.wav,7,Actor_07,male,3,1,3,happy,2,1,1,16000,1,4.1041,65666
03-01-03-02-01-02-07.wav,c:\Users\kamal\group 2\Group-2-Speech-Recognition-Emotion-Classification-\data\raw\RAVDESS\Actor_07\03-01-03-02-01-02-07.wav,7,Actor_07,male,3,1,3,happy,2,1,2,16000,1,4.0374,64598
03-01-03-02-02-01-07.wav,c:\Users\kamal\group 2\Group-2-Speech-Recognition-Emotion-Classification-\data\raw\RAVDESS\Actor_07\03-01-03-02-02-01-07.wav,7,Actor_07,male,3,1,3,happy,2,2,1,16000,1,4.0374,64598
03-01-03-02-02-02-07.wav,c:\Users\kamal\group 2\Group-2-Speech-Recognition-Emotion-Classification-\data\raw\RAVDESS\Actor_07\03-01-03-02-02-02-07.wav,7,Actor_07,male,3,1,3,happy,2,2,2,16000,1,3.8372,61395
03-01-04-01-01-01-07.wav,c:\Users\kamal\group 2\Group-2-Speech-Recognition-Emotion-Classification-\data\raw\RAVDESS\Actor_07\03-01-04-01-01-01-07.wav,7,Actor_07,male,3,1,4,sad,1,1,1,16000,1,3.5369,56590
03-01-04-01-01-02-07.wav,c:\Users\kamal\group 2\Group-2-Speech-Recognition-Emotion-Classification-\data\raw\RAVDESS\Actor_07\03-01-04-01-01-02-07.wav,7,Actor_07,male,3,1,4,sad,1,1,2,16000,1,3.6036,57658
03-01-04-01-02-01-07.wav,c:\Users\kamal\group 2\Group-2-Speech-Recognition-Emotion-Classification-\data\raw\RAVDESS\Actor_07\03-01-04-01-02-01-07.wav,7,Actor_07,male,3,1,4,sad,1,2,1,16000,1,3.5369,56590
03-01-04-01-02-02-07.wav,c:\Users\kamal\group 2\Group-2-Speech-Recognition-Emotion-Classification-\data\raw\RAVDESS\Actor_07\03-01-04-01-02-02-07.wav,7,Actor_07,male,3,1,4,sad,1,2,2,16000,1,3.8706,61929
03-01-04-02-01-01-07.wav,c:\Users\kamal\group 2\Group-2-Speech-Recognition-Emotion-Classification-\data\raw\RAVDESS\Actor_07\03-01-04-02-01-01-07.wav,7,Actor_07,male,3,1,4,sad,2,1,1,16000,1,3.9373,62996
03-01-04-02-01-02-07.wav,c:\Users\kamal\group 2\Group-2-Speech-Recognition-Emotion-Classification-\data\raw\RAVDESS\Actor_07\03-01-04-02-01-02-07.wav,7,Actor_07,male,3,1,4,sad,2,1,2,16000,1,3.8372,61395
03-01-04-02-02-01-07.wav,c:\Users\kamal\group 2\Group-2-Speech-Recognition-Emotion-Classification-\data\raw\RAVDESS\Actor_07\03-01-04-02-02-01-07.wav,7,Actor_07,male,3,1,4,sad,2,2,1,16000,1,3.637,58192
03-01-04-02-02-02-07.wav,c:\Users\kamal\group 2\Group-2-Speech-Recognition-Emotion-Classification-\data\raw\RAVDESS\Actor_07\03-01-04-02-02-02-07.wav,7,Actor_07,male,3,1,4,sad,2,2,2,16000,1,3.8372,61395
03-01-05-01-01-01-07.wav,c:\Users\kamal\group 2\Group-2-Speech-Recognition-Emotion-Classification-\data\raw\RAVDESS\Actor_07\03-01-05-01-01-01-07.wav,7,Actor_07,male,3,1,5,angry,1,1,1,16000,1,4.004,64064
03-01-05-01-01-02-07.wav,c:\Users\kamal\group 2\Group-2-Speech-Recognition-Emotion-Classification-\data\raw\RAVDESS\Actor_07\03-01-05-01-01-02-07.wav,7,Actor_07,male,3,1,5,angry,1,1,2,16000,1,3.9707,63531
03-01-05-01-02-01-07.wav,c:\Users\kamal\group 2\Group-2-Speech-Recognition-Emotion-Classification-\data\raw\RAVDESS\Actor_07\03-01-05-01-02-01-07.wav,7,Actor_07,male,3,1,5,angry,1,2,1,16000,1,4.004,64064
03-01-05-01-02-02-07.wav,c:\Users\kamal\group 2\Group-2-Speech-Recognition-Emotion-Classification-\data\raw\RAVDESS\Actor_07\03-01-05-01-02-02-07.wav,7,Actor_07,male,3,1,5,angry,1,2,2,16000,1,4.004,64064
03-01-05-02-01-01-07.wav,c:\Users\kamal\group 2\Group-2-Speech-Recognition-Emotion-Classification-\data\raw\RAVDESS\Actor_07\03-01-05-02-01-01-07.wav,7,Actor_07,male,3,1,5,angry,2,1,1,16000,1,3.6036,57658
03-01-05-02-01-02-07.wav,c:\Users\kamal\group 2\Group-2-Speech-Recognition-Emotion-Classification-\data\raw\RAVDESS\Actor_07\03-01-05-02-01-02-07.wav,7,Actor_07,male,3,1,5,angry,2,1,2,16000,1,4.004,64064
03-01-05-02-02-01-07.wav,c:\Users\kamal\group 2\Group-2-Speech-Recognition-Emotion-Classification-\data\raw\RAVDESS\Actor_07\03-01-05-02-02-01-07.wav,7,Actor_07,male,3,1,5,angry,2,2,1,16000,1,3.8372,61395
03-01-05-02-02-02-07.wav,c:\Users\kamal\group 2\Group-2-Speech-Recognition-Emotion-Classification-\data\raw\RAVDESS\Actor_07\03-01-05-02-02-02-07.wav,7,Actor_07,male,3,1,5,angry,2,2,2,16000,1,4.3377,69403
03-01-06-01-01-01-07.wav,c:\Users\kamal\group 2\Group-2-Speech-Recognition-Emotion-Classification-\data\raw\RAVDESS\Actor_07\03-01-06-01-01-01-07.wav,7,Actor_07,male,3,1,6,fearful,1,1,1,16000,1,3.4368,54989
03-01-06-01-01-02-07.wav,c:\Users\kamal\group 2\Group-2-Speech-Recognition-Emotion-Classification-\data\raw\RAVDESS\Actor_07\03-01-06-01-01-02-07.wav,7,Actor_07,male,3,1,6,fearful,1,1,2,16000,1,3.5035,56056
03-01-06-01-02-01-07.wav,c:\Users\kamal\group 2\Group-2-Speech-Recognition-Emotion-Classification-\data\raw\RAVDESS\Actor_07\03-01-06-01-02-01-07.wav,7,Actor_07,male,3,1,6,fearful,1,2,1,16000,1,3.4368,54989
03-01-06-01-02-02-07.wav,c:\Users\kamal\group 2\Group-2-Speech-Recognition-Emotion-Classification-\data\raw\RAVDESS\Actor_07\03-01-06-01-02-02-07.wav,7,Actor_07,male,3,1,6,fearful,1,2,2,16000,1,3.3701,53921
03-01-06-02-01-01-07.wav,c:\Users\kamal\group 2\Group-2-Speech-Recognition-Emotion-Classification-\data\raw\RAVDESS\Actor_07\03-01-06-02-01-01-07.wav,7,Actor_07,male,3,1,6,fearful,2,1,1,16000,1,3.637,58192
03-01-06-02-01-02-07.wav,c:\Users\kamal\group 2\Group-2-Speech-Recognition-Emotion-Classification-\data\raw\RAVDESS\Actor_07\03-01-06-02-01-02-07.wav,7,Actor_07,male,3,1,6,fearful,2,1,2,16000,1,3.4701,55522
03-01-06-02-02-01-07.wav,c:\Users\kamal\group 2\Group-2-Speech-Recognition-Emotion-Classification-\data\raw\RAVDESS\Actor_07\03-01-06-02-02-01-07.wav,7,Actor_07,male,3,1,6,fearful,2,2,1,16000,1,3.4034,54455
03-01-06-02-02-02-07.wav,c:\Users\kamal\group 2\Group-2-Speech-Recognition-Emotion-Classification-\data\raw\RAVDESS\Actor_07\03-01-06-02-02-02-07.wav,7,Actor_07,male,3,1,6,fearful,2,2,2,16000,1,3.5035,56056
03-01-07-01-01-01-07.wav,c:\Users\kamal\group 2\Group-2-Speech-Recognition-Emotion-Classification-\data\raw\RAVDESS\Actor_07\03-01-07-01-01-01-07.wav,7,Actor_07,male,3,1,7,disgust,1,1,1,16000,1,3.5369,56590
03-01-07-01-01-02-07.wav,c:\Users\kamal\group 2\Group-2-Speech-Recognition-Emotion-Classification-\data\raw\RAVDESS\Actor_07\03-01-07-01-01-02-07.wav,7,Actor_07,male,3,1,7,disgust,1,1,2,16000,1,3.5035,56056
03-01-07-01-02-01-07.wav,c:\Users\kamal\group 2\Group-2-Speech-Recognition-Emotion-Classification-\data\raw\RAVDESS\Actor_07\03-01-07-01-02-01-07.wav,7,Actor_07,male,3,1,7,disgust,1,2,1,16000,1,3.4368,54989
03-01-07-01-02-02-07.wav,c:\Users\kamal\group 2\Group-2-Speech-Recognition-Emotion-Classification-\data\raw\RAVDESS\Actor_07\03-01-07-01-02-02-07.wav,7,Actor_07,male,3,1,7,disgust,1,2,2,16000,1,3.5369,56590
03-01-07-02-01-01-07.wav,c:\Users\kamal\group 2\Group-2-Speech-Recognition-Emotion-Classification-\data\raw\RAVDESS\Actor_07\03-01-07-02-01-01-07.wav,7,Actor_07,male,3,1,7,disgust,2,1,1,16000,1,4.1375,66200
03-01-07-02-01-02-07.wav,c:\Users\kamal\group 2\Group-2-Speech-Recognition-Emotion-Classification-\data\raw\RAVDESS\Actor_07\03-01-07-02-01-02-07.wav,7,Actor_07,male,3,1,7,disgust,2,1,2,16000,1,4.4044,70471
03-01-07-02-02-01-07.wav,c:\Users\kamal\group 2\Group-2-Speech-Recognition-Emotion-Classification-\data\raw\RAVDESS\Actor_07\03-01-07-02-02-01-07.wav,7,Actor_07,male,3,1,7,disgust,2,2,1,16000,1,4.1375,66200
03-01-07-02-02-02-07.wav,c:\Users\kamal\group 2\Group-2-Speech-Recognition-Emotion-Classification-\data\raw\RAVDESS\Actor_07\03-01-07-02-02-02-07.wav,7,Actor_07,male,3,1,7,disgust,2,2,2,16000,1,4.7714,76343
03-01-08-01-01-01-07.wav,c:\Users\kamal\group 2\Group-2-Speech-Recognition-Emotion-Classification-\data\raw\RAVDESS\Actor_07\03-01-08-01-01-01-07.wav,7,Actor_07,male,3,1,8,surprised,1,1,1,16000,1,3.4701,55522
03-01-08-01-01-02-07.wav,c:\Users\kamal\group 2\Group-2-Speech-Recognition-Emotion-Classification-\data\raw\RAVDESS\Actor_07\03-01-08-01-01-02-07.wav,7,Actor_07,male,3,1,8,surprised,1,1,2,16000,1,3.5369,56590
03-01-08-01-02-01-07.wav,c:\Users\kamal\group 2\Group-2-Speech-Recognition-Emotion-Classification-\data\raw\RAVDESS\Actor_07\03-01-08-01-02-01-07.wav,7,Actor_07,male,3,1,8,surprised,1,2,1,16000,1,3.4368,54989
03-01-08-01-02-02-07.wav,c:\Users\kamal\group 2\Group-2-Speech-Recognition-Emotion-Classification-\data\raw\RAVDESS\Actor_07\03-01-08-01-02-02-07.wav,7,Actor_07,male,3,1,8,surprised,1,2,2,16000,1,3.4368,54989
03-01-08-02-01-01-07.wav,c:\Users\kamal\group 2\Group-2-Speech-Recognition-Emotion-Classification-\data\raw\RAVDESS\Actor_07\03-01-08-02-01-01-07.wav,7,Actor_07,male,3,1,8,surprised,2,1,1,16000,1,3.8706,61929
03-01-08-02-01-02-07.wav,c:\Users\kamal\group 2\Group-2-Speech-Recognition-Emotion-Classification-\data\raw\RAVDESS\Actor_07\03-01-08-02-01-02-07.wav,7,Actor_07,male,3,1,8,surprised,2,1,2,16000,1,3.637,58192
03-01-08-02-02-01-07.wav,c:\Users\kamal\group 2\Group-2-Speech-Recognition-Emotion-Classification-\data\raw\RAVDESS\Actor_07\03-01-08-02-02-01-07.wav,7,Actor_07,male,3,1,8,surprised,2,2,1,16000,1,3.4368,54989
03-01-08-02-02-02-07.wav,c:\Users\kamal\group 2\Group-2-Speech-Recognition-Emotion-Classification-\data\raw\RAVDESS\Actor_07\03-01-08-02-02-02-07.wav,7,Actor_07,male,3,1,8,surprised,2,2,2,16000,1,3.4701,55522
03-01-01-01-01-01-08.wav,c:\Users\kamal\group 2\Group-2-Speech-Recognition-Emotion-Classification-\data\raw\RAVDESS\Actor_08\03-01-01-01-01-01-08.wav,8,Actor_08,female,3,1,1,neutral,1,1,1,16000,1,3.5035,56056
03-01-01-01-01-02-08.wav,c:\Users\kamal\group 2\Group-2-Speech-Recognition-Emotion-Classification-\data\raw\RAVDESS\Actor_08\03-01-01-01-01-02-08.wav,8,Actor_08,female,3,1,1,neutral,1,1,2,16000,1,3.637,58192
03-01-01-01-02-01-08.wav,c:\Users\kamal\group 2\Group-2-Speech-Recognition-Emotion-Classification-\data\raw\RAVDESS\Actor_08\03-01-01-01-02-01-08.wav,8,Actor_08,female,3,1,1,neutral,1,2,1,16000,1,3.5369,56590
03-01-01-01-02-02-08.wav,c:\Users\kamal\group 2\Group-2-Speech-Recognition-Emotion-Classification-\data\raw\RAVDESS\Actor_08\03-01-01-01-02-02-08.wav,8,Actor_08,female,3,1,1,neutral,1,2,2,16000,1,3.5035,56056
03-01-02-01-01-01-08.wav,c:\Users\kamal\group 2\Group-2-Speech-Recognition-Emotion-Classification-\data\raw\RAVDESS\Actor_08\03-01-02-01-01-01-08.wav,8,Actor_08,female,3,1,2,calm,1,1,1,16000,1,3.6036,57658
03-01-02-01-01-02-08.wav,c:\Users\kamal\group 2\Group-2-Speech-Recognition-Emotion-Classification-\data\raw\RAVDESS\Actor_08\03-01-02-01-01-02-08.wav,8,Actor_08,female,3,1,2,calm,1,1,2,16000,1,3.4034,54455
03-01-02-01-02-01-08.wav,c:\Users\kamal\group 2\Group-2-Speech-Recognition-Emotion-Classification-\data\raw\RAVDESS\Actor_08\03-01-02-01-02-01-08.wav,8,Actor_08,female,3,1,2,calm,1,2,1,16000,1,3.4701,55522
03-01-02-01-02-02-08.wav,c:\Users\kamal\group 2\Group-2-Speech-Recognition-Emotion-Classification-\data\raw\RAVDESS\Actor_08\03-01-02-01-02-02-08.wav,8,Actor_08,female,3,1,2,calm,1,2,2,16000,1,3.4701,55522
03-01-02-02-01-01-08.wav,c:\Users\kamal\group 2\Group-2-Speech-Recognition-Emotion-Classification-\data\raw\RAVDESS\Actor_08\03-01-02-02-01-01-08.wav,8,Actor_08,female,3,1,2,calm,2,1,1,16000,1,3.637,58192
03-01-02-02-01-02-08.wav,c:\Users\kamal\group 2\Group-2-Speech-Recognition-Emotion-Classification-\data\raw\RAVDESS\Actor_08\03-01-02-02-01-02-08.wav,8,Actor_08,female,3,1,2,calm,2,1,2,16000,1,3.7371,59793
03-01-02-02-02-01-08.wav,c:\Users\kamal\group 2\Group-2-Speech-Recognition-Emotion-Classification-\data\raw\RAVDESS\Actor_08\03-01-02-02-02-01-08.wav,8,Actor_08,female,3,1,2,calm,2,2,1,16000,1,3.6704,58726
03-01-02-02-02-02-08.wav,c:\Users\kamal\group 2\Group-2-Speech-Recognition-Emotion-Classification-\data\raw\RAVDESS\Actor_08\03-01-02-02-02-02-08.wav,8,Actor_08,female,3,1,2,calm,2,2,2,16000,1,3.8038,60861
03-01-03-01-01-01-08.wav,c:\Users\kamal\group 2\Group-2-Speech-Recognition-Emotion-Classification-\data\raw\RAVDESS\Actor_08\03-01-03-01-01-01-08.wav,8,Actor_08,female,3,1,3,happy,1,1,1,16000,1,3.5035,56056
03-01-03-01-01-02-08.wav,c:\Users\kamal\group 2\Group-2-Speech-Recognition-Emotion-Classification-\data\raw\RAVDESS\Actor_08\03-01-03-01-01-02-08.wav,8,Actor_08,female,3,1,3,happy,1,1,2,16000,1,3.4367,54988
03-01-03-01-02-01-08.wav,c:\Users\kamal\group 2\Group-2-Speech-Recognition-Emotion-Classification-\data\raw\RAVDESS\Actor_08\03-01-03-01-02-01-08.wav,8,Actor_08,female,3,1,3,happy,1,2,1,16000,1,3.4701,55522
03-01-03-01-02-02-08.wav,c:\Users\kamal\group 2\Group-2-Speech-Recognition-Emotion-Classification-\data\raw\RAVDESS\Actor_08\03-01-03-01-02-02-08.wav,8,Actor_08,female,3,1,3,happy,1,2,2,16000,1,3.4368,54989
03-01-03-02-01-01-08.wav,c:\Users\kamal\group 2\Group-2-Speech-Recognition-Emotion-Classification-\data\raw\RAVDESS\Actor_08\03-01-03-02-01-01-08.wav,8,Actor_08,female,3,1,3,happy,2,1,1,16000,1,3.7704,60327
03-01-03-02-01-02-08.wav,c:\Users\kamal\group 2\Group-2-Speech-Recognition-Emotion-Classification-\data\raw\RAVDESS\Actor_08\03-01-03-02-01-02-08.wav,8,Actor_08,female,3,1,3,happy,2,1,2,16000,1,3.9039,62463
03-01-03-02-02-01-08.wav,c:\Users\kamal\group 2\Group-2-Speech-Recognition-Emotion-Classification-\data\raw\RAVDESS\Actor_08\03-01-03-02-02-01-08.wav,8,Actor_08,female,3,1,3,happy,2,2,1,16000,1,3.8372,61395
03-01-03-02-02-02-08.wav,c:\Users\kamal\group 2\Group-2-Speech-Recognition-Emotion-Classification-\data\raw\RAVDESS\Actor_08\03-01-03-02-02-02-08.wav,8,Actor_08,female,3,1,3,happy,2,2,2,16000,1,3.9373,62997
03-01-04-01-01-01-08.wav,c:\Users\kamal\group 2\Group-2-Speech-Recognition-Emotion-Classification-\data\raw\RAVDESS\Actor_08\03-01-04-01-01-01-08.wav,8,Actor_08,female,3,1,4,sad,1,1,1,16000,1,4.2043,67268
03-01-04-01-01-02-08.wav,c:\Users\kamal\group 2\Group-2-Speech-Recognition-Emotion-Classification-\data\raw\RAVDESS\Actor_08\03-01-04-01-01-02-08.wav,8,Actor_08,female,3,1,4,sad,1,1,2,16000,1,3.8706,61929
03-01-04-01-02-01-08.wav,c:\Users\kamal\group 2\Group-2-Speech-Recognition-Emotion-Classification-\data\raw\RAVDESS\Actor_08\03-01-04-01-02-01-08.wav,8,Actor_08,female,3,1,4,sad,1,2,1,16000,1,3.5703,57124
03-01-04-01-02-02-08.wav,c:\Users\kamal\group 2\Group-2-Speech-Recognition-Emotion-Classification-\data\raw\RAVDESS\Actor_08\03-01-04-01-02-02-08.wav,8,Actor_08,female,3,1,4,sad,1,2,2,16000,1,3.6036,57658
03-01-04-02-01-01-08.wav,c:\Users\kamal\group 2\Group-2-Speech-Recognition-Emotion-Classification-\data\raw\RAVDESS\Actor_08\03-01-04-02-01-01-08.wav,8,Actor_08,female,3,1,4,sad,2,1,1,16000,1,3.7704,60327
03-01-04-02-01-02-08.wav,c:\Users\kamal\group 2\Group-2-Speech-Recognition-Emotion-Classification-\data\raw\RAVDESS\Actor_08\03-01-04-02-01-02-08.wav,8,Actor_08,female,3,1,4,sad,2,1,2,16000,1,3.9373,62997
03-01-04-02-02-01-08.wav,c:\Users\kamal\group 2\Group-2-Speech-Recognition-Emotion-Classification-\data\raw\RAVDESS\Actor_08\03-01-04-02-02-01-08.wav,8,Actor_08,female,3,1,4,sad,2,2,1,16000,1,3.6704,58726
03-01-04-02-02-02-08.wav,c:\Users\kamal\group 2\Group-2-Speech-Recognition-Emotion-Classification-\data\raw\RAVDESS\Actor_08\03-01-04-02-02-02-08.wav,8,Actor_08,female,3,1,4,sad,2,2,2,16000,1,3.7037,59260
03-01-05-01-01-01-08.wav,c:\Users\kamal\group 2\Group-2-Speech-Recognition-Emotion-Classification-\data\raw\RAVDESS\Actor_08\03-01-05-01-01-01-08.wav,8,Actor_08,female,3,1,5,angry,1,1,1,16000,1,3.7037,59260
03-01-05-01-01-02-08.wav,c:\Users\kamal\group 2\Group-2-Speech-Recognition-Emotion-Classification-\data\raw\RAVDESS\Actor_08\03-01-05-01-01-02-08.wav,8,Actor_08,female,3,1,5,angry,1,1,2,16000,1,3.6036,57658
03-01-05-01-02-01-08.wav,c:\Users\kamal\group 2\Group-2-Speech-Recognition-Emotion-Classification-\data\raw\RAVDESS\Actor_08\03-01-05-01-02-01-08.wav,8,Actor_08,female,3,1,5,angry,1,2,1,16000,1,3.5369,56590
03-01-05-01-02-02-08.wav,c:\Users\kamal\group 2\Group-2-Speech-Recognition-Emotion-Classification-\data\raw\RAVDESS\Actor_08\03-01-05-01-02-02-08.wav,8,Actor_08,female,3,1,5,angry,1,2,2,16000,1,3.5703,57124
03-01-05-02-01-01-08.wav,c:\Users\kamal\group 2\Group-2-Speech-Recognition-Emotion-Classification-\data\raw\RAVDESS\Actor_08\03-01-05-02-01-01-08.wav,8,Actor_08,female,3,1,5,angry,2,1,1,16000,1,3.9706,63530
03-01-05-02-01-02-08.wav,c:\Users\kamal\group 2\Group-2-Speech-Recognition-Emotion-Classification-\data\raw\RAVDESS\Actor_08\03-01-05-02-01-02-08.wav,8,Actor_08,female,3,1,5,angry,2,1,2,16000,1,3.7704,60327
03-01-05-02-02-01-08.wav,c:\Users\kamal\group 2\Group-2-Speech-Recognition-Emotion-Classification-\data\raw\RAVDESS\Actor_08\03-01-05-02-02-01-08.wav,8,Actor_08,female,3,1,5,angry,2,2,1,16000,1,3.6036,57658
03-01-05-02-02-02-08.wav,c:\Users\kamal\group 2\Group-2-Speech-Recognition-Emotion-Classification-\data\raw\RAVDESS\Actor_08\03-01-05-02-02-02-08.wav,8,Actor_08,female,3,1,5,angry,2,2,2,16000,1,3.637,58192
03-01-06-01-01-01-08.wav,c:\Users\kamal\group 2\Group-2-Speech-Recognition-Emotion-Classification-\data\raw\RAVDESS\Actor_08\03-01-06-01-01-01-08.wav,8,Actor_08,female,3,1,6,fearful,1,1,1,16000,1,3.9707,63531
03-01-06-01-01-02-08.wav,c:\Users\kamal\group 2\Group-2-Speech-Recognition-Emotion-Classification-\data\raw\RAVDESS\Actor_08\03-01-06-01-01-02-08.wav,8,Actor_08,female,3,1,6,fearful,1,1,2,16000,1,3.6704,58726
03-01-06-01-02-01-08.wav,c:\Users\kamal\group 2\Group-2-Speech-Recognition-Emotion-Classification-\data\raw\RAVDESS\Actor_08\03-01-06-01-02-01-08.wav,8,Actor_08,female,3,1,6,fearful,1,2,1,16000,1,3.7704,60327
03-01-06-01-02-02-08.wav,c:\Users\kamal\group 2\Group-2-Speech-Recognition-Emotion-Classification-\data\raw\RAVDESS\Actor_08\03-01-06-01-02-02-08.wav,8,Actor_08,female,3,1,6,fearful,1,2,2,16000,1,3.6704,58726
03-01-06-02-01-01-08.wav,c:\Users\kamal\group 2\Group-2-Speech-Recognition-Emotion-Classification-\data\raw\RAVDESS\Actor_08\03-01-06-02-01-01-08.wav,8,Actor_08,female,3,1,6,fearful,2,1,1,16000,1,3.9706,63530
03-01-06-02-01-02-08.wav,c:\Users\kamal\group 2\Group-2-Speech-Recognition-Emotion-Classification-\data\raw\RAVDESS\Actor_08\03-01-06-02-01-02-08.wav,8,Actor_08,female,3,1,6,fearful,2,1,2,16000,1,3.9039,62463
03-01-06-02-02-01-08.wav,c:\Users\kamal\group 2\Group-2-Speech-Recognition-Emotion-Classification-\data\raw\RAVDESS\Actor_08\03-01-06-02-02-01-08.wav,8,Actor_08,female,3,1,6,fearful,2,2,1,16000,1,3.8706,61929
03-01-06-02-02-02-08.wav,c:\Users\kamal\group 2\Group-2-Speech-Recognition-Emotion-Classification-\data\raw\RAVDESS\Actor_08\03-01-06-02-02-02-08.wav,8,Actor_08,female,3,1,6,fearful,2,2,2,16000,1,3.9373,62997
03-01-07-01-01-01-08.wav,c:\Users\kamal\group 2\Group-2-Speech-Recognition-Emotion-Classification-\data\raw\RAVDESS\Actor_08\03-01-07-01-01-01-08.wav,8,Actor_08,female,3,1,7,disgust,1,1,1,16000,1,3.9039,62463
03-01-07-01-01-02-08.wav,c:\Users\kamal\group 2\Group-2-Speech-Recognition-Emotion-Classification-\data\raw\RAVDESS\Actor_08\03-01-07-01-01-02-08.wav,8,Actor_08,female,3,1,7,disgust,1,1,2,16000,1,3.6704,58726
03-01-07-01-02-01-08.wav,c:\Users\kamal\group 2\Group-2-Speech-Recognition-Emotion-Classification-\data\raw\RAVDESS\Actor_08\03-01-07-01-02-01-08.wav,8,Actor_08,female,3,1,7,disgust,1,2,1,16000,1,3.9373,62997
03-01-07-01-02-02-08.wav,c:\Users\kamal\group 2\Group-2-Speech-Recognition-Emotion-Classification-\data\raw\RAVDESS\Actor_08\03-01-07-01-02-02-08.wav,8,Actor_08,female,3,1,7,disgust,1,2,2,16000,1,3.8372,61395
03-01-07-02-01-01-08.wav,c:\Users\kamal\group 2\Group-2-Speech-Recognition-Emotion-Classification-\data\raw\RAVDESS\Actor_08\03-01-07-02-01-01-08.wav,8,Actor_08,female,3,1,7,disgust,2,1,1,16000,1,4.0708,65132
03-01-07-02-01-02-08.wav,c:\Users\kamal\group 2\Group-2-Speech-Recognition-Emotion-Classification-\data\raw\RAVDESS\Actor_08\03-01-07-02-01-02-08.wav,8,Actor_08,female,3,1,7,disgust,2,1,2,16000,1,3.7704,60327
03-01-07-02-02-01-08.wav,c:\Users\kamal\group 2\Group-2-Speech-Recognition-Emotion-Classification-\data\raw\RAVDESS\Actor_08\03-01-07-02-02-01-08.wav,8,Actor_08,female,3,1,7,disgust,2,2,1,16000,1,3.7371,59794
03-01-07-02-02-02-08.wav,c:\Users\kamal\group 2\Group-2-Speech-Recognition-Emotion-Classification-\data\raw\RAVDESS\Actor_08\03-01-07-02-02-02-08.wav,8,Actor_08,female,3,1,7,disgust,2,2,2,16000,1,3.8706,61929
03-01-08-01-01-01-08.wav,c:\Users\kamal\group 2\Group-2-Speech-Recognition-Emotion-Classification-\data\raw\RAVDESS\Actor_08\03-01-08-01-01-01-08.wav,8,Actor_08,female,3,1,8,surprised,1,1,1,16000,1,3.7037,59260
03-01-08-01-01-02-08.wav,c:\Users\kamal\group 2\Group-2-Speech-Recognition-Emotion-Classification-\data\raw\RAVDESS\Actor_08\03-01-08-01-01-02-08.wav,8,Actor_08,female,3,1,8,surprised,1,1,2,16000,1,3.8038,60861
03-01-08-01-02-01-08.wav,c:\Users\kamal\group 2\Group-2-Speech-Recognition-Emotion-Classification-\data\raw\RAVDESS\Actor_08\03-01-08-01-02-01-08.wav,8,Actor_08,female,3,1,8,surprised,1,2,1,16000,1,3.7704,60327
03-01-08-01-02-02-08.wav,c:\Users\kamal\group 2\Group-2-Speech-Recognition-Emotion-Classification-\data\raw\RAVDESS\Actor_08\03-01-08-01-02-02-08.wav,8,Actor_08,female,3,1,8,surprised,1,2,2,16000,1,3.5369,56590
03-01-08-02-01-01-08.wav,c:\Users\kamal\group 2\Group-2-Speech-Recognition-Emotion-Classification-\data\raw\RAVDESS\Actor_08\03-01-08-02-01-01-08.wav,8,Actor_08,female,3,1,8,surprised,2,1,1,16000,1,3.8372,61395
03-01-08-02-01-02-08.wav,c:\Users\kamal\group 2\Group-2-Speech-Recognition-Emotion-Classification-\data\raw\RAVDESS\Actor_08\03-01-08-02-01-02-08.wav,8,Actor_08,female,3,1,8,surprised,2,1,2,16000,1,3.7037,59259
03-01-08-02-02-01-08.wav,c:\Users\kamal\group 2\Group-2-Speech-Recognition-Emotion-Classification-\data\raw\RAVDESS\Actor_08\03-01-08-02-02-01-08.wav,8,Actor_08,female,3,1,8,surprised,2,2,1,16000,1,3.8038,60861
03-01-08-02-02-02-08.wav,c:\Users\kamal\group 2\Group-2-Speech-Recognition-Emotion-Classification-\data\raw\RAVDESS\Actor_08\03-01-08-02-02-02-08.wav,8,Actor_08,female,3,1,8,surprised,2,2,2,16000,1,3.8706,61929
03-01-01-01-01-01-09.wav,c:\Users\kamal\group 2\Group-2-Speech-Recognition-Emotion-Classification-\data\raw\RAVDESS\Actor_09\03-01-01-01-01-01-09.wav,9,Actor_09,male,3,1,1,neutral,1,1,1,16000,1,3.2699,52319
03-01-01-01-01-02-09.wav,c:\Users\kamal\group 2\Group-2-Speech-Recognition-Emotion-Classification-\data\raw\RAVDESS\Actor_09\03-01-01-01-01-02-09.wav,9,Actor_09,male,3,1,1,neutral,1,1,2,16000,1,3.2033,51252
03-01-01-01-02-01-09.wav,c:\Users\kamal\group 2\Group-2-Speech-Recognition-Emotion-Classification-\data\raw\RAVDESS\Actor_09\03-01-01-01-02-01-09.wav,9,Actor_09,male,3,1,1,neutral,1,2,1,16000,1,3.3367,53387
03-01-01-01-02-02-09.wav,c:\Users\kamal\group 2\Group-2-Speech-Recognition-Emotion-Classification-\data\raw\RAVDESS\Actor_09\03-01-01-01-02-02-09.wav,9,Actor_09,male,3,1,1,neutral,1,2,2,16000,1,3.2366,51786
03-01-02-01-01-01-09.wav,c:\Users\kamal\group 2\Group-2-Speech-Recognition-Emotion-Classification-\data\raw\RAVDESS\Actor_09\03-01-02-01-01-01-09.wav,9,Actor_09,male,3,1,2,calm,1,1,1,16000,1,3.3367,53387
03-01-02-01-01-02-09.wav,c:\Users\kamal\group 2\Group-2-Speech-Recognition-Emotion-Classification-\data\raw\RAVDESS\Actor_09\03-01-02-01-01-02-09.wav,9,Actor_09,male,3,1,2,calm,1,1,2,16000,1,3.3367,53387
03-01-02-01-02-01-09.wav,c:\Users\kamal\group 2\Group-2-Speech-Recognition-Emotion-Classification-\data\raw\RAVDESS\Actor_09\03-01-02-01-02-01-09.wav,9,Actor_09,male,3,1,2,calm,1,2,1,16000,1,3.4702,55523
03-01-02-01-02-02-09.wav,c:\Users\kamal\group 2\Group-2-Speech-Recognition-Emotion-Classification-\data\raw\RAVDESS\Actor_09\03-01-02-01-02-02-09.wav,9,Actor_09,male,3,1,2,calm,1,2,2,16000,1,3.5703,57124
03-01-02-02-01-01-09.wav,c:\Users\kamal\group 2\Group-2-Speech-Recognition-Emotion-Classification-\data\raw\RAVDESS\Actor_09\03-01-02-02-01-01-09.wav,9,Actor_09,male,3,1,2,calm,2,1,1,16000,1,3.3367,53387
03-01-02-02-01-02-09.wav,c:\Users\kamal\group 2\Group-2-Speech-Recognition-Emotion-Classification-\data\raw\RAVDESS\Actor_09\03-01-02-02-01-02-09.wav,9,Actor_09,male,3,1,2,calm,2,1,2,16000,1,3.4368,54989
03-01-02-02-02-01-09.wav,c:\Users\kamal\group 2\Group-2-Speech-Recognition-Emotion-Classification-\data\raw\RAVDESS\Actor_09\03-01-02-02-02-01-09.wav,9,Actor_09,male,3,1,2,calm,2,2,1,16000,1,3.8038,60861
03-01-02-02-02-02-09.wav,c:\Users\kamal\group 2\Group-2-Speech-Recognition-Emotion-Classification-\data\raw\RAVDESS\Actor_09\03-01-02-02-02-02-09.wav,9,Actor_09,male,3,1,2,calm,2,2,2,16000,1,3.637,58192
03-01-03-01-01-01-09.wav,c:\Users\kamal\group 2\Group-2-Speech-Recognition-Emotion-Classification-\data\raw\RAVDESS\Actor_09\03-01-03-01-01-01-09.wav,9,Actor_09,male,3,1,3,happy,1,1,1,16000,1,3.3367,53387
03-01-03-01-01-02-09.wav,c:\Users\kamal\group 2\Group-2-Speech-Recognition-Emotion-Classification-\data\raw\RAVDESS\Actor_09\03-01-03-01-01-02-09.wav,9,Actor_09,male,3,1,3,happy,1,1,2,16000,1,3.5369,56590
03-01-03-01-02-01-09.wav,c:\Users\kamal\group 2\Group-2-Speech-Recognition-Emotion-Classification-\data\raw\RAVDESS\Actor_09\03-01-03-01-02-01-09.wav,9,Actor_09,male,3,1,3,happy,1,2,1,16000,1,3.3033,52853
03-01-03-01-02-02-09.wav,c:\Users\kamal\group 2\Group-2-Speech-Recognition-Emotion-Classification-\data\raw\RAVDESS\Actor_09\03-01-03-01-02-02-09.wav,9,Actor_09,male,3,1,3,happy,1,2,2,16000,1,3.4702,55523
03-01-03-02-01-01-09.wav,c:\Users\kamal\group 2\Group-2-Speech-Recognition-Emotion-Classification-\data\raw\RAVDESS\Actor_09\03-01-03-02-01-01-09.wav,9,Actor_09,male,3,1,3,happy,2,1,1,16000,1,3.7704,60327
03-01-03-02-01-02-09.wav,c:\Users\kamal\group 2\Group-2-Speech-Recognition-Emotion-Classification-\data\raw\RAVDESS\Actor_09\03-01-03-02-01-02-09.wav,9,Actor_09,male,3,1,3,happy,2,1,2,16000,1,4.1709,66734
03-01-03-02-02-01-09.wav,c:\Users\kamal\group 2\Group-2-Speech-Recognition-Emotion-Classification-\data\raw\RAVDESS\Actor_09\03-01-03-02-02-01-09.wav,9,Actor_09,male,3,1,3,happy,2,2,1,16000,1,3.5703,57124
03-01-03-02-02-02-09.wav,c:\Users\kamal\group 2\Group-2-Speech-Recognition-Emotion-Classification-\data\raw\RAVDESS\Actor_09\03-01-03-02-02-02-09.wav,9,Actor_09,male,3,1,3,happy,2,2,2,16000,1,3.5703,57124
03-01-04-01-01-01-09.wav,c:\Users\kamal\group 2\Group-2-Speech-Recognition-Emotion-Classification-\data\raw\RAVDESS\Actor_09\03-01-04-01-01-01-09.wav,9,Actor_09,male,3,1,4,sad,1,1,1,16000,1,3.2699,52319
03-01-04-01-01-02-09.wav,c:\Users\kamal\group 2\Group-2-Speech-Recognition-Emotion-Classification-\data\raw\RAVDESS\Actor_09\03-01-04-01-01-02-09.wav,9,Actor_09,male,3,1,4,sad,1,1,2,16000,1,3.4367,54988
03-01-04-01-02-01-09.wav,c:\Users\kamal\group 2\Group-2-Speech-Recognition-Emotion-Classification-\data\raw\RAVDESS\Actor_09\03-01-04-01-02-01-09.wav,9,Actor_09,male,3,1,4,sad,1,2,1,16000,1,3.4034,54455
03-01-04-01-02-02-09.wav,c:\Users\kamal\group 2\Group-2-Speech-Recognition-Emotion-Classification-\data\raw\RAVDESS\Actor_09\03-01-04-01-02-02-09.wav,9,Actor_09,male,3,1,4,sad,1,2,2,16000,1,3.4034,54455
03-01-04-02-01-01-09.wav,c:\Users\kamal\group 2\Group-2-Speech-Recognition-Emotion-Classification-\data\raw\RAVDESS\Actor_09\03-01-04-02-01-01-09.wav,9,Actor_09,male,3,1,4,sad,2,1,1,16000,1,3.9373,62997
03-01-04-02-01-02-09.wav,c:\Users\kamal\group 2\Group-2-Speech-Recognition-Emotion-Classification-\data\raw\RAVDESS\Actor_09\03-01-04-02-01-02-09.wav,9,Actor_09,male,3,1,4,sad,2,1,2,16000,1,3.9039,62463
03-01-04-02-02-01-09.wav,c:\Users\kamal\group 2\Group-2-Speech-Recognition-Emotion-Classification-\data\raw\RAVDESS\Actor_09\03-01-04-02-02-01-09.wav,9,Actor_09,male,3,1,4,sad,2,2,1,16000,1,3.637,58192
03-01-04-02-02-02-09.wav,c:\Users\kamal\group 2\Group-2-Speech-Recognition-Emotion-Classification-\data\raw\RAVDESS\Actor_09\03-01-04-02-02-02-09.wav,9,Actor_09,male,3,1,4,sad,2,2,2,16000,1,3.8706,61929
03-01-05-01-01-01-09.wav,c:\Users\kamal\group 2\Group-2-Speech-Recognition-Emotion-Classification-\data\raw\RAVDESS\Actor_09\03-01-05-01-01-01-09.wav,9,Actor_09,male,3,1,5,angry,1,1,1,16000,1,3.5703,57124
03-01-05-01-01-02-09.wav,c:\Users\kamal\group 2\Group-2-Speech-Recognition-Emotion-Classification-\data\raw\RAVDESS\Actor_09\03-01-05-01-01-02-09.wav,9,Actor_09,male,3,1,5,angry,1,1,2,16000,1,3.5703,57124
03-01-05-01-02-01-09.wav,c:\Users\kamal\group 2\Group-2-Speech-Recognition-Emotion-Classification-\data\raw\RAVDESS\Actor_09\03-01-05-01-02-01-09.wav,9,Actor_09,male,3,1,5,angry,1,2,1,16000,1,3.7371,59793
03-01-05-01-02-02-09.wav,c:\Users\kamal\group 2\Group-2-Speech-Recognition-Emotion-Classification-\data\raw\RAVDESS\Actor_09\03-01-05-01-02-02-09.wav,9,Actor_09,male,3,1,5,angry,1,2,2,16000,1,3.5369,56590
03-01-05-02-01-01-09.wav,c:\Users\kamal\group 2\Group-2-Speech-Recognition-Emotion-Classification-\data\raw\RAVDESS\Actor_09\03-01-05-02-01-01-09.wav,9,Actor_09,male,3,1,5,angry,2,1,1,16000,1,3.8038,60861
03-01-05-02-01-02-09.wav,c:\Users\kamal\group 2\Group-2-Speech-Recognition-Emotion-Classification-\data\raw\RAVDESS\Actor_09\03-01-05-02-01-02-09.wav,9,Actor_09,male,3,1,5,angry,2,1,2,16000,1,3.7704,60327
03-01-05-02-02-01-09.wav,c:\Users\kamal\group 2\Group-2-Speech-Recognition-Emotion-Classification-\data\raw\RAVDESS\Actor_09\03-01-05-02-02-01-09.wav,9,Actor_09,male,3,1,5,angry,2,2,1,16000,1,4.3711,69937
03-01-05-02-02-02-09.wav,c:\Users\kamal\group 2\Group-2-Speech-Recognition-Emotion-Classification-\data\raw\RAVDESS\Actor_09\03-01-05-02-02-02-09.wav,9,Actor_09,male,3,1,5,angry,2,2,2,16000,1,3.9707,63531
03-01-06-01-01-01-09.wav,c:\Users\kamal\group 2\Group-2-Speech-Recognition-Emotion-Classification-\data\raw\RAVDESS\Actor_09\03-01-06-01-01-01-09.wav,9,Actor_09,male,3,1,6,fearful,1,1,1,16000,1,3.1699,50718
03-01-06-01-01-02-09.wav,c:\Users\kamal\group 2\Group-2-Speech-Recognition-Emotion-Classification-\data\raw\RAVDESS\Actor_09\03-01-06-01-01-02-09.wav,9,Actor_09,male,3,1,6,fearful,1,1,2,16000,1,3.1699,50718
03-01-06-01-02-01-09.wav,c:\Users\kamal\group 2\Group-2-Speech-Recognition-Emotion-Classification-\data\raw\RAVDESS\Actor_09\03-01-06-01-02-01-09.wav,9,Actor_09,male,3,1,6,fearful,1,2,1,16000,1,3.1365,50184
03-01-06-01-02-02-09.wav,c:\Users\kamal\group 2\Group-2-Speech-Recognition-Emotion-Classification-\data\raw\RAVDESS\Actor_09\03-01-06-01-02-02-09.wav,9,Actor_09,male,3,1,6,fearful,1,2,2,16000,1,3.1365,50184
03-01-06-02-01-01-09.wav,c:\Users\kamal\group 2\Group-2-Speech-Recognition-Emotion-Classification-\data\raw\RAVDESS\Actor_09\03-01-06-02-01-01-09.wav,9,Actor_09,male,3,1,6,fearful,2,1,1,16000,1,3.2366,51785
03-01-06-02-01-02-09.wav,c:\Users\kamal\group 2\Group-2-Speech-Recognition-Emotion-Classification-\data\raw\RAVDESS\Actor_09\03-01-06-02-01-02-09.wav,9,Actor_09,male,3,1,6,fearful,2,1,2,16000,1,3.2699,52319
03-01-06-02-02-01-09.wav,c:\Users\kamal\group 2\Group-2-Speech-Recognition-Emotion-Classification-\data\raw\RAVDESS\Actor_09\03-01-06-02-02-01-09.wav,9,Actor_09,male,3,1,6,fearful,2,2,1,16000,1,3.2366,51785
03-01-06-02-02-02-09.wav,c:\Users\kamal\group 2\Group-2-Speech-Recognition-Emotion-Classification-\data\raw\RAVDESS\Actor_09\03-01-06-02-02-02-09.wav,9,Actor_09,male,3,1,6,fearful,2,2,2,16000,1,3.2366,51785
03-01-07-01-01-01-09.wav,c:\Users\kamal\group 2\Group-2-Speech-Recognition-Emotion-Classification-\data\raw\RAVDESS\Actor_09\03-01-07-01-01-01-09.wav,9,Actor_09,male,3,1,7,disgust,1,1,1,16000,1,3.4034,54455
03-01-07-01-01-02-09.wav,c:\Users\kamal\group 2\Group-2-Speech-Recognition-Emotion-Classification-\data\raw\RAVDESS\Actor_09\03-01-07-01-01-02-09.wav,9,Actor_09,male,3,1,7,disgust,1,1,2,16000,1,3.5035,56056
03-01-07-01-02-01-09.wav,c:\Users\kamal\group 2\Group-2-Speech-Recognition-Emotion-Classification-\data\raw\RAVDESS\Actor_09\03-01-07-01-02-01-09.wav,9,Actor_09,male,3,1,7,disgust,1,2,1,16000,1,3.4701,55522
03-01-07-01-02-02-09.wav,c:\Users\kamal\group 2\Group-2-Speech-Recognition-Emotion-Classification-\data\raw\RAVDESS\Actor_09\03-01-07-01-02-02-09.wav,9,Actor_09,male,3,1,7,disgust,1,2,2,16000,1,3.4034,54455
03-01-07-02-01-01-09.wav,c:\Users\kamal\group 2\Group-2-Speech-Recognition-Emotion-Classification-\data\raw\RAVDESS\Actor_09\03-01-07-02-01-01-09.wav,9,Actor_09,male,3,1,7,disgust,2,1,1,16000,1,3.637,58192
03-01-07-02-01-02-09.wav,c:\Users\kamal\group 2\Group-2-Speech-Recognition-Emotion-Classification-\data\raw\RAVDESS\Actor_09\03-01-07-02-01-02-09.wav,9,Actor_09,male,3,1,7,disgust,2,1,2,16000,1,3.5369,56590
03-01-07-02-02-01-09.wav,c:\Users\kamal\group 2\Group-2-Speech-Recognition-Emotion-Classification-\data\raw\RAVDESS\Actor_09\03-01-07-02-02-01-09.wav,9,Actor_09,male,3,1,7,disgust,2,2,1,16000,1,3.5703,57124
03-01-07-02-02-02-09.wav,c:\Users\kamal\group 2\Group-2-Speech-Recognition-Emotion-Classification-\data\raw\RAVDESS\Actor_09\03-01-07-02-02-02-09.wav,9,Actor_09,male,3,1,7,disgust,2,2,2,16000,1,3.6036,57658
03-01-08-01-01-01-09.wav,c:\Users\kamal\group 2\Group-2-Speech-Recognition-Emotion-Classification-\data\raw\RAVDESS\Actor_09\03-01-08-01-01-01-09.wav,9,Actor_09,male,3,1,8,surprised,1,1,1,16000,1,3.0697,49116
03-01-08-01-01-02-09.wav,c:\Users\kamal\group 2\Group-2-Speech-Recognition-Emotion-Classification-\data\raw\RAVDESS\Actor_09\03-01-08-01-01-02-09.wav,9,Actor_09,male,3,1,8,surprised,1,1,2,16000,1,3.3367,53387
03-01-08-01-02-01-09.wav,c:\Users\kamal\group 2\Group-2-Speech-Recognition-Emotion-Classification-\data\raw\RAVDESS\Actor_09\03-01-08-01-02-01-09.wav,9,Actor_09,male,3,1,8,surprised,1,2,1,16000,1,3.4368,54989
03-01-08-01-02-02-09.wav,c:\Users\kamal\group 2\Group-2-Speech-Recognition-Emotion-Classification-\data\raw\RAVDESS\Actor_09\03-01-08-01-02-02-09.wav,9,Actor_09,male,3,1,8,surprised,1,2,2,16000,1,3.4367,54988
03-01-08-02-01-01-09.wav,c:\Users\kamal\group 2\Group-2-Speech-Recognition-Emotion-Classification-\data\raw\RAVDESS\Actor_09\03-01-08-02-01-01-09.wav,9,Actor_09,male,3,1,8,surprised,2,1,1,16000,1,3.3033,52853
03-01-08-02-01-02-09.wav,c:\Users\kamal\group 2\Group-2-Speech-Recognition-Emotion-Classification-\data\raw\RAVDESS\Actor_09\03-01-08-02-01-02-09.wav,9,Actor_09,male,3,1,8,surprised,2,1,2,16000,1,3.2699,52319
03-01-08-02-02-01-09.wav,c:\Users\kamal\group 2\Group-2-Speech-Recognition-Emotion-Classification-\data\raw\RAVDESS\Actor_09\03-01-08-02-02-01-09.wav,9,Actor_09,male,3,1,8,surprised,2,2,1,16000,1,3.4034,54455
03-01-08-02-02-02-09.wav,c:\Users\kamal\group 2\Group-2-Speech-Recognition-Emotion-Classification-\data\raw\RAVDESS\Actor_09\03-01-08-02-02-02-09.wav,9,Actor_09,male,3,1,8,surprised,2,2,2,16000,1,3.4367,54988
03-01-01-01-01-01-10.wav,c:\Users\kamal\group 2\Group-2-Speech-Recognition-Emotion-Classification-\data\raw\RAVDESS\Actor_10\03-01-01-01-01-01-10.wav,10,Actor_10,female,3,1,1,neutral,1,1,1,16000,1,3.5369,56590
03-01-01-01-01-02-10.wav,c:\Users\kamal\group 2\Group-2-Speech-Recognition-Emotion-Classification-\data\raw\RAVDESS\Actor_10\03-01-01-01-01-02-10.wav,10,Actor_10,female,3,1,1,neutral,1,1,2,16000,1,3.8372,61395
03-01-01-01-02-01-10.wav,c:\Users\kamal\group 2\Group-2-Speech-Recognition-Emotion-Classification-\data\raw\RAVDESS\Actor_10\03-01-01-01-02-01-10.wav,10,Actor_10,female,3,1,1,neutral,1,2,1,16000,1,3.7371,59793
03-01-01-01-02-02-10.wav,c:\Users\kamal\group 2\Group-2-Speech-Recognition-Emotion-Classification-\data\raw\RAVDESS\Actor_10\03-01-01-01-02-02-10.wav,10,Actor_10,female,3,1,1,neutral,1,2,2,16000,1,3.6704,58726
03-01-02-01-01-01-10.wav,c:\Users\kamal\group 2\Group-2-Speech-Recognition-Emotion-Classification-\data\raw\RAVDESS\Actor_10\03-01-02-01-01-01-10.wav,10,Actor_10,female,3,1,2,calm,1,1,1,16000,1,3.5703,57124
03-01-02-01-01-02-10.wav,c:\Users\kamal\group 2\Group-2-Speech-Recognition-Emotion-Classification-\data\raw\RAVDESS\Actor_10\03-01-02-01-01-02-10.wav,10,Actor_10,female,3,1,2,calm,1,1,2,16000,1,3.6036,57658
03-01-02-01-02-01-10.wav,c:\Users\kamal\group 2\Group-2-Speech-Recognition-Emotion-Classification-\data\raw\RAVDESS\Actor_10\03-01-02-01-02-01-10.wav,10,Actor_10,female,3,1,2,calm,1,2,1,16000,1,3.637,58192
03-01-02-01-02-02-10.wav,c:\Users\kamal\group 2\Group-2-Speech-Recognition-Emotion-Classification-\data\raw\RAVDESS\Actor_10\03-01-02-01-02-02-10.wav,10,Actor_10,female,3,1,2,calm,1,2,2,16000,1,3.7037,59260
03-01-02-02-01-01-10.wav,c:\Users\kamal\group 2\Group-2-Speech-Recognition-Emotion-Classification-\data\raw\RAVDESS\Actor_10\03-01-02-02-01-01-10.wav,10,Actor_10,female,3,1,2,calm,2,1,1,16000,1,3.7371,59793
03-01-02-02-01-02-10.wav,c:\Users\kamal\group 2\Group-2-Speech-Recognition-Emotion-Classification-\data\raw\RAVDESS\Actor_10\03-01-02-02-01-02-10.wav,10,Actor_10,female,3,1,2,calm,2,1,2,16000,1,3.7371,59793
03-01-02-02-02-01-10.wav,c:\Users\kamal\group 2\Group-2-Speech-Recognition-Emotion-Classification-\data\raw\RAVDESS\Actor_10\03-01-02-02-02-01-10.wav,10,Actor_10,female,3,1,2,calm,2,2,1,16000,1,3.8038,60861
03-01-02-02-02-02-10.wav,c:\Users\kamal\group 2\Group-2-Speech-Recognition-Emotion-Classification-\data\raw\RAVDESS\Actor_10\03-01-02-02-02-02-10.wav,10,Actor_10,female,3,1,2,calm,2,2,2,16000,1,3.8372,61395
03-01-03-01-01-01-10.wav,c:\Users\kamal\group 2\Group-2-Speech-Recognition-Emotion-Classification-\data\raw\RAVDESS\Actor_10\03-01-03-01-01-01-10.wav,10,Actor_10,female,3,1,3,happy,1,1,1,16000,1,3.5035,56056
03-01-03-01-01-02-10.wav,c:\Users\kamal\group 2\Group-2-Speech-Recognition-Emotion-Classification-\data\raw\RAVDESS\Actor_10\03-01-03-01-01-02-10.wav,10,Actor_10,female,3,1,3,happy,1,1,2,16000,1,3.4701,55522
03-01-03-01-02-01-10.wav,c:\Users\kamal\group 2\Group-2-Speech-Recognition-Emotion-Classification-\data\raw\RAVDESS\Actor_10\03-01-03-01-02-01-10.wav,10,Actor_10,female,3,1,3,happy,1,2,1,16000,1,3.3033,52853
03-01-03-01-02-02-10.wav,c:\Users\kamal\group 2\Group-2-Speech-Recognition-Emotion-Classification-\data\raw\RAVDESS\Actor_10\03-01-03-01-02-02-10.wav,10,Actor_10,female,3,1,3,happy,1,2,2,16000,1,3.3367,53387
03-01-03-02-01-01-10.wav,c:\Users\kamal\group 2\Group-2-Speech-Recognition-Emotion-Classification-\data\raw\RAVDESS\Actor_10\03-01-03-02-01-01-10.wav,10,Actor_10,female,3,1,3,happy,2,1,1,16000,1,3.8372,61395
03-01-03-02-01-02-10.wav,c:\Users\kamal\group 2\Group-2-Speech-Recognition-Emotion-Classification-\data\raw\RAVDESS\Actor_10\03-01-03-02-01-02-10.wav,10,Actor_10,female,3,1,3,happy,2,1,2,16000,1,3.5035,56056
03-01-03-02-02-01-10.wav,c:\Users\kamal\group 2\Group-2-Speech-Recognition-Emotion-Classification-\data\raw\RAVDESS\Actor_10\03-01-03-02-02-01-10.wav,10,Actor_10,female,3,1,3,happy,2,2,1,16000,1,3.7371,59793
03-01-03-02-02-02-10.wav,c:\Users\kamal\group 2\Group-2-Speech-Recognition-Emotion-Classification-\data\raw\RAVDESS\Actor_10\03-01-03-02-02-02-10.wav,10,Actor_10,female,3,1,3,happy,2,2,2,16000,1,3.9707,63531
03-01-04-01-01-01-10.wav,c:\Users\kamal\group 2\Group-2-Speech-Recognition-Emotion-Classification-\data\raw\RAVDESS\Actor_10\03-01-04-01-01-01-10.wav,10,Actor_10,female,3,1,4,sad,1,1,1,16000,1,3.3033,52853
03-01-04-01-01-02-10.wav,c:\Users\kamal\group 2\Group-2-Speech-Recognition-Emotion-Classification-\data\raw\RAVDESS\Actor_10\03-01-04-01-01-02-10.wav,10,Actor_10,female,3,1,4,sad,1,1,2,16000,1,3.4701,55522
03-01-04-01-02-01-10.wav,c:\Users\kamal\group 2\Group-2-Speech-Recognition-Emotion-Classification-\data\raw\RAVDESS\Actor_10\03-01-04-01-02-01-10.wav,10,Actor_10,female,3,1,4,sad,1,2,1,16000,1,3.5369,56590
03-01-04-01-02-02-10.wav,c:\Users\kamal\group 2\Group-2-Speech-Recognition-Emotion-Classification-\data\raw\RAVDESS\Actor_10\03-01-04-01-02-02-10.wav,10,Actor_10,female,3,1,4,sad,1,2,2,16000,1,3.8038,60861
03-01-04-02-01-01-10.wav,c:\Users\kamal\group 2\Group-2-Speech-Recognition-Emotion-Classification-\data\raw\RAVDESS\Actor_10\03-01-04-02-01-01-10.wav,10,Actor_10,female,3,1,4,sad,2,1,1,16000,1,3.5035,56056
03-01-04-02-01-02-10.wav,c:\Users\kamal\group 2\Group-2-Speech-Recognition-Emotion-Classification-\data\raw\RAVDESS\Actor_10\03-01-04-02-01-02-10.wav,10,Actor_10,female,3,1,4,sad,2,1,2,16000,1,3.5703,57124
03-01-04-02-02-01-10.wav,c:\Users\kamal\group 2\Group-2-Speech-Recognition-Emotion-Classification-\data\raw\RAVDESS\Actor_10\03-01-04-02-02-01-10.wav,10,Actor_10,female,3,1,4,sad,2,2,1,16000,1,3.6704,58726
03-01-04-02-02-02-10.wav,c:\Users\kamal\group 2\Group-2-Speech-Recognition-Emotion-Classification-\data\raw\RAVDESS\Actor_10\03-01-04-02-02-02-10.wav,10,Actor_10,female,3,1,4,sad,2,2,2,16000,1,3.5703,57124
03-01-05-01-01-01-10.wav,c:\Users\kamal\group 2\Group-2-Speech-Recognition-Emotion-Classification-\data\raw\RAVDESS\Actor_10\03-01-05-01-01-01-10.wav,10,Actor_10,female,3,1,5,angry,1,1,1,16000,1,3.9039,62463
03-01-05-01-01-02-10.wav,c:\Users\kamal\group 2\Group-2-Speech-Recognition-Emotion-Classification-\data\raw\RAVDESS\Actor_10\03-01-05-01-01-02-10.wav,10,Actor_10,female,3,1,5,angry,1,1,2,16000,1,4.004,64064
03-01-05-01-02-01-10.wav,c:\Users\kamal\group 2\Group-2-Speech-Recognition-Emotion-Classification-\data\raw\RAVDESS\Actor_10\03-01-05-01-02-01-10.wav,10,Actor_10,female,3,1,5,angry,1,2,1,16000,1,4.1041,65666
03-01-05-01-02-02-10.wav,c:\Users\kamal\group 2\Group-2-Speech-Recognition-Emotion-Classification-\data\raw\RAVDESS\Actor_10\03-01-05-01-02-02-10.wav,10,Actor_10,female,3,1,5,angry,1,2,2,16000,1,4.1375,66200
03-01-05-02-01-01-10.wav,c:\Users\kamal\group 2\Group-2-Speech-Recognition-Emotion-Classification-\data\raw\RAVDESS\Actor_10\03-01-05-02-01-01-10.wav,10,Actor_10,female,3,1,5,angry,2,1,1,16000,1,4.1709,66734
03-01-05-02-01-02-10.wav,c:\Users\kamal\group 2\Group-2-Speech-Recognition-Emotion-Classification-\data\raw\RAVDESS\Actor_10\03-01-05-02-01-02-10.wav,10,Actor_10,female,3,1,5,angry,2,1,2,16000,1,4.4711,71538
03-01-05-02-02-01-10.wav,c:\Users\kamal\group 2\Group-2-Speech-Recognition-Emotion-Classification-\data\raw\RAVDESS\Actor_10\03-01-05-02-02-01-10.wav,10,Actor_10,female,3,1,5,angry,2,2,1,16000,1,3.8706,61929
03-01-05-02-02-02-10.wav,c:\Users\kamal\group 2\Group-2-Speech-Recognition-Emotion-Classification-\data\raw\RAVDESS\Actor_10\03-01-05-02-02-02-10.wav,10,Actor_10,female,3,1,5,angry,2,2,2,16000,1,4.1375,66200
03-01-06-01-01-01-10.wav,c:\Users\kamal\group 2\Group-2-Speech-Recognition-Emotion-Classification-\data\raw\RAVDESS\Actor_10\03-01-06-01-01-01-10.wav,10,Actor_10,female,3,1,6,fearful,1,1,1,16000,1,3.4034,54455
03-01-06-01-01-02-10.wav,c:\Users\kamal\group 2\Group-2-Speech-Recognition-Emotion-Classification-\data\raw\RAVDESS\Actor_10\03-01-06-01-01-02-10.wav,10,Actor_10,female,3,1,6,fearful,1,1,2,16000,1,3.3033,52853
03-01-06-01-02-01-10.wav,c:\Users\kamal\group 2\Group-2-Speech-Recognition-Emotion-Classification-\data\raw\RAVDESS\Actor_10\03-01-06-01-02-01-10.wav,10,Actor_10,female,3,1,6,fearful,1,2,1,16000,1,3.5369,56590
03-01-06-01-02-02-10.wav,c:\Users\kamal\group 2\Group-2-Speech-Recognition-Emotion-Classification-\data\raw\RAVDESS\Actor_10\03-01-06-01-02-02-10.wav,10,Actor_10,female,3,1,6,fearful,1,2,2,16000,1,3.4368,54989
03-01-06-02-01-01-10.wav,c:\Users\kamal\group 2\Group-2-Speech-Recognition-Emotion-Classification-\data\raw\RAVDESS\Actor_10\03-01-06-02-01-01-10.wav,10,Actor_10,female,3,1,6,fearful,2,1,1,16000,1,3.5035,56056
03-01-06-02-01-02-10.wav,c:\Users\kamal\group 2\Group-2-Speech-Recognition-Emotion-Classification-\data\raw\RAVDESS\Actor_10\03-01-06-02-01-02-10.wav,10,Actor_10,female,3,1,6,fearful,2,1,2,16000,1,3.7037,59260
03-01-06-02-02-01-10.wav,c:\Users\kamal\group 2\Group-2-Speech-Recognition-Emotion-Classification-\data\raw\RAVDESS\Actor_10\03-01-06-02-02-01-10.wav,10,Actor_10,female,3,1,6,fearful,2,2,1,16000,1,3.8038,60861
03-01-06-02-02-02-10.wav,c:\Users\kamal\group 2\Group-2-Speech-Recognition-Emotion-Classification-\data\raw\RAVDESS\Actor_10\03-01-06-02-02-02-10.wav,10,Actor_10,female,3,1,6,fearful,2,2,2,16000,1,3.8706,61929
03-01-07-01-01-01-10.wav,c:\Users\kamal\group 2\Group-2-Speech-Recognition-Emotion-Classification-\data\raw\RAVDESS\Actor_10\03-01-07-01-01-01-10.wav,10,Actor_10,female,3,1,7,disgust,1,1,1,16000,1,3.7037,59260
03-01-07-01-01-02-10.wav,c:\Users\kamal\group 2\Group-2-Speech-Recognition-Emotion-Classification-\data\raw\RAVDESS\Actor_10\03-01-07-01-01-02-10.wav,10,Actor_10,female,3,1,7,disgust,1,1,2,16000,1,4.2042,67267
03-01-07-01-02-01-10.wav,c:\Users\kamal\group 2\Group-2-Speech-Recognition-Emotion-Classification-\data\raw\RAVDESS\Actor_10\03-01-07-01-02-01-10.wav,10,Actor_10,female,3,1,7,disgust,1,2,1,16000,1,3.8706,61929
03-01-07-01-02-02-10.wav,c:\Users\kamal\group 2\Group-2-Speech-Recognition-Emotion-Classification-\data\raw\RAVDESS\Actor_10\03-01-07-01-02-02-10.wav,10,Actor_10,female,3,1,7,disgust,1,2,2,16000,1,4.2709,68335
03-01-07-02-01-01-10.wav,c:\Users\kamal\group 2\Group-2-Speech-Recognition-Emotion-Classification-\data\raw\RAVDESS\Actor_10\03-01-07-02-01-01-10.wav,10,Actor_10,female,3,1,7,disgust,2,1,1,16000,1,4.6714,74742
03-01-07-02-01-02-10.wav,c:\Users\kamal\group 2\Group-2-Speech-Recognition-Emotion-Classification-\data\raw\RAVDESS\Actor_10\03-01-07-02-01-02-10.wav,10,Actor_10,female,3,1,7,disgust,2,1,2,16000,1,4.5379,72606
03-01-07-02-02-01-10.wav,c:\Users\kamal\group 2\Group-2-Speech-Recognition-Emotion-Classification-\data\raw\RAVDESS\Actor_10\03-01-07-02-02-01-10.wav,10,Actor_10,female,3,1,7,disgust,2,2,1,16000,1,4.2042,67267
03-01-07-02-02-02-10.wav,c:\Users\kamal\group 2\Group-2-Speech-Recognition-Emotion-Classification-\data\raw\RAVDESS\Actor_10\03-01-07-02-02-02-10.wav,10,Actor_10,female,3,1,7,disgust,2,2,2,16000,1,4.8716,77945
03-01-08-01-01-01-10.wav,c:\Users\kamal\group 2\Group-2-Speech-Recognition-Emotion-Classification-\data\raw\RAVDESS\Actor_10\03-01-08-01-01-01-10.wav,10,Actor_10,female,3,1,8,surprised,1,1,1,16000,1,3.2366,51785
03-01-08-01-01-02-10.wav,c:\Users\kamal\group 2\Group-2-Speech-Recognition-Emotion-Classification-\data\raw\RAVDESS\Actor_10\03-01-08-01-01-02-10.wav,10,Actor_10,female,3,1,8,surprised,1,1,2,16000,1,3.4034,54455
03-01-08-01-02-01-10.wav,c:\Users\kamal\group 2\Group-2-Speech-Recognition-Emotion-Classification-\data\raw\RAVDESS\Actor_10\03-01-08-01-02-01-10.wav,10,Actor_10,female,3,1,8,surprised,1,2,1,16000,1,3.5035,56056
03-01-08-01-02-02-10.wav,c:\Users\kamal\group 2\Group-2-Speech-Recognition-Emotion-Classification-\data\raw\RAVDESS\Actor_10\03-01-08-01-02-02-10.wav,10,Actor_10,female,3,1,8,surprised,1,2,2,16000,1,3.4701,55522
03-01-08-02-01-01-10.wav,c:\Users\kamal\group 2\Group-2-Speech-Recognition-Emotion-Classification-\data\raw\RAVDESS\Actor_10\03-01-08-02-01-01-10.wav,10,Actor_10,female,3,1,8,surprised,2,1,1,16000,1,3.5035,56056
03-01-08-02-01-02-10.wav,c:\Users\kamal\group 2\Group-2-Speech-Recognition-Emotion-Classification-\data\raw\RAVDESS\Actor_10\03-01-08-02-01-02-10.wav,10,Actor_10,female,3,1,8,surprised,2,1,2,16000,1,3.4034,54455
03-01-08-02-02-01-10.wav,c:\Users\kamal\group 2\Group-2-Speech-Recognition-Emotion-Classification-\data\raw\RAVDESS\Actor_10\03-01-08-02-02-01-10.wav,10,Actor_10,female,3,1,8,surprised,2,2,1,16000,1,3.637,58192
03-01-08-02-02-02-10.wav,c:\Users\kamal\group 2\Group-2-Speech-Recognition-Emotion-Classification-\data\raw\RAVDESS\Actor_10\03-01-08-02-02-02-10.wav,10,Actor_10,female,3,1,8,surprised,2,2,2,16000,1,3.5035,56056
03-01-01-01-01-01-11.wav,c:\Users\kamal\group 2\Group-2-Speech-Recognition-Emotion-Classification-\data\raw\RAVDESS\Actor_11\03-01-01-01-01-01-11.wav,11,Actor_11,male,3,1,1,neutral,1,1,1,16000,1,3.1365,50184
03-01-01-01-01-02-11.wav,c:\Users\kamal\group 2\Group-2-Speech-Recognition-Emotion-Classification-\data\raw\RAVDESS\Actor_11\03-01-01-01-01-02-11.wav,11,Actor_11,male,3,1,1,neutral,1,1,2,16000,1,3.1031,49650
03-01-01-01-02-01-11.wav,c:\Users\kamal\group 2\Group-2-Speech-Recognition-Emotion-Classification-\data\raw\RAVDESS\Actor_11\03-01-01-01-02-01-11.wav,11,Actor_11,male,3,1,1,neutral,1,2,1,16000,1,3.2033,51252
03-01-01-01-02-02-11.wav,c:\Users\kamal\group 2\Group-2-Speech-Recognition-Emotion-Classification-\data\raw\RAVDESS\Actor_11\03-01-01-01-02-02-11.wav,11,Actor_11,male,3,1,1,neutral,1,2,2,16000,1,3.1699,50718
03-01-02-01-01-01-11.wav,c:\Users\kamal\group 2\Group-2-Speech-Recognition-Emotion-Classification-\data\raw\RAVDESS\Actor_11\03-01-02-01-01-01-11.wav,11,Actor_11,male,3,1,2,calm,1,1,1,16000,1,3.2699,52319
03-01-02-01-01-02-11.wav,c:\Users\kamal\group 2\Group-2-Speech-Recognition-Emotion-Classification-\data\raw\RAVDESS\Actor_11\03-01-02-01-01-02-11.wav,11,Actor_11,male,3,1,2,calm,1,1,2,16000,1,3.3367,53387
03-01-02-01-02-01-11.wav,c:\Users\kamal\group 2\Group-2-Speech-Recognition-Emotion-Classification-\data\raw\RAVDESS\Actor_11\03-01-02-01-02-01-11.wav,11,Actor_11,male,3,1,2,calm,1,2,1,16000,1,3.3367,53387
03-01-02-01-02-02-11.wav,c:\Users\kamal\group 2\Group-2-Speech-Recognition-Emotion-Classification-\data\raw\RAVDESS\Actor_11\03-01-02-01-02-02-11.wav,11,Actor_11,male,3,1,2,calm,1,2,2,16000,1,3.6704,58726
03-01-02-02-01-01-11.wav,c:\Users\kamal\group 2\Group-2-Speech-Recognition-Emotion-Classification-\data\raw\RAVDESS\Actor_11\03-01-02-02-01-01-11.wav,11,Actor_11,male,3,1,2,calm,2,1,1,16000,1,3.8372,61395
03-01-02-02-01-02-11.wav,c:\Users\kamal\group 2\Group-2-Speech-Recognition-Emotion-Classification-\data\raw\RAVDESS\Actor_11\03-01-02-02-01-02-11.wav,11,Actor_11,male,3,1,2,calm,2,1,2,16000,1,3.7371,59794
03-01-02-02-02-01-11.wav,c:\Users\kamal\group 2\Group-2-Speech-Recognition-Emotion-Classification-\data\raw\RAVDESS\Actor_11\03-01-02-02-02-01-11.wav,11,Actor_11,male,3,1,2,calm,2,2,1,16000,1,3.7704,60327
03-01-02-02-02-02-11.wav,c:\Users\kamal\group 2\Group-2-Speech-Recognition-Emotion-Classification-\data\raw\RAVDESS\Actor_11\03-01-02-02-02-02-11.wav,11,Actor_11,male,3,1,2,calm,2,2,2,16000,1,3.8372,61395
03-01-03-01-01-01-11.wav,c:\Users\kamal\group 2\Group-2-Speech-Recognition-Emotion-Classification-\data\raw\RAVDESS\Actor_11\03-01-03-01-01-01-11.wav,11,Actor_11,male,3,1,3,happy,1,1,1,16000,1,3.1031,49650
03-01-03-01-01-02-11.wav,c:\Users\kamal\group 2\Group-2-Speech-Recognition-Emotion-Classification-\data\raw\RAVDESS\Actor_11\03-01-03-01-01-02-11.wav,11,Actor_11,male,3,1,3,happy,1,1,2,16000,1,3.2033,51252
03-01-03-01-02-01-11.wav,c:\Users\kamal\group 2\Group-2-Speech-Recognition-Emotion-Classification-\data\raw\RAVDESS\Actor_11\03-01-03-01-02-01-11.wav,11,Actor_11,male,3,1,3,happy,1,2,1,16000,1,3.1699,50718
03-01-03-01-02-02-11.wav,c:\Users\kamal\group 2\Group-2-Speech-Recognition-Emotion-Classification-\data\raw\RAVDESS\Actor_11\03-01-03-01-02-02-11.wav,11,Actor_11,male,3,1,3,happy,1,2,2,16000,1,3.2366,51786
03-01-03-02-01-01-11.wav,c:\Users\kamal\group 2\Group-2-Speech-Recognition-Emotion-Classification-\data\raw\RAVDESS\Actor_11\03-01-03-02-01-01-11.wav,11,Actor_11,male,3,1,3,happy,2,1,1,16000,1,4.0374,64598
03-01-03-02-01-02-11.wav,c:\Users\kamal\group 2\Group-2-Speech-Recognition-Emotion-Classification-\data\raw\RAVDESS\Actor_11\03-01-03-02-01-02-11.wav,11,Actor_11,male,3,1,3,happy,2,1,2,16000,1,3.637,58192
03-01-03-02-02-01-11.wav,c:\Users\kamal\group 2\Group-2-Speech-Recognition-Emotion-Classification-\data\raw\RAVDESS\Actor_11\03-01-03-02-02-01-11.wav,11,Actor_11,male,3,1,3,happy,2,2,1,16000,1,3.8706,61929
03-01-03-02-02-02-11.wav,c:\Users\kamal\group 2\Group-2-Speech-Recognition-Emotion-Classification-\data\raw\RAVDESS\Actor_11\03-01-03-02-02-02-11.wav,11,Actor_11,male,3,1,3,happy,2,2,2,16000,1,3.5035,56056
03-01-04-01-01-01-11.wav,c:\Users\kamal\group 2\Group-2-Speech-Recognition-Emotion-Classification-\data\raw\RAVDESS\Actor_11\03-01-04-01-01-01-11.wav,11,Actor_11,male,3,1,4,sad,1,1,1,16000,1,3.3367,53387
03-01-04-01-01-02-11.wav,c:\Users\kamal\group 2\Group-2-Speech-Recognition-Emotion-Classification-\data\raw\RAVDESS\Actor_11\03-01-04-01-01-02-11.wav,11,Actor_11,male,3,1,4,sad,1,1,2,16000,1,3.6036,57658
03-01-04-01-02-01-11.wav,c:\Users\kamal\group 2\Group-2-Speech-Recognition-Emotion-Classification-\data\raw\RAVDESS\Actor_11\03-01-04-01-02-01-11.wav,11,Actor_11,male,3,1,4,sad,1,2,1,16000,1,3.5369,56590
03-01-04-01-02-02-11.wav,c:\Users\kamal\group 2\Group-2-Speech-Recognition-Emotion-Classification-\data\raw\RAVDESS\Actor_11\03-01-04-01-02-02-11.wav,11,Actor_11,male,3,1,4,sad,1,2,2,16000,1,3.4368,54989
03-01-04-02-01-01-11.wav,c:\Users\kamal\group 2\Group-2-Speech-Recognition-Emotion-Classification-\data\raw\RAVDESS\Actor_11\03-01-04-02-01-01-11.wav,11,Actor_11,male,3,1,4,sad,2,1,1,16000,1,3.3367,53387
03-01-04-02-01-02-11.wav,c:\Users\kamal\group 2\Group-2-Speech-Recognition-Emotion-Classification-\data\raw\RAVDESS\Actor_11\03-01-04-02-01-02-11.wav,11,Actor_11,male,3,1,4,sad,2,1,2,16000,1,3.6036,57658
03-01-04-02-02-01-11.wav,c:\Users\kamal\group 2\Group-2-Speech-Recognition-Emotion-Classification-\data\raw\RAVDESS\Actor_11\03-01-04-02-02-01-11.wav,11,Actor_11,male,3,1,4,sad,2,2,1,16000,1,3.3701,53921
03-01-04-02-02-02-11.wav,c:\Users\kamal\group 2\Group-2-Speech-Recognition-Emotion-Classification-\data\raw\RAVDESS\Actor_11\03-01-04-02-02-02-11.wav,11,Actor_11,male,3,1,4,sad,2,2,2,16000,1,3.3367,53387
03-01-05-01-01-01-11.wav,c:\Users\kamal\group 2\Group-2-Speech-Recognition-Emotion-Classification-\data\raw\RAVDESS\Actor_11\03-01-05-01-01-01-11.wav,11,Actor_11,male,3,1,5,angry,1,1,1,16000,1,3.6036,57658
03-01-05-01-01-02-11.wav,c:\Users\kamal\group 2\Group-2-Speech-Recognition-Emotion-Classification-\data\raw\RAVDESS\Actor_11\03-01-05-01-01-02-11.wav,11,Actor_11,male,3,1,5,angry,1,1,2,16000,1,3.4702,55523
03-01-05-01-02-01-11.wav,c:\Users\kamal\group 2\Group-2-Speech-Recognition-Emotion-Classification-\data\raw\RAVDESS\Actor_11\03-01-05-01-02-01-11.wav,11,Actor_11,male,3,1,5,angry,1,2,1,16000,1,3.4701,55522
03-01-05-01-02-02-11.wav,c:\Users\kamal\group 2\Group-2-Speech-Recognition-Emotion-Classification-\data\raw\RAVDESS\Actor_11\03-01-05-01-02-02-11.wav,11,Actor_11,male,3,1,5,angry,1,2,2,16000,1,3.7371,59794
03-01-05-02-01-01-11.wav,c:\Users\kamal\group 2\Group-2-Speech-Recognition-Emotion-Classification-\data\raw\RAVDESS\Actor_11\03-01-05-02-01-01-11.wav,11,Actor_11,male,3,1,5,angry,2,1,1,16000,1,3.5369,56590
03-01-05-02-01-02-11.wav,c:\Users\kamal\group 2\Group-2-Speech-Recognition-Emotion-Classification-\data\raw\RAVDESS\Actor_11\03-01-05-02-01-02-11.wav,11,Actor_11,male,3,1,5,angry,2,1,2,16000,1,3.9706,63530
03-01-05-02-02-01-11.wav,c:\Users\kamal\group 2\Group-2-Speech-Recognition-Emotion-Classification-\data\raw\RAVDESS\Actor_11\03-01-05-02-02-01-11.wav,11,Actor_11,male,3,1,5,angry,2,2,1,16000,1,3.9373,62997
03-01-05-02-02-02-11.wav,c:\Users\kamal\group 2\Group-2-Speech-Recognition-Emotion-Classification-\data\raw\RAVDESS\Actor_11\03-01-05-02-02-02-11.wav,11,Actor_11,male,3,1,5,angry,2,2,2,16000,1,3.7704,60327
03-01-06-01-01-01-11.wav,c:\Users\kamal\group 2\Group-2-Speech-Recognition-Emotion-Classification-\data\raw\RAVDESS\Actor_11\03-01-06-01-01-01-11.wav,11,Actor_11,male,3,1,6,fearful,1,1,1,16000,1,3.4701,55522
03-01-06-01-01-02-11.wav,c:\Users\kamal\group 2\Group-2-Speech-Recognition-Emotion-Classification-\data\raw\RAVDESS\Actor_11\03-01-06-01-01-02-11.wav,11,Actor_11,male,3,1,6,fearful,1,1,2,16000,1,3.5035,56056
03-01-06-01-02-01-11.wav,c:\Users\kamal\group 2\Group-2-Speech-Recognition-Emotion-Classification-\data\raw\RAVDESS\Actor_11\03-01-06-01-02-01-11.wav,11,Actor_11,male,3,1,6,fearful,1,2,1,16000,1,3.1699,50718
03-01-06-01-02-02-11.wav,c:\Users\kamal\group 2\Group-2-Speech-Recognition-Emotion-Classification-\data\raw\RAVDESS\Actor_11\03-01-06-01-02-02-11.wav,11,Actor_11,male,3,1,6,fearful,1,2,2,16000,1,3.2033,51252
03-01-06-02-01-01-11.wav,c:\Users\kamal\group 2\Group-2-Speech-Recognition-Emotion-Classification-\data\raw\RAVDESS\Actor_11\03-01-06-02-01-01-11.wav,11,Actor_11,male,3,1,6,fearful,2,1,1,16000,1,3.2033,51252
03-01-06-02-01-02-11.wav,c:\Users\kamal\group 2\Group-2-Speech-Recognition-Emotion-Classification-\data\raw\RAVDESS\Actor_11\03-01-06-02-01-02-11.wav,11,Actor_11,male,3,1,6,fearful,2,1,2,16000,1,3.2033,51252
03-01-06-02-02-01-11.wav,c:\Users\kamal\group 2\Group-2-Speech-Recognition-Emotion-Classification-\data\raw\RAVDESS\Actor_11\03-01-06-02-02-01-11.wav,11,Actor_11,male,3,1,6,fearful,2,2,1,16000,1,3.0697,49116
03-01-06-02-02-02-11.wav,c:\Users\kamal\group 2\Group-2-Speech-Recognition-Emotion-Classification-\data\raw\RAVDESS\Actor_11\03-01-06-02-02-02-11.wav,11,Actor_11,male,3,1,6,fearful,2,2,2,16000,1,3.1365,50184
03-01-07-01-01-01-11.wav,c:\Users\kamal\group 2\Group-2-Speech-Recognition-Emotion-Classification-\data\raw\RAVDESS\Actor_11\03-01-07-01-01-01-11.wav,11,Actor_11,male,3,1,7,disgust,1,1,1,16000,1,3.6704,58726
03-01-07-01-01-02-11.wav,c:\Users\kamal\group 2\Group-2-Speech-Recognition-Emotion-Classification-\data\raw\RAVDESS\Actor_11\03-01-07-01-01-02-11.wav,11,Actor_11,male,3,1,7,disgust,1,1,2,16000,1,3.6036,57658
03-01-07-01-02-01-11.wav,c:\Users\kamal\group 2\Group-2-Speech-Recognition-Emotion-Classification-\data\raw\RAVDESS\Actor_11\03-01-07-01-02-01-11.wav,11,Actor_11,male,3,1,7,disgust,1,2,1,16000,1,3.4701,55522
03-01-07-01-02-02-11.wav,c:\Users\kamal\group 2\Group-2-Speech-Recognition-Emotion-Classification-\data\raw\RAVDESS\Actor_11\03-01-07-01-02-02-11.wav,11,Actor_11,male,3,1,7,disgust,1,2,2,16000,1,3.6704,58726
03-01-07-02-01-01-11.wav,c:\Users\kamal\group 2\Group-2-Speech-Recognition-Emotion-Classification-\data\raw\RAVDESS\Actor_11\03-01-07-02-01-01-11.wav,11,Actor_11,male,3,1,7,disgust,2,1,1,16000,1,3.8038,60861
03-01-07-02-01-02-11.wav,c:\Users\kamal\group 2\Group-2-Speech-Recognition-Emotion-Classification-\data\raw\RAVDESS\Actor_11\03-01-07-02-01-02-11.wav,11,Actor_11,male,3,1,7,disgust,2,1,2,16000,1,3.8038,60861
03-01-07-02-02-01-11.wav,c:\Users\kamal\group 2\Group-2-Speech-Recognition-Emotion-Classification-\data\raw\RAVDESS\Actor_11\03-01-07-02-02-01-11.wav,11,Actor_11,male,3,1,7,disgust,2,2,1,16000,1,3.7371,59793
03-01-07-02-02-02-11.wav,c:\Users\kamal\group 2\Group-2-Speech-Recognition-Emotion-Classification-\data\raw\RAVDESS\Actor_11\03-01-07-02-02-02-11.wav,11,Actor_11,male,3,1,7,disgust,2,2,2,16000,1,3.7371,59793
03-01-08-01-01-01-11.wav,c:\Users\kamal\group 2\Group-2-Speech-Recognition-Emotion-Classification-\data\raw\RAVDESS\Actor_11\03-01-08-01-01-01-11.wav,11,Actor_11,male,3,1,8,surprised,1,1,1,16000,1,3.0697,49116
03-01-08-01-01-02-11.wav,c:\Users\kamal\group 2\Group-2-Speech-Recognition-Emotion-Classification-\data\raw\RAVDESS\Actor_11\03-01-08-01-01-02-11.wav,11,Actor_11,male,3,1,8,surprised,1,1,2,16000,1,3.1365,50184
03-01-08-01-02-01-11.wav,c:\Users\kamal\group 2\Group-2-Speech-Recognition-Emotion-Classification-\data\raw\RAVDESS\Actor_11\03-01-08-01-02-01-11.wav,11,Actor_11,male,3,1,8,surprised,1,2,1,16000,1,3.1699,50718
03-01-08-01-02-02-11.wav,c:\Users\kamal\group 2\Group-2-Speech-Recognition-Emotion-Classification-\data\raw\RAVDESS\Actor_11\03-01-08-01-02-02-11.wav,11,Actor_11,male,3,1,8,surprised,1,2,2,16000,1,2.9696,47514
03-01-08-02-01-01-11.wav,c:\Users\kamal\group 2\Group-2-Speech-Recognition-Emotion-Classification-\data\raw\RAVDESS\Actor_11\03-01-08-02-01-01-11.wav,11,Actor_11,male,3,1,8,surprised,2,1,1,16000,1,3.0697,49116
03-01-08-02-01-02-11.wav,c:\Users\kamal\group 2\Group-2-Speech-Recognition-Emotion-Classification-\data\raw\RAVDESS\Actor_11\03-01-08-02-01-02-11.wav,11,Actor_11,male,3,1,8,surprised,2,1,2,16000,1,3.1031,49650
03-01-08-02-02-01-11.wav,c:\Users\kamal\group 2\Group-2-Speech-Recognition-Emotion-Classification-\data\raw\RAVDESS\Actor_11\03-01-08-02-02-01-11.wav,11,Actor_11,male,3,1,8,surprised,2,2,1,16000,1,3.0697,49116
03-01-08-02-02-02-11.wav,c:\Users\kamal\group 2\Group-2-Speech-Recognition-Emotion-Classification-\data\raw\RAVDESS\Actor_11\03-01-08-02-02-02-11.wav,11,Actor_11,male,3,1,8,surprised,2,2,2,16000,1,3.0697,49116
03-01-01-01-01-01-12.wav,c:\Users\kamal\group 2\Group-2-Speech-Recognition-Emotion-Classification-\data\raw\RAVDESS\Actor_12\03-01-01-01-01-01-12.wav,12,Actor_12,female,3,1,1,neutral,1,1,1,16000,1,3.637,58192
03-01-01-01-01-02-12.wav,c:\Users\kamal\group 2\Group-2-Speech-Recognition-Emotion-Classification-\data\raw\RAVDESS\Actor_12\03-01-01-01-01-02-12.wav,12,Actor_12,female,3,1,1,neutral,1,1,2,16000,1,3.5369,56590
03-01-01-01-02-01-12.wav,c:\Users\kamal\group 2\Group-2-Speech-Recognition-Emotion-Classification-\data\raw\RAVDESS\Actor_12\03-01-01-01-02-01-12.wav,12,Actor_12,female,3,1,1,neutral,1,2,1,16000,1,3.6036,57658
03-01-01-01-02-02-12.wav,c:\Users\kamal\group 2\Group-2-Speech-Recognition-Emotion-Classification-\data\raw\RAVDESS\Actor_12\03-01-01-01-02-02-12.wav,12,Actor_12,female,3,1,1,neutral,1,2,2,16000,1,3.637,58192
03-01-02-01-01-01-12.wav,c:\Users\kamal\group 2\Group-2-Speech-Recognition-Emotion-Classification-\data\raw\RAVDESS\Actor_12\03-01-02-01-01-01-12.wav,12,Actor_12,female,3,1,2,calm,1,1,1,16000,1,3.8706,61929
03-01-02-01-01-02-12.wav,c:\Users\kamal\group 2\Group-2-Speech-Recognition-Emotion-Classification-\data\raw\RAVDESS\Actor_12\03-01-02-01-01-02-12.wav,12,Actor_12,female,3,1,2,calm,1,1,2,16000,1,3.7704,60327
03-01-02-01-02-01-12.wav,c:\Users\kamal\group 2\Group-2-Speech-Recognition-Emotion-Classification-\data\raw\RAVDESS\Actor_12\03-01-02-01-02-01-12.wav,12,Actor_12,female,3,1,2,calm,1,2,1,16000,1,3.7704,60327
03-01-02-01-02-02-12.wav,c:\Users\kamal\group 2\Group-2-Speech-Recognition-Emotion-Classification-\data\raw\RAVDESS\Actor_12\03-01-02-01-02-02-12.wav,12,Actor_12,female,3,1,2,calm,1,2,2,16000,1,3.6704,58726
03-01-02-02-01-01-12.wav,c:\Users\kamal\group 2\Group-2-Speech-Recognition-Emotion-Classification-\data\raw\RAVDESS\Actor_12\03-01-02-02-01-01-12.wav,12,Actor_12,female,3,1,2,calm,2,1,1,16000,1,3.9706,63530
03-01-02-02-01-02-12.wav,c:\Users\kamal\group 2\Group-2-Speech-Recognition-Emotion-Classification-\data\raw\RAVDESS\Actor_12\03-01-02-02-01-02-12.wav,12,Actor_12,female,3,1,2,calm,2,1,2,16000,1,3.7704,60327
03-01-02-02-02-01-12.wav,c:\Users\kamal\group 2\Group-2-Speech-Recognition-Emotion-Classification-\data\raw\RAVDESS\Actor_12\03-01-02-02-02-01-12.wav,12,Actor_12,female,3,1,2,calm,2,2,1,16000,1,3.7371,59794
03-01-02-02-02-02-12.wav,c:\Users\kamal\group 2\Group-2-Speech-Recognition-Emotion-Classification-\data\raw\RAVDESS\Actor_12\03-01-02-02-02-02-12.wav,12,Actor_12,female,3,1,2,calm,2,2,2,16000,1,3.8038,60861
03-01-03-01-01-01-12.wav,c:\Users\kamal\group 2\Group-2-Speech-Recognition-Emotion-Classification-\data\raw\RAVDESS\Actor_12\03-01-03-01-01-01-12.wav,12,Actor_12,female,3,1,3,happy,1,1,1,16000,1,3.7037,59260
03-01-03-01-01-02-12.wav,c:\Users\kamal\group 2\Group-2-Speech-Recognition-Emotion-Classification-\data\raw\RAVDESS\Actor_12\03-01-03-01-01-02-12.wav,12,Actor_12,female,3,1,3,happy,1,1,2,16000,1,3.7371,59793
03-01-03-01-02-01-12.wav,c:\Users\kamal\group 2\Group-2-Speech-Recognition-Emotion-Classification-\data\raw\RAVDESS\Actor_12\03-01-03-01-02-01-12.wav,12,Actor_12,female,3,1,3,happy,1,2,1,16000,1,3.5035,56056
03-01-03-01-02-02-12.wav,c:\Users\kamal\group 2\Group-2-Speech-Recognition-Emotion-Classification-\data\raw\RAVDESS\Actor_12\03-01-03-01-02-02-12.wav,12,Actor_12,female,3,1,3,happy,1,2,2,16000,1,3.7371,59794
03-01-03-02-01-01-12.wav,c:\Users\kamal\group 2\Group-2-Speech-Recognition-Emotion-Classification-\data\raw\RAVDESS\Actor_12\03-01-03-02-01-01-12.wav,12,Actor_12,female,3,1,3,happy,2,1,1,16000,1,4.2043,67268
03-01-03-02-01-02-12.wav,c:\Users\kamal\group 2\Group-2-Speech-Recognition-Emotion-Classification-\data\raw\RAVDESS\Actor_12\03-01-03-02-01-02-12.wav,12,Actor_12,female,3,1,3,happy,2,1,2,16000,1,4.1375,66200
03-01-03-02-02-01-12.wav,c:\Users\kamal\group 2\Group-2-Speech-Recognition-Emotion-Classification-\data\raw\RAVDESS\Actor_12\03-01-03-02-02-01-12.wav,12,Actor_12,female,3,1,3,happy,2,2,1,16000,1,3.9039,62463
03-01-03-02-02-02-12.wav,c:\Users\kamal\group 2\Group-2-Speech-Recognition-Emotion-Classification-\data\raw\RAVDESS\Actor_12\03-01-03-02-02-02-12.wav,12,Actor_12,female,3,1,3,happy,2,2,2,16000,1,3.9706,63530
03-01-04-01-01-01-12.wav,c:\Users\kamal\group 2\Group-2-Speech-Recognition-Emotion-Classification-\data\raw\RAVDESS\Actor_12\03-01-04-01-01-01-12.wav,12,Actor_12,female,3,1,4,sad,1,1,1,16000,1,3.6704,58726
03-01-04-01-01-02-12.wav,c:\Users\kamal\group 2\Group-2-Speech-Recognition-Emotion-Classification-\data\raw\RAVDESS\Actor_12\03-01-04-01-01-02-12.wav,12,Actor_12,female,3,1,4,sad,1,1,2,16000,1,3.6036,57658
03-01-04-01-02-01-12.wav,c:\Users\kamal\group 2\Group-2-Speech-Recognition-Emotion-Classification-\data\raw\RAVDESS\Actor_12\03-01-04-01-02-01-12.wav,12,Actor_12,female,3,1,4,sad,1,2,1,16000,1,3.6704,58726
03-01-04-01-02-02-12.wav,c:\Users\kamal\group 2\Group-2-Speech-Recognition-Emotion-Classification-\data\raw\RAVDESS\Actor_12\03-01-04-01-02-02-12.wav,12,Actor_12,female,3,1,4,sad,1,2,2,16000,1,3.5703,57124
03-01-04-02-01-01-12.wav,c:\Users\kamal\group 2\Group-2-Speech-Recognition-Emotion-Classification-\data\raw\RAVDESS\Actor_12\03-01-04-02-01-01-12.wav,12,Actor_12,female,3,1,4,sad,2,1,1,16000,1,3.8706,61929
03-01-04-02-01-02-12.wav,c:\Users\kamal\group 2\Group-2-Speech-Recognition-Emotion-Classification-\data\raw\RAVDESS\Actor_12\03-01-04-02-01-02-12.wav,12,Actor_12,female,3,1,4,sad,2,1,2,16000,1,3.7704,60327
03-01-04-02-02-01-12.wav,c:\Users\kamal\group 2\Group-2-Speech-Recognition-Emotion-Classification-\data\raw\RAVDESS\Actor_12\03-01-04-02-02-01-12.wav,12,Actor_12,female,3,1,4,sad,2,2,1,16000,1,3.8038,60861
03-01-04-02-02-02-12.wav,c:\Users\kamal\group 2\Group-2-Speech-Recognition-Emotion-Classification-\data\raw\RAVDESS\Actor_12\03-01-04-02-02-02-12.wav,12,Actor_12,female,3,1,4,sad,2,2,2,16000,1,3.8706,61929
03-01-05-01-01-01-12.wav,c:\Users\kamal\group 2\Group-2-Speech-Recognition-Emotion-Classification-\data\raw\RAVDESS\Actor_12\03-01-05-01-01-01-12.wav,12,Actor_12,female,3,1,5,angry,1,1,1,16000,1,4.2709,68335
03-01-05-01-01-02-12.wav,c:\Users\kamal\group 2\Group-2-Speech-Recognition-Emotion-Classification-\data\raw\RAVDESS\Actor_12\03-01-05-01-01-02-12.wav,12,Actor_12,female,3,1,5,angry,1,1,2,16000,1,3.9706,63530
03-01-05-01-02-01-12.wav,c:\Users\kamal\group 2\Group-2-Speech-Recognition-Emotion-Classification-\data\raw\RAVDESS\Actor_12\03-01-05-01-02-01-12.wav,12,Actor_12,female,3,1,5,angry,1,2,1,16000,1,3.7371,59794
03-01-05-01-02-02-12.wav,c:\Users\kamal\group 2\Group-2-Speech-Recognition-Emotion-Classification-\data\raw\RAVDESS\Actor_12\03-01-05-01-02-02-12.wav,12,Actor_12,female,3,1,5,angry,1,2,2,16000,1,4.1375,66200
03-01-05-02-01-01-12.wav,c:\Users\kamal\group 2\Group-2-Speech-Recognition-Emotion-Classification-\data\raw\RAVDESS\Actor_12\03-01-05-02-01-01-12.wav,12,Actor_12,female,3,1,5,angry,2,1,1,16000,1,3.637,58192
03-01-05-02-01-02-12.wav,c:\Users\kamal\group 2\Group-2-Speech-Recognition-Emotion-Classification-\data\raw\RAVDESS\Actor_12\03-01-05-02-01-02-12.wav,12,Actor_12,female,3,1,5,angry,2,1,2,16000,1,3.6704,58726
03-01-05-02-02-01-12.wav,c:\Users\kamal\group 2\Group-2-Speech-Recognition-Emotion-Classification-\data\raw\RAVDESS\Actor_12\03-01-05-02-02-01-12.wav,12,Actor_12,female,3,1,5,angry,2,2,1,16000,1,3.8038,60861
03-01-05-02-02-02-12.wav,c:\Users\kamal\group 2\Group-2-Speech-Recognition-Emotion-Classification-\data\raw\RAVDESS\Actor_12\03-01-05-02-02-02-12.wav,12,Actor_12,female,3,1,5,angry,2,2,2,16000,1,3.8372,61395
03-01-06-01-01-01-12.wav,c:\Users\kamal\group 2\Group-2-Speech-Recognition-Emotion-Classification-\data\raw\RAVDESS\Actor_12\03-01-06-01-01-01-12.wav,12,Actor_12,female,3,1,6,fearful,1,1,1,16000,1,3.4034,54455
03-01-06-01-01-02-12.wav,c:\Users\kamal\group 2\Group-2-Speech-Recognition-Emotion-Classification-\data\raw\RAVDESS\Actor_12\03-01-06-01-01-02-12.wav,12,Actor_12,female,3,1,6,fearful,1,1,2,16000,1,3.5035,56056
03-01-06-01-02-01-12.wav,c:\Users\kamal\group 2\Group-2-Speech-Recognition-Emotion-Classification-\data\raw\RAVDESS\Actor_12\03-01-06-01-02-01-12.wav,12,Actor_12,female,3,1,6,fearful,1,2,1,16000,1,3.3701,53921
03-01-06-01-02-02-12.wav,c:\Users\kamal\group 2\Group-2-Speech-Recognition-Emotion-Classification-\data\raw\RAVDESS\Actor_12\03-01-06-01-02-02-12.wav,12,Actor_12,female,3,1,6,fearful,1,2,2,16000,1,3.2033,51252
03-01-06-02-01-01-12.wav,c:\Users\kamal\group 2\Group-2-Speech-Recognition-Emotion-Classification-\data\raw\RAVDESS\Actor_12\03-01-06-02-01-01-12.wav,12,Actor_12,female,3,1,6,fearful,2,1,1,16000,1,3.7371,59794
03-01-06-02-01-02-12.wav,c:\Users\kamal\group 2\Group-2-Speech-Recognition-Emotion-Classification-\data\raw\RAVDESS\Actor_12\03-01-06-02-01-02-12.wav,12,Actor_12,female,3,1,6,fearful,2,1,2,16000,1,3.7037,59260
03-01-06-02-02-01-12.wav,c:\Users\kamal\group 2\Group-2-Speech-Recognition-Emotion-Classification-\data\raw\RAVDESS\Actor_12\03-01-06-02-02-01-12.wav,12,Actor_12,female,3,1,6,fearful,2,2,1,16000,1,3.4702,55523
03-01-06-02-02-02-12.wav,c:\Users\kamal\group 2\Group-2-Speech-Recognition-Emotion-Classification-\data\raw\RAVDESS\Actor_12\03-01-06-02-02-02-12.wav,12,Actor_12,female,3,1,6,fearful,2,2,2,16000,1,3.6704,58726
03-01-07-01-01-01-12.wav,c:\Users\kamal\group 2\Group-2-Speech-Recognition-Emotion-Classification-\data\raw\RAVDESS\Actor_12\03-01-07-01-01-01-12.wav,12,Actor_12,female,3,1,7,disgust,1,1,1,16000,1,3.7371,59793
03-01-07-01-01-02-12.wav,c:\Users\kamal\group 2\Group-2-Speech-Recognition-Emotion-Classification-\data\raw\RAVDESS\Actor_12\03-01-07-01-01-02-12.wav,12,Actor_12,female,3,1,7,disgust,1,1,2,16000,1,3.7037,59260
03-01-07-01-02-01-12.wav,c:\Users\kamal\group 2\Group-2-Speech-Recognition-Emotion-Classification-\data\raw\RAVDESS\Actor_12\03-01-07-01-02-01-12.wav,12,Actor_12,female,3,1,7,disgust,1,2,1,16000,1,3.6036,57658
03-01-07-01-02-02-12.wav,c:\Users\kamal\group 2\Group-2-Speech-Recognition-Emotion-Classification-\data\raw\RAVDESS\Actor_12\03-01-07-01-02-02-12.wav,12,Actor_12,female,3,1,7,disgust,1,2,2,16000,1,3.7037,59260
03-01-07-02-01-01-12.wav,c:\Users\kamal\group 2\Group-2-Speech-Recognition-Emotion-Classification-\data\raw\RAVDESS\Actor_12\03-01-07-02-01-01-12.wav,12,Actor_12,female,3,1,7,disgust,2,1,1,16000,1,3.9707,63531
03-01-07-02-01-02-12.wav,c:\Users\kamal\group 2\Group-2-Speech-Recognition-Emotion-Classification-\data\raw\RAVDESS\Actor_12\03-01-07-02-01-02-12.wav,12,Actor_12,female,3,1,7,disgust,2,1,2,16000,1,4.5379,72606
03-01-07-02-02-01-12.wav,c:\Users\kamal\group 2\Group-2-Speech-Recognition-Emotion-Classification-\data\raw\RAVDESS\Actor_12\03-01-07-02-02-01-12.wav,12,Actor_12,female,3,1,7,disgust,2,2,1,16000,1,4.2043,67268
03-01-07-02-02-02-12.wav,c:\Users\kamal\group 2\Group-2-Speech-Recognition-Emotion-Classification-\data\raw\RAVDESS\Actor_12\03-01-07-02-02-02-12.wav,12,Actor_12,female,3,1,7,disgust,2,2,2,16000,1,3.9707,63531
03-01-08-01-01-01-12.wav,c:\Users\kamal\group 2\Group-2-Speech-Recognition-Emotion-Classification-\data\raw\RAVDESS\Actor_12\03-01-08-01-01-01-12.wav,12,Actor_12,female,3,1,8,surprised,1,1,1,16000,1,3.5369,56590
03-01-08-01-01-02-12.wav,c:\Users\kamal\group 2\Group-2-Speech-Recognition-Emotion-Classification-\data\raw\RAVDESS\Actor_12\03-01-08-01-01-02-12.wav,12,Actor_12,female,3,1,8,surprised,1,1,2,16000,1,3.637,58192
03-01-08-01-02-01-12.wav,c:\Users\kamal\group 2\Group-2-Speech-Recognition-Emotion-Classification-\data\raw\RAVDESS\Actor_12\03-01-08-01-02-01-12.wav,12,Actor_12,female,3,1,8,surprised,1,2,1,16000,1,3.5035,56056
03-01-08-01-02-02-12.wav,c:\Users\kamal\group 2\Group-2-Speech-Recognition-Emotion-Classification-\data\raw\RAVDESS\Actor_12\03-01-08-01-02-02-12.wav,12,Actor_12,female,3,1,8,surprised,1,2,2,16000,1,3.6036,57658
03-01-08-02-01-01-12.wav,c:\Users\kamal\group 2\Group-2-Speech-Recognition-Emotion-Classification-\data\raw\RAVDESS\Actor_12\03-01-08-02-01-01-12.wav,12,Actor_12,female,3,1,8,surprised,2,1,1,16000,1,3.7037,59259
03-01-08-02-01-02-12.wav,c:\Users\kamal\group 2\Group-2-Speech-Recognition-Emotion-Classification-\data\raw\RAVDESS\Actor_12\03-01-08-02-01-02-12.wav,12,Actor_12,female,3,1,8,surprised,2,1,2,16000,1,3.7371,59793
03-01-08-02-02-01-12.wav,c:\Users\kamal\group 2\Group-2-Speech-Recognition-Emotion-Classification-\data\raw\RAVDESS\Actor_12\03-01-08-02-02-01-12.wav,12,Actor_12,female,3,1,8,surprised,2,2,1,16000,1,3.7371,59793
03-01-08-02-02-02-12.wav,c:\Users\kamal\group 2\Group-2-Speech-Recognition-Emotion-Classification-\data\raw\RAVDESS\Actor_12\03-01-08-02-02-02-12.wav,12,Actor_12,female,3,1,8,surprised,2,2,2,16000,1,3.6704,58726
03-01-01-01-01-01-13.wav,c:\Users\kamal\group 2\Group-2-Speech-Recognition-Emotion-Classification-\data\raw\RAVDESS\Actor_13\03-01-01-01-01-01-13.wav,13,Actor_13,male,3,1,1,neutral,1,1,1,16000,1,3.1699,50718
03-01-01-01-01-02-13.wav,c:\Users\kamal\group 2\Group-2-Speech-Recognition-Emotion-Classification-\data\raw\RAVDESS\Actor_13\03-01-01-01-01-02-13.wav,13,Actor_13,male,3,1,1,neutral,1,1,2,16000,1,3.2032,51251
03-01-01-01-02-01-13.wav,c:\Users\kamal\group 2\Group-2-Speech-Recognition-Emotion-Classification-\data\raw\RAVDESS\Actor_13\03-01-01-01-02-01-13.wav,13,Actor_13,male,3,1,1,neutral,1,2,1,16000,1,3.0697,49116
03-01-01-01-02-02-13.wav,c:\Users\kamal\group 2\Group-2-Speech-Recognition-Emotion-Classification-\data\raw\RAVDESS\Actor_13\03-01-01-01-02-02-13.wav,13,Actor_13,male,3,1,1,neutral,1,2,2,16000,1,3.1365,50184
03-01-02-01-01-01-13.wav,c:\Users\kamal\group 2\Group-2-Speech-Recognition-Emotion-Classification-\data\raw\RAVDESS\Actor_13\03-01-02-01-01-01-13.wav,13,Actor_13,male,3,1,2,calm,1,1,1,16000,1,3.3033,52853
03-01-02-01-01-02-13.wav,c:\Users\kamal\group 2\Group-2-Speech-Recognition-Emotion-Classification-\data\raw\RAVDESS\Actor_13\03-01-02-01-01-02-13.wav,13,Actor_13,male,3,1,2,calm,1,1,2,16000,1,3.1699,50718
03-01-02-01-02-01-13.wav,c:\Users\kamal\group 2\Group-2-Speech-Recognition-Emotion-Classification-\data\raw\RAVDESS\Actor_13\03-01-02-01-02-01-13.wav,13,Actor_13,male,3,1,2,calm,1,2,1,16000,1,3.1365,50184
03-01-02-01-02-02-13.wav,c:\Users\kamal\group 2\Group-2-Speech-Recognition-Emotion-Classification-\data\raw\RAVDESS\Actor_13\03-01-02-01-02-02-13.wav,13,Actor_13,male,3,1,2,calm,1,2,2,16000,1,2.9363,46981
03-01-02-02-01-01-13.wav,c:\Users\kamal\group 2\Group-2-Speech-Recognition-Emotion-Classification-\data\raw\RAVDESS\Actor_13\03-01-02-02-01-01-13.wav,13,Actor_13,male,3,1,2,calm,2,1,1,16000,1,3.1365,50184
03-01-02-02-01-02-13.wav,c:\Users\kamal\group 2\Group-2-Speech-Recognition-Emotion-Classification-\data\raw\RAVDESS\Actor_13\03-01-02-02-01-02-13.wav,13,Actor_13,male,3,1,2,calm,2,1,2,16000,1,3.2033,51252
03-01-02-02-02-01-13.wav,c:\Users\kamal\group 2\Group-2-Speech-Recognition-Emotion-Classification-\data\raw\RAVDESS\Actor_13\03-01-02-02-02-01-13.wav,13,Actor_13,male,3,1,2,calm,2,2,1,16000,1,3.003,48048
03-01-02-02-02-02-13.wav,c:\Users\kamal\group 2\Group-2-Speech-Recognition-Emotion-Classification-\data\raw\RAVDESS\Actor_13\03-01-02-02-02-02-13.wav,13,Actor_13,male,3,1,2,calm,2,2,2,16000,1,3.0364,48582
03-01-03-01-01-01-13.wav,c:\Users\kamal\group 2\Group-2-Speech-Recognition-Emotion-Classification-\data\raw\RAVDESS\Actor_13\03-01-03-01-01-01-13.wav,13,Actor_13,male,3,1,3,happy,1,1,1,16000,1,3.2366,51785
03-01-03-01-01-02-13.wav,c:\Users\kamal\group 2\Group-2-Speech-Recognition-Emotion-Classification-\data\raw\RAVDESS\Actor_13\03-01-03-01-01-02-13.wav,13,Actor_13,male,3,1,3,happy,1,1,2,16000,1,3.2033,51252
03-01-03-01-02-01-13.wav,c:\Users\kamal\group 2\Group-2-Speech-Recognition-Emotion-Classification-\data\raw\RAVDESS\Actor_13\03-01-03-01-02-01-13.wav,13,Actor_13,male,3,1,3,happy,1,2,1,16000,1,3.1365,50184
03-01-03-01-02-02-13.wav,c:\Users\kamal\group 2\Group-2-Speech-Recognition-Emotion-Classification-\data\raw\RAVDESS\Actor_13\03-01-03-01-02-02-13.wav,13,Actor_13,male,3,1,3,happy,1,2,2,16000,1,3.2033,51252
03-01-03-02-01-01-13.wav,c:\Users\kamal\group 2\Group-2-Speech-Recognition-Emotion-Classification-\data\raw\RAVDESS\Actor_13\03-01-03-02-01-01-13.wav,13,Actor_13,male,3,1,3,happy,2,1,1,16000,1,3.4368,54989
03-01-03-02-01-02-13.wav,c:\Users\kamal\group 2\Group-2-Speech-Recognition-Emotion-Classification-\data\raw\RAVDESS\Actor_13\03-01-03-02-01-02-13.wav,13,Actor_13,male,3,1,3,happy,2,1,2,16000,1,3.6036,57658
03-01-03-02-02-01-13.wav,c:\Users\kamal\group 2\Group-2-Speech-Recognition-Emotion-Classification-\data\raw\RAVDESS\Actor_13\03-01-03-02-02-01-13.wav,13,Actor_13,male,3,1,3,happy,2,2,1,16000,1,3.3701,53921
03-01-03-02-02-02-13.wav,c:\Users\kamal\group 2\Group-2-Speech-Recognition-Emotion-Classification-\data\raw\RAVDESS\Actor_13\03-01-03-02-02-02-13.wav,13,Actor_13,male,3,1,3,happy,2,2,2,16000,1,3.3367,53387
03-01-04-01-01-01-13.wav,c:\Users\kamal\group 2\Group-2-Speech-Recognition-Emotion-Classification-\data\raw\RAVDESS\Actor_13\03-01-04-01-01-01-13.wav,13,Actor_13,male,3,1,4,sad,1,1,1,16000,1,3.5703,57124
03-01-04-01-01-02-13.wav,c:\Users\kamal\group 2\Group-2-Speech-Recognition-Emotion-Classification-\data\raw\RAVDESS\Actor_13\03-01-04-01-01-02-13.wav,13,Actor_13,male,3,1,4,sad,1,1,2,16000,1,3.5369,56590
03-01-04-01-02-01-13.wav,c:\Users\kamal\group 2\Group-2-Speech-Recognition-Emotion-Classification-\data\raw\RAVDESS\Actor_13\03-01-04-01-02-01-13.wav,13,Actor_13,male,3,1,4,sad,1,2,1,16000,1,3.4368,54989
03-01-04-01-02-02-13.wav,c:\Users\kamal\group 2\Group-2-Speech-Recognition-Emotion-Classification-\data\raw\RAVDESS\Actor_13\03-01-04-01-02-02-13.wav,13,Actor_13,male,3,1,4,sad,1,2,2,16000,1,3.3701,53921
03-01-04-02-01-01-13.wav,c:\Users\kamal\group 2\Group-2-Speech-Recognition-Emotion-Classification-\data\raw\RAVDESS\Actor_13\03-01-04-02-01-01-13.wav,13,Actor_13,male,3,1,4,sad,2,1,1,16000,1,3.3367,53387
03-01-04-02-01-02-13.wav,c:\Users\kamal\group 2\Group-2-Speech-Recognition-Emotion-Classification-\data\raw\RAVDESS\Actor_13\03-01-04-02-01-02-13.wav,13,Actor_13,male,3,1,4,sad,2,1,2,16000,1,3.3033,52853
03-01-04-02-02-01-13.wav,c:\Users\kamal\group 2\Group-2-Speech-Recognition-Emotion-Classification-\data\raw\RAVDESS\Actor_13\03-01-04-02-02-01-13.wav,13,Actor_13,male,3,1,4,sad,2,2,1,16000,1,3.4368,54989
03-01-04-02-02-02-13.wav,c:\Users\kamal\group 2\Group-2-Speech-Recognition-Emotion-Classification-\data\raw\RAVDESS\Actor_13\03-01-04-02-02-02-13.wav,13,Actor_13,male,3,1,4,sad,2,2,2,16000,1,3.2032,51251
03-01-05-01-01-01-13.wav,c:\Users\kamal\group 2\Group-2-Speech-Recognition-Emotion-Classification-\data\raw\RAVDESS\Actor_13\03-01-05-01-01-01-13.wav,13,Actor_13,male,3,1,5,angry,1,1,1,16000,1,3.4368,54989
03-01-05-01-01-02-13.wav,c:\Users\kamal\group 2\Group-2-Speech-Recognition-Emotion-Classification-\data\raw\RAVDESS\Actor_13\03-01-05-01-01-02-13.wav,13,Actor_13,male,3,1,5,angry,1,1,2,16000,1,3.5369,56590
03-01-05-01-02-01-13.wav,c:\Users\kamal\group 2\Group-2-Speech-Recognition-Emotion-Classification-\data\raw\RAVDESS\Actor_13\03-01-05-01-02-01-13.wav,13,Actor_13,male,3,1,5,angry,1,2,1,16000,1,3.6036,57658
03-01-05-01-02-02-13.wav,c:\Users\kamal\group 2\Group-2-Speech-Recognition-Emotion-Classification-\data\raw\RAVDESS\Actor_13\03-01-05-01-02-02-13.wav,13,Actor_13,male,3,1,5,angry,1,2,2,16000,1,3.3701,53921
03-01-05-02-01-01-13.wav,c:\Users\kamal\group 2\Group-2-Speech-Recognition-Emotion-Classification-\data\raw\RAVDESS\Actor_13\03-01-05-02-01-01-13.wav,13,Actor_13,male,3,1,5,angry,2,1,1,16000,1,3.6704,58726
03-01-05-02-01-02-13.wav,c:\Users\kamal\group 2\Group-2-Speech-Recognition-Emotion-Classification-\data\raw\RAVDESS\Actor_13\03-01-05-02-01-02-13.wav,13,Actor_13,male,3,1,5,angry,2,1,2,16000,1,4.2709,68335
03-01-05-02-02-01-13.wav,c:\Users\kamal\group 2\Group-2-Speech-Recognition-Emotion-Classification-\data\raw\RAVDESS\Actor_13\03-01-05-02-02-01-13.wav,13,Actor_13,male,3,1,5,angry,2,2,1,16000,1,3.5703,57124
03-01-05-02-02-02-13.wav,c:\Users\kamal\group 2\Group-2-Speech-Recognition-Emotion-Classification-\data\raw\RAVDESS\Actor_13\03-01-05-02-02-02-13.wav,13,Actor_13,male,3,1,5,angry,2,2,2,16000,1,4.1709,66734
03-01-06-01-01-01-13.wav,c:\Users\kamal\group 2\Group-2-Speech-Recognition-Emotion-Classification-\data\raw\RAVDESS\Actor_13\03-01-06-01-01-01-13.wav,13,Actor_13,male,3,1,6,fearful,1,1,1,16000,1,3.1365,50184
03-01-06-01-01-02-13.wav,c:\Users\kamal\group 2\Group-2-Speech-Recognition-Emotion-Classification-\data\raw\RAVDESS\Actor_13\03-01-06-01-01-02-13.wav,13,Actor_13,male,3,1,6,fearful,1,1,2,16000,1,3.1699,50718
03-01-06-01-02-01-13.wav,c:\Users\kamal\group 2\Group-2-Speech-Recognition-Emotion-Classification-\data\raw\RAVDESS\Actor_13\03-01-06-01-02-01-13.wav,13,Actor_13,male,3,1,6,fearful,1,2,1,16000,1,3.2033,51252
03-01-06-01-02-02-13.wav,c:\Users\kamal\group 2\Group-2-Speech-Recognition-Emotion-Classification-\data\raw\RAVDESS\Actor_13\03-01-06-01-02-02-13.wav,13,Actor_13,male,3,1,6,fearful,1,2,2,16000,1,3.2366,51785
03-01-06-02-01-01-13.wav,c:\Users\kamal\group 2\Group-2-Speech-Recognition-Emotion-Classification-\data\raw\RAVDESS\Actor_13\03-01-06-02-01-01-13.wav,13,Actor_13,male,3,1,6,fearful,2,1,1,16000,1,3.3701,53921
03-01-06-02-01-02-13.wav,c:\Users\kamal\group 2\Group-2-Speech-Recognition-Emotion-Classification-\data\raw\RAVDESS\Actor_13\03-01-06-02-01-02-13.wav,13,Actor_13,male,3,1,6,fearful,2,1,2,16000,1,3.2699,52319
03-01-06-02-02-01-13.wav,c:\Users\kamal\group 2\Group-2-Speech-Recognition-Emotion-Classification-\data\raw\RAVDESS\Actor_13\03-01-06-02-02-01-13.wav,13,Actor_13,male,3,1,6,fearful,2,2,1,16000,1,3.5035,56056
03-01-06-02-02-02-13.wav,c:\Users\kamal\group 2\Group-2-Speech-Recognition-Emotion-Classification-\data\raw\RAVDESS\Actor_13\03-01-06-02-02-02-13.wav,13,Actor_13,male,3,1,6,fearful,2,2,2,16000,1,3.2033,51252
03-01-07-01-01-01-13.wav,c:\Users\kamal\group 2\Group-2-Speech-Recognition-Emotion-Classification-\data\raw\RAVDESS\Actor_13\03-01-07-01-01-01-13.wav,13,Actor_13,male,3,1,7,disgust,1,1,1,16000,1,3.1365,50184
03-01-07-01-01-02-13.wav,c:\Users\kamal\group 2\Group-2-Speech-Recognition-Emotion-Classification-\data\raw\RAVDESS\Actor_13\03-01-07-01-01-02-13.wav,13,Actor_13,male,3,1,7,disgust,1,1,2,16000,1,3.1699,50718
03-01-07-01-02-01-13.wav,c:\Users\kamal\group 2\Group-2-Speech-Recognition-Emotion-Classification-\data\raw\RAVDESS\Actor_13\03-01-07-01-02-01-13.wav,13,Actor_13,male,3,1,7,disgust,1,2,1,16000,1,3.2699,52319
03-01-07-01-02-02-13.wav,c:\Users\kamal\group 2\Group-2-Speech-Recognition-Emotion-Classification-\data\raw\RAVDESS\Actor_13\03-01-07-01-02-02-13.wav,13,Actor_13,male,3,1,7,disgust,1,2,2,16000,1,3.2366,51785
03-01-07-02-01-01-13.wav,c:\Users\kamal\group 2\Group-2-Speech-Recognition-Emotion-Classification-\data\raw\RAVDESS\Actor_13\03-01-07-02-01-01-13.wav,13,Actor_13,male,3,1,7,disgust,2,1,1,16000,1,3.4034,54455
03-01-07-02-01-02-13.wav,c:\Users\kamal\group 2\Group-2-Speech-Recognition-Emotion-Classification-\data\raw\RAVDESS\Actor_13\03-01-07-02-01-02-13.wav,13,Actor_13,male,3,1,7,disgust,2,1,2,16000,1,3.7037,59260
03-01-07-02-02-01-13.wav,c:\Users\kamal\group 2\Group-2-Speech-Recognition-Emotion-Classification-\data\raw\RAVDESS\Actor_13\03-01-07-02-02-01-13.wav,13,Actor_13,male,3,1,7,disgust,2,2,1,16000,1,3.4034,54455
03-01-07-02-02-02-13.wav,c:\Users\kamal\group 2\Group-2-Speech-Recognition-Emotion-Classification-\data\raw\RAVDESS\Actor_13\03-01-07-02-02-02-13.wav,13,Actor_13,male,3,1,7,disgust,2,2,2,16000,1,3.4368,54989
03-01-08-01-01-01-13.wav,c:\Users\kamal\group 2\Group-2-Speech-Recognition-Emotion-Classification-\data\raw\RAVDESS\Actor_13\03-01-08-01-01-01-13.wav,13,Actor_13,male,3,1,8,surprised,1,1,1,16000,1,3.4034,54455
03-01-08-01-01-02-13.wav,c:\Users\kamal\group 2\Group-2-Speech-Recognition-Emotion-Classification-\data\raw\RAVDESS\Actor_13\03-01-08-01-01-02-13.wav,13,Actor_13,male,3,1,8,surprised,1,1,2,16000,1,3.1365,50184
03-01-08-01-02-01-13.wav,c:\Users\kamal\group 2\Group-2-Speech-Recognition-Emotion-Classification-\data\raw\RAVDESS\Actor_13\03-01-08-01-02-01-13.wav,13,Actor_13,male,3,1,8,surprised,1,2,1,16000,1,3.1365,50184
03-01-08-01-02-02-13.wav,c:\Users\kamal\group 2\Group-2-Speech-Recognition-Emotion-Classification-\data\raw\RAVDESS\Actor_13\03-01-08-01-02-02-13.wav,13,Actor_13,male,3,1,8,surprised,1,2,2,16000,1,3.0364,48582
03-01-08-02-01-01-13.wav,c:\Users\kamal\group 2\Group-2-Speech-Recognition-Emotion-Classification-\data\raw\RAVDESS\Actor_13\03-01-08-02-01-01-13.wav,13,Actor_13,male,3,1,8,surprised,2,1,1,16000,1,3.3367,53387
03-01-08-02-01-02-13.wav,c:\Users\kamal\group 2\Group-2-Speech-Recognition-Emotion-Classification-\data\raw\RAVDESS\Actor_13\03-01-08-02-01-02-13.wav,13,Actor_13,male,3,1,8,surprised,2,1,2,16000,1,3.3033,52853
03-01-08-02-02-01-13.wav,c:\Users\kamal\group 2\Group-2-Speech-Recognition-Emotion-Classification-\data\raw\RAVDESS\Actor_13\03-01-08-02-02-01-13.wav,13,Actor_13,male,3,1,8,surprised,2,2,1,16000,1,3.3367,53387
03-01-08-02-02-02-13.wav,c:\Users\kamal\group 2\Group-2-Speech-Recognition-Emotion-Classification-\data\raw\RAVDESS\Actor_13\03-01-08-02-02-02-13.wav,13,Actor_13,male,3,1,8,surprised,2,2,2,16000,1,3.3033,52853
03-01-01-01-01-01-14.wav,c:\Users\kamal\group 2\Group-2-Speech-Recognition-Emotion-Classification-\data\raw\RAVDESS\Actor_14\03-01-01-01-01-01-14.wav,14,Actor_14,female,3,1,1,neutral,1,1,1,16000,1,3.4701,55522
03-01-01-01-01-02-14.wav,c:\Users\kamal\group 2\Group-2-Speech-Recognition-Emotion-Classification-\data\raw\RAVDESS\Actor_14\03-01-01-01-01-02-14.wav,14,Actor_14,female,3,1,1,neutral,1,1,2,16000,1,3.3367,53387
03-01-01-01-02-01-14.wav,c:\Users\kamal\group 2\Group-2-Speech-Recognition-Emotion-Classification-\data\raw\RAVDESS\Actor_14\03-01-01-01-02-01-14.wav,14,Actor_14,female,3,1,1,neutral,1,2,1,16000,1,3.4702,55523
03-01-01-01-02-02-14.wav,c:\Users\kamal\group 2\Group-2-Speech-Recognition-Emotion-Classification-\data\raw\RAVDESS\Actor_14\03-01-01-01-02-02-14.wav,14,Actor_14,female,3,1,1,neutral,1,2,2,16000,1,3.5703,57124
03-01-02-01-01-01-14.wav,c:\Users\kamal\group 2\Group-2-Speech-Recognition-Emotion-Classification-\data\raw\RAVDESS\Actor_14\03-01-02-01-01-01-14.wav,14,Actor_14,female,3,1,2,calm,1,1,1,16000,1,3.7371,59793
03-01-02-01-01-02-14.wav,c:\Users\kamal\group 2\Group-2-Speech-Recognition-Emotion-Classification-\data\raw\RAVDESS\Actor_14\03-01-02-01-01-02-14.wav,14,Actor_14,female,3,1,2,calm,1,1,2,16000,1,3.5703,57124
03-01-02-01-02-01-14.wav,c:\Users\kamal\group 2\Group-2-Speech-Recognition-Emotion-Classification-\data\raw\RAVDESS\Actor_14\03-01-02-01-02-01-14.wav,14,Actor_14,female,3,1,2,calm,1,2,1,16000,1,3.4034,54455
03-01-02-01-02-02-14.wav,c:\Users\kamal\group 2\Group-2-Speech-Recognition-Emotion-Classification-\data\raw\RAVDESS\Actor_14\03-01-02-01-02-02-14.wav,14,Actor_14,female,3,1,2,calm,1,2,2,16000,1,3.5035,56056
03-01-02-02-01-01-14.wav,c:\Users\kamal\group 2\Group-2-Speech-Recognition-Emotion-Classification-\data\raw\RAVDESS\Actor_14\03-01-02-02-01-01-14.wav,14,Actor_14,female,3,1,2,calm,2,1,1,16000,1,3.8706,61929
03-01-02-02-01-02-14.wav,c:\Users\kamal\group 2\Group-2-Speech-Recognition-Emotion-Classification-\data\raw\RAVDESS\Actor_14\03-01-02-02-01-02-14.wav,14,Actor_14,female,3,1,2,calm,2,1,2,16000,1,3.9039,62463
03-01-02-02-02-01-14.wav,c:\Users\kamal\group 2\Group-2-Speech-Recognition-Emotion-Classification-\data\raw\RAVDESS\Actor_14\03-01-02-02-02-01-14.wav,14,Actor_14,female,3,1,2,calm,2,2,1,16000,1,3.7371,59793
03-01-02-02-02-02-14.wav,c:\Users\kamal\group 2\Group-2-Speech-Recognition-Emotion-Classification-\data\raw\RAVDESS\Actor_14\03-01-02-02-02-02-14.wav,14,Actor_14,female,3,1,2,calm,2,2,2,16000,1,3.7704,60327
03-01-03-01-01-01-14.wav,c:\Users\kamal\group 2\Group-2-Speech-Recognition-Emotion-Classification-\data\raw\RAVDESS\Actor_14\03-01-03-01-01-01-14.wav,14,Actor_14,female,3,1,3,happy,1,1,1,16000,1,3.7037,59260
03-01-03-01-01-02-14.wav,c:\Users\kamal\group 2\Group-2-Speech-Recognition-Emotion-Classification-\data\raw\RAVDESS\Actor_14\03-01-03-01-01-02-14.wav,14,Actor_14,female,3,1,3,happy,1,1,2,16000,1,3.6704,58726
03-01-03-01-02-01-14.wav,c:\Users\kamal\group 2\Group-2-Speech-Recognition-Emotion-Classification-\data\raw\RAVDESS\Actor_14\03-01-03-01-02-01-14.wav,14,Actor_14,female,3,1,3,happy,1,2,1,16000,1,3.4034,54455
03-01-03-01-02-02-14.wav,c:\Users\kamal\group 2\Group-2-Speech-Recognition-Emotion-Classification-\data\raw\RAVDESS\Actor_14\03-01-03-01-02-02-14.wav,14,Actor_14,female,3,1,3,happy,1,2,2,16000,1,3.4701,55522
03-01-03-02-01-01-14.wav,c:\Users\kamal\group 2\Group-2-Speech-Recognition-Emotion-Classification-\data\raw\RAVDESS\Actor_14\03-01-03-02-01-01-14.wav,14,Actor_14,female,3,1,3,happy,2,1,1,16000,1,3.7704,60327
03-01-03-02-01-02-14.wav,c:\Users\kamal\group 2\Group-2-Speech-Recognition-Emotion-Classification-\data\raw\RAVDESS\Actor_14\03-01-03-02-01-02-14.wav,14,Actor_14,female,3,1,3,happy,2,1,2,16000,1,3.7371,59793
03-01-03-02-02-01-14.wav,c:\Users\kamal\group 2\Group-2-Speech-Recognition-Emotion-Classification-\data\raw\RAVDESS\Actor_14\03-01-03-02-02-01-14.wav,14,Actor_14,female,3,1,3,happy,2,2,1,16000,1,3.8372,61395
03-01-03-02-02-02-14.wav,c:\Users\kamal\group 2\Group-2-Speech-Recognition-Emotion-Classification-\data\raw\RAVDESS\Actor_14\03-01-03-02-02-02-14.wav,14,Actor_14,female,3,1,3,happy,2,2,2,16000,1,3.7371,59793
03-01-04-01-01-01-14.wav,c:\Users\kamal\group 2\Group-2-Speech-Recognition-Emotion-Classification-\data\raw\RAVDESS\Actor_14\03-01-04-01-01-01-14.wav,14,Actor_14,female,3,1,4,sad,1,1,1,16000,1,3.7371,59793
03-01-04-01-01-02-14.wav,c:\Users\kamal\group 2\Group-2-Speech-Recognition-Emotion-Classification-\data\raw\RAVDESS\Actor_14\03-01-04-01-01-02-14.wav,14,Actor_14,female,3,1,4,sad,1,1,2,16000,1,3.6036,57658
03-01-04-01-02-01-14.wav,c:\Users\kamal\group 2\Group-2-Speech-Recognition-Emotion-Classification-\data\raw\RAVDESS\Actor_14\03-01-04-01-02-01-14.wav,14,Actor_14,female,3,1,4,sad,1,2,1,16000,1,3.6036,57658
03-01-04-01-02-02-14.wav,c:\Users\kamal\group 2\Group-2-Speech-Recognition-Emotion-Classification-\data\raw\RAVDESS\Actor_14\03-01-04-01-02-02-14.wav,14,Actor_14,female,3,1,4,sad,1,2,2,16000,1,3.5369,56590
03-01-04-02-01-01-14.wav,c:\Users\kamal\group 2\Group-2-Speech-Recognition-Emotion-Classification-\data\raw\RAVDESS\Actor_14\03-01-04-02-01-01-14.wav,14,Actor_14,female,3,1,4,sad,2,1,1,16000,1,3.8706,61929
03-01-04-02-01-02-14.wav,c:\Users\kamal\group 2\Group-2-Speech-Recognition-Emotion-Classification-\data\raw\RAVDESS\Actor_14\03-01-04-02-01-02-14.wav,14,Actor_14,female,3,1,4,sad,2,1,2,16000,1,3.6704,58726
03-01-04-02-02-01-14.wav,c:\Users\kamal\group 2\Group-2-Speech-Recognition-Emotion-Classification-\data\raw\RAVDESS\Actor_14\03-01-04-02-02-01-14.wav,14,Actor_14,female,3,1,4,sad,2,2,1,16000,1,3.6704,58726
03-01-04-02-02-02-14.wav,c:\Users\kamal\group 2\Group-2-Speech-Recognition-Emotion-Classification-\data\raw\RAVDESS\Actor_14\03-01-04-02-02-02-14.wav,14,Actor_14,female,3,1,4,sad,2,2,2,16000,1,3.9039,62463
03-01-05-01-01-01-14.wav,c:\Users\kamal\group 2\Group-2-Speech-Recognition-Emotion-Classification-\data\raw\RAVDESS\Actor_14\03-01-05-01-01-01-14.wav,14,Actor_14,female,3,1,5,angry,1,1,1,16000,1,3.6036,57658
03-01-05-01-01-02-14.wav,c:\Users\kamal\group 2\Group-2-Speech-Recognition-Emotion-Classification-\data\raw\RAVDESS\Actor_14\03-01-05-01-01-02-14.wav,14,Actor_14,female,3,1,5,angry,1,1,2,16000,1,3.7037,59260
03-01-05-01-02-01-14.wav,c:\Users\kamal\group 2\Group-2-Speech-Recognition-Emotion-Classification-\data\raw\RAVDESS\Actor_14\03-01-05-01-02-01-14.wav,14,Actor_14,female,3,1,5,angry,1,2,1,16000,1,3.7371,59793
03-01-05-01-02-02-14.wav,c:\Users\kamal\group 2\Group-2-Speech-Recognition-Emotion-Classification-\data\raw\RAVDESS\Actor_14\03-01-05-01-02-02-14.wav,14,Actor_14,female,3,1,5,angry,1,2,2,16000,1,3.9039,62463
03-01-05-02-01-01-14.wav,c:\Users\kamal\group 2\Group-2-Speech-Recognition-Emotion-Classification-\data\raw\RAVDESS\Actor_14\03-01-05-02-01-01-14.wav,14,Actor_14,female,3,1,5,angry,2,1,1,16000,1,4.2709,68335
03-01-05-02-01-02-14.wav,c:\Users\kamal\group 2\Group-2-Speech-Recognition-Emotion-Classification-\data\raw\RAVDESS\Actor_14\03-01-05-02-01-02-14.wav,14,Actor_14,female,3,1,5,angry,2,1,2,16000,1,4.3711,69937
03-01-05-02-02-01-14.wav,c:\Users\kamal\group 2\Group-2-Speech-Recognition-Emotion-Classification-\data\raw\RAVDESS\Actor_14\03-01-05-02-02-01-14.wav,14,Actor_14,female,3,1,5,angry,2,2,1,16000,1,4.1709,66734
03-01-05-02-02-02-14.wav,c:\Users\kamal\group 2\Group-2-Speech-Recognition-Emotion-Classification-\data\raw\RAVDESS\Actor_14\03-01-05-02-02-02-14.wav,14,Actor_14,female,3,1,5,angry,2,2,2,16000,1,4.4044,70471
03-01-06-01-01-01-14.wav,c:\Users\kamal\group 2\Group-2-Speech-Recognition-Emotion-Classification-\data\raw\RAVDESS\Actor_14\03-01-06-01-01-01-14.wav,14,Actor_14,female,3,1,6,fearful,1,1,1,16000,1,3.3701,53921
03-01-06-01-01-02-14.wav,c:\Users\kamal\group 2\Group-2-Speech-Recognition-Emotion-Classification-\data\raw\RAVDESS\Actor_14\03-01-06-01-01-02-14.wav,14,Actor_14,female,3,1,6,fearful,1,1,2,16000,1,3.5703,57124
03-01-06-01-02-01-14.wav,c:\Users\kamal\group 2\Group-2-Speech-Recognition-Emotion-Classification-\data\raw\RAVDESS\Actor_14\03-01-06-01-02-01-14.wav,14,Actor_14,female,3,1,6,fearful,1,2,1,16000,1,3.3701,53921
03-01-06-01-02-02-14.wav,c:\Users\kamal\group 2\Group-2-Speech-Recognition-Emotion-Classification-\data\raw\RAVDESS\Actor_14\03-01-06-01-02-02-14.wav,14,Actor_14,female,3,1,6,fearful,1,2,2,16000,1,3.3701,53921
03-01-06-02-01-01-14.wav,c:\Users\kamal\group 2\Group-2-Speech-Recognition-Emotion-Classification-\data\raw\RAVDESS\Actor_14\03-01-06-02-01-01-14.wav,14,Actor_14,female,3,1,6,fearful,2,1,1,16000,1,3.3701,53921
03-01-06-02-01-02-14.wav,c:\Users\kamal\group 2\Group-2-Speech-Recognition-Emotion-Classification-\data\raw\RAVDESS\Actor_14\03-01-06-02-01-02-14.wav,14,Actor_14,female,3,1,6,fearful,2,1,2,16000,1,3.4034,54455
03-01-06-02-02-01-14.wav,c:\Users\kamal\group 2\Group-2-Speech-Recognition-Emotion-Classification-\data\raw\RAVDESS\Actor_14\03-01-06-02-02-01-14.wav,14,Actor_14,female,3,1,6,fearful,2,2,1,16000,1,3.5035,56056
03-01-06-02-02-02-14.wav,c:\Users\kamal\group 2\Group-2-Speech-Recognition-Emotion-Classification-\data\raw\RAVDESS\Actor_14\03-01-06-02-02-02-14.wav,14,Actor_14,female,3,1,6,fearful,2,2,2,16000,1,3.4701,55522
03-01-07-01-01-01-14.wav,c:\Users\kamal\group 2\Group-2-Speech-Recognition-Emotion-Classification-\data\raw\RAVDESS\Actor_14\03-01-07-01-01-01-14.wav,14,Actor_14,female,3,1,7,disgust,1,1,1,16000,1,3.7704,60327
03-01-07-01-01-02-14.wav,c:\Users\kamal\group 2\Group-2-Speech-Recognition-Emotion-Classification-\data\raw\RAVDESS\Actor_14\03-01-07-01-01-02-14.wav,14,Actor_14,female,3,1,7,disgust,1,1,2,16000,1,3.637,58192
03-01-07-01-02-01-14.wav,c:\Users\kamal\group 2\Group-2-Speech-Recognition-Emotion-Classification-\data\raw\RAVDESS\Actor_14\03-01-07-01-02-01-14.wav,14,Actor_14,female,3,1,7,disgust,1,2,1,16000,1,3.7371,59793
03-01-07-01-02-02-14.wav,c:\Users\kamal\group 2\Group-2-Speech-Recognition-Emotion-Classification-\data\raw\RAVDESS\Actor_14\03-01-07-01-02-02-14.wav,14,Actor_14,female,3,1,7,disgust,1,2,2,16000,1,3.7704,60327
03-01-07-02-01-01-14.wav,c:\Users\kamal\group 2\Group-2-Speech-Recognition-Emotion-Classification-\data\raw\RAVDESS\Actor_14\03-01-07-02-01-01-14.wav,14,Actor_14,female,3,1,7,disgust,2,1,1,16000,1,3.9373,62996
03-01-07-02-01-02-14.wav,c:\Users\kamal\group 2\Group-2-Speech-Recognition-Emotion-Classification-\data\raw\RAVDESS\Actor_14\03-01-07-02-01-02-14.wav,14,Actor_14,female,3,1,7,disgust,2,1,2,16000,1,3.7371,59793
03-01-07-02-02-01-14.wav,c:\Users\kamal\group 2\Group-2-Speech-Recognition-Emotion-Classification-\data\raw\RAVDESS\Actor_14\03-01-07-02-02-01-14.wav,14,Actor_14,female,3,1,7,disgust,2,2,1,16000,1,3.6704,58726
03-01-07-02-02-02-14.wav,c:\Users\kamal\group 2\Group-2-Speech-Recognition-Emotion-Classification-\data\raw\RAVDESS\Actor_14\03-01-07-02-02-02-14.wav,14,Actor_14,female,3,1,7,disgust,2,2,2,16000,1,3.8038,60861
03-01-08-01-01-01-14.wav,c:\Users\kamal\group 2\Group-2-Speech-Recognition-Emotion-Classification-\data\raw\RAVDESS\Actor_14\03-01-08-01-01-01-14.wav,14,Actor_14,female,3,1,8,surprised,1,1,1,16000,1,3.637,58192
03-01-08-01-01-02-14.wav,c:\Users\kamal\group 2\Group-2-Speech-Recognition-Emotion-Classification-\data\raw\RAVDESS\Actor_14\03-01-08-01-01-02-14.wav,14,Actor_14,female,3,1,8,surprised,1,1,2,16000,1,3.5703,57124
03-01-08-01-02-01-14.wav,c:\Users\kamal\group 2\Group-2-Speech-Recognition-Emotion-Classification-\data\raw\RAVDESS\Actor_14\03-01-08-01-02-01-14.wav,14,Actor_14,female,3,1,8,surprised,1,2,1,16000,1,3.2033,51252
03-01-08-01-02-02-14.wav,c:\Users\kamal\group 2\Group-2-Speech-Recognition-Emotion-Classification-\data\raw\RAVDESS\Actor_14\03-01-08-01-02-02-14.wav,14,Actor_14,female,3,1,8,surprised,1,2,2,16000,1,3.3033,52853
03-01-08-02-01-01-14.wav,c:\Users\kamal\group 2\Group-2-Speech-Recognition-Emotion-Classification-\data\raw\RAVDESS\Actor_14\03-01-08-02-01-01-14.wav,14,Actor_14,female,3,1,8,surprised,2,1,1,16000,1,3.9706,63530
03-01-08-02-01-02-14.wav,c:\Users\kamal\group 2\Group-2-Speech-Recognition-Emotion-Classification-\data\raw\RAVDESS\Actor_14\03-01-08-02-01-02-14.wav,14,Actor_14,female,3,1,8,surprised,2,1,2,16000,1,3.7037,59260
03-01-08-02-02-01-14.wav,c:\Users\kamal\group 2\Group-2-Speech-Recognition-Emotion-Classification-\data\raw\RAVDESS\Actor_14\03-01-08-02-02-01-14.wav,14,Actor_14,female,3,1,8,surprised,2,2,1,16000,1,3.7037,59260
03-01-08-02-02-02-14.wav,c:\Users\kamal\group 2\Group-2-Speech-Recognition-Emotion-Classification-\data\raw\RAVDESS\Actor_14\03-01-08-02-02-02-14.wav,14,Actor_14,female,3,1,8,surprised,2,2,2,16000,1,3.7371,59793
03-01-01-01-01-01-15.wav,c:\Users\kamal\group 2\Group-2-Speech-Recognition-Emotion-Classification-\data\raw\RAVDESS\Actor_15\03-01-01-01-01-01-15.wav,15,Actor_15,male,3,1,1,neutral,1,1,1,16000,1,3.3701,53921
03-01-01-01-01-02-15.wav,c:\Users\kamal\group 2\Group-2-Speech-Recognition-Emotion-Classification-\data\raw\RAVDESS\Actor_15\03-01-01-01-01-02-15.wav,15,Actor_15,male,3,1,1,neutral,1,1,2,16000,1,3.4368,54989
03-01-01-01-02-01-15.wav,c:\Users\kamal\group 2\Group-2-Speech-Recognition-Emotion-Classification-\data\raw\RAVDESS\Actor_15\03-01-01-01-02-01-15.wav,15,Actor_15,male,3,1,1,neutral,1,2,1,16000,1,3.4367,54988
03-01-01-01-02-02-15.wav,c:\Users\kamal\group 2\Group-2-Speech-Recognition-Emotion-Classification-\data\raw\RAVDESS\Actor_15\03-01-01-01-02-02-15.wav,15,Actor_15,male,3,1,1,neutral,1,2,2,16000,1,3.4034,54455
03-01-02-01-01-01-15.wav,c:\Users\kamal\group 2\Group-2-Speech-Recognition-Emotion-Classification-\data\raw\RAVDESS\Actor_15\03-01-02-01-01-01-15.wav,15,Actor_15,male,3,1,2,calm,1,1,1,16000,1,3.5703,57124
03-01-02-01-01-02-15.wav,c:\Users\kamal\group 2\Group-2-Speech-Recognition-Emotion-Classification-\data\raw\RAVDESS\Actor_15\03-01-02-01-01-02-15.wav,15,Actor_15,male,3,1,2,calm,1,1,2,16000,1,3.5703,57124
03-01-02-01-02-01-15.wav,c:\Users\kamal\group 2\Group-2-Speech-Recognition-Emotion-Classification-\data\raw\RAVDESS\Actor_15\03-01-02-01-02-01-15.wav,15,Actor_15,male,3,1,2,calm,1,2,1,16000,1,3.7371,59793
03-01-02-01-02-02-15.wav,c:\Users\kamal\group 2\Group-2-Speech-Recognition-Emotion-Classification-\data\raw\RAVDESS\Actor_15\03-01-02-01-02-02-15.wav,15,Actor_15,male,3,1,2,calm,1,2,2,16000,1,3.5703,57124
03-01-02-02-01-01-15.wav,c:\Users\kamal\group 2\Group-2-Speech-Recognition-Emotion-Classification-\data\raw\RAVDESS\Actor_15\03-01-02-02-01-01-15.wav,15,Actor_15,male,3,1,2,calm,2,1,1,16000,1,3.6704,58726
03-01-02-02-01-02-15.wav,c:\Users\kamal\group 2\Group-2-Speech-Recognition-Emotion-Classification-\data\raw\RAVDESS\Actor_15\03-01-02-02-01-02-15.wav,15,Actor_15,male,3,1,2,calm,2,1,2,16000,1,3.8038,60861
03-01-02-02-02-01-15.wav,c:\Users\kamal\group 2\Group-2-Speech-Recognition-Emotion-Classification-\data\raw\RAVDESS\Actor_15\03-01-02-02-02-01-15.wav,15,Actor_15,male,3,1,2,calm,2,2,1,16000,1,3.9373,62997
03-01-02-02-02-02-15.wav,c:\Users\kamal\group 2\Group-2-Speech-Recognition-Emotion-Classification-\data\raw\RAVDESS\Actor_15\03-01-02-02-02-02-15.wav,15,Actor_15,male,3,1,2,calm,2,2,2,16000,1,3.6036,57658
03-01-03-01-01-01-15.wav,c:\Users\kamal\group 2\Group-2-Speech-Recognition-Emotion-Classification-\data\raw\RAVDESS\Actor_15\03-01-03-01-01-01-15.wav,15,Actor_15,male,3,1,3,happy,1,1,1,16000,1,3.4034,54455
03-01-03-01-01-02-15.wav,c:\Users\kamal\group 2\Group-2-Speech-Recognition-Emotion-Classification-\data\raw\RAVDESS\Actor_15\03-01-03-01-01-02-15.wav,15,Actor_15,male,3,1,3,happy,1,1,2,16000,1,3.3367,53387
03-01-03-01-02-01-15.wav,c:\Users\kamal\group 2\Group-2-Speech-Recognition-Emotion-Classification-\data\raw\RAVDESS\Actor_15\03-01-03-01-02-01-15.wav,15,Actor_15,male,3,1,3,happy,1,2,1,16000,1,3.3367,53387
03-01-03-01-02-02-15.wav,c:\Users\kamal\group 2\Group-2-Speech-Recognition-Emotion-Classification-\data\raw\RAVDESS\Actor_15\03-01-03-01-02-02-15.wav,15,Actor_15,male,3,1,3,happy,1,2,2,16000,1,3.4368,54989
03-01-03-02-01-01-15.wav,c:\Users\kamal\group 2\Group-2-Speech-Recognition-Emotion-Classification-\data\raw\RAVDESS\Actor_15\03-01-03-02-01-01-15.wav,15,Actor_15,male,3,1,3,happy,2,1,1,16000,1,3.5703,57124
03-01-03-02-01-02-15.wav,c:\Users\kamal\group 2\Group-2-Speech-Recognition-Emotion-Classification-\data\raw\RAVDESS\Actor_15\03-01-03-02-01-02-15.wav,15,Actor_15,male,3,1,3,happy,2,1,2,16000,1,3.4701,55522
03-01-03-02-02-01-15.wav,c:\Users\kamal\group 2\Group-2-Speech-Recognition-Emotion-Classification-\data\raw\RAVDESS\Actor_15\03-01-03-02-02-01-15.wav,15,Actor_15,male,3,1,3,happy,2,2,1,16000,1,3.8038,60861
03-01-03-02-02-02-15.wav,c:\Users\kamal\group 2\Group-2-Speech-Recognition-Emotion-Classification-\data\raw\RAVDESS\Actor_15\03-01-03-02-02-02-15.wav,15,Actor_15,male,3,1,3,happy,2,2,2,16000,1,3.3701,53921
03-01-04-01-01-01-15.wav,c:\Users\kamal\group 2\Group-2-Speech-Recognition-Emotion-Classification-\data\raw\RAVDESS\Actor_15\03-01-04-01-01-01-15.wav,15,Actor_15,male,3,1,4,sad,1,1,1,16000,1,3.5035,56056
03-01-04-01-01-02-15.wav,c:\Users\kamal\group 2\Group-2-Speech-Recognition-Emotion-Classification-\data\raw\RAVDESS\Actor_15\03-01-04-01-01-02-15.wav,15,Actor_15,male,3,1,4,sad,1,1,2,16000,1,3.3033,52853
03-01-04-01-02-01-15.wav,c:\Users\kamal\group 2\Group-2-Speech-Recognition-Emotion-Classification-\data\raw\RAVDESS\Actor_15\03-01-04-01-02-01-15.wav,15,Actor_15,male,3,1,4,sad,1,2,1,16000,1,3.3033,52853
03-01-04-01-02-02-15.wav,c:\Users\kamal\group 2\Group-2-Speech-Recognition-Emotion-Classification-\data\raw\RAVDESS\Actor_15\03-01-04-01-02-02-15.wav,15,Actor_15,male,3,1,4,sad,1,2,2,16000,1,3.3701,53921
03-01-04-02-01-01-15.wav,c:\Users\kamal\group 2\Group-2-Speech-Recognition-Emotion-Classification-\data\raw\RAVDESS\Actor_15\03-01-04-02-01-01-15.wav,15,Actor_15,male,3,1,4,sad,2,1,1,16000,1,3.2699,52319
03-01-04-02-01-02-15.wav,c:\Users\kamal\group 2\Group-2-Speech-Recognition-Emotion-Classification-\data\raw\RAVDESS\Actor_15\03-01-04-02-01-02-15.wav,15,Actor_15,male,3,1,4,sad,2,1,2,16000,1,3.4034,54455
03-01-04-02-02-01-15.wav,c:\Users\kamal\group 2\Group-2-Speech-Recognition-Emotion-Classification-\data\raw\RAVDESS\Actor_15\03-01-04-02-02-01-15.wav,15,Actor_15,male,3,1,4,sad,2,2,1,16000,1,3.5369,56590
03-01-04-02-02-02-15.wav,c:\Users\kamal\group 2\Group-2-Speech-Recognition-Emotion-Classification-\data\raw\RAVDESS\Actor_15\03-01-04-02-02-02-15.wav,15,Actor_15,male,3,1,4,sad,2,2,2,16000,1,3.4368,54989
03-01-05-01-01-01-15.wav,c:\Users\kamal\group 2\Group-2-Speech-Recognition-Emotion-Classification-\data\raw\RAVDESS\Actor_15\03-01-05-01-01-01-15.wav,15,Actor_15,male,3,1,5,angry,1,1,1,16000,1,3.637,58192
03-01-05-01-01-02-15.wav,c:\Users\kamal\group 2\Group-2-Speech-Recognition-Emotion-Classification-\data\raw\RAVDESS\Actor_15\03-01-05-01-01-02-15.wav,15,Actor_15,male,3,1,5,angry,1,1,2,16000,1,3.6036,57658
03-01-05-01-02-01-15.wav,c:\Users\kamal\group 2\Group-2-Speech-Recognition-Emotion-Classification-\data\raw\RAVDESS\Actor_15\03-01-05-01-02-01-15.wav,15,Actor_15,male,3,1,5,angry,1,2,1,16000,1,3.7037,59260
03-01-05-01-02-02-15.wav,c:\Users\kamal\group 2\Group-2-Speech-Recognition-Emotion-Classification-\data\raw\RAVDESS\Actor_15\03-01-05-01-02-02-15.wav,15,Actor_15,male,3,1,5,angry,1,2,2,16000,1,3.5369,56590
03-01-05-02-01-01-15.wav,c:\Users\kamal\group 2\Group-2-Speech-Recognition-Emotion-Classification-\data\raw\RAVDESS\Actor_15\03-01-05-02-01-01-15.wav,15,Actor_15,male,3,1,5,angry,2,1,1,16000,1,3.5369,56590
03-01-05-02-01-02-15.wav,c:\Users\kamal\group 2\Group-2-Speech-Recognition-Emotion-Classification-\data\raw\RAVDESS\Actor_15\03-01-05-02-01-02-15.wav,15,Actor_15,male,3,1,5,angry,2,1,2,16000,1,3.7371,59794
03-01-05-02-02-01-15.wav,c:\Users\kamal\group 2\Group-2-Speech-Recognition-Emotion-Classification-\data\raw\RAVDESS\Actor_15\03-01-05-02-02-01-15.wav,15,Actor_15,male,3,1,5,angry,2,2,1,16000,1,3.4702,55523
03-01-05-02-02-02-15.wav,c:\Users\kamal\group 2\Group-2-Speech-Recognition-Emotion-Classification-\data\raw\RAVDESS\Actor_15\03-01-05-02-02-02-15.wav,15,Actor_15,male,3,1,5,angry,2,2,2,16000,1,3.6036,57658
03-01-06-01-01-01-15.wav,c:\Users\kamal\group 2\Group-2-Speech-Recognition-Emotion-Classification-\data\raw\RAVDESS\Actor_15\03-01-06-01-01-01-15.wav,15,Actor_15,male,3,1,6,fearful,1,1,1,16000,1,3.3033,52853
03-01-06-01-01-02-15.wav,c:\Users\kamal\group 2\Group-2-Speech-Recognition-Emotion-Classification-\data\raw\RAVDESS\Actor_15\03-01-06-01-01-02-15.wav,15,Actor_15,male,3,1,6,fearful,1,1,2,16000,1,3.3033,52853
03-01-06-01-02-01-15.wav,c:\Users\kamal\group 2\Group-2-Speech-Recognition-Emotion-Classification-\data\raw\RAVDESS\Actor_15\03-01-06-01-02-01-15.wav,15,Actor_15,male,3,1,6,fearful,1,2,1,16000,1,3.2699,52319
03-01-06-01-02-02-15.wav,c:\Users\kamal\group 2\Group-2-Speech-Recognition-Emotion-Classification-\data\raw\RAVDESS\Actor_15\03-01-06-01-02-02-15.wav,15,Actor_15,male,3,1,6,fearful,1,2,2,16000,1,3.3033,52853
03-01-06-02-01-01-15.wav,c:\Users\kamal\group 2\Group-2-Speech-Recognition-Emotion-Classification-\data\raw\RAVDESS\Actor_15\03-01-06-02-01-01-15.wav,15,Actor_15,male,3,1,6,fearful,2,1,1,16000,1,3.3367,53387
03-01-06-02-01-02-15.wav,c:\Users\kamal\group 2\Group-2-Speech-Recognition-Emotion-Classification-\data\raw\RAVDESS\Actor_15\03-01-06-02-01-02-15.wav,15,Actor_15,male,3,1,6,fearful,2,1,2,16000,1,3.4702,55523
03-01-06-02-02-01-15.wav,c:\Users\kamal\group 2\Group-2-Speech-Recognition-Emotion-Classification-\data\raw\RAVDESS\Actor_15\03-01-06-02-02-01-15.wav,15,Actor_15,male,3,1,6,fearful,2,2,1,16000,1,3.3701,53921
03-01-06-02-02-02-15.wav,c:\Users\kamal\group 2\Group-2-Speech-Recognition-Emotion-Classification-\data\raw\RAVDESS\Actor_15\03-01-06-02-02-02-15.wav,15,Actor_15,male,3,1,6,fearful,2,2,2,16000,1,3.5035,56056
03-01-07-01-01-01-15.wav,c:\Users\kamal\group 2\Group-2-Speech-Recognition-Emotion-Classification-\data\raw\RAVDESS\Actor_15\03-01-07-01-01-01-15.wav,15,Actor_15,male,3,1,7,disgust,1,1,1,16000,1,3.7371,59793
03-01-07-01-01-02-15.wav,c:\Users\kamal\group 2\Group-2-Speech-Recognition-Emotion-Classification-\data\raw\RAVDESS\Actor_15\03-01-07-01-01-02-15.wav,15,Actor_15,male,3,1,7,disgust,1,1,2,16000,1,3.637,58192
03-01-07-01-02-01-15.wav,c:\Users\kamal\group 2\Group-2-Speech-Recognition-Emotion-Classification-\data\raw\RAVDESS\Actor_15\03-01-07-01-02-01-15.wav,15,Actor_15,male,3,1,7,disgust,1,2,1,16000,1,3.6704,58726
03-01-07-01-02-02-15.wav,c:\Users\kamal\group 2\Group-2-Speech-Recognition-Emotion-Classification-\data\raw\RAVDESS\Actor_15\03-01-07-01-02-02-15.wav,15,Actor_15,male,3,1,7,disgust,1,2,2,16000,1,4.0708,65132
03-01-07-02-01-01-15.wav,c:\Users\kamal\group 2\Group-2-Speech-Recognition-Emotion-Classification-\data\raw\RAVDESS\Actor_15\03-01-07-02-01-01-15.wav,15,Actor_15,male,3,1,7,disgust,2,1,1,16000,1,3.7037,59259
03-01-07-02-01-02-15.wav,c:\Users\kamal\group 2\Group-2-Speech-Recognition-Emotion-Classification-\data\raw\RAVDESS\Actor_15\03-01-07-02-01-02-15.wav,15,Actor_15,male,3,1,7,disgust,2,1,2,16000,1,3.3701,53921
03-01-07-02-02-01-15.wav,c:\Users\kamal\group 2\Group-2-Speech-Recognition-Emotion-Classification-\data\raw\RAVDESS\Actor_15\03-01-07-02-02-01-15.wav,15,Actor_15,male,3,1,7,disgust,2,2,1,16000,1,3.3033,52853
03-01-07-02-02-02-15.wav,c:\Users\kamal\group 2\Group-2-Speech-Recognition-Emotion-Classification-\data\raw\RAVDESS\Actor_15\03-01-07-02-02-02-15.wav,15,Actor_15,male,3,1,7,disgust,2,2,2,16000,1,3.4702,55523
03-01-08-01-01-01-15.wav,c:\Users\kamal\group 2\Group-2-Speech-Recognition-Emotion-Classification-\data\raw\RAVDESS\Actor_15\03-01-08-01-01-01-15.wav,15,Actor_15,male,3,1,8,surprised,1,1,1,16000,1,3.637,58192
03-01-08-01-01-02-15.wav,c:\Users\kamal\group 2\Group-2-Speech-Recognition-Emotion-Classification-\data\raw\RAVDESS\Actor_15\03-01-08-01-01-02-15.wav,15,Actor_15,male,3,1,8,surprised,1,1,2,16000,1,3.4368,54989
03-01-08-01-02-01-15.wav,c:\Users\kamal\group 2\Group-2-Speech-Recognition-Emotion-Classification-\data\raw\RAVDESS\Actor_15\03-01-08-01-02-01-15.wav,15,Actor_15,male,3,1,8,surprised,1,2,1,16000,1,3.7037,59260
03-01-08-01-02-02-15.wav,c:\Users\kamal\group 2\Group-2-Speech-Recognition-Emotion-Classification-\data\raw\RAVDESS\Actor_15\03-01-08-01-02-02-15.wav,15,Actor_15,male,3,1,8,surprised,1,2,2,16000,1,3.3701,53921
03-01-08-02-01-01-15.wav,c:\Users\kamal\group 2\Group-2-Speech-Recognition-Emotion-Classification-\data\raw\RAVDESS\Actor_15\03-01-08-02-01-01-15.wav,15,Actor_15,male,3,1,8,surprised,2,1,1,16000,1,3.3701,53921
03-01-08-02-01-02-15.wav,c:\Users\kamal\group 2\Group-2-Speech-Recognition-Emotion-Classification-\data\raw\RAVDESS\Actor_15\03-01-08-02-01-02-15.wav,15,Actor_15,male,3,1,8,surprised,2,1,2,16000,1,3.3033,52853
03-01-08-02-02-01-15.wav,c:\Users\kamal\group 2\Group-2-Speech-Recognition-Emotion-Classification-\data\raw\RAVDESS\Actor_15\03-01-08-02-02-01-15.wav,15,Actor_15,male,3,1,8,surprised,2,2,1,16000,1,3.2033,51252
03-01-08-02-02-02-15.wav,c:\Users\kamal\group 2\Group-2-Speech-Recognition-Emotion-Classification-\data\raw\RAVDESS\Actor_15\03-01-08-02-02-02-15.wav,15,Actor_15,male,3,1,8,surprised,2,2,2,16000,1,3.3367,53387
03-01-01-01-01-01-16.wav,c:\Users\kamal\group 2\Group-2-Speech-Recognition-Emotion-Classification-\data\raw\RAVDESS\Actor_16\03-01-01-01-01-01-16.wav,16,Actor_16,female,3,1,1,neutral,1,1,1,16000,1,3.7371,59793
03-01-01-01-01-02-16.wav,c:\Users\kamal\group 2\Group-2-Speech-Recognition-Emotion-Classification-\data\raw\RAVDESS\Actor_16\03-01-01-01-01-02-16.wav,16,Actor_16,female,3,1,1,neutral,1,1,2,16000,1,3.7371,59794
03-01-01-01-02-01-16.wav,c:\Users\kamal\group 2\Group-2-Speech-Recognition-Emotion-Classification-\data\raw\RAVDESS\Actor_16\03-01-01-01-02-01-16.wav,16,Actor_16,female,3,1,1,neutral,1,2,1,16000,1,3.6036,57658
03-01-01-01-02-02-16.wav,c:\Users\kamal\group 2\Group-2-Speech-Recognition-Emotion-Classification-\data\raw\RAVDESS\Actor_16\03-01-01-01-02-02-16.wav,16,Actor_16,female,3,1,1,neutral,1,2,2,16000,1,3.5703,57124
03-01-02-01-01-01-16.wav,c:\Users\kamal\group 2\Group-2-Speech-Recognition-Emotion-Classification-\data\raw\RAVDESS\Actor_16\03-01-02-01-01-01-16.wav,16,Actor_16,female,3,1,2,calm,1,1,1,16000,1,3.7037,59259
03-01-02-01-01-02-16.wav,c:\Users\kamal\group 2\Group-2-Speech-Recognition-Emotion-Classification-\data\raw\RAVDESS\Actor_16\03-01-02-01-01-02-16.wav,16,Actor_16,female,3,1,2,calm,1,1,2,16000,1,3.8706,61929
03-01-02-01-02-01-16.wav,c:\Users\kamal\group 2\Group-2-Speech-Recognition-Emotion-Classification-\data\raw\RAVDESS\Actor_16\03-01-02-01-02-01-16.wav,16,Actor_16,female,3,1,2,calm,1,2,1,16000,1,3.8038,60861
03-01-02-01-02-02-16.wav,c:\Users\kamal\group 2\Group-2-Speech-Recognition-Emotion-Classification-\data\raw\RAVDESS\Actor_16\03-01-02-01-02-02-16.wav,16,Actor_16,female,3,1,2,calm,1,2,2,16000,1,3.6704,58726
03-01-02-02-01-01-16.wav,c:\Users\kamal\group 2\Group-2-Speech-Recognition-Emotion-Classification-\data\raw\RAVDESS\Actor_16\03-01-02-02-01-01-16.wav,16,Actor_16,female,3,1,2,calm,2,1,1,16000,1,3.8706,61929
03-01-02-02-01-02-16.wav,c:\Users\kamal\group 2\Group-2-Speech-Recognition-Emotion-Classification-\data\raw\RAVDESS\Actor_16\03-01-02-02-01-02-16.wav,16,Actor_16,female,3,1,2,calm,2,1,2,16000,1,3.9373,62997
03-01-02-02-02-01-16.wav,c:\Users\kamal\group 2\Group-2-Speech-Recognition-Emotion-Classification-\data\raw\RAVDESS\Actor_16\03-01-02-02-02-01-16.wav,16,Actor_16,female,3,1,2,calm,2,2,1,16000,1,3.8038,60861
03-01-02-02-02-02-16.wav,c:\Users\kamal\group 2\Group-2-Speech-Recognition-Emotion-Classification-\data\raw\RAVDESS\Actor_16\03-01-02-02-02-02-16.wav,16,Actor_16,female,3,1,2,calm,2,2,2,16000,1,3.8038,60861
03-01-03-01-01-01-16.wav,c:\Users\kamal\group 2\Group-2-Speech-Recognition-Emotion-Classification-\data\raw\RAVDESS\Actor_16\03-01-03-01-01-01-16.wav,16,Actor_16,female,3,1,3,happy,1,1,1,16000,1,3.7037,59260
03-01-03-01-01-02-16.wav,c:\Users\kamal\group 2\Group-2-Speech-Recognition-Emotion-Classification-\data\raw\RAVDESS\Actor_16\03-01-03-01-01-02-16.wav,16,Actor_16,female,3,1,3,happy,1,1,2,16000,1,3.6704,58726
03-01-03-01-02-01-16.wav,c:\Users\kamal\group 2\Group-2-Speech-Recognition-Emotion-Classification-\data\raw\RAVDESS\Actor_16\03-01-03-01-02-01-16.wav,16,Actor_16,female,3,1,3,happy,1,2,1,16000,1,3.7371,59793
03-01-03-01-02-02-16.wav,c:\Users\kamal\group 2\Group-2-Speech-Recognition-Emotion-Classification-\data\raw\RAVDESS\Actor_16\03-01-03-01-02-02-16.wav,16,Actor_16,female,3,1,3,happy,1,2,2,16000,1,3.6704,58726
03-01-03-02-01-01-16.wav,c:\Users\kamal\group 2\Group-2-Speech-Recognition-Emotion-Classification-\data\raw\RAVDESS\Actor_16\03-01-03-02-01-01-16.wav,16,Actor_16,female,3,1,3,happy,2,1,1,16000,1,3.7704,60327
03-01-03-02-01-02-16.wav,c:\Users\kamal\group 2\Group-2-Speech-Recognition-Emotion-Classification-\data\raw\RAVDESS\Actor_16\03-01-03-02-01-02-16.wav,16,Actor_16,female,3,1,3,happy,2,1,2,16000,1,3.5703,57124
03-01-03-02-02-01-16.wav,c:\Users\kamal\group 2\Group-2-Speech-Recognition-Emotion-Classification-\data\raw\RAVDESS\Actor_16\03-01-03-02-02-01-16.wav,16,Actor_16,female,3,1,3,happy,2,2,1,16000,1,3.7704,60327
03-01-03-02-02-02-16.wav,c:\Users\kamal\group 2\Group-2-Speech-Recognition-Emotion-Classification-\data\raw\RAVDESS\Actor_16\03-01-03-02-02-02-16.wav,16,Actor_16,female,3,1,3,happy,2,2,2,16000,1,3.8038,60861
03-01-04-01-01-01-16.wav,c:\Users\kamal\group 2\Group-2-Speech-Recognition-Emotion-Classification-\data\raw\RAVDESS\Actor_16\03-01-04-01-01-01-16.wav,16,Actor_16,female,3,1,4,sad,1,1,1,16000,1,3.5703,57124
03-01-04-01-01-02-16.wav,c:\Users\kamal\group 2\Group-2-Speech-Recognition-Emotion-Classification-\data\raw\RAVDESS\Actor_16\03-01-04-01-01-02-16.wav,16,Actor_16,female,3,1,4,sad,1,1,2,16000,1,3.637,58192
03-01-04-01-02-01-16.wav,c:\Users\kamal\group 2\Group-2-Speech-Recognition-Emotion-Classification-\data\raw\RAVDESS\Actor_16\03-01-04-01-02-01-16.wav,16,Actor_16,female,3,1,4,sad,1,2,1,16000,1,3.4034,54455
03-01-04-01-02-02-16.wav,c:\Users\kamal\group 2\Group-2-Speech-Recognition-Emotion-Classification-\data\raw\RAVDESS\Actor_16\03-01-04-01-02-02-16.wav,16,Actor_16,female,3,1,4,sad,1,2,2,16000,1,3.5035,56056
03-01-04-02-01-01-16.wav,c:\Users\kamal\group 2\Group-2-Speech-Recognition-Emotion-Classification-\data\raw\RAVDESS\Actor_16\03-01-04-02-01-01-16.wav,16,Actor_16,female,3,1,4,sad,2,1,1,16000,1,3.7371,59793
03-01-04-02-01-02-16.wav,c:\Users\kamal\group 2\Group-2-Speech-Recognition-Emotion-Classification-\data\raw\RAVDESS\Actor_16\03-01-04-02-01-02-16.wav,16,Actor_16,female,3,1,4,sad,2,1,2,16000,1,3.8038,60861
03-01-04-02-02-01-16.wav,c:\Users\kamal\group 2\Group-2-Speech-Recognition-Emotion-Classification-\data\raw\RAVDESS\Actor_16\03-01-04-02-02-01-16.wav,16,Actor_16,female,3,1,4,sad,2,2,1,16000,1,3.8706,61929
03-01-04-02-02-02-16.wav,c:\Users\kamal\group 2\Group-2-Speech-Recognition-Emotion-Classification-\data\raw\RAVDESS\Actor_16\03-01-04-02-02-02-16.wav,16,Actor_16,female,3,1,4,sad,2,2,2,16000,1,3.7371,59793
03-01-05-01-01-01-16.wav,c:\Users\kamal\group 2\Group-2-Speech-Recognition-Emotion-Classification-\data\raw\RAVDESS\Actor_16\03-01-05-01-01-01-16.wav,16,Actor_16,female,3,1,5,angry,1,1,1,16000,1,3.9707,63531
03-01-05-01-01-02-16.wav,c:\Users\kamal\group 2\Group-2-Speech-Recognition-Emotion-Classification-\data\raw\RAVDESS\Actor_16\03-01-05-01-01-02-16.wav,16,Actor_16,female,3,1,5,angry,1,1,2,16000,1,4.004,64064
03-01-05-01-02-01-16.wav,c:\Users\kamal\group 2\Group-2-Speech-Recognition-Emotion-Classification-\data\raw\RAVDESS\Actor_16\03-01-05-01-02-01-16.wav,16,Actor_16,female,3,1,5,angry,1,2,1,16000,1,3.9039,62463
03-01-05-01-02-02-16.wav,c:\Users\kamal\group 2\Group-2-Speech-Recognition-Emotion-Classification-\data\raw\RAVDESS\Actor_16\03-01-05-01-02-02-16.wav,16,Actor_16,female,3,1,5,angry,1,2,2,16000,1,3.9039,62463
03-01-05-02-01-01-16.wav,c:\Users\kamal\group 2\Group-2-Speech-Recognition-Emotion-Classification-\data\raw\RAVDESS\Actor_16\03-01-05-02-01-01-16.wav,16,Actor_16,female,3,1,5,angry,2,1,1,16000,1,3.9707,63531
03-01-05-02-01-02-16.wav,c:\Users\kamal\group 2\Group-2-Speech-Recognition-Emotion-Classification-\data\raw\RAVDESS\Actor_16\03-01-05-02-01-02-16.wav,16,Actor_16,female,3,1,5,angry,2,1,2,16000,1,3.7371,59793
03-01-05-02-02-01-16.wav,c:\Users\kamal\group 2\Group-2-Speech-Recognition-Emotion-Classification-\data\raw\RAVDESS\Actor_16\03-01-05-02-02-01-16.wav,16,Actor_16,female,3,1,5,angry,2,2,1,16000,1,3.8038,60861
03-01-05-02-02-02-16.wav,c:\Users\kamal\group 2\Group-2-Speech-Recognition-Emotion-Classification-\data\raw\RAVDESS\Actor_16\03-01-05-02-02-02-16.wav,16,Actor_16,female,3,1,5,angry,2,2,2,16000,1,4.0708,65132
03-01-06-01-01-01-16.wav,c:\Users\kamal\group 2\Group-2-Speech-Recognition-Emotion-Classification-\data\raw\RAVDESS\Actor_16\03-01-06-01-01-01-16.wav,16,Actor_16,female,3,1,6,fearful,1,1,1,16000,1,3.7037,59259
03-01-06-01-01-02-16.wav,c:\Users\kamal\group 2\Group-2-Speech-Recognition-Emotion-Classification-\data\raw\RAVDESS\Actor_16\03-01-06-01-01-02-16.wav,16,Actor_16,female,3,1,6,fearful,1,1,2,16000,1,3.5035,56056
03-01-06-01-02-01-16.wav,c:\Users\kamal\group 2\Group-2-Speech-Recognition-Emotion-Classification-\data\raw\RAVDESS\Actor_16\03-01-06-01-02-01-16.wav,16,Actor_16,female,3,1,6,fearful,1,2,1,16000,1,3.637,58192
03-01-06-01-02-02-16.wav,c:\Users\kamal\group 2\Group-2-Speech-Recognition-Emotion-Classification-\data\raw\RAVDESS\Actor_16\03-01-06-01-02-02-16.wav,16,Actor_16,female,3,1,6,fearful,1,2,2,16000,1,3.5703,57124
03-01-06-02-01-01-16.wav,c:\Users\kamal\group 2\Group-2-Speech-Recognition-Emotion-Classification-\data\raw\RAVDESS\Actor_16\03-01-06-02-01-01-16.wav,16,Actor_16,female,3,1,6,fearful,2,1,1,16000,1,3.7371,59793
03-01-06-02-01-02-16.wav,c:\Users\kamal\group 2\Group-2-Speech-Recognition-Emotion-Classification-\data\raw\RAVDESS\Actor_16\03-01-06-02-01-02-16.wav,16,Actor_16,female,3,1,6,fearful,2,1,2,16000,1,3.7371,59793
03-01-06-02-02-01-16.wav,c:\Users\kamal\group 2\Group-2-Speech-Recognition-Emotion-Classification-\data\raw\RAVDESS\Actor_16\03-01-06-02-02-01-16.wav,16,Actor_16,female,3,1,6,fearful,2,2,1,16000,1,3.5369,56590
03-01-06-02-02-02-16.wav,c:\Users\kamal\group 2\Group-2-Speech-Recognition-Emotion-Classification-\data\raw\RAVDESS\Actor_16\03-01-06-02-02-02-16.wav,16,Actor_16,female,3,1,6,fearful,2,2,2,16000,1,3.5035,56056
03-01-07-01-01-01-16.wav,c:\Users\kamal\group 2\Group-2-Speech-Recognition-Emotion-Classification-\data\raw\RAVDESS\Actor_16\03-01-07-01-01-01-16.wav,16,Actor_16,female,3,1,7,disgust,1,1,1,16000,1,3.7704,60327
03-01-07-01-01-02-16.wav,c:\Users\kamal\group 2\Group-2-Speech-Recognition-Emotion-Classification-\data\raw\RAVDESS\Actor_16\03-01-07-01-01-02-16.wav,16,Actor_16,female,3,1,7,disgust,1,1,2,16000,1,3.7371,59793
03-01-07-01-02-01-16.wav,c:\Users\kamal\group 2\Group-2-Speech-Recognition-Emotion-Classification-\data\raw\RAVDESS\Actor_16\03-01-07-01-02-01-16.wav,16,Actor_16,female,3,1,7,disgust,1,2,1,16000,1,3.4701,55522
03-01-07-01-02-02-16.wav,c:\Users\kamal\group 2\Group-2-Speech-Recognition-Emotion-Classification-\data\raw\RAVDESS\Actor_16\03-01-07-01-02-02-16.wav,16,Actor_16,female,3,1,7,disgust,1,2,2,16000,1,3.5703,57124
03-01-07-02-01-01-16.wav,c:\Users\kamal\group 2\Group-2-Speech-Recognition-Emotion-Classification-\data\raw\RAVDESS\Actor_16\03-01-07-02-01-01-16.wav,16,Actor_16,female,3,1,7,disgust,2,1,1,16000,1,4.2709,68335
03-01-07-02-01-02-16.wav,c:\Users\kamal\group 2\Group-2-Speech-Recognition-Emotion-Classification-\data\raw\RAVDESS\Actor_16\03-01-07-02-01-02-16.wav,16,Actor_16,female,3,1,7,disgust,2,1,2,16000,1,4.2376,67802
03-01-07-02-02-01-16.wav,c:\Users\kamal\group 2\Group-2-Speech-Recognition-Emotion-Classification-\data\raw\RAVDESS\Actor_16\03-01-07-02-02-01-16.wav,16,Actor_16,female,3,1,7,disgust,2,2,1,16000,1,4.1375,66200
03-01-07-02-02-02-16.wav,c:\Users\kamal\group 2\Group-2-Speech-Recognition-Emotion-Classification-\data\raw\RAVDESS\Actor_16\03-01-07-02-02-02-16.wav,16,Actor_16,female,3,1,7,disgust,2,2,2,16000,1,4.1375,66200
03-01-08-01-01-01-16.wav,c:\Users\kamal\group 2\Group-2-Speech-Recognition-Emotion-Classification-\data\raw\RAVDESS\Actor_16\03-01-08-01-01-01-16.wav,16,Actor_16,female,3,1,8,surprised,1,1,1,16000,1,3.5369,56590
03-01-08-01-01-02-16.wav,c:\Users\kamal\group 2\Group-2-Speech-Recognition-Emotion-Classification-\data\raw\RAVDESS\Actor_16\03-01-08-01-01-02-16.wav,16,Actor_16,female,3,1,8,surprised,1,1,2,16000,1,3.4367,54988
03-01-08-01-02-01-16.wav,c:\Users\kamal\group 2\Group-2-Speech-Recognition-Emotion-Classification-\data\raw\RAVDESS\Actor_16\03-01-08-01-02-01-16.wav,16,Actor_16,female,3,1,8,surprised,1,2,1,16000,1,3.5035,56056
03-01-08-01-02-02-16.wav,c:\Users\kamal\group 2\Group-2-Speech-Recognition-Emotion-Classification-\data\raw\RAVDESS\Actor_16\03-01-08-01-02-02-16.wav,16,Actor_16,female,3,1,8,surprised,1,2,2,16000,1,3.4368,54989
03-01-08-02-01-01-16.wav,c:\Users\kamal\group 2\Group-2-Speech-Recognition-Emotion-Classification-\data\raw\RAVDESS\Actor_16\03-01-08-02-01-01-16.wav,16,Actor_16,female,3,1,8,surprised,2,1,1,16000,1,3.5369,56590
03-01-08-02-01-02-16.wav,c:\Users\kamal\group 2\Group-2-Speech-Recognition-Emotion-Classification-\data\raw\RAVDESS\Actor_16\03-01-08-02-01-02-16.wav,16,Actor_16,female,3,1,8,surprised,2,1,2,16000,1,3.5369,56590
03-01-08-02-02-01-16.wav,c:\Users\kamal\group 2\Group-2-Speech-Recognition-Emotion-Classification-\data\raw\RAVDESS\Actor_16\03-01-08-02-02-01-16.wav,16,Actor_16,female,3,1,8,surprised,2,2,1,16000,1,3.5703,57124
03-01-08-02-02-02-16.wav,c:\Users\kamal\group 2\Group-2-Speech-Recognition-Emotion-Classification-\data\raw\RAVDESS\Actor_16\03-01-08-02-02-02-16.wav,16,Actor_16,female,3,1,8,surprised,2,2,2,16000,1,3.5703,57124
03-01-01-01-01-01-17.wav,c:\Users\kamal\group 2\Group-2-Speech-Recognition-Emotion-Classification-\data\raw\RAVDESS\Actor_17\03-01-01-01-01-01-17.wav,17,Actor_17,male,3,1,1,neutral,1,1,1,16000,1,3.8372,61395
03-01-01-01-01-02-17.wav,c:\Users\kamal\group 2\Group-2-Speech-Recognition-Emotion-Classification-\data\raw\RAVDESS\Actor_17\03-01-01-01-01-02-17.wav,17,Actor_17,male,3,1,1,neutral,1,1,2,16000,1,3.5035,56056
03-01-01-01-02-01-17.wav,c:\Users\kamal\group 2\Group-2-Speech-Recognition-Emotion-Classification-\data\raw\RAVDESS\Actor_17\03-01-01-01-02-01-17.wav,17,Actor_17,male,3,1,1,neutral,1,2,1,16000,1,3.5035,56056
03-01-01-01-02-02-17.wav,c:\Users\kamal\group 2\Group-2-Speech-Recognition-Emotion-Classification-\data\raw\RAVDESS\Actor_17\03-01-01-01-02-02-17.wav,17,Actor_17,male,3,1,1,neutral,1,2,2,16000,1,3.4701,55522
03-01-02-01-01-01-17.wav,c:\Users\kamal\group 2\Group-2-Speech-Recognition-Emotion-Classification-\data\raw\RAVDESS\Actor_17\03-01-02-01-01-01-17.wav,17,Actor_17,male,3,1,2,calm,1,1,1,16000,1,3.5035,56056
03-01-02-01-01-02-17.wav,c:\Users\kamal\group 2\Group-2-Speech-Recognition-Emotion-Classification-\data\raw\RAVDESS\Actor_17\03-01-02-01-01-02-17.wav,17,Actor_17,male,3,1,2,calm,1,1,2,16000,1,3.5369,56590
03-01-02-01-02-01-17.wav,c:\Users\kamal\group 2\Group-2-Speech-Recognition-Emotion-Classification-\data\raw\RAVDESS\Actor_17\03-01-02-01-02-01-17.wav,17,Actor_17,male,3,1,2,calm,1,2,1,16000,1,3.7371,59794
03-01-02-01-02-02-17.wav,c:\Users\kamal\group 2\Group-2-Speech-Recognition-Emotion-Classification-\data\raw\RAVDESS\Actor_17\03-01-02-01-02-02-17.wav,17,Actor_17,male,3,1,2,calm,1,2,2,16000,1,3.7704,60327
03-01-02-02-01-01-17.wav,c:\Users\kamal\group 2\Group-2-Speech-Recognition-Emotion-Classification-\data\raw\RAVDESS\Actor_17\03-01-02-02-01-01-17.wav,17,Actor_17,male,3,1,2,calm,2,1,1,16000,1,3.8706,61929
03-01-02-02-01-02-17.wav,c:\Users\kamal\group 2\Group-2-Speech-Recognition-Emotion-Classification-\data\raw\RAVDESS\Actor_17\03-01-02-02-01-02-17.wav,17,Actor_17,male,3,1,2,calm,2,1,2,16000,1,3.6036,57658
03-01-02-02-02-01-17.wav,c:\Users\kamal\group 2\Group-2-Speech-Recognition-Emotion-Classification-\data\raw\RAVDESS\Actor_17\03-01-02-02-02-01-17.wav,17,Actor_17,male,3,1,2,calm,2,2,1,16000,1,3.8372,61395
03-01-02-02-02-02-17.wav,c:\Users\kamal\group 2\Group-2-Speech-Recognition-Emotion-Classification-\data\raw\RAVDESS\Actor_17\03-01-02-02-02-02-17.wav,17,Actor_17,male,3,1,2,calm,2,2,2,16000,1,3.5369,56590
03-01-03-01-01-01-17.wav,c:\Users\kamal\group 2\Group-2-Speech-Recognition-Emotion-Classification-\data\raw\RAVDESS\Actor_17\03-01-03-01-01-01-17.wav,17,Actor_17,male,3,1,3,happy,1,1,1,16000,1,3.4701,55522
03-01-03-01-01-02-17.wav,c:\Users\kamal\group 2\Group-2-Speech-Recognition-Emotion-Classification-\data\raw\RAVDESS\Actor_17\03-01-03-01-01-02-17.wav,17,Actor_17,male,3,1,3,happy,1,1,2,16000,1,3.5369,56590
03-01-03-01-02-01-17.wav,c:\Users\kamal\group 2\Group-2-Speech-Recognition-Emotion-Classification-\data\raw\RAVDESS\Actor_17\03-01-03-01-02-01-17.wav,17,Actor_17,male,3,1,3,happy,1,2,1,16000,1,3.4702,55523
03-01-03-01-02-02-17.wav,c:\Users\kamal\group 2\Group-2-Speech-Recognition-Emotion-Classification-\data\raw\RAVDESS\Actor_17\03-01-03-01-02-02-17.wav,17,Actor_17,male,3,1,3,happy,1,2,2,16000,1,3.5369,56590
03-01-03-02-01-01-17.wav,c:\Users\kamal\group 2\Group-2-Speech-Recognition-Emotion-Classification-\data\raw\RAVDESS\Actor_17\03-01-03-02-01-01-17.wav,17,Actor_17,male,3,1,3,happy,2,1,1,16000,1,3.7371,59793
03-01-03-02-01-02-17.wav,c:\Users\kamal\group 2\Group-2-Speech-Recognition-Emotion-Classification-\data\raw\RAVDESS\Actor_17\03-01-03-02-01-02-17.wav,17,Actor_17,male,3,1,3,happy,2,1,2,16000,1,4.1041,65666
03-01-03-02-02-01-17.wav,c:\Users\kamal\group 2\Group-2-Speech-Recognition-Emotion-Classification-\data\raw\RAVDESS\Actor_17\03-01-03-02-02-01-17.wav,17,Actor_17,male,3,1,3,happy,2,2,1,16000,1,3.7371,59793
03-01-03-02-02-02-17.wav,c:\Users\kamal\group 2\Group-2-Speech-Recognition-Emotion-Classification-\data\raw\RAVDESS\Actor_17\03-01-03-02-02-02-17.wav,17,Actor_17,male,3,1,3,happy,2,2,2,16000,1,3.8038,60861
03-01-04-01-01-01-17.wav,c:\Users\kamal\group 2\Group-2-Speech-Recognition-Emotion-Classification-\data\raw\RAVDESS\Actor_17\03-01-04-01-01-01-17.wav,17,Actor_17,male,3,1,4,sad,1,1,1,16000,1,3.6704,58726
03-01-04-01-01-02-17.wav,c:\Users\kamal\group 2\Group-2-Speech-Recognition-Emotion-Classification-\data\raw\RAVDESS\Actor_17\03-01-04-01-01-02-17.wav,17,Actor_17,male,3,1,4,sad,1,1,2,16000,1,3.5035,56056
03-01-04-01-02-01-17.wav,c:\Users\kamal\group 2\Group-2-Speech-Recognition-Emotion-Classification-\data\raw\RAVDESS\Actor_17\03-01-04-01-02-01-17.wav,17,Actor_17,male,3,1,4,sad,1,2,1,16000,1,3.5703,57124
03-01-04-01-02-02-17.wav,c:\Users\kamal\group 2\Group-2-Speech-Recognition-Emotion-Classification-\data\raw\RAVDESS\Actor_17\03-01-04-01-02-02-17.wav,17,Actor_17,male,3,1,4,sad,1,2,2,16000,1,3.6036,57658
03-01-04-02-01-01-17.wav,c:\Users\kamal\group 2\Group-2-Speech-Recognition-Emotion-Classification-\data\raw\RAVDESS\Actor_17\03-01-04-02-01-01-17.wav,17,Actor_17,male,3,1,4,sad,2,1,1,16000,1,3.6704,58726
03-01-04-02-01-02-17.wav,c:\Users\kamal\group 2\Group-2-Speech-Recognition-Emotion-Classification-\data\raw\RAVDESS\Actor_17\03-01-04-02-01-02-17.wav,17,Actor_17,male,3,1,4,sad,2,1,2,16000,1,3.7037,59260
03-01-04-02-02-01-17.wav,c:\Users\kamal\group 2\Group-2-Speech-Recognition-Emotion-Classification-\data\raw\RAVDESS\Actor_17\03-01-04-02-02-01-17.wav,17,Actor_17,male,3,1,4,sad,2,2,1,16000,1,3.6036,57658
03-01-04-02-02-02-17.wav,c:\Users\kamal\group 2\Group-2-Speech-Recognition-Emotion-Classification-\data\raw\RAVDESS\Actor_17\03-01-04-02-02-02-17.wav,17,Actor_17,male,3,1,4,sad,2,2,2,16000,1,3.5703,57124
03-01-05-01-01-01-17.wav,c:\Users\kamal\group 2\Group-2-Speech-Recognition-Emotion-Classification-\data\raw\RAVDESS\Actor_17\03-01-05-01-01-01-17.wav,17,Actor_17,male,3,1,5,angry,1,1,1,16000,1,3.4702,55523
03-01-05-01-01-02-17.wav,c:\Users\kamal\group 2\Group-2-Speech-Recognition-Emotion-Classification-\data\raw\RAVDESS\Actor_17\03-01-05-01-01-02-17.wav,17,Actor_17,male,3,1,5,angry,1,1,2,16000,1,3.7037,59260
03-01-05-01-02-01-17.wav,c:\Users\kamal\group 2\Group-2-Speech-Recognition-Emotion-Classification-\data\raw\RAVDESS\Actor_17\03-01-05-01-02-01-17.wav,17,Actor_17,male,3,1,5,angry,1,2,1,16000,1,3.6036,57658
03-01-05-01-02-02-17.wav,c:\Users\kamal\group 2\Group-2-Speech-Recognition-Emotion-Classification-\data\raw\RAVDESS\Actor_17\03-01-05-01-02-02-17.wav,17,Actor_17,male,3,1,5,angry,1,2,2,16000,1,3.5369,56590
03-01-05-02-01-01-17.wav,c:\Users\kamal\group 2\Group-2-Speech-Recognition-Emotion-Classification-\data\raw\RAVDESS\Actor_17\03-01-05-02-01-01-17.wav,17,Actor_17,male,3,1,5,angry,2,1,1,16000,1,3.5035,56056
03-01-05-02-01-02-17.wav,c:\Users\kamal\group 2\Group-2-Speech-Recognition-Emotion-Classification-\data\raw\RAVDESS\Actor_17\03-01-05-02-01-02-17.wav,17,Actor_17,male,3,1,5,angry,2,1,2,16000,1,3.7371,59793
03-01-05-02-02-01-17.wav,c:\Users\kamal\group 2\Group-2-Speech-Recognition-Emotion-Classification-\data\raw\RAVDESS\Actor_17\03-01-05-02-02-01-17.wav,17,Actor_17,male,3,1,5,angry,2,2,1,16000,1,3.637,58192
03-01-05-02-02-02-17.wav,c:\Users\kamal\group 2\Group-2-Speech-Recognition-Emotion-Classification-\data\raw\RAVDESS\Actor_17\03-01-05-02-02-02-17.wav,17,Actor_17,male,3,1,5,angry,2,2,2,16000,1,3.8038,60861
03-01-06-01-01-01-17.wav,c:\Users\kamal\group 2\Group-2-Speech-Recognition-Emotion-Classification-\data\raw\RAVDESS\Actor_17\03-01-06-01-01-01-17.wav,17,Actor_17,male,3,1,6,fearful,1,1,1,16000,1,3.4701,55522
03-01-06-01-01-02-17.wav,c:\Users\kamal\group 2\Group-2-Speech-Recognition-Emotion-Classification-\data\raw\RAVDESS\Actor_17\03-01-06-01-01-02-17.wav,17,Actor_17,male,3,1,6,fearful,1,1,2,16000,1,3.5035,56056
03-01-06-01-02-01-17.wav,c:\Users\kamal\group 2\Group-2-Speech-Recognition-Emotion-Classification-\data\raw\RAVDESS\Actor_17\03-01-06-01-02-01-17.wav,17,Actor_17,male,3,1,6,fearful,1,2,1,16000,1,3.5369,56590
03-01-06-01-02-02-17.wav,c:\Users\kamal\group 2\Group-2-Speech-Recognition-Emotion-Classification-\data\raw\RAVDESS\Actor_17\03-01-06-01-02-02-17.wav,17,Actor_17,male,3,1,6,fearful,1,2,2,16000,1,3.637,58192
03-01-06-02-01-01-17.wav,c:\Users\kamal\group 2\Group-2-Speech-Recognition-Emotion-Classification-\data\raw\RAVDESS\Actor_17\03-01-06-02-01-01-17.wav,17,Actor_17,male,3,1,6,fearful,2,1,1,16000,1,3.7037,59260
03-01-06-02-01-02-17.wav,c:\Users\kamal\group 2\Group-2-Speech-Recognition-Emotion-Classification-\data\raw\RAVDESS\Actor_17\03-01-06-02-01-02-17.wav,17,Actor_17,male,3,1,6,fearful,2,1,2,16000,1,3.7371,59793
03-01-06-02-02-01-17.wav,c:\Users\kamal\group 2\Group-2-Speech-Recognition-Emotion-Classification-\data\raw\RAVDESS\Actor_17\03-01-06-02-02-01-17.wav,17,Actor_17,male,3,1,6,fearful,2,2,1,16000,1,3.6704,58726
03-01-06-02-02-02-17.wav,c:\Users\kamal\group 2\Group-2-Speech-Recognition-Emotion-Classification-\data\raw\RAVDESS\Actor_17\03-01-06-02-02-02-17.wav,17,Actor_17,male,3,1,6,fearful,2,2,2,16000,1,3.8372,61395
03-01-07-01-01-01-17.wav,c:\Users\kamal\group 2\Group-2-Speech-Recognition-Emotion-Classification-\data\raw\RAVDESS\Actor_17\03-01-07-01-01-01-17.wav,17,Actor_17,male,3,1,7,disgust,1,1,1,16000,1,3.8372,61395
03-01-07-01-01-02-17.wav,c:\Users\kamal\group 2\Group-2-Speech-Recognition-Emotion-Classification-\data\raw\RAVDESS\Actor_17\03-01-07-01-01-02-17.wav,17,Actor_17,male,3,1,7,disgust,1,1,2,16000,1,3.7037,59260
03-01-07-01-02-01-17.wav,c:\Users\kamal\group 2\Group-2-Speech-Recognition-Emotion-Classification-\data\raw\RAVDESS\Actor_17\03-01-07-01-02-01-17.wav,17,Actor_17,male,3,1,7,disgust,1,2,1,16000,1,3.5703,57124
03-01-07-01-02-02-17.wav,c:\Users\kamal\group 2\Group-2-Speech-Recognition-Emotion-Classification-\data\raw\RAVDESS\Actor_17\03-01-07-01-02-02-17.wav,17,Actor_17,male,3,1,7,disgust,1,2,2,16000,1,3.5035,56056
03-01-07-02-01-01-17.wav,c:\Users\kamal\group 2\Group-2-Speech-Recognition-Emotion-Classification-\data\raw\RAVDESS\Actor_17\03-01-07-02-01-01-17.wav,17,Actor_17,male,3,1,7,disgust,2,1,1,16000,1,4.2043,67268
03-01-07-02-01-02-17.wav,c:\Users\kamal\group 2\Group-2-Speech-Recognition-Emotion-Classification-\data\raw\RAVDESS\Actor_17\03-01-07-02-01-02-17.wav,17,Actor_17,male,3,1,7,disgust,2,1,2,16000,1,4.1709,66734
03-01-07-02-02-01-17.wav,c:\Users\kamal\group 2\Group-2-Speech-Recognition-Emotion-Classification-\data\raw\RAVDESS\Actor_17\03-01-07-02-02-01-17.wav,17,Actor_17,male,3,1,7,disgust,2,2,1,16000,1,4.4712,71539
03-01-07-02-02-02-17.wav,c:\Users\kamal\group 2\Group-2-Speech-Recognition-Emotion-Classification-\data\raw\RAVDESS\Actor_17\03-01-07-02-02-02-17.wav,17,Actor_17,male,3,1,7,disgust,2,2,2,16000,1,4.6046,73674
03-01-08-01-01-01-17.wav,c:\Users\kamal\group 2\Group-2-Speech-Recognition-Emotion-Classification-\data\raw\RAVDESS\Actor_17\03-01-08-01-01-01-17.wav,17,Actor_17,male,3,1,8,surprised,1,1,1,16000,1,3.4034,54455
03-01-08-01-01-02-17.wav,c:\Users\kamal\group 2\Group-2-Speech-Recognition-Emotion-Classification-\data\raw\RAVDESS\Actor_17\03-01-08-01-01-02-17.wav,17,Actor_17,male,3,1,8,surprised,1,1,2,16000,1,3.637,58192
03-01-08-01-02-01-17.wav,c:\Users\kamal\group 2\Group-2-Speech-Recognition-Emotion-Classification-\data\raw\RAVDESS\Actor_17\03-01-08-01-02-01-17.wav,17,Actor_17,male,3,1,8,surprised,1,2,1,16000,1,3.3701,53921
03-01-08-01-02-02-17.wav,c:\Users\kamal\group 2\Group-2-Speech-Recognition-Emotion-Classification-\data\raw\RAVDESS\Actor_17\03-01-08-01-02-02-17.wav,17,Actor_17,male,3,1,8,surprised,1,2,2,16000,1,3.4368,54989
03-01-08-02-01-01-17.wav,c:\Users\kamal\group 2\Group-2-Speech-Recognition-Emotion-Classification-\data\raw\RAVDESS\Actor_17\03-01-08-02-01-01-17.wav,17,Actor_17,male,3,1,8,surprised,2,1,1,16000,1,3.5369,56590
03-01-08-02-01-02-17.wav,c:\Users\kamal\group 2\Group-2-Speech-Recognition-Emotion-Classification-\data\raw\RAVDESS\Actor_17\03-01-08-02-01-02-17.wav,17,Actor_17,male,3,1,8,surprised,2,1,2,16000,1,3.6704,58726
03-01-08-02-02-01-17.wav,c:\Users\kamal\group 2\Group-2-Speech-Recognition-Emotion-Classification-\data\raw\RAVDESS\Actor_17\03-01-08-02-02-01-17.wav,17,Actor_17,male,3,1,8,surprised,2,2,1,16000,1,3.4368,54989
03-01-08-02-02-02-17.wav,c:\Users\kamal\group 2\Group-2-Speech-Recognition-Emotion-Classification-\data\raw\RAVDESS\Actor_17\03-01-08-02-02-02-17.wav,17,Actor_17,male,3,1,8,surprised,2,2,2,16000,1,3.5369,56590
03-01-01-01-01-01-18.wav,c:\Users\kamal\group 2\Group-2-Speech-Recognition-Emotion-Classification-\data\raw\RAVDESS\Actor_18\03-01-01-01-01-01-18.wav,18,Actor_18,female,3,1,1,neutral,1,1,1,16000,1,3.4702,55523
03-01-01-01-01-02-18.wav,c:\Users\kamal\group 2\Group-2-Speech-Recognition-Emotion-Classification-\data\raw\RAVDESS\Actor_18\03-01-01-01-01-02-18.wav,18,Actor_18,female,3,1,1,neutral,1,1,2,16000,1,3.5369,56590
03-01-01-01-02-01-18.wav,c:\Users\kamal\group 2\Group-2-Speech-Recognition-Emotion-Classification-\data\raw\RAVDESS\Actor_18\03-01-01-01-02-01-18.wav,18,Actor_18,female,3,1,1,neutral,1,2,1,16000,1,3.4701,55522
03-01-01-01-02-02-18.wav,c:\Users\kamal\group 2\Group-2-Speech-Recognition-Emotion-Classification-\data\raw\RAVDESS\Actor_18\03-01-01-01-02-02-18.wav,18,Actor_18,female,3,1,1,neutral,1,2,2,16000,1,3.4702,55523
03-01-02-01-01-01-18.wav,c:\Users\kamal\group 2\Group-2-Speech-Recognition-Emotion-Classification-\data\raw\RAVDESS\Actor_18\03-01-02-01-01-01-18.wav,18,Actor_18,female,3,1,2,calm,1,1,1,16000,1,3.4701,55522
03-01-02-01-01-02-18.wav,c:\Users\kamal\group 2\Group-2-Speech-Recognition-Emotion-Classification-\data\raw\RAVDESS\Actor_18\03-01-02-01-01-02-18.wav,18,Actor_18,female,3,1,2,calm,1,1,2,16000,1,3.4034,54455
03-01-02-01-02-01-18.wav,c:\Users\kamal\group 2\Group-2-Speech-Recognition-Emotion-Classification-\data\raw\RAVDESS\Actor_18\03-01-02-01-02-01-18.wav,18,Actor_18,female,3,1,2,calm,1,2,1,16000,1,3.637,58192
03-01-02-01-02-02-18.wav,c:\Users\kamal\group 2\Group-2-Speech-Recognition-Emotion-Classification-\data\raw\RAVDESS\Actor_18\03-01-02-01-02-02-18.wav,18,Actor_18,female,3,1,2,calm,1,2,2,16000,1,3.5035,56056
03-01-02-02-01-01-18.wav,c:\Users\kamal\group 2\Group-2-Speech-Recognition-Emotion-Classification-\data\raw\RAVDESS\Actor_18\03-01-02-02-01-01-18.wav,18,Actor_18,female,3,1,2,calm,2,1,1,16000,1,3.6036,57658
03-01-02-02-01-02-18.wav,c:\Users\kamal\group 2\Group-2-Speech-Recognition-Emotion-Classification-\data\raw\RAVDESS\Actor_18\03-01-02-02-01-02-18.wav,18,Actor_18,female,3,1,2,calm,2,1,2,16000,1,3.6036,57658
03-01-02-02-02-01-18.wav,c:\Users\kamal\group 2\Group-2-Speech-Recognition-Emotion-Classification-\data\raw\RAVDESS\Actor_18\03-01-02-02-02-01-18.wav,18,Actor_18,female,3,1,2,calm,2,2,1,16000,1,3.6036,57658
03-01-02-02-02-02-18.wav,c:\Users\kamal\group 2\Group-2-Speech-Recognition-Emotion-Classification-\data\raw\RAVDESS\Actor_18\03-01-02-02-02-02-18.wav,18,Actor_18,female,3,1,2,calm,2,2,2,16000,1,3.6036,57658
03-01-03-01-01-01-18.wav,c:\Users\kamal\group 2\Group-2-Speech-Recognition-Emotion-Classification-\data\raw\RAVDESS\Actor_18\03-01-03-01-01-01-18.wav,18,Actor_18,female,3,1,3,happy,1,1,1,16000,1,3.4034,54455
03-01-03-01-01-02-18.wav,c:\Users\kamal\group 2\Group-2-Speech-Recognition-Emotion-Classification-\data\raw\RAVDESS\Actor_18\03-01-03-01-01-02-18.wav,18,Actor_18,female,3,1,3,happy,1,1,2,16000,1,3.3701,53921
03-01-03-01-02-01-18.wav,c:\Users\kamal\group 2\Group-2-Speech-Recognition-Emotion-Classification-\data\raw\RAVDESS\Actor_18\03-01-03-01-02-01-18.wav,18,Actor_18,female,3,1,3,happy,1,2,1,16000,1,3.4367,54988
03-01-03-01-02-02-18.wav,c:\Users\kamal\group 2\Group-2-Speech-Recognition-Emotion-Classification-\data\raw\RAVDESS\Actor_18\03-01-03-01-02-02-18.wav,18,Actor_18,female,3,1,3,happy,1,2,2,16000,1,3.5035,56056
03-01-03-02-01-01-18.wav,c:\Users\kamal\group 2\Group-2-Speech-Recognition-Emotion-Classification-\data\raw\RAVDESS\Actor_18\03-01-03-02-01-01-18.wav,18,Actor_18,female,3,1,3,happy,2,1,1,16000,1,3.7704,60327
03-01-03-02-01-02-18.wav,c:\Users\kamal\group 2\Group-2-Speech-Recognition-Emotion-Classification-\data\raw\RAVDESS\Actor_18\03-01-03-02-01-02-18.wav,18,Actor_18,female,3,1,3,happy,2,1,2,16000,1,3.9373,62996
03-01-03-02-02-01-18.wav,c:\Users\kamal\group 2\Group-2-Speech-Recognition-Emotion-Classification-\data\raw\RAVDESS\Actor_18\03-01-03-02-02-01-18.wav,18,Actor_18,female,3,1,3,happy,2,2,1,16000,1,3.7704,60327
03-01-03-02-02-02-18.wav,c:\Users\kamal\group 2\Group-2-Speech-Recognition-Emotion-Classification-\data\raw\RAVDESS\Actor_18\03-01-03-02-02-02-18.wav,18,Actor_18,female,3,1,3,happy,2,2,2,16000,1,3.8372,61395
03-01-04-01-01-01-18.wav,c:\Users\kamal\group 2\Group-2-Speech-Recognition-Emotion-Classification-\data\raw\RAVDESS\Actor_18\03-01-04-01-01-01-18.wav,18,Actor_18,female,3,1,4,sad,1,1,1,16000,1,3.5703,57124
03-01-04-01-01-02-18.wav,c:\Users\kamal\group 2\Group-2-Speech-Recognition-Emotion-Classification-\data\raw\RAVDESS\Actor_18\03-01-04-01-01-02-18.wav,18,Actor_18,female,3,1,4,sad,1,1,2,16000,1,3.637,58192
03-01-04-01-02-01-18.wav,c:\Users\kamal\group 2\Group-2-Speech-Recognition-Emotion-Classification-\data\raw\RAVDESS\Actor_18\03-01-04-01-02-01-18.wav,18,Actor_18,female,3,1,4,sad,1,2,1,16000,1,3.5369,56590
03-01-04-01-02-02-18.wav,c:\Users\kamal\group 2\Group-2-Speech-Recognition-Emotion-Classification-\data\raw\RAVDESS\Actor_18\03-01-04-01-02-02-18.wav,18,Actor_18,female,3,1,4,sad,1,2,2,16000,1,3.637,58192
03-01-04-02-01-01-18.wav,c:\Users\kamal\group 2\Group-2-Speech-Recognition-Emotion-Classification-\data\raw\RAVDESS\Actor_18\03-01-04-02-01-01-18.wav,18,Actor_18,female,3,1,4,sad,2,1,1,16000,1,3.8038,60861
03-01-04-02-01-02-18.wav,c:\Users\kamal\group 2\Group-2-Speech-Recognition-Emotion-Classification-\data\raw\RAVDESS\Actor_18\03-01-04-02-01-02-18.wav,18,Actor_18,female,3,1,4,sad,2,1,2,16000,1,3.8372,61395
03-01-04-02-02-01-18.wav,c:\Users\kamal\group 2\Group-2-Speech-Recognition-Emotion-Classification-\data\raw\RAVDESS\Actor_18\03-01-04-02-02-01-18.wav,18,Actor_18,female,3,1,4,sad,2,2,1,16000,1,4.1375,66200
03-01-04-02-02-02-18.wav,c:\Users\kamal\group 2\Group-2-Speech-Recognition-Emotion-Classification-\data\raw\RAVDESS\Actor_18\03-01-04-02-02-02-18.wav,18,Actor_18,female,3,1,4,sad,2,2,2,16000,1,3.8372,61395
03-01-05-01-01-01-18.wav,c:\Users\kamal\group 2\Group-2-Speech-Recognition-Emotion-Classification-\data\raw\RAVDESS\Actor_18\03-01-05-01-01-01-18.wav,18,Actor_18,female,3,1,5,angry,1,1,1,16000,1,3.9039,62463
03-01-05-01-01-02-18.wav,c:\Users\kamal\group 2\Group-2-Speech-Recognition-Emotion-Classification-\data\raw\RAVDESS\Actor_18\03-01-05-01-01-02-18.wav,18,Actor_18,female,3,1,5,angry,1,1,2,16000,1,4.1709,66734
03-01-05-01-02-01-18.wav,c:\Users\kamal\group 2\Group-2-Speech-Recognition-Emotion-Classification-\data\raw\RAVDESS\Actor_18\03-01-05-01-02-01-18.wav,18,Actor_18,female,3,1,5,angry,1,2,1,16000,1,3.5703,57124
03-01-05-01-02-02-18.wav,c:\Users\kamal\group 2\Group-2-Speech-Recognition-Emotion-Classification-\data\raw\RAVDESS\Actor_18\03-01-05-01-02-02-18.wav,18,Actor_18,female,3,1,5,angry,1,2,2,16000,1,3.637,58192
03-01-05-02-01-01-18.wav,c:\Users\kamal\group 2\Group-2-Speech-Recognition-Emotion-Classification-\data\raw\RAVDESS\Actor_18\03-01-05-02-01-01-18.wav,18,Actor_18,female,3,1,5,angry,2,1,1,16000,1,3.7037,59260
03-01-05-02-01-02-18.wav,c:\Users\kamal\group 2\Group-2-Speech-Recognition-Emotion-Classification-\data\raw\RAVDESS\Actor_18\03-01-05-02-01-02-18.wav,18,Actor_18,female,3,1,5,angry,2,1,2,16000,1,3.7704,60327
03-01-05-02-02-01-18.wav,c:\Users\kamal\group 2\Group-2-Speech-Recognition-Emotion-Classification-\data\raw\RAVDESS\Actor_18\03-01-05-02-02-01-18.wav,18,Actor_18,female,3,1,5,angry,2,2,1,16000,1,3.8372,61395
03-01-05-02-02-02-18.wav,c:\Users\kamal\group 2\Group-2-Speech-Recognition-Emotion-Classification-\data\raw\RAVDESS\Actor_18\03-01-05-02-02-02-18.wav,18,Actor_18,female,3,1,5,angry,2,2,2,16000,1,4.2376,67801
03-01-06-01-01-01-18.wav,c:\Users\kamal\group 2\Group-2-Speech-Recognition-Emotion-Classification-\data\raw\RAVDESS\Actor_18\03-01-06-01-01-01-18.wav,18,Actor_18,female,3,1,6,fearful,1,1,1,16000,1,3.4368,54989
03-01-06-01-01-02-18.wav,c:\Users\kamal\group 2\Group-2-Speech-Recognition-Emotion-Classification-\data\raw\RAVDESS\Actor_18\03-01-06-01-01-02-18.wav,18,Actor_18,female,3,1,6,fearful,1,1,2,16000,1,3.4034,54455
03-01-06-01-02-01-18.wav,c:\Users\kamal\group 2\Group-2-Speech-Recognition-Emotion-Classification-\data\raw\RAVDESS\Actor_18\03-01-06-01-02-01-18.wav,18,Actor_18,female,3,1,6,fearful,1,2,1,16000,1,3.4701,55522
03-01-06-01-02-02-18.wav,c:\Users\kamal\group 2\Group-2-Speech-Recognition-Emotion-Classification-\data\raw\RAVDESS\Actor_18\03-01-06-01-02-02-18.wav,18,Actor_18,female,3,1,6,fearful,1,2,2,16000,1,3.4702,55523
03-01-06-02-01-01-18.wav,c:\Users\kamal\group 2\Group-2-Speech-Recognition-Emotion-Classification-\data\raw\RAVDESS\Actor_18\03-01-06-02-01-01-18.wav,18,Actor_18,female,3,1,6,fearful,2,1,1,16000,1,3.7371,59794
03-01-06-02-01-02-18.wav,c:\Users\kamal\group 2\Group-2-Speech-Recognition-Emotion-Classification-\data\raw\RAVDESS\Actor_18\03-01-06-02-01-02-18.wav,18,Actor_18,female,3,1,6,fearful,2,1,2,16000,1,4.1709,66734
03-01-06-02-02-01-18.wav,c:\Users\kamal\group 2\Group-2-Speech-Recognition-Emotion-Classification-\data\raw\RAVDESS\Actor_18\03-01-06-02-02-01-18.wav,18,Actor_18,female,3,1,6,fearful,2,2,1,16000,1,3.8038,60861
03-01-06-02-02-02-18.wav,c:\Users\kamal\group 2\Group-2-Speech-Recognition-Emotion-Classification-\data\raw\RAVDESS\Actor_18\03-01-06-02-02-02-18.wav,18,Actor_18,female,3,1,6,fearful,2,2,2,16000,1,3.8038,60861
03-01-07-01-01-01-18.wav,c:\Users\kamal\group 2\Group-2-Speech-Recognition-Emotion-Classification-\data\raw\RAVDESS\Actor_18\03-01-07-01-01-01-18.wav,18,Actor_18,female,3,1,7,disgust,1,1,1,16000,1,4.3043,68869
03-01-07-01-01-02-18.wav,c:\Users\kamal\group 2\Group-2-Speech-Recognition-Emotion-Classification-\data\raw\RAVDESS\Actor_18\03-01-07-01-01-02-18.wav,18,Actor_18,female,3,1,7,disgust,1,1,2,16000,1,4.0708,65132
03-01-07-01-02-01-18.wav,c:\Users\kamal\group 2\Group-2-Speech-Recognition-Emotion-Classification-\data\raw\RAVDESS\Actor_18\03-01-07-01-02-01-18.wav,18,Actor_18,female,3,1,7,disgust,1,2,1,16000,1,3.6704,58726
03-01-07-01-02-02-18.wav,c:\Users\kamal\group 2\Group-2-Speech-Recognition-Emotion-Classification-\data\raw\RAVDESS\Actor_18\03-01-07-01-02-02-18.wav,18,Actor_18,female,3,1,7,disgust,1,2,2,16000,1,4.3711,69937
03-01-07-02-01-01-18.wav,c:\Users\kamal\group 2\Group-2-Speech-Recognition-Emotion-Classification-\data\raw\RAVDESS\Actor_18\03-01-07-02-01-01-18.wav,18,Actor_18,female,3,1,7,disgust,2,1,1,16000,1,4.7714,76343
03-01-07-02-01-02-18.wav,c:\Users\kamal\group 2\Group-2-Speech-Recognition-Emotion-Classification-\data\raw\RAVDESS\Actor_18\03-01-07-02-01-02-18.wav,18,Actor_18,female,3,1,7,disgust,2,1,2,16000,1,4.4712,71539
03-01-07-02-02-01-18.wav,c:\Users\kamal\group 2\Group-2-Speech-Recognition-Emotion-Classification-\data\raw\RAVDESS\Actor_18\03-01-07-02-02-01-18.wav,18,Actor_18,female,3,1,7,disgust,2,2,1,16000,1,4.638,74208
03-01-07-02-02-02-18.wav,c:\Users\kamal\group 2\Group-2-Speech-Recognition-Emotion-Classification-\data\raw\RAVDESS\Actor_18\03-01-07-02-02-02-18.wav,18,Actor_18,female,3,1,7,disgust,2,2,2,16000,1,4.5713,73140
03-01-08-01-01-01-18.wav,c:\Users\kamal\group 2\Group-2-Speech-Recognition-Emotion-Classification-\data\raw\RAVDESS\Actor_18\03-01-08-01-01-01-18.wav,18,Actor_18,female,3,1,8,surprised,1,1,1,16000,1,3.3701,53921
03-01-08-01-01-02-18.wav,c:\Users\kamal\group 2\Group-2-Speech-Recognition-Emotion-Classification-\data\raw\RAVDESS\Actor_18\03-01-08-01-01-02-18.wav,18,Actor_18,female,3,1,8,surprised,1,1,2,16000,1,3.5035,56056
03-01-08-01-02-01-18.wav,c:\Users\kamal\group 2\Group-2-Speech-Recognition-Emotion-Classification-\data\raw\RAVDESS\Actor_18\03-01-08-01-02-01-18.wav,18,Actor_18,female,3,1,8,surprised,1,2,1,16000,1,3.5035,56056
03-01-08-01-02-02-18.wav,c:\Users\kamal\group 2\Group-2-Speech-Recognition-Emotion-Classification-\data\raw\RAVDESS\Actor_18\03-01-08-01-02-02-18.wav,18,Actor_18,female,3,1,8,surprised,1,2,2,16000,1,3.5035,56056
03-01-08-02-01-01-18.wav,c:\Users\kamal\group 2\Group-2-Speech-Recognition-Emotion-Classification-\data\raw\RAVDESS\Actor_18\03-01-08-02-01-01-18.wav,18,Actor_18,female,3,1,8,surprised,2,1,1,16000,1,3.637,58192
03-01-08-02-01-02-18.wav,c:\Users\kamal\group 2\Group-2-Speech-Recognition-Emotion-Classification-\data\raw\RAVDESS\Actor_18\03-01-08-02-01-02-18.wav,18,Actor_18,female,3,1,8,surprised,2,1,2,16000,1,3.5369,56590
03-01-08-02-02-01-18.wav,c:\Users\kamal\group 2\Group-2-Speech-Recognition-Emotion-Classification-\data\raw\RAVDESS\Actor_18\03-01-08-02-02-01-18.wav,18,Actor_18,female,3,1,8,surprised,2,2,1,16000,1,3.8706,61929
03-01-08-02-02-02-18.wav,c:\Users\kamal\group 2\Group-2-Speech-Recognition-Emotion-Classification-\data\raw\RAVDESS\Actor_18\03-01-08-02-02-02-18.wav,18,Actor_18,female,3,1,8,surprised,2,2,2,16000,1,3.637,58192
03-01-01-01-01-01-19.wav,c:\Users\kamal\group 2\Group-2-Speech-Recognition-Emotion-Classification-\data\raw\RAVDESS\Actor_19\03-01-01-01-01-01-19.wav,19,Actor_19,male,3,1,1,neutral,1,1,1,16000,1,3.3701,53921
03-01-01-01-01-02-19.wav,c:\Users\kamal\group 2\Group-2-Speech-Recognition-Emotion-Classification-\data\raw\RAVDESS\Actor_19\03-01-01-01-01-02-19.wav,19,Actor_19,male,3,1,1,neutral,1,1,2,16000,1,3.2366,51785
03-01-01-01-02-01-19.wav,c:\Users\kamal\group 2\Group-2-Speech-Recognition-Emotion-Classification-\data\raw\RAVDESS\Actor_19\03-01-01-01-02-01-19.wav,19,Actor_19,male,3,1,1,neutral,1,2,1,16000,1,3.3367,53387
03-01-01-01-02-02-19.wav,c:\Users\kamal\group 2\Group-2-Speech-Recognition-Emotion-Classification-\data\raw\RAVDESS\Actor_19\03-01-01-01-02-02-19.wav,19,Actor_19,male,3,1,1,neutral,1,2,2,16000,1,3.3033,52853
03-01-02-01-01-01-19.wav,c:\Users\kamal\group 2\Group-2-Speech-Recognition-Emotion-Classification-\data\raw\RAVDESS\Actor_19\03-01-02-01-01-01-19.wav,19,Actor_19,male,3,1,2,calm,1,1,1,16000,1,3.6704,58726
03-01-02-01-01-02-19.wav,c:\Users\kamal\group 2\Group-2-Speech-Recognition-Emotion-Classification-\data\raw\RAVDESS\Actor_19\03-01-02-01-01-02-19.wav,19,Actor_19,male,3,1,2,calm,1,1,2,16000,1,3.6704,58726
03-01-02-01-02-01-19.wav,c:\Users\kamal\group 2\Group-2-Speech-Recognition-Emotion-Classification-\data\raw\RAVDESS\Actor_19\03-01-02-01-02-01-19.wav,19,Actor_19,male,3,1,2,calm,1,2,1,16000,1,3.3367,53387
03-01-02-01-02-02-19.wav,c:\Users\kamal\group 2\Group-2-Speech-Recognition-Emotion-Classification-\data\raw\RAVDESS\Actor_19\03-01-02-01-02-02-19.wav,19,Actor_19,male,3,1,2,calm,1,2,2,16000,1,3.4701,55522
03-01-02-02-01-01-19.wav,c:\Users\kamal\group 2\Group-2-Speech-Recognition-Emotion-Classification-\data\raw\RAVDESS\Actor_19\03-01-02-02-01-01-19.wav,19,Actor_19,male,3,1,2,calm,2,1,1,16000,1,4.4712,71539
03-01-02-02-01-02-19.wav,c:\Users\kamal\group 2\Group-2-Speech-Recognition-Emotion-Classification-\data\raw\RAVDESS\Actor_19\03-01-02-02-01-02-19.wav,19,Actor_19,male,3,1,2,calm,2,1,2,16000,1,4.0374,64598
03-01-02-02-02-01-19.wav,c:\Users\kamal\group 2\Group-2-Speech-Recognition-Emotion-Classification-\data\raw\RAVDESS\Actor_19\03-01-02-02-02-01-19.wav,19,Actor_19,male,3,1,2,calm,2,2,1,16000,1,4.6046,73674
03-01-02-02-02-02-19.wav,c:\Users\kamal\group 2\Group-2-Speech-Recognition-Emotion-Classification-\data\raw\RAVDESS\Actor_19\03-01-02-02-02-02-19.wav,19,Actor_19,male,3,1,2,calm,2,2,2,16000,1,4.3043,68869
03-01-03-01-01-01-19.wav,c:\Users\kamal\group 2\Group-2-Speech-Recognition-Emotion-Classification-\data\raw\RAVDESS\Actor_19\03-01-03-01-01-01-19.wav,19,Actor_19,male,3,1,3,happy,1,1,1,16000,1,3.637,58192
03-01-03-01-01-02-19.wav,c:\Users\kamal\group 2\Group-2-Speech-Recognition-Emotion-Classification-\data\raw\RAVDESS\Actor_19\03-01-03-01-01-02-19.wav,19,Actor_19,male,3,1,3,happy,1,1,2,16000,1,3.7037,59260
03-01-03-01-02-01-19.wav,c:\Users\kamal\group 2\Group-2-Speech-Recognition-Emotion-Classification-\data\raw\RAVDESS\Actor_19\03-01-03-01-02-01-19.wav,19,Actor_19,male,3,1,3,happy,1,2,1,16000,1,3.2699,52319
03-01-03-01-02-02-19.wav,c:\Users\kamal\group 2\Group-2-Speech-Recognition-Emotion-Classification-\data\raw\RAVDESS\Actor_19\03-01-03-01-02-02-19.wav,19,Actor_19,male,3,1,3,happy,1,2,2,16000,1,3.3033,52853
03-01-03-02-01-01-19.wav,c:\Users\kamal\group 2\Group-2-Speech-Recognition-Emotion-Classification-\data\raw\RAVDESS\Actor_19\03-01-03-02-01-01-19.wav,19,Actor_19,male,3,1,3,happy,2,1,1,16000,1,3.7704,60327
03-01-03-02-01-02-19.wav,c:\Users\kamal\group 2\Group-2-Speech-Recognition-Emotion-Classification-\data\raw\RAVDESS\Actor_19\03-01-03-02-01-02-19.wav,19,Actor_19,male,3,1,3,happy,2,1,2,16000,1,3.8038,60861
03-01-03-02-02-01-19.wav,c:\Users\kamal\group 2\Group-2-Speech-Recognition-Emotion-Classification-\data\raw\RAVDESS\Actor_19\03-01-03-02-02-01-19.wav,19,Actor_19,male,3,1,3,happy,2,2,1,16000,1,4.4044,70471
03-01-03-02-02-02-19.wav,c:\Users\kamal\group 2\Group-2-Speech-Recognition-Emotion-Classification-\data\raw\RAVDESS\Actor_19\03-01-03-02-02-02-19.wav,19,Actor_19,male,3,1,3,happy,2,2,2,16000,1,4.004,64064
03-01-04-01-01-01-19.wav,c:\Users\kamal\group 2\Group-2-Speech-Recognition-Emotion-Classification-\data\raw\RAVDESS\Actor_19\03-01-04-01-01-01-19.wav,19,Actor_19,male,3,1,4,sad,1,1,1,16000,1,3.4368,54989
03-01-04-01-01-02-19.wav,c:\Users\kamal\group 2\Group-2-Speech-Recognition-Emotion-Classification-\data\raw\RAVDESS\Actor_19\03-01-04-01-01-02-19.wav,19,Actor_19,male,3,1,4,sad,1,1,2,16000,1,3.6704,58726
03-01-04-01-02-01-19.wav,c:\Users\kamal\group 2\Group-2-Speech-Recognition-Emotion-Classification-\data\raw\RAVDESS\Actor_19\03-01-04-01-02-01-19.wav,19,Actor_19,male,3,1,4,sad,1,2,1,16000,1,3.1699,50718
03-01-04-01-02-02-19.wav,c:\Users\kamal\group 2\Group-2-Speech-Recognition-Emotion-Classification-\data\raw\RAVDESS\Actor_19\03-01-04-01-02-02-19.wav,19,Actor_19,male,3,1,4,sad,1,2,2,16000,1,3.6704,58726
03-01-04-02-01-01-19.wav,c:\Users\kamal\group 2\Group-2-Speech-Recognition-Emotion-Classification-\data\raw\RAVDESS\Actor_19\03-01-04-02-01-01-19.wav,19,Actor_19,male,3,1,4,sad,2,1,1,16000,1,4.004,64064
03-01-04-02-01-02-19.wav,c:\Users\kamal\group 2\Group-2-Speech-Recognition-Emotion-Classification-\data\raw\RAVDESS\Actor_19\03-01-04-02-01-02-19.wav,19,Actor_19,male,3,1,4,sad,2,1,2,16000,1,3.7037,59260
03-01-04-02-02-01-19.wav,c:\Users\kamal\group 2\Group-2-Speech-Recognition-Emotion-Classification-\data\raw\RAVDESS\Actor_19\03-01-04-02-02-01-19.wav,19,Actor_19,male,3,1,4,sad,2,2,1,16000,1,3.4034,54455
03-01-04-02-02-02-19.wav,c:\Users\kamal\group 2\Group-2-Speech-Recognition-Emotion-Classification-\data\raw\RAVDESS\Actor_19\03-01-04-02-02-02-19.wav,19,Actor_19,male,3,1,4,sad,2,2,2,16000,1,3.7371,59794
03-01-05-01-01-01-19.wav,c:\Users\kamal\group 2\Group-2-Speech-Recognition-Emotion-Classification-\data\raw\RAVDESS\Actor_19\03-01-05-01-01-01-19.wav,19,Actor_19,male,3,1,5,angry,1,1,1,16000,1,3.7704,60327
03-01-05-01-01-02-19.wav,c:\Users\kamal\group 2\Group-2-Speech-Recognition-Emotion-Classification-\data\raw\RAVDESS\Actor_19\03-01-05-01-01-02-19.wav,19,Actor_19,male,3,1,5,angry,1,1,2,16000,1,3.7037,59260
03-01-05-01-02-01-19.wav,c:\Users\kamal\group 2\Group-2-Speech-Recognition-Emotion-Classification-\data\raw\RAVDESS\Actor_19\03-01-05-01-02-01-19.wav,19,Actor_19,male,3,1,5,angry,1,2,1,16000,1,3.3033,52853
03-01-05-01-02-02-19.wav,c:\Users\kamal\group 2\Group-2-Speech-Recognition-Emotion-Classification-\data\raw\RAVDESS\Actor_19\03-01-05-01-02-02-19.wav,19,Actor_19,male,3,1,5,angry,1,2,2,16000,1,3.5703,57124
03-01-05-02-01-01-19.wav,c:\Users\kamal\group 2\Group-2-Speech-Recognition-Emotion-Classification-\data\raw\RAVDESS\Actor_19\03-01-05-02-01-01-19.wav,19,Actor_19,male,3,1,5,angry,2,1,1,16000,1,3.9707,63531
03-01-05-02-01-02-19.wav,c:\Users\kamal\group 2\Group-2-Speech-Recognition-Emotion-Classification-\data\raw\RAVDESS\Actor_19\03-01-05-02-01-02-19.wav,19,Actor_19,male,3,1,5,angry,2,1,2,16000,1,4.8048,76877
03-01-05-02-02-01-19.wav,c:\Users\kamal\group 2\Group-2-Speech-Recognition-Emotion-Classification-\data\raw\RAVDESS\Actor_19\03-01-05-02-02-01-19.wav,19,Actor_19,male,3,1,5,angry,2,2,1,16000,1,4.3377,69403
03-01-05-02-02-02-19.wav,c:\Users\kamal\group 2\Group-2-Speech-Recognition-Emotion-Classification-\data\raw\RAVDESS\Actor_19\03-01-05-02-02-02-19.wav,19,Actor_19,male,3,1,5,angry,2,2,2,16000,1,4.1041,65666
03-01-06-01-01-01-19.wav,c:\Users\kamal\group 2\Group-2-Speech-Recognition-Emotion-Classification-\data\raw\RAVDESS\Actor_19\03-01-06-01-01-01-19.wav,19,Actor_19,male,3,1,6,fearful,1,1,1,16000,1,3.7037,59259
03-01-06-01-01-02-19.wav,c:\Users\kamal\group 2\Group-2-Speech-Recognition-Emotion-Classification-\data\raw\RAVDESS\Actor_19\03-01-06-01-01-02-19.wav,19,Actor_19,male,3,1,6,fearful,1,1,2,16000,1,3.5035,56056
03-01-06-01-02-01-19.wav,c:\Users\kamal\group 2\Group-2-Speech-Recognition-Emotion-Classification-\data\raw\RAVDESS\Actor_19\03-01-06-01-02-01-19.wav,19,Actor_19,male,3,1,6,fearful,1,2,1,16000,1,3.7704,60327
03-01-06-01-02-02-19.wav,c:\Users\kamal\group 2\Group-2-Speech-Recognition-Emotion-Classification-\data\raw\RAVDESS\Actor_19\03-01-06-01-02-02-19.wav,19,Actor_19,male,3,1,6,fearful,1,2,2,16000,1,3.5369,56590
03-01-06-02-01-01-19.wav,c:\Users\kamal\group 2\Group-2-Speech-Recognition-Emotion-Classification-\data\raw\RAVDESS\Actor_19\03-01-06-02-01-01-19.wav,19,Actor_19,male,3,1,6,fearful,2,1,1,16000,1,3.8372,61395
03-01-06-02-01-02-19.wav,c:\Users\kamal\group 2\Group-2-Speech-Recognition-Emotion-Classification-\data\raw\RAVDESS\Actor_19\03-01-06-02-01-02-19.wav,19,Actor_19,male,3,1,6,fearful,2,1,2,16000,1,4.3711,69937
03-01-06-02-02-01-19.wav,c:\Users\kamal\group 2\Group-2-Speech-Recognition-Emotion-Classification-\data\raw\RAVDESS\Actor_19\03-01-06-02-02-01-19.wav,19,Actor_19,male,3,1,6,fearful,2,2,1,16000,1,3.5703,57124
03-01-06-02-02-02-19.wav,c:\Users\kamal\group 2\Group-2-Speech-Recognition-Emotion-Classification-\data\raw\RAVDESS\Actor_19\03-01-06-02-02-02-19.wav,19,Actor_19,male,3,1,6,fearful,2,2,2,16000,1,4.0374,64598
03-01-07-01-01-01-19.wav,c:\Users\kamal\group 2\Group-2-Speech-Recognition-Emotion-Classification-\data\raw\RAVDESS\Actor_19\03-01-07-01-01-01-19.wav,19,Actor_19,male,3,1,7,disgust,1,1,1,16000,1,4.3043,68869
03-01-07-01-01-02-19.wav,c:\Users\kamal\group 2\Group-2-Speech-Recognition-Emotion-Classification-\data\raw\RAVDESS\Actor_19\03-01-07-01-01-02-19.wav,19,Actor_19,male,3,1,7,disgust,1,1,2,16000,1,4.8382,77411
03-01-07-01-02-01-19.wav,c:\Users\kamal\group 2\Group-2-Speech-Recognition-Emotion-Classification-\data\raw\RAVDESS\Actor_19\03-01-07-01-02-01-19.wav,19,Actor_19,male,3,1,7,disgust,1,2,1,16000,1,4.1709,66734
03-01-07-01-02-02-19.wav,c:\Users\kamal\group 2\Group-2-Speech-Recognition-Emotion-Classification-\data\raw\RAVDESS\Actor_19\03-01-07-01-02-02-19.wav,19,Actor_19,male,3,1,7,disgust,1,2,2,16000,1,3.9373,62997
03-01-07-02-01-01-19.wav,c:\Users\kamal\group 2\Group-2-Speech-Recognition-Emotion-Classification-\data\raw\RAVDESS\Actor_19\03-01-07-02-01-01-19.wav,19,Actor_19,male,3,1,7,disgust,2,1,1,16000,1,4.8048,76877
03-01-07-02-01-02-19.wav,c:\Users\kamal\group 2\Group-2-Speech-Recognition-Emotion-Classification-\data\raw\RAVDESS\Actor_19\03-01-07-02-01-02-19.wav,19,Actor_19,male,3,1,7,disgust,2,1,2,16000,1,5.2719,84351
03-01-07-02-02-01-19.wav,c:\Users\kamal\group 2\Group-2-Speech-Recognition-Emotion-Classification-\data\raw\RAVDESS\Actor_19\03-01-07-02-02-01-19.wav,19,Actor_19,male,3,1,7,disgust,2,2,1,16000,1,4.9049,78479
03-01-07-02-02-02-19.wav,c:\Users\kamal\group 2\Group-2-Speech-Recognition-Emotion-Classification-\data\raw\RAVDESS\Actor_19\03-01-07-02-02-02-19.wav,19,Actor_19,male,3,1,7,disgust,2,2,2,16000,1,4.9383,79013
03-01-08-01-01-01-19.wav,c:\Users\kamal\group 2\Group-2-Speech-Recognition-Emotion-Classification-\data\raw\RAVDESS\Actor_19\03-01-08-01-01-01-19.wav,19,Actor_19,male,3,1,8,surprised,1,1,1,16000,1,3.7371,59793
03-01-08-01-01-02-19.wav,c:\Users\kamal\group 2\Group-2-Speech-Recognition-Emotion-Classification-\data\raw\RAVDESS\Actor_19\03-01-08-01-01-02-19.wav,19,Actor_19,male,3,1,8,surprised,1,1,2,16000,1,3.5369,56590
03-01-08-01-02-01-19.wav,c:\Users\kamal\group 2\Group-2-Speech-Recognition-Emotion-Classification-\data\raw\RAVDESS\Actor_19\03-01-08-01-02-01-19.wav,19,Actor_19,male,3,1,8,surprised,1,2,1,16000,1,4.1041,65666
03-01-08-01-02-02-19.wav,c:\Users\kamal\group 2\Group-2-Speech-Recognition-Emotion-Classification-\data\raw\RAVDESS\Actor_19\03-01-08-01-02-02-19.wav,19,Actor_19,male,3,1,8,surprised,1,2,2,16000,1,3.0697,49116
03-01-08-02-01-01-19.wav,c:\Users\kamal\group 2\Group-2-Speech-Recognition-Emotion-Classification-\data\raw\RAVDESS\Actor_19\03-01-08-02-01-01-19.wav,19,Actor_19,male,3,1,8,surprised,2,1,1,16000,1,4.1041,65666
03-01-08-02-01-02-19.wav,c:\Users\kamal\group 2\Group-2-Speech-Recognition-Emotion-Classification-\data\raw\RAVDESS\Actor_19\03-01-08-02-01-02-19.wav,19,Actor_19,male,3,1,8,surprised,2,1,2,16000,1,4.638,74208
03-01-08-02-02-01-19.wav,c:\Users\kamal\group 2\Group-2-Speech-Recognition-Emotion-Classification-\data\raw\RAVDESS\Actor_19\03-01-08-02-02-01-19.wav,19,Actor_19,male,3,1,8,surprised,2,2,1,16000,1,3.2366,51786
03-01-08-02-02-02-19.wav,c:\Users\kamal\group 2\Group-2-Speech-Recognition-Emotion-Classification-\data\raw\RAVDESS\Actor_19\03-01-08-02-02-02-19.wav,19,Actor_19,male,3,1,8,surprised,2,2,2,16000,1,3.2699,52319
03-01-01-01-01-01-20.wav,c:\Users\kamal\group 2\Group-2-Speech-Recognition-Emotion-Classification-\data\raw\RAVDESS\Actor_20\03-01-01-01-01-01-20.wav,20,Actor_20,female,3,1,1,neutral,1,1,1,16000,1,3.4701,55522
03-01-01-01-01-02-20.wav,c:\Users\kamal\group 2\Group-2-Speech-Recognition-Emotion-Classification-\data\raw\RAVDESS\Actor_20\03-01-01-01-01-02-20.wav,20,Actor_20,female,3,1,1,neutral,1,1,2,16000,1,3.5703,57124
03-01-01-01-02-01-20.wav,c:\Users\kamal\group 2\Group-2-Speech-Recognition-Emotion-Classification-\data\raw\RAVDESS\Actor_20\03-01-01-01-02-01-20.wav,20,Actor_20,female,3,1,1,neutral,1,2,1,16000,1,3.4368,54989
03-01-01-01-02-02-20.wav,c:\Users\kamal\group 2\Group-2-Speech-Recognition-Emotion-Classification-\data\raw\RAVDESS\Actor_20\03-01-01-01-02-02-20.wav,20,Actor_20,female,3,1,1,neutral,1,2,2,16000,1,3.5369,56590
03-01-02-01-01-01-20.wav,c:\Users\kamal\group 2\Group-2-Speech-Recognition-Emotion-Classification-\data\raw\RAVDESS\Actor_20\03-01-02-01-01-01-20.wav,20,Actor_20,female,3,1,2,calm,1,1,1,16000,1,3.637,58192
03-01-02-01-01-02-20.wav,c:\Users\kamal\group 2\Group-2-Speech-Recognition-Emotion-Classification-\data\raw\RAVDESS\Actor_20\03-01-02-01-01-02-20.wav,20,Actor_20,female,3,1,2,calm,1,1,2,16000,1,3.5703,57124
03-01-02-01-02-01-20.wav,c:\Users\kamal\group 2\Group-2-Speech-Recognition-Emotion-Classification-\data\raw\RAVDESS\Actor_20\03-01-02-01-02-01-20.wav,20,Actor_20,female,3,1,2,calm,1,2,1,16000,1,3.3367,53387
03-01-02-01-02-02-20.wav,c:\Users\kamal\group 2\Group-2-Speech-Recognition-Emotion-Classification-\data\raw\RAVDESS\Actor_20\03-01-02-01-02-02-20.wav,20,Actor_20,female,3,1,2,calm,1,2,2,16000,1,3.5035,56056
03-01-02-02-01-01-20.wav,c:\Users\kamal\group 2\Group-2-Speech-Recognition-Emotion-Classification-\data\raw\RAVDESS\Actor_20\03-01-02-02-01-01-20.wav,20,Actor_20,female,3,1,2,calm,2,1,1,16000,1,3.8706,61929
03-01-02-02-01-02-20.wav,c:\Users\kamal\group 2\Group-2-Speech-Recognition-Emotion-Classification-\data\raw\RAVDESS\Actor_20\03-01-02-02-01-02-20.wav,20,Actor_20,female,3,1,2,calm,2,1,2,16000,1,4.0708,65132
03-01-02-02-02-01-20.wav,c:\Users\kamal\group 2\Group-2-Speech-Recognition-Emotion-Classification-\data\raw\RAVDESS\Actor_20\03-01-02-02-02-01-20.wav,20,Actor_20,female,3,1,2,calm,2,2,1,16000,1,3.637,58192
03-01-02-02-02-02-20.wav,c:\Users\kamal\group 2\Group-2-Speech-Recognition-Emotion-Classification-\data\raw\RAVDESS\Actor_20\03-01-02-02-02-02-20.wav,20,Actor_20,female,3,1,2,calm,2,2,2,16000,1,3.637,58192
03-01-03-01-01-01-20.wav,c:\Users\kamal\group 2\Group-2-Speech-Recognition-Emotion-Classification-\data\raw\RAVDESS\Actor_20\03-01-03-01-01-01-20.wav,20,Actor_20,female,3,1,3,happy,1,1,1,16000,1,3.5369,56590
03-01-03-01-01-02-20.wav,c:\Users\kamal\group 2\Group-2-Speech-Recognition-Emotion-Classification-\data\raw\RAVDESS\Actor_20\03-01-03-01-01-02-20.wav,20,Actor_20,female,3,1,3,happy,1,1,2,16000,1,3.7037,59259
03-01-03-01-02-01-20.wav,c:\Users\kamal\group 2\Group-2-Speech-Recognition-Emotion-Classification-\data\raw\RAVDESS\Actor_20\03-01-03-01-02-01-20.wav,20,Actor_20,female,3,1,3,happy,1,2,1,16000,1,3.4701,55522
03-01-03-01-02-02-20.wav,c:\Users\kamal\group 2\Group-2-Speech-Recognition-Emotion-Classification-\data\raw\RAVDESS\Actor_20\03-01-03-01-02-02-20.wav,20,Actor_20,female,3,1,3,happy,1,2,2,16000,1,3.4034,54455
03-01-03-02-01-01-20.wav,c:\Users\kamal\group 2\Group-2-Speech-Recognition-Emotion-Classification-\data\raw\RAVDESS\Actor_20\03-01-03-02-01-01-20.wav,20,Actor_20,female,3,1,3,happy,2,1,1,16000,1,3.6704,58726
03-01-03-02-01-02-20.wav,c:\Users\kamal\group 2\Group-2-Speech-Recognition-Emotion-Classification-\data\raw\RAVDESS\Actor_20\03-01-03-02-01-02-20.wav,20,Actor_20,female,3,1,3,happy,2,1,2,16000,1,4.3043,68869
03-01-03-02-02-01-20.wav,c:\Users\kamal\group 2\Group-2-Speech-Recognition-Emotion-Classification-\data\raw\RAVDESS\Actor_20\03-01-03-02-02-01-20.wav,20,Actor_20,female,3,1,3,happy,2,2,1,16000,1,3.5703,57124
03-01-03-02-02-02-20.wav,c:\Users\kamal\group 2\Group-2-Speech-Recognition-Emotion-Classification-\data\raw\RAVDESS\Actor_20\03-01-03-02-02-02-20.wav,20,Actor_20,female,3,1,3,happy,2,2,2,16000,1,3.7037,59260
03-01-04-01-01-01-20.wav,c:\Users\kamal\group 2\Group-2-Speech-Recognition-Emotion-Classification-\data\raw\RAVDESS\Actor_20\03-01-04-01-01-01-20.wav,20,Actor_20,female,3,1,4,sad,1,1,1,16000,1,3.6036,57658
03-01-04-01-01-02-20.wav,c:\Users\kamal\group 2\Group-2-Speech-Recognition-Emotion-Classification-\data\raw\RAVDESS\Actor_20\03-01-04-01-01-02-20.wav,20,Actor_20,female,3,1,4,sad,1,1,2,16000,1,3.5035,56056
03-01-04-01-02-01-20.wav,c:\Users\kamal\group 2\Group-2-Speech-Recognition-Emotion-Classification-\data\raw\RAVDESS\Actor_20\03-01-04-01-02-01-20.wav,20,Actor_20,female,3,1,4,sad,1,2,1,16000,1,3.4701,55522
03-01-04-01-02-02-20.wav,c:\Users\kamal\group 2\Group-2-Speech-Recognition-Emotion-Classification-\data\raw\RAVDESS\Actor_20\03-01-04-01-02-02-20.wav,20,Actor_20,female,3,1,4,sad,1,2,2,16000,1,3.3701,53921
03-01-04-02-01-01-20.wav,c:\Users\kamal\group 2\Group-2-Speech-Recognition-Emotion-Classification-\data\raw\RAVDESS\Actor_20\03-01-04-02-01-01-20.wav,20,Actor_20,female,3,1,4,sad,2,1,1,16000,1,3.7704,60327
03-01-04-02-01-02-20.wav,c:\Users\kamal\group 2\Group-2-Speech-Recognition-Emotion-Classification-\data\raw\RAVDESS\Actor_20\03-01-04-02-01-02-20.wav,20,Actor_20,female,3,1,4,sad,2,1,2,16000,1,4.2376,67801
03-01-04-02-02-01-20.wav,c:\Users\kamal\group 2\Group-2-Speech-Recognition-Emotion-Classification-\data\raw\RAVDESS\Actor_20\03-01-04-02-02-01-20.wav,20,Actor_20,female,3,1,4,sad,2,2,1,16000,1,3.8038,60861
03-01-04-02-02-02-20.wav,c:\Users\kamal\group 2\Group-2-Speech-Recognition-Emotion-Classification-\data\raw\RAVDESS\Actor_20\03-01-04-02-02-02-20.wav,20,Actor_20,female,3,1,4,sad,2,2,2,16000,1,3.9706,63530
03-01-05-01-01-01-20.wav,c:\Users\kamal\group 2\Group-2-Speech-Recognition-Emotion-Classification-\data\raw\RAVDESS\Actor_20\03-01-05-01-01-01-20.wav,20,Actor_20,female,3,1,5,angry,1,1,1,16000,1,3.2366,51786
03-01-05-01-01-02-20.wav,c:\Users\kamal\group 2\Group-2-Speech-Recognition-Emotion-Classification-\data\raw\RAVDESS\Actor_20\03-01-05-01-01-02-20.wav,20,Actor_20,female,3,1,5,angry,1,1,2,16000,1,3.7371,59793
03-01-05-01-02-01-20.wav,c:\Users\kamal\group 2\Group-2-Speech-Recognition-Emotion-Classification-\data\raw\RAVDESS\Actor_20\03-01-05-01-02-01-20.wav,20,Actor_20,female,3,1,5,angry,1,2,1,16000,1,3.6704,58726
03-01-05-01-02-02-20.wav,c:\Users\kamal\group 2\Group-2-Speech-Recognition-Emotion-Classification-\data\raw\RAVDESS\Actor_20\03-01-05-01-02-02-20.wav,20,Actor_20,female,3,1,5,angry,1,2,2,16000,1,3.8038,60861
03-01-05-02-01-01-20.wav,c:\Users\kamal\group 2\Group-2-Speech-Recognition-Emotion-Classification-\data\raw\RAVDESS\Actor_20\03-01-05-02-01-01-20.wav,20,Actor_20,female,3,1,5,angry,2,1,1,16000,1,4.1375,66200
03-01-05-02-01-02-20.wav,c:\Users\kamal\group 2\Group-2-Speech-Recognition-Emotion-Classification-\data\raw\RAVDESS\Actor_20\03-01-05-02-01-02-20.wav,20,Actor_20,female,3,1,5,angry,2,1,2,16000,1,4.0708,65132
03-01-05-02-02-01-20.wav,c:\Users\kamal\group 2\Group-2-Speech-Recognition-Emotion-Classification-\data\raw\RAVDESS\Actor_20\03-01-05-02-02-01-20.wav,20,Actor_20,female,3,1,5,angry,2,2,1,16000,1,4.4044,70471
03-01-05-02-02-02-20.wav,c:\Users\kamal\group 2\Group-2-Speech-Recognition-Emotion-Classification-\data\raw\RAVDESS\Actor_20\03-01-05-02-02-02-20.wav,20,Actor_20,female,3,1,5,angry,2,2,2,16000,1,3.5369,56590
03-01-06-01-01-01-20.wav,c:\Users\kamal\group 2\Group-2-Speech-Recognition-Emotion-Classification-\data\raw\RAVDESS\Actor_20\03-01-06-01-01-01-20.wav,20,Actor_20,female,3,1,6,fearful,1,1,1,16000,1,3.8038,60861
03-01-06-01-01-02-20.wav,c:\Users\kamal\group 2\Group-2-Speech-Recognition-Emotion-Classification-\data\raw\RAVDESS\Actor_20\03-01-06-01-01-02-20.wav,20,Actor_20,female,3,1,6,fearful,1,1,2,16000,1,4.3711,69937
03-01-06-01-02-01-20.wav,c:\Users\kamal\group 2\Group-2-Speech-Recognition-Emotion-Classification-\data\raw\RAVDESS\Actor_20\03-01-06-01-02-01-20.wav,20,Actor_20,female,3,1,6,fearful,1,2,1,16000,1,3.9373,62997
03-01-06-01-02-02-20.wav,c:\Users\kamal\group 2\Group-2-Speech-Recognition-Emotion-Classification-\data\raw\RAVDESS\Actor_20\03-01-06-01-02-02-20.wav,20,Actor_20,female,3,1,6,fearful,1,2,2,16000,1,3.3033,52853
03-01-06-02-01-01-20.wav,c:\Users\kamal\group 2\Group-2-Speech-Recognition-Emotion-Classification-\data\raw\RAVDESS\Actor_20\03-01-06-02-01-01-20.wav,20,Actor_20,female,3,1,6,fearful,2,1,1,16000,1,4.2376,67801
03-01-06-02-01-02-20.wav,c:\Users\kamal\group 2\Group-2-Speech-Recognition-Emotion-Classification-\data\raw\RAVDESS\Actor_20\03-01-06-02-01-02-20.wav,20,Actor_20,female,3,1,6,fearful,2,1,2,16000,1,4.1709,66734
03-01-06-02-02-01-20.wav,c:\Users\kamal\group 2\Group-2-Speech-Recognition-Emotion-Classification-\data\raw\RAVDESS\Actor_20\03-01-06-02-02-01-20.wav,20,Actor_20,female,3,1,6,fearful,2,2,1,16000,1,3.8706,61929
03-01-06-02-02-02-20.wav,c:\Users\kamal\group 2\Group-2-Speech-Recognition-Emotion-Classification-\data\raw\RAVDESS\Actor_20\03-01-06-02-02-02-20.wav,20,Actor_20,female,3,1,6,fearful,2,2,2,16000,1,3.9039,62463
03-01-07-01-01-01-20.wav,c:\Users\kamal\group 2\Group-2-Speech-Recognition-Emotion-Classification-\data\raw\RAVDESS\Actor_20\03-01-07-01-01-01-20.wav,20,Actor_20,female,3,1,7,disgust,1,1,1,16000,1,3.8706,61929
03-01-07-01-01-02-20.wav,c:\Users\kamal\group 2\Group-2-Speech-Recognition-Emotion-Classification-\data\raw\RAVDESS\Actor_20\03-01-07-01-01-02-20.wav,20,Actor_20,female,3,1,7,disgust,1,1,2,16000,1,3.7371,59793
03-01-07-01-02-01-20.wav,c:\Users\kamal\group 2\Group-2-Speech-Recognition-Emotion-Classification-\data\raw\RAVDESS\Actor_20\03-01-07-01-02-01-20.wav,20,Actor_20,female,3,1,7,disgust,1,2,1,16000,1,3.637,58192
03-01-07-01-02-02-20.wav,c:\Users\kamal\group 2\Group-2-Speech-Recognition-Emotion-Classification-\data\raw\RAVDESS\Actor_20\03-01-07-01-02-02-20.wav,20,Actor_20,female,3,1,7,disgust,1,2,2,16000,1,3.8372,61395
03-01-07-02-01-01-20.wav,c:\Users\kamal\group 2\Group-2-Speech-Recognition-Emotion-Classification-\data\raw\RAVDESS\Actor_20\03-01-07-02-01-01-20.wav,20,Actor_20,female,3,1,7,disgust,2,1,1,16000,1,4.1041,65666
03-01-07-02-01-02-20.wav,c:\Users\kamal\group 2\Group-2-Speech-Recognition-Emotion-Classification-\data\raw\RAVDESS\Actor_20\03-01-07-02-01-02-20.wav,20,Actor_20,female,3,1,7,disgust,2,1,2,16000,1,4.1041,65666
03-01-07-02-02-01-20.wav,c:\Users\kamal\group 2\Group-2-Speech-Recognition-Emotion-Classification-\data\raw\RAVDESS\Actor_20\03-01-07-02-02-01-20.wav,20,Actor_20,female,3,1,7,disgust,2,2,1,16000,1,4.7381,75809
03-01-07-02-02-02-20.wav,c:\Users\kamal\group 2\Group-2-Speech-Recognition-Emotion-Classification-\data\raw\RAVDESS\Actor_20\03-01-07-02-02-02-20.wav,20,Actor_20,female,3,1,7,disgust,2,2,2,16000,1,3.8706,61929
03-01-08-01-01-01-20.wav,c:\Users\kamal\group 2\Group-2-Speech-Recognition-Emotion-Classification-\data\raw\RAVDESS\Actor_20\03-01-08-01-01-01-20.wav,20,Actor_20,female,3,1,8,surprised,1,1,1,16000,1,3.2366,51786
03-01-08-01-01-02-20.wav,c:\Users\kamal\group 2\Group-2-Speech-Recognition-Emotion-Classification-\data\raw\RAVDESS\Actor_20\03-01-08-01-01-02-20.wav,20,Actor_20,female,3,1,8,surprised,1,1,2,16000,1,3.5703,57124
03-01-08-01-02-01-20.wav,c:\Users\kamal\group 2\Group-2-Speech-Recognition-Emotion-Classification-\data\raw\RAVDESS\Actor_20\03-01-08-01-02-01-20.wav,20,Actor_20,female,3,1,8,surprised,1,2,1,16000,1,3.1365,50184
03-01-08-01-02-02-20.wav,c:\Users\kamal\group 2\Group-2-Speech-Recognition-Emotion-Classification-\data\raw\RAVDESS\Actor_20\03-01-08-01-02-02-20.wav,20,Actor_20,female,3,1,8,surprised,1,2,2,16000,1,3.2032,51251
03-01-08-02-01-01-20.wav,c:\Users\kamal\group 2\Group-2-Speech-Recognition-Emotion-Classification-\data\raw\RAVDESS\Actor_20\03-01-08-02-01-01-20.wav,20,Actor_20,female,3,1,8,surprised,2,1,1,16000,1,3.7371,59793
03-01-08-02-01-02-20.wav,c:\Users\kamal\group 2\Group-2-Speech-Recognition-Emotion-Classification-\data\raw\RAVDESS\Actor_20\03-01-08-02-01-02-20.wav,20,Actor_20,female,3,1,8,surprised,2,1,2,16000,1,3.2366,51786
03-01-08-02-02-01-20.wav,c:\Users\kamal\group 2\Group-2-Speech-Recognition-Emotion-Classification-\data\raw\RAVDESS\Actor_20\03-01-08-02-02-01-20.wav,20,Actor_20,female,3,1,8,surprised,2,2,1,16000,1,3.5369,56590
03-01-08-02-02-02-20.wav,c:\Users\kamal\group 2\Group-2-Speech-Recognition-Emotion-Classification-\data\raw\RAVDESS\Actor_20\03-01-08-02-02-02-20.wav,20,Actor_20,female,3,1,8,surprised,2,2,2,16000,1,3.4368,54989
03-01-01-01-01-01-21.wav,c:\Users\kamal\group 2\Group-2-Speech-Recognition-Emotion-Classification-\data\raw\RAVDESS\Actor_21\03-01-01-01-01-01-21.wav,21,Actor_21,male,3,1,1,neutral,1,1,1,16000,1,3.8372,61395
03-01-01-01-01-02-21.wav,c:\Users\kamal\group 2\Group-2-Speech-Recognition-Emotion-Classification-\data\raw\RAVDESS\Actor_21\03-01-01-01-01-02-21.wav,21,Actor_21,male,3,1,1,neutral,1,1,2,16000,1,3.9706,63530
03-01-01-01-02-01-21.wav,c:\Users\kamal\group 2\Group-2-Speech-Recognition-Emotion-Classification-\data\raw\RAVDESS\Actor_21\03-01-01-01-02-01-21.wav,21,Actor_21,male,3,1,1,neutral,1,2,1,16000,1,3.6036,57658
03-01-01-01-02-02-21.wav,c:\Users\kamal\group 2\Group-2-Speech-Recognition-Emotion-Classification-\data\raw\RAVDESS\Actor_21\03-01-01-01-02-02-21.wav,21,Actor_21,male,3,1,1,neutral,1,2,2,16000,1,3.6704,58726
03-01-02-01-01-01-21.wav,c:\Users\kamal\group 2\Group-2-Speech-Recognition-Emotion-Classification-\data\raw\RAVDESS\Actor_21\03-01-02-01-01-01-21.wav,21,Actor_21,male,3,1,2,calm,1,1,1,16000,1,4.0374,64598
03-01-02-01-01-02-21.wav,c:\Users\kamal\group 2\Group-2-Speech-Recognition-Emotion-Classification-\data\raw\RAVDESS\Actor_21\03-01-02-01-01-02-21.wav,21,Actor_21,male,3,1,2,calm,1,1,2,16000,1,4.004,64064
03-01-02-01-02-01-21.wav,c:\Users\kamal\group 2\Group-2-Speech-Recognition-Emotion-Classification-\data\raw\RAVDESS\Actor_21\03-01-02-01-02-01-21.wav,21,Actor_21,male,3,1,2,calm,1,2,1,16000,1,3.8038,60861
03-01-02-01-02-02-21.wav,c:\Users\kamal\group 2\Group-2-Speech-Recognition-Emotion-Classification-\data\raw\RAVDESS\Actor_21\03-01-02-01-02-02-21.wav,21,Actor_21,male,3,1,2,calm,1,2,2,16000,1,4.0708,65132
03-01-02-02-01-01-21.wav,c:\Users\kamal\group 2\Group-2-Speech-Recognition-Emotion-Classification-\data\raw\RAVDESS\Actor_21\03-01-02-02-01-01-21.wav,21,Actor_21,male,3,1,2,calm,2,1,1,16000,1,4.004,64064
03-01-02-02-01-02-21.wav,c:\Users\kamal\group 2\Group-2-Speech-Recognition-Emotion-Classification-\data\raw\RAVDESS\Actor_21\03-01-02-02-01-02-21.wav,21,Actor_21,male,3,1,2,calm,2,1,2,16000,1,4.1709,66734
03-01-02-02-02-01-21.wav,c:\Users\kamal\group 2\Group-2-Speech-Recognition-Emotion-Classification-\data\raw\RAVDESS\Actor_21\03-01-02-02-02-01-21.wav,21,Actor_21,male,3,1,2,calm,2,2,1,16000,1,4.1375,66200
03-01-02-02-02-02-21.wav,c:\Users\kamal\group 2\Group-2-Speech-Recognition-Emotion-Classification-\data\raw\RAVDESS\Actor_21\03-01-02-02-02-02-21.wav,21,Actor_21,male,3,1,2,calm,2,2,2,16000,1,3.9706,63530
03-01-03-01-01-01-21.wav,c:\Users\kamal\group 2\Group-2-Speech-Recognition-Emotion-Classification-\data\raw\RAVDESS\Actor_21\03-01-03-01-01-01-21.wav,21,Actor_21,male,3,1,3,happy,1,1,1,16000,1,3.8372,61395
03-01-03-01-01-02-21.wav,c:\Users\kamal\group 2\Group-2-Speech-Recognition-Emotion-Classification-\data\raw\RAVDESS\Actor_21\03-01-03-01-01-02-21.wav,21,Actor_21,male,3,1,3,happy,1,1,2,16000,1,3.8038,60861
03-01-03-01-02-01-21.wav,c:\Users\kamal\group 2\Group-2-Speech-Recognition-Emotion-Classification-\data\raw\RAVDESS\Actor_21\03-01-03-01-02-01-21.wav,21,Actor_21,male,3,1,3,happy,1,2,1,16000,1,3.7037,59260
03-01-03-01-02-02-21.wav,c:\Users\kamal\group 2\Group-2-Speech-Recognition-Emotion-Classification-\data\raw\RAVDESS\Actor_21\03-01-03-01-02-02-21.wav,21,Actor_21,male,3,1,3,happy,1,2,2,16000,1,3.8372,61395
03-01-03-02-01-01-21.wav,c:\Users\kamal\group 2\Group-2-Speech-Recognition-Emotion-Classification-\data\raw\RAVDESS\Actor_21\03-01-03-02-01-01-21.wav,21,Actor_21,male,3,1,3,happy,2,1,1,16000,1,3.8038,60861
03-01-03-02-01-02-21.wav,c:\Users\kamal\group 2\Group-2-Speech-Recognition-Emotion-Classification-\data\raw\RAVDESS\Actor_21\03-01-03-02-01-02-21.wav,21,Actor_21,male,3,1,3,happy,2,1,2,16000,1,3.9373,62997
03-01-03-02-02-01-21.wav,c:\Users\kamal\group 2\Group-2-Speech-Recognition-Emotion-Classification-\data\raw\RAVDESS\Actor_21\03-01-03-02-02-01-21.wav,21,Actor_21,male,3,1,3,happy,2,2,1,16000,1,3.6704,58726
03-01-03-02-02-02-21.wav,c:\Users\kamal\group 2\Group-2-Speech-Recognition-Emotion-Classification-\data\raw\RAVDESS\Actor_21\03-01-03-02-02-02-21.wav,21,Actor_21,male,3,1,3,happy,2,2,2,16000,1,3.8038,60861
03-01-04-01-01-01-21.wav,c:\Users\kamal\group 2\Group-2-Speech-Recognition-Emotion-Classification-\data\raw\RAVDESS\Actor_21\03-01-04-01-01-01-21.wav,21,Actor_21,male,3,1,4,sad,1,1,1,16000,1,4.3043,68869
03-01-04-01-01-02-21.wav,c:\Users\kamal\group 2\Group-2-Speech-Recognition-Emotion-Classification-\data\raw\RAVDESS\Actor_21\03-01-04-01-01-02-21.wav,21,Actor_21,male,3,1,4,sad,1,1,2,16000,1,4.6046,73674
03-01-04-01-02-01-21.wav,c:\Users\kamal\group 2\Group-2-Speech-Recognition-Emotion-Classification-\data\raw\RAVDESS\Actor_21\03-01-04-01-02-01-21.wav,21,Actor_21,male,3,1,4,sad,1,2,1,16000,1,4.0708,65132
03-01-04-01-02-02-21.wav,c:\Users\kamal\group 2\Group-2-Speech-Recognition-Emotion-Classification-\data\raw\RAVDESS\Actor_21\03-01-04-01-02-02-21.wav,21,Actor_21,male,3,1,4,sad,1,2,2,16000,1,4.2042,67267
03-01-04-02-01-01-21.wav,c:\Users\kamal\group 2\Group-2-Speech-Recognition-Emotion-Classification-\data\raw\RAVDESS\Actor_21\03-01-04-02-01-01-21.wav,21,Actor_21,male,3,1,4,sad,2,1,1,16000,1,4.1709,66734
03-01-04-02-01-02-21.wav,c:\Users\kamal\group 2\Group-2-Speech-Recognition-Emotion-Classification-\data\raw\RAVDESS\Actor_21\03-01-04-02-01-02-21.wav,21,Actor_21,male,3,1,4,sad,2,1,2,16000,1,4.2709,68335
03-01-04-02-02-01-21.wav,c:\Users\kamal\group 2\Group-2-Speech-Recognition-Emotion-Classification-\data\raw\RAVDESS\Actor_21\03-01-04-02-02-01-21.wav,21,Actor_21,male,3,1,4,sad,2,2,1,16000,1,4.2709,68335
03-01-04-02-02-02-21.wav,c:\Users\kamal\group 2\Group-2-Speech-Recognition-Emotion-Classification-\data\raw\RAVDESS\Actor_21\03-01-04-02-02-02-21.wav,21,Actor_21,male,3,1,4,sad,2,2,2,16000,1,4.1375,66200
03-01-05-01-01-01-21.wav,c:\Users\kamal\group 2\Group-2-Speech-Recognition-Emotion-Classification-\data\raw\RAVDESS\Actor_21\03-01-05-01-01-01-21.wav,21,Actor_21,male,3,1,5,angry,1,1,1,16000,1,4.1375,66200
03-01-05-01-01-02-21.wav,c:\Users\kamal\group 2\Group-2-Speech-Recognition-Emotion-Classification-\data\raw\RAVDESS\Actor_21\03-01-05-01-01-02-21.wav,21,Actor_21,male,3,1,5,angry,1,1,2,16000,1,4.004,64064
03-01-05-01-02-01-21.wav,c:\Users\kamal\group 2\Group-2-Speech-Recognition-Emotion-Classification-\data\raw\RAVDESS\Actor_21\03-01-05-01-02-01-21.wav,21,Actor_21,male,3,1,5,angry,1,2,1,16000,1,4.0708,65132
03-01-05-01-02-02-21.wav,c:\Users\kamal\group 2\Group-2-Speech-Recognition-Emotion-Classification-\data\raw\RAVDESS\Actor_21\03-01-05-01-02-02-21.wav,21,Actor_21,male,3,1,5,angry,1,2,2,16000,1,3.9373,62997
03-01-05-02-01-01-21.wav,c:\Users\kamal\group 2\Group-2-Speech-Recognition-Emotion-Classification-\data\raw\RAVDESS\Actor_21\03-01-05-02-01-01-21.wav,21,Actor_21,male,3,1,5,angry,2,1,1,16000,1,4.3711,69937
03-01-05-02-01-02-21.wav,c:\Users\kamal\group 2\Group-2-Speech-Recognition-Emotion-Classification-\data\raw\RAVDESS\Actor_21\03-01-05-02-01-02-21.wav,21,Actor_21,male,3,1,5,angry,2,1,2,16000,1,4.4711,71538
03-01-05-02-02-01-21.wav,c:\Users\kamal\group 2\Group-2-Speech-Recognition-Emotion-Classification-\data\raw\RAVDESS\Actor_21\03-01-05-02-02-01-21.wav,21,Actor_21,male,3,1,5,angry,2,2,1,16000,1,4.1041,65666
03-01-05-02-02-02-21.wav,c:\Users\kamal\group 2\Group-2-Speech-Recognition-Emotion-Classification-\data\raw\RAVDESS\Actor_21\03-01-05-02-02-02-21.wav,21,Actor_21,male,3,1,5,angry,2,2,2,16000,1,4.2376,67801
03-01-06-01-01-01-21.wav,c:\Users\kamal\group 2\Group-2-Speech-Recognition-Emotion-Classification-\data\raw\RAVDESS\Actor_21\03-01-06-01-01-01-21.wav,21,Actor_21,male,3,1,6,fearful,1,1,1,16000,1,3.6704,58726
03-01-06-01-01-02-21.wav,c:\Users\kamal\group 2\Group-2-Speech-Recognition-Emotion-Classification-\data\raw\RAVDESS\Actor_21\03-01-06-01-01-02-21.wav,21,Actor_21,male,3,1,6,fearful,1,1,2,16000,1,3.7704,60327
03-01-06-01-02-01-21.wav,c:\Users\kamal\group 2\Group-2-Speech-Recognition-Emotion-Classification-\data\raw\RAVDESS\Actor_21\03-01-06-01-02-01-21.wav,21,Actor_21,male,3,1,6,fearful,1,2,1,16000,1,3.9706,63530
03-01-06-01-02-02-21.wav,c:\Users\kamal\group 2\Group-2-Speech-Recognition-Emotion-Classification-\data\raw\RAVDESS\Actor_21\03-01-06-01-02-02-21.wav,21,Actor_21,male,3,1,6,fearful,1,2,2,16000,1,4.0708,65132
03-01-06-02-01-01-21.wav,c:\Users\kamal\group 2\Group-2-Speech-Recognition-Emotion-Classification-\data\raw\RAVDESS\Actor_21\03-01-06-02-01-01-21.wav,21,Actor_21,male,3,1,6,fearful,2,1,1,16000,1,3.9706,63530
03-01-06-02-01-02-21.wav,c:\Users\kamal\group 2\Group-2-Speech-Recognition-Emotion-Classification-\data\raw\RAVDESS\Actor_21\03-01-06-02-01-02-21.wav,21,Actor_21,male,3,1,6,fearful,2,1,2,16000,1,3.8372,61395
03-01-06-02-02-01-21.wav,c:\Users\kamal\group 2\Group-2-Speech-Recognition-Emotion-Classification-\data\raw\RAVDESS\Actor_21\03-01-06-02-02-01-21.wav,21,Actor_21,male,3,1,6,fearful,2,2,1,16000,1,3.7704,60327
03-01-06-02-02-02-21.wav,c:\Users\kamal\group 2\Group-2-Speech-Recognition-Emotion-Classification-\data\raw\RAVDESS\Actor_21\03-01-06-02-02-02-21.wav,21,Actor_21,male,3,1,6,fearful,2,2,2,16000,1,3.637,58192
03-01-07-01-01-01-21.wav,c:\Users\kamal\group 2\Group-2-Speech-Recognition-Emotion-Classification-\data\raw\RAVDESS\Actor_21\03-01-07-01-01-01-21.wav,21,Actor_21,male,3,1,7,disgust,1,1,1,16000,1,3.8038,60861
03-01-07-01-01-02-21.wav,c:\Users\kamal\group 2\Group-2-Speech-Recognition-Emotion-Classification-\data\raw\RAVDESS\Actor_21\03-01-07-01-01-02-21.wav,21,Actor_21,male,3,1,7,disgust,1,1,2,16000,1,4.0708,65132
03-01-07-01-02-01-21.wav,c:\Users\kamal\group 2\Group-2-Speech-Recognition-Emotion-Classification-\data\raw\RAVDESS\Actor_21\03-01-07-01-02-01-21.wav,21,Actor_21,male,3,1,7,disgust,1,2,1,16000,1,3.637,58192
03-01-07-01-02-02-21.wav,c:\Users\kamal\group 2\Group-2-Speech-Recognition-Emotion-Classification-\data\raw\RAVDESS\Actor_21\03-01-07-01-02-02-21.wav,21,Actor_21,male,3,1,7,disgust,1,2,2,16000,1,3.6036,57658
03-01-07-02-01-01-21.wav,c:\Users\kamal\group 2\Group-2-Speech-Recognition-Emotion-Classification-\data\raw\RAVDESS\Actor_21\03-01-07-02-01-01-21.wav,21,Actor_21,male,3,1,7,disgust,2,1,1,16000,1,4.0708,65132
03-01-07-02-01-02-21.wav,c:\Users\kamal\group 2\Group-2-Speech-Recognition-Emotion-Classification-\data\raw\RAVDESS\Actor_21\03-01-07-02-01-02-21.wav,21,Actor_21,male,3,1,7,disgust,2,1,2,16000,1,4.0374,64598
03-01-07-02-02-01-21.wav,c:\Users\kamal\group 2\Group-2-Speech-Recognition-Emotion-Classification-\data\raw\RAVDESS\Actor_21\03-01-07-02-02-01-21.wav,21,Actor_21,male,3,1,7,disgust,2,2,1,16000,1,4.1709,66734
03-01-07-02-02-02-21.wav,c:\Users\kamal\group 2\Group-2-Speech-Recognition-Emotion-Classification-\data\raw\RAVDESS\Actor_21\03-01-07-02-02-02-21.wav,21,Actor_21,male,3,1,7,disgust,2,2,2,16000,1,3.9706,63530
03-01-08-01-01-01-21.wav,c:\Users\kamal\group 2\Group-2-Speech-Recognition-Emotion-Classification-\data\raw\RAVDESS\Actor_21\03-01-08-01-01-01-21.wav,21,Actor_21,male,3,1,8,surprised,1,1,1,16000,1,3.5035,56056
03-01-08-01-01-02-21.wav,c:\Users\kamal\group 2\Group-2-Speech-Recognition-Emotion-Classification-\data\raw\RAVDESS\Actor_21\03-01-08-01-01-02-21.wav,21,Actor_21,male,3,1,8,surprised,1,1,2,16000,1,3.4701,55522
03-01-08-01-02-01-21.wav,c:\Users\kamal\group 2\Group-2-Speech-Recognition-Emotion-Classification-\data\raw\RAVDESS\Actor_21\03-01-08-01-02-01-21.wav,21,Actor_21,male,3,1,8,surprised,1,2,1,16000,1,3.4702,55523
03-01-08-01-02-02-21.wav,c:\Users\kamal\group 2\Group-2-Speech-Recognition-Emotion-Classification-\data\raw\RAVDESS\Actor_21\03-01-08-01-02-02-21.wav,21,Actor_21,male,3,1,8,surprised,1,2,2,16000,1,3.5703,57124
03-01-08-02-01-01-21.wav,c:\Users\kamal\group 2\Group-2-Speech-Recognition-Emotion-Classification-\data\raw\RAVDESS\Actor_21\03-01-08-02-01-01-21.wav,21,Actor_21,male,3,1,8,surprised,2,1,1,16000,1,3.637,58192
03-01-08-02-01-02-21.wav,c:\Users\kamal\group 2\Group-2-Speech-Recognition-Emotion-Classification-\data\raw\RAVDESS\Actor_21\03-01-08-02-01-02-21.wav,21,Actor_21,male,3,1,8,surprised,2,1,2,16000,1,3.637,58192
03-01-08-02-02-01-21.wav,c:\Users\kamal\group 2\Group-2-Speech-Recognition-Emotion-Classification-\data\raw\RAVDESS\Actor_21\03-01-08-02-02-01-21.wav,21,Actor_21,male,3,1,8,surprised,2,2,1,16000,1,3.4702,55523
03-01-08-02-02-02-21.wav,c:\Users\kamal\group 2\Group-2-Speech-Recognition-Emotion-Classification-\data\raw\RAVDESS\Actor_21\03-01-08-02-02-02-21.wav,21,Actor_21,male,3,1,8,surprised,2,2,2,16000,1,3.5369,56590
03-01-01-01-01-01-22.wav,c:\Users\kamal\group 2\Group-2-Speech-Recognition-Emotion-Classification-\data\raw\RAVDESS\Actor_22\03-01-01-01-01-01-22.wav,22,Actor_22,female,3,1,1,neutral,1,1,1,16000,1,3.637,58192
03-01-01-01-01-02-22.wav,c:\Users\kamal\group 2\Group-2-Speech-Recognition-Emotion-Classification-\data\raw\RAVDESS\Actor_22\03-01-01-01-01-02-22.wav,22,Actor_22,female,3,1,1,neutral,1,1,2,16000,1,3.4368,54989
03-01-01-01-02-01-22.wav,c:\Users\kamal\group 2\Group-2-Speech-Recognition-Emotion-Classification-\data\raw\RAVDESS\Actor_22\03-01-01-01-02-01-22.wav,22,Actor_22,female,3,1,1,neutral,1,2,1,16000,1,3.6036,57658
03-01-01-01-02-02-22.wav,c:\Users\kamal\group 2\Group-2-Speech-Recognition-Emotion-Classification-\data\raw\RAVDESS\Actor_22\03-01-01-01-02-02-22.wav,22,Actor_22,female,3,1,1,neutral,1,2,2,16000,1,3.5369,56590
03-01-02-01-01-01-22.wav,c:\Users\kamal\group 2\Group-2-Speech-Recognition-Emotion-Classification-\data\raw\RAVDESS\Actor_22\03-01-02-01-01-01-22.wav,22,Actor_22,female,3,1,2,calm,1,1,1,16000,1,3.5369,56590
03-01-02-01-01-02-22.wav,c:\Users\kamal\group 2\Group-2-Speech-Recognition-Emotion-Classification-\data\raw\RAVDESS\Actor_22\03-01-02-01-01-02-22.wav,22,Actor_22,female,3,1,2,calm,1,1,2,16000,1,3.5703,57124
03-01-02-01-02-01-22.wav,c:\Users\kamal\group 2\Group-2-Speech-Recognition-Emotion-Classification-\data\raw\RAVDESS\Actor_22\03-01-02-01-02-01-22.wav,22,Actor_22,female,3,1,2,calm,1,2,1,16000,1,3.5703,57124
03-01-02-01-02-02-22.wav,c:\Users\kamal\group 2\Group-2-Speech-Recognition-Emotion-Classification-\data\raw\RAVDESS\Actor_22\03-01-02-01-02-02-22.wav,22,Actor_22,female,3,1,2,calm,1,2,2,16000,1,3.5369,56590
03-01-02-02-01-01-22.wav,c:\Users\kamal\group 2\Group-2-Speech-Recognition-Emotion-Classification-\data\raw\RAVDESS\Actor_22\03-01-02-02-01-01-22.wav,22,Actor_22,female,3,1,2,calm,2,1,1,16000,1,3.7037,59260
03-01-02-02-01-02-22.wav,c:\Users\kamal\group 2\Group-2-Speech-Recognition-Emotion-Classification-\data\raw\RAVDESS\Actor_22\03-01-02-02-01-02-22.wav,22,Actor_22,female,3,1,2,calm,2,1,2,16000,1,3.8372,61395
03-01-02-02-02-01-22.wav,c:\Users\kamal\group 2\Group-2-Speech-Recognition-Emotion-Classification-\data\raw\RAVDESS\Actor_22\03-01-02-02-02-01-22.wav,22,Actor_22,female,3,1,2,calm,2,2,1,16000,1,3.637,58192
03-01-02-02-02-02-22.wav,c:\Users\kamal\group 2\Group-2-Speech-Recognition-Emotion-Classification-\data\raw\RAVDESS\Actor_22\03-01-02-02-02-02-22.wav,22,Actor_22,female,3,1,2,calm,2,2,2,16000,1,3.7704,60327
03-01-03-01-01-01-22.wav,c:\Users\kamal\group 2\Group-2-Speech-Recognition-Emotion-Classification-\data\raw\RAVDESS\Actor_22\03-01-03-01-01-01-22.wav,22,Actor_22,female,3,1,3,happy,1,1,1,16000,1,3.5369,56590
03-01-03-01-01-02-22.wav,c:\Users\kamal\group 2\Group-2-Speech-Recognition-Emotion-Classification-\data\raw\RAVDESS\Actor_22\03-01-03-01-01-02-22.wav,22,Actor_22,female,3,1,3,happy,1,1,2,16000,1,3.4368,54989
03-01-03-01-02-01-22.wav,c:\Users\kamal\group 2\Group-2-Speech-Recognition-Emotion-Classification-\data\raw\RAVDESS\Actor_22\03-01-03-01-02-01-22.wav,22,Actor_22,female,3,1,3,happy,1,2,1,16000,1,3.5035,56056
03-01-03-01-02-02-22.wav,c:\Users\kamal\group 2\Group-2-Speech-Recognition-Emotion-Classification-\data\raw\RAVDESS\Actor_22\03-01-03-01-02-02-22.wav,22,Actor_22,female,3,1,3,happy,1,2,2,16000,1,3.5035,56056
03-01-03-02-01-01-22.wav,c:\Users\kamal\group 2\Group-2-Speech-Recognition-Emotion-Classification-\data\raw\RAVDESS\Actor_22\03-01-03-02-01-01-22.wav,22,Actor_22,female,3,1,3,happy,2,1,1,16000,1,3.7371,59794
03-01-03-02-01-02-22.wav,c:\Users\kamal\group 2\Group-2-Speech-Recognition-Emotion-Classification-\data\raw\RAVDESS\Actor_22\03-01-03-02-01-02-22.wav,22,Actor_22,female,3,1,3,happy,2,1,2,16000,1,3.8372,61395
03-01-03-02-02-01-22.wav,c:\Users\kamal\group 2\Group-2-Speech-Recognition-Emotion-Classification-\data\raw\RAVDESS\Actor_22\03-01-03-02-02-01-22.wav,22,Actor_22,female,3,1,3,happy,2,2,1,16000,1,3.6704,58726
03-01-03-02-02-02-22.wav,c:\Users\kamal\group 2\Group-2-Speech-Recognition-Emotion-Classification-\data\raw\RAVDESS\Actor_22\03-01-03-02-02-02-22.wav,22,Actor_22,female,3,1,3,happy,2,2,2,16000,1,3.9373,62997
03-01-04-01-01-01-22.wav,c:\Users\kamal\group 2\Group-2-Speech-Recognition-Emotion-Classification-\data\raw\RAVDESS\Actor_22\03-01-04-01-01-01-22.wav,22,Actor_22,female,3,1,4,sad,1,1,1,16000,1,3.6036,57658
03-01-04-01-01-02-22.wav,c:\Users\kamal\group 2\Group-2-Speech-Recognition-Emotion-Classification-\data\raw\RAVDESS\Actor_22\03-01-04-01-01-02-22.wav,22,Actor_22,female,3,1,4,sad,1,1,2,16000,1,3.7037,59260
03-01-04-01-02-01-22.wav,c:\Users\kamal\group 2\Group-2-Speech-Recognition-Emotion-Classification-\data\raw\RAVDESS\Actor_22\03-01-04-01-02-01-22.wav,22,Actor_22,female,3,1,4,sad,1,2,1,16000,1,3.6704,58726
03-01-04-01-02-02-22.wav,c:\Users\kamal\group 2\Group-2-Speech-Recognition-Emotion-Classification-\data\raw\RAVDESS\Actor_22\03-01-04-01-02-02-22.wav,22,Actor_22,female,3,1,4,sad,1,2,2,16000,1,3.7037,59260
03-01-04-02-01-01-22.wav,c:\Users\kamal\group 2\Group-2-Speech-Recognition-Emotion-Classification-\data\raw\RAVDESS\Actor_22\03-01-04-02-01-01-22.wav,22,Actor_22,female,3,1,4,sad,2,1,1,16000,1,3.7371,59793
03-01-04-02-01-02-22.wav,c:\Users\kamal\group 2\Group-2-Speech-Recognition-Emotion-Classification-\data\raw\RAVDESS\Actor_22\03-01-04-02-01-02-22.wav,22,Actor_22,female,3,1,4,sad,2,1,2,16000,1,3.637,58192
03-01-04-02-02-01-22.wav,c:\Users\kamal\group 2\Group-2-Speech-Recognition-Emotion-Classification-\data\raw\RAVDESS\Actor_22\03-01-04-02-02-01-22.wav,22,Actor_22,female,3,1,4,sad,2,2,1,16000,1,3.7371,59794
03-01-04-02-02-02-22.wav,c:\Users\kamal\group 2\Group-2-Speech-Recognition-Emotion-Classification-\data\raw\RAVDESS\Actor_22\03-01-04-02-02-02-22.wav,22,Actor_22,female,3,1,4,sad,2,2,2,16000,1,3.8372,61395
03-01-05-01-01-01-22.wav,c:\Users\kamal\group 2\Group-2-Speech-Recognition-Emotion-Classification-\data\raw\RAVDESS\Actor_22\03-01-05-01-01-01-22.wav,22,Actor_22,female,3,1,5,angry,1,1,1,16000,1,3.7037,59260
03-01-05-01-01-02-22.wav,c:\Users\kamal\group 2\Group-2-Speech-Recognition-Emotion-Classification-\data\raw\RAVDESS\Actor_22\03-01-05-01-01-02-22.wav,22,Actor_22,female,3,1,5,angry,1,1,2,16000,1,3.7371,59793
03-01-05-01-02-01-22.wav,c:\Users\kamal\group 2\Group-2-Speech-Recognition-Emotion-Classification-\data\raw\RAVDESS\Actor_22\03-01-05-01-02-01-22.wav,22,Actor_22,female,3,1,5,angry,1,2,1,16000,1,3.8706,61929
03-01-05-01-02-02-22.wav,c:\Users\kamal\group 2\Group-2-Speech-Recognition-Emotion-Classification-\data\raw\RAVDESS\Actor_22\03-01-05-01-02-02-22.wav,22,Actor_22,female,3,1,5,angry,1,2,2,16000,1,4.0374,64598
03-01-05-02-01-01-22.wav,c:\Users\kamal\group 2\Group-2-Speech-Recognition-Emotion-Classification-\data\raw\RAVDESS\Actor_22\03-01-05-02-01-01-22.wav,22,Actor_22,female,3,1,5,angry,2,1,1,16000,1,3.8706,61929
03-01-05-02-01-02-22.wav,c:\Users\kamal\group 2\Group-2-Speech-Recognition-Emotion-Classification-\data\raw\RAVDESS\Actor_22\03-01-05-02-01-02-22.wav,22,Actor_22,female,3,1,5,angry,2,1,2,16000,1,3.9039,62463
03-01-05-02-02-01-22.wav,c:\Users\kamal\group 2\Group-2-Speech-Recognition-Emotion-Classification-\data\raw\RAVDESS\Actor_22\03-01-05-02-02-01-22.wav,22,Actor_22,female,3,1,5,angry,2,2,1,16000,1,4.2376,67802
03-01-05-02-02-02-22.wav,c:\Users\kamal\group 2\Group-2-Speech-Recognition-Emotion-Classification-\data\raw\RAVDESS\Actor_22\03-01-05-02-02-02-22.wav,22,Actor_22,female,3,1,5,angry,2,2,2,16000,1,4.2043,67268
03-01-06-01-01-01-22.wav,c:\Users\kamal\group 2\Group-2-Speech-Recognition-Emotion-Classification-\data\raw\RAVDESS\Actor_22\03-01-06-01-01-01-22.wav,22,Actor_22,female,3,1,6,fearful,1,1,1,16000,1,3.5703,57124
03-01-06-01-01-02-22.wav,c:\Users\kamal\group 2\Group-2-Speech-Recognition-Emotion-Classification-\data\raw\RAVDESS\Actor_22\03-01-06-01-01-02-22.wav,22,Actor_22,female,3,1,6,fearful,1,1,2,16000,1,3.6036,57658
03-01-06-01-02-01-22.wav,c:\Users\kamal\group 2\Group-2-Speech-Recognition-Emotion-Classification-\data\raw\RAVDESS\Actor_22\03-01-06-01-02-01-22.wav,22,Actor_22,female,3,1,6,fearful,1,2,1,16000,1,3.6704,58726
03-01-06-01-02-02-22.wav,c:\Users\kamal\group 2\Group-2-Speech-Recognition-Emotion-Classification-\data\raw\RAVDESS\Actor_22\03-01-06-01-02-02-22.wav,22,Actor_22,female,3,1,6,fearful,1,2,2,16000,1,3.5369,56590
03-01-06-02-01-01-22.wav,c:\Users\kamal\group 2\Group-2-Speech-Recognition-Emotion-Classification-\data\raw\RAVDESS\Actor_22\03-01-06-02-01-01-22.wav,22,Actor_22,female,3,1,6,fearful,2,1,1,16000,1,3.5703,57124
03-01-06-02-01-02-22.wav,c:\Users\kamal\group 2\Group-2-Speech-Recognition-Emotion-Classification-\data\raw\RAVDESS\Actor_22\03-01-06-02-01-02-22.wav,22,Actor_22,female,3,1,6,fearful,2,1,2,16000,1,3.5703,57124
03-01-06-02-02-01-22.wav,c:\Users\kamal\group 2\Group-2-Speech-Recognition-Emotion-Classification-\data\raw\RAVDESS\Actor_22\03-01-06-02-02-01-22.wav,22,Actor_22,female,3,1,6,fearful,2,2,1,16000,1,3.6704,58726
03-01-06-02-02-02-22.wav,c:\Users\kamal\group 2\Group-2-Speech-Recognition-Emotion-Classification-\data\raw\RAVDESS\Actor_22\03-01-06-02-02-02-22.wav,22,Actor_22,female,3,1,6,fearful,2,2,2,16000,1,3.6036,57658
03-01-07-01-01-01-22.wav,c:\Users\kamal\group 2\Group-2-Speech-Recognition-Emotion-Classification-\data\raw\RAVDESS\Actor_22\03-01-07-01-01-01-22.wav,22,Actor_22,female,3,1,7,disgust,1,1,1,16000,1,3.7037,59259
03-01-07-01-01-02-22.wav,c:\Users\kamal\group 2\Group-2-Speech-Recognition-Emotion-Classification-\data\raw\RAVDESS\Actor_22\03-01-07-01-01-02-22.wav,22,Actor_22,female,3,1,7,disgust,1,1,2,16000,1,3.9039,62463
03-01-07-01-02-01-22.wav,c:\Users\kamal\group 2\Group-2-Speech-Recognition-Emotion-Classification-\data\raw\RAVDESS\Actor_22\03-01-07-01-02-01-22.wav,22,Actor_22,female,3,1,7,disgust,1,2,1,16000,1,3.8038,60861
03-01-07-01-02-02-22.wav,c:\Users\kamal\group 2\Group-2-Speech-Recognition-Emotion-Classification-\data\raw\RAVDESS\Actor_22\03-01-07-01-02-02-22.wav,22,Actor_22,female,3,1,7,disgust,1,2,2,16000,1,3.8372,61395
03-01-07-02-01-01-22.wav,c:\Users\kamal\group 2\Group-2-Speech-Recognition-Emotion-Classification-\data\raw\RAVDESS\Actor_22\03-01-07-02-01-01-22.wav,22,Actor_22,female,3,1,7,disgust,2,1,1,16000,1,4.2376,67801
03-01-07-02-01-02-22.wav,c:\Users\kamal\group 2\Group-2-Speech-Recognition-Emotion-Classification-\data\raw\RAVDESS\Actor_22\03-01-07-02-01-02-22.wav,22,Actor_22,female,3,1,7,disgust,2,1,2,16000,1,4.1709,66734
03-01-07-02-02-01-22.wav,c:\Users\kamal\group 2\Group-2-Speech-Recognition-Emotion-Classification-\data\raw\RAVDESS\Actor_22\03-01-07-02-02-01-22.wav,22,Actor_22,female,3,1,7,disgust,2,2,1,16000,1,4.2043,67268
03-01-07-02-02-02-22.wav,c:\Users\kamal\group 2\Group-2-Speech-Recognition-Emotion-Classification-\data\raw\RAVDESS\Actor_22\03-01-07-02-02-02-22.wav,22,Actor_22,female,3,1,7,disgust,2,2,2,16000,1,4.1041,65666
03-01-08-01-01-01-22.wav,c:\Users\kamal\group 2\Group-2-Speech-Recognition-Emotion-Classification-\data\raw\RAVDESS\Actor_22\03-01-08-01-01-01-22.wav,22,Actor_22,female,3,1,8,surprised,1,1,1,16000,1,3.5369,56590
03-01-08-01-01-02-22.wav,c:\Users\kamal\group 2\Group-2-Speech-Recognition-Emotion-Classification-\data\raw\RAVDESS\Actor_22\03-01-08-01-01-02-22.wav,22,Actor_22,female,3,1,8,surprised,1,1,2,16000,1,3.5703,57124
03-01-08-01-02-01-22.wav,c:\Users\kamal\group 2\Group-2-Speech-Recognition-Emotion-Classification-\data\raw\RAVDESS\Actor_22\03-01-08-01-02-01-22.wav,22,Actor_22,female,3,1,8,surprised,1,2,1,16000,1,3.4368,54989
03-01-08-01-02-02-22.wav,c:\Users\kamal\group 2\Group-2-Speech-Recognition-Emotion-Classification-\data\raw\RAVDESS\Actor_22\03-01-08-01-02-02-22.wav,22,Actor_22,female,3,1,8,surprised,1,2,2,16000,1,3.6036,57658
03-01-08-02-01-01-22.wav,c:\Users\kamal\group 2\Group-2-Speech-Recognition-Emotion-Classification-\data\raw\RAVDESS\Actor_22\03-01-08-02-01-01-22.wav,22,Actor_22,female,3,1,8,surprised,2,1,1,16000,1,3.5703,57124
03-01-08-02-01-02-22.wav,c:\Users\kamal\group 2\Group-2-Speech-Recognition-Emotion-Classification-\data\raw\RAVDESS\Actor_22\03-01-08-02-01-02-22.wav,22,Actor_22,female,3,1,8,surprised,2,1,2,16000,1,3.7371,59794
03-01-08-02-02-01-22.wav,c:\Users\kamal\group 2\Group-2-Speech-Recognition-Emotion-Classification-\data\raw\RAVDESS\Actor_22\03-01-08-02-02-01-22.wav,22,Actor_22,female,3,1,8,surprised,2,2,1,16000,1,3.7037,59260
03-01-08-02-02-02-22.wav,c:\Users\kamal\group 2\Group-2-Speech-Recognition-Emotion-Classification-\data\raw\RAVDESS\Actor_22\03-01-08-02-02-02-22.wav,22,Actor_22,female,3,1,8,surprised,2,2,2,16000,1,3.637,58192
03-01-01-01-01-01-23.wav,c:\Users\kamal\group 2\Group-2-Speech-Recognition-Emotion-Classification-\data\raw\RAVDESS\Actor_23\03-01-01-01-01-01-23.wav,23,Actor_23,male,3,1,1,neutral,1,1,1,16000,1,3.8038,60861
03-01-01-01-01-02-23.wav,c:\Users\kamal\group 2\Group-2-Speech-Recognition-Emotion-Classification-\data\raw\RAVDESS\Actor_23\03-01-01-01-01-02-23.wav,23,Actor_23,male,3,1,1,neutral,1,1,2,16000,1,3.7371,59793
03-01-01-01-02-01-23.wav,c:\Users\kamal\group 2\Group-2-Speech-Recognition-Emotion-Classification-\data\raw\RAVDESS\Actor_23\03-01-01-01-02-01-23.wav,23,Actor_23,male,3,1,1,neutral,1,2,1,16000,1,3.6704,58726
03-01-01-01-02-02-23.wav,c:\Users\kamal\group 2\Group-2-Speech-Recognition-Emotion-Classification-\data\raw\RAVDESS\Actor_23\03-01-01-01-02-02-23.wav,23,Actor_23,male,3,1,1,neutral,1,2,2,16000,1,3.8372,61395
03-01-02-01-01-01-23.wav,c:\Users\kamal\group 2\Group-2-Speech-Recognition-Emotion-Classification-\data\raw\RAVDESS\Actor_23\03-01-02-01-01-01-23.wav,23,Actor_23,male,3,1,2,calm,1,1,1,16000,1,3.9706,63530
03-01-02-01-01-02-23.wav,c:\Users\kamal\group 2\Group-2-Speech-Recognition-Emotion-Classification-\data\raw\RAVDESS\Actor_23\03-01-02-01-01-02-23.wav,23,Actor_23,male,3,1,2,calm,1,1,2,16000,1,4.0708,65132
03-01-02-01-02-01-23.wav,c:\Users\kamal\group 2\Group-2-Speech-Recognition-Emotion-Classification-\data\raw\RAVDESS\Actor_23\03-01-02-01-02-01-23.wav,23,Actor_23,male,3,1,2,calm,1,2,1,16000,1,4.1709,66734
03-01-02-01-02-02-23.wav,c:\Users\kamal\group 2\Group-2-Speech-Recognition-Emotion-Classification-\data\raw\RAVDESS\Actor_23\03-01-02-01-02-02-23.wav,23,Actor_23,male,3,1,2,calm,1,2,2,16000,1,4.004,64064
03-01-02-02-01-01-23.wav,c:\Users\kamal\group 2\Group-2-Speech-Recognition-Emotion-Classification-\data\raw\RAVDESS\Actor_23\03-01-02-02-01-01-23.wav,23,Actor_23,male,3,1,2,calm,2,1,1,16000,1,4.6046,73674
03-01-02-02-01-02-23.wav,c:\Users\kamal\group 2\Group-2-Speech-Recognition-Emotion-Classification-\data\raw\RAVDESS\Actor_23\03-01-02-02-01-02-23.wav,23,Actor_23,male,3,1,2,calm,2,1,2,16000,1,4.6046,73674
03-01-02-02-02-01-23.wav,c:\Users\kamal\group 2\Group-2-Speech-Recognition-Emotion-Classification-\data\raw\RAVDESS\Actor_23\03-01-02-02-02-01-23.wav,23,Actor_23,male,3,1,2,calm,2,2,1,16000,1,4.1041,65666
03-01-02-02-02-02-23.wav,c:\Users\kamal\group 2\Group-2-Speech-Recognition-Emotion-Classification-\data\raw\RAVDESS\Actor_23\03-01-02-02-02-02-23.wav,23,Actor_23,male,3,1,2,calm,2,2,2,16000,1,4.5713,73140
03-01-03-01-01-01-23.wav,c:\Users\kamal\group 2\Group-2-Speech-Recognition-Emotion-Classification-\data\raw\RAVDESS\Actor_23\03-01-03-01-01-01-23.wav,23,Actor_23,male,3,1,3,happy,1,1,1,16000,1,3.3367,53387
03-01-03-01-01-02-23.wav,c:\Users\kamal\group 2\Group-2-Speech-Recognition-Emotion-Classification-\data\raw\RAVDESS\Actor_23\03-01-03-01-01-02-23.wav,23,Actor_23,male,3,1,3,happy,1,1,2,16000,1,3.2699,52319
03-01-03-01-02-01-23.wav,c:\Users\kamal\group 2\Group-2-Speech-Recognition-Emotion-Classification-\data\raw\RAVDESS\Actor_23\03-01-03-01-02-01-23.wav,23,Actor_23,male,3,1,3,happy,1,2,1,16000,1,3.2366,51785
03-01-03-01-02-02-23.wav,c:\Users\kamal\group 2\Group-2-Speech-Recognition-Emotion-Classification-\data\raw\RAVDESS\Actor_23\03-01-03-01-02-02-23.wav,23,Actor_23,male,3,1,3,happy,1,2,2,16000,1,3.2699,52319
03-01-03-02-01-01-23.wav,c:\Users\kamal\group 2\Group-2-Speech-Recognition-Emotion-Classification-\data\raw\RAVDESS\Actor_23\03-01-03-02-01-01-23.wav,23,Actor_23,male,3,1,3,happy,2,1,1,16000,1,3.2366,51786
03-01-03-02-01-02-23.wav,c:\Users\kamal\group 2\Group-2-Speech-Recognition-Emotion-Classification-\data\raw\RAVDESS\Actor_23\03-01-03-02-01-02-23.wav,23,Actor_23,male,3,1,3,happy,2,1,2,16000,1,3.2032,51251
03-01-03-02-02-01-23.wav,c:\Users\kamal\group 2\Group-2-Speech-Recognition-Emotion-Classification-\data\raw\RAVDESS\Actor_23\03-01-03-02-02-01-23.wav,23,Actor_23,male,3,1,3,happy,2,2,1,16000,1,3.2366,51785
03-01-03-02-02-02-23.wav,c:\Users\kamal\group 2\Group-2-Speech-Recognition-Emotion-Classification-\data\raw\RAVDESS\Actor_23\03-01-03-02-02-02-23.wav,23,Actor_23,male,3,1,3,happy,2,2,2,16000,1,3.2366,51785
03-01-04-01-01-01-23.wav,c:\Users\kamal\group 2\Group-2-Speech-Recognition-Emotion-Classification-\data\raw\RAVDESS\Actor_23\03-01-04-01-01-01-23.wav,23,Actor_23,male,3,1,4,sad,1,1,1,16000,1,3.6036,57658
03-01-04-01-01-02-23.wav,c:\Users\kamal\group 2\Group-2-Speech-Recognition-Emotion-Classification-\data\raw\RAVDESS\Actor_23\03-01-04-01-01-02-23.wav,23,Actor_23,male,3,1,4,sad,1,1,2,16000,1,3.8706,61929
03-01-04-01-02-01-23.wav,c:\Users\kamal\group 2\Group-2-Speech-Recognition-Emotion-Classification-\data\raw\RAVDESS\Actor_23\03-01-04-01-02-01-23.wav,23,Actor_23,male,3,1,4,sad,1,2,1,16000,1,3.5703,57124
03-01-04-01-02-02-23.wav,c:\Users\kamal\group 2\Group-2-Speech-Recognition-Emotion-Classification-\data\raw\RAVDESS\Actor_23\03-01-04-01-02-02-23.wav,23,Actor_23,male,3,1,4,sad,1,2,2,16000,1,3.6704,58726
03-01-04-02-01-01-23.wav,c:\Users\kamal\group 2\Group-2-Speech-Recognition-Emotion-Classification-\data\raw\RAVDESS\Actor_23\03-01-04-02-01-01-23.wav,23,Actor_23,male,3,1,4,sad,2,1,1,16000,1,4.2709,68335
03-01-04-02-01-02-23.wav,c:\Users\kamal\group 2\Group-2-Speech-Recognition-Emotion-Classification-\data\raw\RAVDESS\Actor_23\03-01-04-02-01-02-23.wav,23,Actor_23,male,3,1,4,sad,2,1,2,16000,1,4.3711,69937
03-01-04-02-02-01-23.wav,c:\Users\kamal\group 2\Group-2-Speech-Recognition-Emotion-Classification-\data\raw\RAVDESS\Actor_23\03-01-04-02-02-01-23.wav,23,Actor_23,male,3,1,4,sad,2,2,1,16000,1,3.9373,62997
03-01-04-02-02-02-23.wav,c:\Users\kamal\group 2\Group-2-Speech-Recognition-Emotion-Classification-\data\raw\RAVDESS\Actor_23\03-01-04-02-02-02-23.wav,23,Actor_23,male,3,1,4,sad,2,2,2,16000,1,4.7381,75809
03-01-05-01-01-01-23.wav,c:\Users\kamal\group 2\Group-2-Speech-Recognition-Emotion-Classification-\data\raw\RAVDESS\Actor_23\03-01-05-01-01-01-23.wav,23,Actor_23,male,3,1,5,angry,1,1,1,16000,1,3.3033,52853
03-01-05-01-01-02-23.wav,c:\Users\kamal\group 2\Group-2-Speech-Recognition-Emotion-Classification-\data\raw\RAVDESS\Actor_23\03-01-05-01-01-02-23.wav,23,Actor_23,male,3,1,5,angry,1,1,2,16000,1,3.3033,52853
03-01-05-01-02-01-23.wav,c:\Users\kamal\group 2\Group-2-Speech-Recognition-Emotion-Classification-\data\raw\RAVDESS\Actor_23\03-01-05-01-02-01-23.wav,23,Actor_23,male,3,1,5,angry,1,2,1,16000,1,3.2699,52319
03-01-05-01-02-02-23.wav,c:\Users\kamal\group 2\Group-2-Speech-Recognition-Emotion-Classification-\data\raw\RAVDESS\Actor_23\03-01-05-01-02-02-23.wav,23,Actor_23,male,3,1,5,angry,1,2,2,16000,1,3.3367,53387
03-01-05-02-01-01-23.wav,c:\Users\kamal\group 2\Group-2-Speech-Recognition-Emotion-Classification-\data\raw\RAVDESS\Actor_23\03-01-05-02-01-01-23.wav,23,Actor_23,male,3,1,5,angry,2,1,1,16000,1,3.4034,54455
03-01-05-02-01-02-23.wav,c:\Users\kamal\group 2\Group-2-Speech-Recognition-Emotion-Classification-\data\raw\RAVDESS\Actor_23\03-01-05-02-01-02-23.wav,23,Actor_23,male,3,1,5,angry,2,1,2,16000,1,3.3367,53387
03-01-05-02-02-01-23.wav,c:\Users\kamal\group 2\Group-2-Speech-Recognition-Emotion-Classification-\data\raw\RAVDESS\Actor_23\03-01-05-02-02-01-23.wav,23,Actor_23,male,3,1,5,angry,2,2,1,16000,1,3.2366,51785
03-01-05-02-02-02-23.wav,c:\Users\kamal\group 2\Group-2-Speech-Recognition-Emotion-Classification-\data\raw\RAVDESS\Actor_23\03-01-05-02-02-02-23.wav,23,Actor_23,male,3,1,5,angry,2,2,2,16000,1,3.3033,52853
03-01-06-01-01-01-23.wav,c:\Users\kamal\group 2\Group-2-Speech-Recognition-Emotion-Classification-\data\raw\RAVDESS\Actor_23\03-01-06-01-01-01-23.wav,23,Actor_23,male,3,1,6,fearful,1,1,1,16000,1,3.4368,54989
03-01-06-01-01-02-23.wav,c:\Users\kamal\group 2\Group-2-Speech-Recognition-Emotion-Classification-\data\raw\RAVDESS\Actor_23\03-01-06-01-01-02-23.wav,23,Actor_23,male,3,1,6,fearful,1,1,2,16000,1,3.2366,51785
03-01-06-01-02-01-23.wav,c:\Users\kamal\group 2\Group-2-Speech-Recognition-Emotion-Classification-\data\raw\RAVDESS\Actor_23\03-01-06-01-02-01-23.wav,23,Actor_23,male,3,1,6,fearful,1,2,1,16000,1,3.1365,50184
03-01-06-01-02-02-23.wav,c:\Users\kamal\group 2\Group-2-Speech-Recognition-Emotion-Classification-\data\raw\RAVDESS\Actor_23\03-01-06-01-02-02-23.wav,23,Actor_23,male,3,1,6,fearful,1,2,2,16000,1,3.1031,49650
03-01-06-02-01-01-23.wav,c:\Users\kamal\group 2\Group-2-Speech-Recognition-Emotion-Classification-\data\raw\RAVDESS\Actor_23\03-01-06-02-01-01-23.wav,23,Actor_23,male,3,1,6,fearful,2,1,1,16000,1,3.5703,57124
03-01-06-02-01-02-23.wav,c:\Users\kamal\group 2\Group-2-Speech-Recognition-Emotion-Classification-\data\raw\RAVDESS\Actor_23\03-01-06-02-01-02-23.wav,23,Actor_23,male,3,1,6,fearful,2,1,2,16000,1,3.4368,54989
03-01-06-02-02-01-23.wav,c:\Users\kamal\group 2\Group-2-Speech-Recognition-Emotion-Classification-\data\raw\RAVDESS\Actor_23\03-01-06-02-02-01-23.wav,23,Actor_23,male,3,1,6,fearful,2,2,1,16000,1,3.5703,57124
03-01-06-02-02-02-23.wav,c:\Users\kamal\group 2\Group-2-Speech-Recognition-Emotion-Classification-\data\raw\RAVDESS\Actor_23\03-01-06-02-02-02-23.wav,23,Actor_23,male,3,1,6,fearful,2,2,2,16000,1,3.5369,56590
03-01-07-01-01-01-23.wav,c:\Users\kamal\group 2\Group-2-Speech-Recognition-Emotion-Classification-\data\raw\RAVDESS\Actor_23\03-01-07-01-01-01-23.wav,23,Actor_23,male,3,1,7,disgust,1,1,1,16000,1,3.5703,57124
03-01-07-01-01-02-23.wav,c:\Users\kamal\group 2\Group-2-Speech-Recognition-Emotion-Classification-\data\raw\RAVDESS\Actor_23\03-01-07-01-01-02-23.wav,23,Actor_23,male,3,1,7,disgust,1,1,2,16000,1,3.5703,57124
03-01-07-01-02-01-23.wav,c:\Users\kamal\group 2\Group-2-Speech-Recognition-Emotion-Classification-\data\raw\RAVDESS\Actor_23\03-01-07-01-02-01-23.wav,23,Actor_23,male,3,1,7,disgust,1,2,1,16000,1,3.4701,55522
03-01-07-01-02-02-23.wav,c:\Users\kamal\group 2\Group-2-Speech-Recognition-Emotion-Classification-\data\raw\RAVDESS\Actor_23\03-01-07-01-02-02-23.wav,23,Actor_23,male,3,1,7,disgust,1,2,2,16000,1,3.3367,53387
03-01-07-02-01-01-23.wav,c:\Users\kamal\group 2\Group-2-Speech-Recognition-Emotion-Classification-\data\raw\RAVDESS\Actor_23\03-01-07-02-01-01-23.wav,23,Actor_23,male,3,1,7,disgust,2,1,1,16000,1,4.0708,65132
03-01-07-02-01-02-23.wav,c:\Users\kamal\group 2\Group-2-Speech-Recognition-Emotion-Classification-\data\raw\RAVDESS\Actor_23\03-01-07-02-01-02-23.wav,23,Actor_23,male,3,1,7,disgust,2,1,2,16000,1,3.8706,61929
03-01-07-02-02-01-23.wav,c:\Users\kamal\group 2\Group-2-Speech-Recognition-Emotion-Classification-\data\raw\RAVDESS\Actor_23\03-01-07-02-02-01-23.wav,23,Actor_23,male,3,1,7,disgust,2,2,1,16000,1,3.7371,59793
03-01-07-02-02-02-23.wav,c:\Users\kamal\group 2\Group-2-Speech-Recognition-Emotion-Classification-\data\raw\RAVDESS\Actor_23\03-01-07-02-02-02-23.wav,23,Actor_23,male,3,1,7,disgust,2,2,2,16000,1,3.8706,61929
03-01-08-01-01-01-23.wav,c:\Users\kamal\group 2\Group-2-Speech-Recognition-Emotion-Classification-\data\raw\RAVDESS\Actor_23\03-01-08-01-01-01-23.wav,23,Actor_23,male,3,1,8,surprised,1,1,1,16000,1,3.2699,52319
03-01-08-01-01-02-23.wav,c:\Users\kamal\group 2\Group-2-Speech-Recognition-Emotion-Classification-\data\raw\RAVDESS\Actor_23\03-01-08-01-01-02-23.wav,23,Actor_23,male,3,1,8,surprised,1,1,2,16000,1,3.2366,51785
03-01-08-01-02-01-23.wav,c:\Users\kamal\group 2\Group-2-Speech-Recognition-Emotion-Classification-\data\raw\RAVDESS\Actor_23\03-01-08-01-02-01-23.wav,23,Actor_23,male,3,1,8,surprised,1,2,1,16000,1,3.3033,52853
03-01-08-01-02-02-23.wav,c:\Users\kamal\group 2\Group-2-Speech-Recognition-Emotion-Classification-\data\raw\RAVDESS\Actor_23\03-01-08-01-02-02-23.wav,23,Actor_23,male,3,1,8,surprised,1,2,2,16000,1,3.3033,52853
03-01-08-02-01-01-23.wav,c:\Users\kamal\group 2\Group-2-Speech-Recognition-Emotion-Classification-\data\raw\RAVDESS\Actor_23\03-01-08-02-01-01-23.wav,23,Actor_23,male,3,1,8,surprised,2,1,1,16000,1,3.5035,56056
03-01-08-02-01-02-23.wav,c:\Users\kamal\group 2\Group-2-Speech-Recognition-Emotion-Classification-\data\raw\RAVDESS\Actor_23\03-01-08-02-01-02-23.wav,23,Actor_23,male,3,1,8,surprised,2,1,2,16000,1,3.3701,53921
03-01-08-02-02-01-23.wav,c:\Users\kamal\group 2\Group-2-Speech-Recognition-Emotion-Classification-\data\raw\RAVDESS\Actor_23\03-01-08-02-02-01-23.wav,23,Actor_23,male,3,1,8,surprised,2,2,1,16000,1,3.3367,53387
03-01-08-02-02-02-23.wav,c:\Users\kamal\group 2\Group-2-Speech-Recognition-Emotion-Classification-\data\raw\RAVDESS\Actor_23\03-01-08-02-02-02-23.wav,23,Actor_23,male,3,1,8,surprised,2,2,2,16000,1,3.3033,52853
03-01-01-01-01-01-24.wav,c:\Users\kamal\group 2\Group-2-Speech-Recognition-Emotion-Classification-\data\raw\RAVDESS\Actor_24\03-01-01-01-01-01-24.wav,24,Actor_24,female,3,1,1,neutral,1,1,1,16000,1,3.7037,59260
03-01-01-01-01-02-24.wav,c:\Users\kamal\group 2\Group-2-Speech-Recognition-Emotion-Classification-\data\raw\RAVDESS\Actor_24\03-01-01-01-01-02-24.wav,24,Actor_24,female,3,1,1,neutral,1,1,2,16000,1,3.637,58192
03-01-01-01-02-01-24.wav,c:\Users\kamal\group 2\Group-2-Speech-Recognition-Emotion-Classification-\data\raw\RAVDESS\Actor_24\03-01-01-01-02-01-24.wav,24,Actor_24,female,3,1,1,neutral,1,2,1,16000,1,3.637,58192
03-01-01-01-02-02-24.wav,c:\Users\kamal\group 2\Group-2-Speech-Recognition-Emotion-Classification-\data\raw\RAVDESS\Actor_24\03-01-01-01-02-02-24.wav,24,Actor_24,female,3,1,1,neutral,1,2,2,16000,1,3.6036,57658
03-01-02-01-01-01-24.wav,c:\Users\kamal\group 2\Group-2-Speech-Recognition-Emotion-Classification-\data\raw\RAVDESS\Actor_24\03-01-02-01-01-01-24.wav,24,Actor_24,female,3,1,2,calm,1,1,1,16000,1,3.5703,57124
03-01-02-01-01-02-24.wav,c:\Users\kamal\group 2\Group-2-Speech-Recognition-Emotion-Classification-\data\raw\RAVDESS\Actor_24\03-01-02-01-01-02-24.wav,24,Actor_24,female,3,1,2,calm,1,1,2,16000,1,3.5035,56056
03-01-02-01-02-01-24.wav,c:\Users\kamal\group 2\Group-2-Speech-Recognition-Emotion-Classification-\data\raw\RAVDESS\Actor_24\03-01-02-01-02-01-24.wav,24,Actor_24,female,3,1,2,calm,1,2,1,16000,1,3.8706,61929
03-01-02-01-02-02-24.wav,c:\Users\kamal\group 2\Group-2-Speech-Recognition-Emotion-Classification-\data\raw\RAVDESS\Actor_24\03-01-02-01-02-02-24.wav,24,Actor_24,female,3,1,2,calm,1,2,2,16000,1,3.7037,59259
03-01-02-02-01-01-24.wav,c:\Users\kamal\group 2\Group-2-Speech-Recognition-Emotion-Classification-\data\raw\RAVDESS\Actor_24\03-01-02-02-01-01-24.wav,24,Actor_24,female,3,1,2,calm,2,1,1,16000,1,4.1041,65666
03-01-02-02-01-02-24.wav,c:\Users\kamal\group 2\Group-2-Speech-Recognition-Emotion-Classification-\data\raw\RAVDESS\Actor_24\03-01-02-02-01-02-24.wav,24,Actor_24,female,3,1,2,calm,2,1,2,16000,1,4.0708,65132
03-01-02-02-02-01-24.wav,c:\Users\kamal\group 2\Group-2-Speech-Recognition-Emotion-Classification-\data\raw\RAVDESS\Actor_24\03-01-02-02-02-01-24.wav,24,Actor_24,female,3,1,2,calm,2,2,1,16000,1,4.0374,64598
03-01-02-02-02-02-24.wav,c:\Users\kamal\group 2\Group-2-Speech-Recognition-Emotion-Classification-\data\raw\RAVDESS\Actor_24\03-01-02-02-02-02-24.wav,24,Actor_24,female,3,1,2,calm,2,2,2,16000,1,4.1041,65666
03-01-03-01-01-01-24.wav,c:\Users\kamal\group 2\Group-2-Speech-Recognition-Emotion-Classification-\data\raw\RAVDESS\Actor_24\03-01-03-01-01-01-24.wav,24,Actor_24,female,3,1,3,happy,1,1,1,16000,1,3.6036,57658
03-01-03-01-01-02-24.wav,c:\Users\kamal\group 2\Group-2-Speech-Recognition-Emotion-Classification-\data\raw\RAVDESS\Actor_24\03-01-03-01-01-02-24.wav,24,Actor_24,female,3,1,3,happy,1,1,2,16000,1,3.9039,62463
03-01-03-01-02-01-24.wav,c:\Users\kamal\group 2\Group-2-Speech-Recognition-Emotion-Classification-\data\raw\RAVDESS\Actor_24\03-01-03-01-02-01-24.wav,24,Actor_24,female,3,1,3,happy,1,2,1,16000,1,3.5035,56056
03-01-03-01-02-02-24.wav,c:\Users\kamal\group 2\Group-2-Speech-Recognition-Emotion-Classification-\data\raw\RAVDESS\Actor_24\03-01-03-01-02-02-24.wav,24,Actor_24,female,3,1,3,happy,1,2,2,16000,1,3.7371,59793
03-01-03-02-01-01-24.wav,c:\Users\kamal\group 2\Group-2-Speech-Recognition-Emotion-Classification-\data\raw\RAVDESS\Actor_24\03-01-03-02-01-01-24.wav,24,Actor_24,female,3,1,3,happy,2,1,1,16000,1,4.004,64064
03-01-03-02-01-02-24.wav,c:\Users\kamal\group 2\Group-2-Speech-Recognition-Emotion-Classification-\data\raw\RAVDESS\Actor_24\03-01-03-02-01-02-24.wav,24,Actor_24,female,3,1,3,happy,2,1,2,16000,1,3.7704,60327
03-01-03-02-02-01-24.wav,c:\Users\kamal\group 2\Group-2-Speech-Recognition-Emotion-Classification-\data\raw\RAVDESS\Actor_24\03-01-03-02-02-01-24.wav,24,Actor_24,female,3,1,3,happy,2,2,1,16000,1,3.8706,61929
03-01-03-02-02-02-24.wav,c:\Users\kamal\group 2\Group-2-Speech-Recognition-Emotion-Classification-\data\raw\RAVDESS\Actor_24\03-01-03-02-02-02-24.wav,24,Actor_24,female,3,1,3,happy,2,2,2,16000,1,3.8706,61929
03-01-04-01-01-01-24.wav,c:\Users\kamal\group 2\Group-2-Speech-Recognition-Emotion-Classification-\data\raw\RAVDESS\Actor_24\03-01-04-01-01-01-24.wav,24,Actor_24,female,3,1,4,sad,1,1,1,16000,1,4.1041,65666
03-01-04-01-01-02-24.wav,c:\Users\kamal\group 2\Group-2-Speech-Recognition-Emotion-Classification-\data\raw\RAVDESS\Actor_24\03-01-04-01-01-02-24.wav,24,Actor_24,female,3,1,4,sad,1,1,2,16000,1,3.9706,63530
03-01-04-01-02-01-24.wav,c:\Users\kamal\group 2\Group-2-Speech-Recognition-Emotion-Classification-\data\raw\RAVDESS\Actor_24\03-01-04-01-02-01-24.wav,24,Actor_24,female,3,1,4,sad,1,2,1,16000,1,3.5369,56590
03-01-04-01-02-02-24.wav,c:\Users\kamal\group 2\Group-2-Speech-Recognition-Emotion-Classification-\data\raw\RAVDESS\Actor_24\03-01-04-01-02-02-24.wav,24,Actor_24,female,3,1,4,sad,1,2,2,16000,1,3.8372,61395
03-01-04-02-01-01-24.wav,c:\Users\kamal\group 2\Group-2-Speech-Recognition-Emotion-Classification-\data\raw\RAVDESS\Actor_24\03-01-04-02-01-01-24.wav,24,Actor_24,female,3,1,4,sad,2,1,1,16000,1,4.4044,70471
03-01-04-02-01-02-24.wav,c:\Users\kamal\group 2\Group-2-Speech-Recognition-Emotion-Classification-\data\raw\RAVDESS\Actor_24\03-01-04-02-01-02-24.wav,24,Actor_24,female,3,1,4,sad,2,1,2,16000,1,4.5713,73140
03-01-04-02-02-01-24.wav,c:\Users\kamal\group 2\Group-2-Speech-Recognition-Emotion-Classification-\data\raw\RAVDESS\Actor_24\03-01-04-02-02-01-24.wav,24,Actor_24,female,3,1,4,sad,2,2,1,16000,1,4.2043,67268
03-01-04-02-02-02-24.wav,c:\Users\kamal\group 2\Group-2-Speech-Recognition-Emotion-Classification-\data\raw\RAVDESS\Actor_24\03-01-04-02-02-02-24.wav,24,Actor_24,female,3,1,4,sad,2,2,2,16000,1,4.6714,74742
03-01-05-01-01-01-24.wav,c:\Users\kamal\group 2\Group-2-Speech-Recognition-Emotion-Classification-\data\raw\RAVDESS\Actor_24\03-01-05-01-01-01-24.wav,24,Actor_24,female,3,1,5,angry,1,1,1,16000,1,4.1041,65666
03-01-05-01-01-02-24.wav,c:\Users\kamal\group 2\Group-2-Speech-Recognition-Emotion-Classification-\data\raw\RAVDESS\Actor_24\03-01-05-01-01-02-24.wav,24,Actor_24,female,3,1,5,angry,1,1,2,16000,1,3.7371,59793
03-01-05-01-02-01-24.wav,c:\Users\kamal\group 2\Group-2-Speech-Recognition-Emotion-Classification-\data\raw\RAVDESS\Actor_24\03-01-05-01-02-01-24.wav,24,Actor_24,female,3,1,5,angry,1,2,1,16000,1,3.6704,58726
03-01-05-01-02-02-24.wav,c:\Users\kamal\group 2\Group-2-Speech-Recognition-Emotion-Classification-\data\raw\RAVDESS\Actor_24\03-01-05-01-02-02-24.wav,24,Actor_24,female,3,1,5,angry,1,2,2,16000,1,4.2042,67267
03-01-05-02-01-01-24.wav,c:\Users\kamal\group 2\Group-2-Speech-Recognition-Emotion-Classification-\data\raw\RAVDESS\Actor_24\03-01-05-02-01-01-24.wav,24,Actor_24,female,3,1,5,angry,2,1,1,16000,1,4.3711,69937
03-01-05-02-01-02-24.wav,c:\Users\kamal\group 2\Group-2-Speech-Recognition-Emotion-Classification-\data\raw\RAVDESS\Actor_24\03-01-05-02-01-02-24.wav,24,Actor_24,female,3,1,5,angry,2,1,2,16000,1,4.3711,69937
03-01-05-02-02-01-24.wav,c:\Users\kamal\group 2\Group-2-Speech-Recognition-Emotion-Classification-\data\raw\RAVDESS\Actor_24\03-01-05-02-02-01-24.wav,24,Actor_24,female,3,1,5,angry,2,2,1,16000,1,4.1709,66734
03-01-05-02-02-02-24.wav,c:\Users\kamal\group 2\Group-2-Speech-Recognition-Emotion-Classification-\data\raw\RAVDESS\Actor_24\03-01-05-02-02-02-24.wav,24,Actor_24,female,3,1,5,angry,2,2,2,16000,1,5.1051,81682
03-01-06-01-01-01-24.wav,c:\Users\kamal\group 2\Group-2-Speech-Recognition-Emotion-Classification-\data\raw\RAVDESS\Actor_24\03-01-06-01-01-01-24.wav,24,Actor_24,female,3,1,6,fearful,1,1,1,16000,1,4.1041,65666
03-01-06-01-01-02-24.wav,c:\Users\kamal\group 2\Group-2-Speech-Recognition-Emotion-Classification-\data\raw\RAVDESS\Actor_24\03-01-06-01-01-02-24.wav,24,Actor_24,female,3,1,6,fearful,1,1,2,16000,1,4.0708,65132
03-01-06-01-02-01-24.wav,c:\Users\kamal\group 2\Group-2-Speech-Recognition-Emotion-Classification-\data\raw\RAVDESS\Actor_24\03-01-06-01-02-01-24.wav,24,Actor_24,female,3,1,6,fearful,1,2,1,16000,1,3.9373,62996
03-01-06-01-02-02-24.wav,c:\Users\kamal\group 2\Group-2-Speech-Recognition-Emotion-Classification-\data\raw\RAVDESS\Actor_24\03-01-06-01-02-02-24.wav,24,Actor_24,female,3,1,6,fearful,1,2,2,16000,1,4.004,64064
03-01-06-02-01-01-24.wav,c:\Users\kamal\group 2\Group-2-Speech-Recognition-Emotion-Classification-\data\raw\RAVDESS\Actor_24\03-01-06-02-01-01-24.wav,24,Actor_24,female,3,1,6,fearful,2,1,1,16000,1,3.8372,61395
03-01-06-02-01-02-24.wav,c:\Users\kamal\group 2\Group-2-Speech-Recognition-Emotion-Classification-\data\raw\RAVDESS\Actor_24\03-01-06-02-01-02-24.wav,24,Actor_24,female,3,1,6,fearful,2,1,2,16000,1,4.0708,65132
03-01-06-02-02-01-24.wav,c:\Users\kamal\group 2\Group-2-Speech-Recognition-Emotion-Classification-\data\raw\RAVDESS\Actor_24\03-01-06-02-02-01-24.wav,24,Actor_24,female,3,1,6,fearful,2,2,1,16000,1,3.6036,57658
03-01-06-02-02-02-24.wav,c:\Users\kamal\group 2\Group-2-Speech-Recognition-Emotion-Classification-\data\raw\RAVDESS\Actor_24\03-01-06-02-02-02-24.wav,24,Actor_24,female,3,1,6,fearful,2,2,2,16000,1,3.8372,61395
03-01-07-01-01-01-24.wav,c:\Users\kamal\group 2\Group-2-Speech-Recognition-Emotion-Classification-\data\raw\RAVDESS\Actor_24\03-01-07-01-01-01-24.wav,24,Actor_24,female,3,1,7,disgust,1,1,1,16000,1,4.3043,68869
03-01-07-01-01-02-24.wav,c:\Users\kamal\group 2\Group-2-Speech-Recognition-Emotion-Classification-\data\raw\RAVDESS\Actor_24\03-01-07-01-01-02-24.wav,24,Actor_24,female,3,1,7,disgust,1,1,2,16000,1,4.1041,65666
03-01-07-01-02-01-24.wav,c:\Users\kamal\group 2\Group-2-Speech-Recognition-Emotion-Classification-\data\raw\RAVDESS\Actor_24\03-01-07-01-02-01-24.wav,24,Actor_24,female,3,1,7,disgust,1,2,1,16000,1,4.004,64064
03-01-07-01-02-02-24.wav,c:\Users\kamal\group 2\Group-2-Speech-Recognition-Emotion-Classification-\data\raw\RAVDESS\Actor_24\03-01-07-01-02-02-24.wav,24,Actor_24,female,3,1,7,disgust,1,2,2,16000,1,4.0708,65132
03-01-07-02-01-01-24.wav,c:\Users\kamal\group 2\Group-2-Speech-Recognition-Emotion-Classification-\data\raw\RAVDESS\Actor_24\03-01-07-02-01-01-24.wav,24,Actor_24,female,3,1,7,disgust,2,1,1,16000,1,4.3377,69403
03-01-07-02-01-02-24.wav,c:\Users\kamal\group 2\Group-2-Speech-Recognition-Emotion-Classification-\data\raw\RAVDESS\Actor_24\03-01-07-02-01-02-24.wav,24,Actor_24,female,3,1,7,disgust,2,1,2,16000,1,4.638,74208
03-01-07-02-02-01-24.wav,c:\Users\kamal\group 2\Group-2-Speech-Recognition-Emotion-Classification-\data\raw\RAVDESS\Actor_24\03-01-07-02-02-01-24.wav,24,Actor_24,female,3,1,7,disgust,2,2,1,16000,1,4.2376,67801
03-01-07-02-02-02-24.wav,c:\Users\kamal\group 2\Group-2-Speech-Recognition-Emotion-Classification-\data\raw\RAVDESS\Actor_24\03-01-07-02-02-02-24.wav,24,Actor_24,female,3,1,7,disgust,2,2,2,16000,1,4.4378,71005
03-01-08-01-01-01-24.wav,c:\Users\kamal\group 2\Group-2-Speech-Recognition-Emotion-Classification-\data\raw\RAVDESS\Actor_24\03-01-08-01-01-01-24.wav,24,Actor_24,female,3,1,8,surprised,1,1,1,16000,1,3.3033,52853
03-01-08-01-01-02-24.wav,c:\Users\kamal\group 2\Group-2-Speech-Recognition-Emotion-Classification-\data\raw\RAVDESS\Actor_24\03-01-08-01-01-02-24.wav,24,Actor_24,female,3,1,8,surprised,1,1,2,16000,1,3.4702,55523
03-01-08-01-02-01-24.wav,c:\Users\kamal\group 2\Group-2-Speech-Recognition-Emotion-Classification-\data\raw\RAVDESS\Actor_24\03-01-08-01-02-01-24.wav,24,Actor_24,female,3,1,8,surprised,1,2,1,16000,1,3.3701,53921
03-01-08-01-02-02-24.wav,c:\Users\kamal\group 2\Group-2-Speech-Recognition-Emotion-Classification-\data\raw\RAVDESS\Actor_24\03-01-08-01-02-02-24.wav,24,Actor_24,female,3,1,8,surprised,1,2,2,16000,1,3.4034,54455
03-01-08-02-01-01-24.wav,c:\Users\kamal\group 2\Group-2-Speech-Recognition-Emotion-Classification-\data\raw\RAVDESS\Actor_24\03-01-08-02-01-01-24.wav,24,Actor_24,female,3,1,8,surprised,2,1,1,16000,1,3.9373,62997
03-01-08-02-01-02-24.wav,c:\Users\kamal\group 2\Group-2-Speech-Recognition-Emotion-Classification-\data\raw\RAVDESS\Actor_24\03-01-08-02-01-02-24.wav,24,Actor_24,female,3,1,8,surprised,2,1,2,16000,1,3.9706,63530
03-01-08-02-02-01-24.wav,c:\Users\kamal\group 2\Group-2-Speech-Recognition-Emotion-Classification-\data\raw\RAVDESS\Actor_24\03-01-08-02-02-01-24.wav,24,Actor_24,female,3,1,8,surprised,2,2,1,16000,1,3.6704,58726
03-01-08-02-02-02-24.wav,c:\Users\kamal\group 2\Group-2-Speech-Recognition-Emotion-Classification-\data\raw\RAVDESS\Actor_24\03-01-08-02-02-02-24.wav,24,Actor_24,female,3,1,8,surprised,2,2,2,16000,1,3.637,58192
