filename,filepath,sampling_rate,channels,duration_seconds,samples,status
03-01-01-01-01-01-01.wav,c:\Users\kamal\group 2\Group-2-Speech-Recognition-Emotion-Classification-\data\raw\RAVDESS\Actor_01\03-01-01-01-01-01-01.wav,16000,1,3.3033,52853,OK
03-01-01-01-01-02-01.wav,c:\Users\kamal\group 2\Group-2-Speech-Recognition-Emotion-Classification-\data\raw\RAVDESS\Actor_01\03-01-01-01-01-02-01.wav,16000,1,3.3367,53387,OK
03-01-01-01-02-01-01.wav,c:\Users\kamal\group 2\Group-2-Speech-Recognition-Emotion-Classification-\data\raw\RAVDESS\Actor_01\03-01-01-01-02-01-01.wav,16000,1,3.2699,52319,OK
03-01-01-01-02-02-01.wav,c:\Users\kamal\group 2\Group-2-Speech-Recognition-Emotion-Classification-\data\raw\RAVDESS\Actor_01\03-01-01-01-02-02-01.wav,16000,1,3.1699,50718,OK
03-01-02-01-01-01-01.wav,c:\Users\kamal\group 2\Group-2-Speech-Recognition-Emotion-Classification-\data\raw\RAVDESS\Actor_01\03-01-02-01-01-01-01.wav,16000,1,3.5369,56590,OK
03-01-02-01-01-02-01.wav,c:\Users\kamal\group 2\Group-2-Speech-Recognition-Emotion-Classification-\data\raw\RAVDESS\Actor_01\03-01-02-01-01-02-01.wav,16000,1,3.6036,57658,OK
03-01-02-01-02-01-01.wav,c:\Users\kamal\group 2\Group-2-Speech-Recognition-Emotion-Classification-\data\raw\RAVDESS\Actor_01\03-01-02-01-02-01-01.wav,16000,1,3.5035,56056,OK
03-01-02-01-02-02-01.wav,c:\Users\kamal\group 2\Group-2-Speech-Recognition-Emotion-Classification-\data\raw\RAVDESS\Actor_01\03-01-02-01-02-02-01.wav,16000,1,3.4702,55523,OK
03-01-02-02-01-01-01.wav,c:\Users\kamal\group 2\Group-2-Speech-Recognition-Emotion-Classification-\data\raw\RAVDESS\Actor_01\03-01-02-02-01-01-01.wav,16000,1,3.7037,59260,OK
03-01-02-02-01-02-01.wav,c:\Users\kamal\group 2\Group-2-Speech-Recognition-Emotion-Classification-\data\raw\RAVDESS\Actor_01\03-01-02-02-01-02-01.wav,16000,1,4.004,64064,OK
03-01-02-02-02-01-01.wav,c:\Users\kamal\group 2\Group-2-Speech-Recognition-Emotion-Classification-\data\raw\RAVDESS\Actor_01\03-01-02-02-02-01-01.wav,16000,1,4.2043,67268,OK
03-01-02-02-02-02-01.wav,c:\Users\kamal\group 2\Group-2-Speech-Recognition-Emotion-Classification-\data\raw\RAVDESS\Actor_01\03-01-02-02-02-02-01.wav,16000,1,4.004,64064,OK
03-01-03-01-01-01-01.wav,c:\Users\kamal\group 2\Group-2-Speech-Recognition-Emotion-Classification-\data\raw\RAVDESS\Actor_01\03-01-03-01-01-01-01.wav,16000,1,3.4702,55523,OK
03-01-03-01-01-02-01.wav,c:\Users\kamal\group 2\Group-2-Speech-Recognition-Emotion-Classification-\data\raw\RAVDESS\Actor_01\03-01-03-01-01-02-01.wav,16000,1,3.4701,55522,OK
03-01-03-01-02-01-01.wav,c:\Users\kamal\group 2\Group-2-Speech-Recognition-Emotion-Classification-\data\raw\RAVDESS\Actor_01\03-01-03-01-02-01-01.wav,16000,1,3.5369,56590,OK
03-01-03-01-02-02-01.wav,c:\Users\kamal\group 2\Group-2-Speech-Recognition-Emotion-Classification-\data\raw\RAVDESS\Actor_01\03-01-03-01-02-02-01.wav,16000,1,3.7037,59260,OK
03-01-03-02-01-01-01.wav,c:\Users\kamal\group 2\Group-2-Speech-Recognition-Emotion-Classification-\data\raw\RAVDESS\Actor_01\03-01-03-02-01-01-01.wav,16000,1,3.6704,58726,OK
03-01-03-02-01-02-01.wav,c:\Users\kamal\group 2\Group-2-Speech-Recognition-Emotion-Classification-\data\raw\RAVDESS\Actor_01\03-01-03-02-01-02-01.wav,16000,1,3.637,58192,OK
03-01-03-02-02-01-01.wav,c:\Users\kamal\group 2\Group-2-Speech-Recognition-Emotion-Classification-\data\raw\RAVDESS\Actor_01\03-01-03-02-02-01-01.wav,16000,1,3.9373,62996,OK
03-01-03-02-02-02-01.wav,c:\Users\kamal\group 2\Group-2-Speech-Recognition-Emotion-Classification-\data\raw\RAVDESS\Actor_01\03-01-03-02-02-02-01.wav,16000,1,3.9373,62997,OK
03-01-04-01-01-01-01.wav,c:\Users\kamal\group 2\Group-2-Speech-Recognition-Emotion-Classification-\data\raw\RAVDESS\Actor_01\03-01-04-01-01-01-01.wav,16000,1,3.8372,61395,OK
03-01-04-01-01-02-01.wav,c:\Users\kamal\group 2\Group-2-Speech-Recognition-Emotion-Classification-\data\raw\RAVDESS\Actor_01\03-01-04-01-01-02-01.wav,16000,1,3.5703,57124,OK
03-01-04-01-02-01-01.wav,c:\Users\kamal\group 2\Group-2-Speech-Recognition-Emotion-Classification-\data\raw\RAVDESS\Actor_01\03-01-04-01-02-01-01.wav,16000,1,3.5035,56056,OK
03-01-04-01-02-02-01.wav,c:\Users\kamal\group 2\Group-2-Speech-Recognition-Emotion-Classification-\data\raw\RAVDESS\Actor_01\03-01-04-01-02-02-01.wav,16000,1,3.3701,53921,OK
03-01-04-02-01-01-01.wav,c:\Users\kamal\group 2\Group-2-Speech-Recognition-Emotion-Classification-\data\raw\RAVDESS\Actor_01\03-01-04-02-01-01-01.wav,16000,1,3.8038,60861,OK
03-01-04-02-01-02-01.wav,c:\Users\kamal\group 2\Group-2-Speech-Recognition-Emotion-Classification-\data\raw\RAVDESS\Actor_01\03-01-04-02-01-02-01.wav,16000,1,3.7037,59260,OK
03-01-04-02-02-01-01.wav,c:\Users\kamal\group 2\Group-2-Speech-Recognition-Emotion-Classification-\data\raw\RAVDESS\Actor_01\03-01-04-02-02-01-01.wav,16000,1,3.7371,59794,OK
03-01-04-02-02-02-01.wav,c:\Users\kamal\group 2\Group-2-Speech-Recognition-Emotion-Classification-\data\raw\RAVDESS\Actor_01\03-01-04-02-02-02-01.wav,16000,1,3.7371,59793,OK
03-01-05-01-01-01-01.wav,c:\Users\kamal\group 2\Group-2-Speech-Recognition-Emotion-Classification-\data\raw\RAVDESS\Actor_01\03-01-05-01-01-01-01.wav,16000,1,3.8706,61929,OK
03-01-05-01-01-02-01.wav,c:\Users\kamal\group 2\Group-2-Speech-Recognition-Emotion-Classification-\data\raw\RAVDESS\Actor_01\03-01-05-01-01-02-01.wav,16000,1,3.9373,62997,OK
03-01-05-01-02-01-01.wav,c:\Users\kamal\group 2\Group-2-Speech-Recognition-Emotion-Classification-\data\raw\RAVDESS\Actor_01\03-01-05-01-02-01-01.wav,16000,1,3.5035,56056,OK
03-01-05-01-02-02-01.wav,c:\Users\kamal\group 2\Group-2-Speech-Recognition-Emotion-Classification-\data\raw\RAVDESS\Actor_01\03-01-05-01-02-02-01.wav,16000,1,3.7371,59793,OK
03-01-05-02-01-01-01.wav,c:\Users\kamal\group 2\Group-2-Speech-Recognition-Emotion-Classification-\data\raw\RAVDESS\Actor_01\03-01-05-02-01-01-01.wav,16000,1,4.1041,65666,OK
03-01-05-02-01-02-01.wav,c:\Users\kamal\group 2\Group-2-Speech-Recognition-Emotion-Classification-\data\raw\RAVDESS\Actor_01\03-01-05-02-01-02-01.wav,16000,1,4.3711,69937,OK
03-01-05-02-02-01-01.wav,c:\Users\kamal\group 2\Group-2-Speech-Recognition-Emotion-Classification-\data\raw\RAVDESS\Actor_01\03-01-05-02-02-01-01.wav,16000,1,4.1375,66200,OK
03-01-05-02-02-02-01.wav,c:\Users\kamal\group 2\Group-2-Speech-Recognition-Emotion-Classification-\data\raw\RAVDESS\Actor_01\03-01-05-02-02-02-01.wav,16000,1,4.4378,71005,OK
03-01-06-01-01-01-01.wav,c:\Users\kamal\group 2\Group-2-Speech-Recognition-Emotion-Classification-\data\raw\RAVDESS\Actor_01\03-01-06-01-01-01-01.wav,16000,1,3.6704,58726,OK
03-01-06-01-01-02-01.wav,c:\Users\kamal\group 2\Group-2-Speech-Recognition-Emotion-Classification-\data\raw\RAVDESS\Actor_01\03-01-06-01-01-02-01.wav,16000,1,3.637,58192,OK
03-01-06-01-02-01-01.wav,c:\Users\kamal\group 2\Group-2-Speech-Recognition-Emotion-Classification-\data\raw\RAVDESS\Actor_01\03-01-06-01-02-01-01.wav,16000,1,3.4368,54989,OK
03-01-06-01-02-02-01.wav,c:\Users\kamal\group 2\Group-2-Speech-Recognition-Emotion-Classification-\data\raw\RAVDESS\Actor_01\03-01-06-01-02-02-01.wav,16000,1,3.7037,59259,OK
03-01-06-02-01-01-01.wav,c:\Users\kamal\group 2\Group-2-Speech-Recognition-Emotion-Classification-\data\raw\RAVDESS\Actor_01\03-01-06-02-01-01-01.wav,16000,1,5.005,80080,OK
03-01-06-02-01-02-01.wav,c:\Users\kamal\group 2\Group-2-Speech-Recognition-Emotion-Classification-\data\raw\RAVDESS\Actor_01\03-01-06-02-01-02-01.wav,16000,1,4.2376,67801,OK
03-01-06-02-02-01-01.wav,c:\Users\kamal\group 2\Group-2-Speech-Recognition-Emotion-Classification-\data\raw\RAVDESS\Actor_01\03-01-06-02-02-01-01.wav,16000,1,3.9706,63530,OK
03-01-06-02-02-02-01.wav,c:\Users\kamal\group 2\Group-2-Speech-Recognition-Emotion-Classification-\data\raw\RAVDESS\Actor_01\03-01-06-02-02-02-01.wav,16000,1,3.9039,62463,OK
03-01-07-01-01-01-01.wav,c:\Users\kamal\group 2\Group-2-Speech-Recognition-Emotion-Classification-\data\raw\RAVDESS\Actor_01\03-01-07-01-01-01-01.wav,16000,1,3.8706,61929,OK
03-01-07-01-01-02-01.wav,c:\Users\kamal\group 2\Group-2-Speech-Recognition-Emotion-Classification-\data\raw\RAVDESS\Actor_01\03-01-07-01-01-02-01.wav,16000,1,3.9039,62463,OK
03-01-07-01-02-01-01.wav,c:\Users\kamal\group 2\Group-2-Speech-Recognition-Emotion-Classification-\data\raw\RAVDESS\Actor_01\03-01-07-01-02-01-01.wav,16000,1,3.9039,62463,OK
03-01-07-01-02-02-01.wav,c:\Users\kamal\group 2\Group-2-Speech-Recognition-Emotion-Classification-\data\raw\RAVDESS\Actor_01\03-01-07-01-02-02-01.wav,16000,1,3.8372,61395,OK
03-01-07-02-01-01-01.wav,c:\Users\kamal\group 2\Group-2-Speech-Recognition-Emotion-Classification-\data\raw\RAVDESS\Actor_01\03-01-07-02-01-01-01.wav,16000,1,4.3043,68869,OK
03-01-07-02-01-02-01.wav,c:\Users\kamal\group 2\Group-2-Speech-Recognition-Emotion-Classification-\data\raw\RAVDESS\Actor_01\03-01-07-02-01-02-01.wav,16000,1,4.1041,65666,OK
03-01-07-02-02-01-01.wav,c:\Users\kamal\group 2\Group-2-Speech-Recognition-Emotion-Classification-\data\raw\RAVDESS\Actor_01\03-01-07-02-02-01-01.wav,16000,1,4.0374,64598,OK
03-01-07-02-02-02-01.wav,c:\Users\kamal\group 2\Group-2-Speech-Recognition-Emotion-Classification-\data\raw\RAVDESS\Actor_01\03-01-07-02-02-02-01.wav,16000,1,4.3711,69937,OK
03-01-08-01-01-01-01.wav,c:\Users\kamal\group 2\Group-2-Speech-Recognition-Emotion-Classification-\data\raw\RAVDESS\Actor_01\03-01-08-01-01-01-01.wav,16000,1,3.4034,54455,OK
03-01-08-01-01-02-01.wav,c:\Users\kamal\group 2\Group-2-Speech-Recognition-Emotion-Classification-\data\raw\RAVDESS\Actor_01\03-01-08-01-01-02-01.wav,16000,1,3.2699,52319,OK
03-01-08-01-02-01-01.wav,c:\Users\kamal\group 2\Group-2-Speech-Recognition-Emotion-Classification-\data\raw\RAVDESS\Actor_01\03-01-08-01-02-01-01.wav,16000,1,3.5369,56590,OK
03-01-08-01-02-02-01.wav,c:\Users\kamal\group 2\Group-2-Speech-Recognition-Emotion-Classification-\data\raw\RAVDESS\Actor_01\03-01-08-01-02-02-01.wav,16000,1,3.2699,52319,OK
03-01-08-02-01-01-01.wav,c:\Users\kamal\group 2\Group-2-Speech-Recognition-Emotion-Classification-\data\raw\RAVDESS\Actor_01\03-01-08-02-01-01-01.wav,16000,1,3.4367,54988,OK
03-01-08-02-01-02-01.wav,c:\Users\kamal\group 2\Group-2-Speech-Recognition-Emotion-Classification-\data\raw\RAVDESS\Actor_01\03-01-08-02-01-02-01.wav,16000,1,3.5703,57124,OK
03-01-08-02-02-01-01.wav,c:\Users\kamal\group 2\Group-2-Speech-Recognition-Emotion-Classification-\data\raw\RAVDESS\Actor_01\03-01-08-02-02-01-01.wav,16000,1,3.5035,56056,OK
03-01-08-02-02-02-01.wav,c:\Users\kamal\group 2\Group-2-Speech-Recognition-Emotion-Classification-\data\raw\RAVDESS\Actor_01\03-01-08-02-02-02-01.wav,16000,1,3.2699,52319,OK
03-01-01-01-01-01-02.wav,c:\Users\kamal\group 2\Group-2-Speech-Recognition-Emotion-Classification-\data\raw\RAVDESS\Actor_02\03-01-01-01-01-01-02.wav,16000,1,3.637,58192,OK
03-01-01-01-01-02-02.wav,c:\Users\kamal\group 2\Group-2-Speech-Recognition-Emotion-Classification-\data\raw\RAVDESS\Actor_02\03-01-01-01-01-02-02.wav,16000,1,3.6036,57658,OK
03-01-01-01-02-01-02.wav,c:\Users\kamal\group 2\Group-2-Speech-Recognition-Emotion-Classification-\data\raw\RAVDESS\Actor_02\03-01-01-01-02-01-02.wav,16000,1,3.7704,60327,OK
03-01-01-01-02-02-02.wav,c:\Users\kamal\group 2\Group-2-Speech-Recognition-Emotion-Classification-\data\raw\RAVDESS\Actor_02\03-01-01-01-02-02-02.wav,16000,1,3.6036,57658,OK
03-01-02-01-01-01-02.wav,c:\Users\kamal\group 2\Group-2-Speech-Recognition-Emotion-Classification-\data\raw\RAVDESS\Actor_02\03-01-02-01-01-01-02.wav,16000,1,3.8372,61395,OK
03-01-02-01-01-02-02.wav,c:\Users\kamal\group 2\Group-2-Speech-Recognition-Emotion-Classification-\data\raw\RAVDESS\Actor_02\03-01-02-01-01-02-02.wav,16000,1,4.004,64064,OK
03-01-02-01-02-01-02.wav,c:\Users\kamal\group 2\Group-2-Speech-Recognition-Emotion-Classification-\data\raw\RAVDESS\Actor_02\03-01-02-01-02-01-02.wav,16000,1,3.8372,61395,OK
03-01-02-01-02-02-02.wav,c:\Users\kamal\group 2\Group-2-Speech-Recognition-Emotion-Classification-\data\raw\RAVDESS\Actor_02\03-01-02-01-02-02-02.wav,16000,1,3.9706,63530,OK
03-01-02-02-01-01-02.wav,c:\Users\kamal\group 2\Group-2-Speech-Recognition-Emotion-Classification-\data\raw\RAVDESS\Actor_02\03-01-02-02-01-01-02.wav,16000,1,4.1375,66200,OK
03-01-02-02-01-02-02.wav,c:\Users\kamal\group 2\Group-2-Speech-Recognition-Emotion-Classification-\data\raw\RAVDESS\Actor_02\03-01-02-02-01-02-02.wav,16000,1,4.0374,64598,OK
03-01-02-02-02-01-02.wav,c:\Users\kamal\group 2\Group-2-Speech-Recognition-Emotion-Classification-\data\raw\RAVDESS\Actor_02\03-01-02-02-02-01-02.wav,16000,1,4.1041,65666,OK
03-01-02-02-02-02-02.wav,c:\Users\kamal\group 2\Group-2-Speech-Recognition-Emotion-Classification-\data\raw\RAVDESS\Actor_02\03-01-02-02-02-02-02.wav,16000,1,4.1041,65666,OK
03-01-03-01-01-01-02.wav,c:\Users\kamal\group 2\Group-2-Speech-Recognition-Emotion-Classification-\data\raw\RAVDESS\Actor_02\03-01-03-01-01-01-02.wav,16000,1,3.6036,57658,OK
03-01-03-01-01-02-02.wav,c:\Users\kamal\group 2\Group-2-Speech-Recognition-Emotion-Classification-\data\raw\RAVDESS\Actor_02\03-01-03-01-01-02-02.wav,16000,1,3.7037,59259,OK
03-01-03-01-02-01-02.wav,c:\Users\kamal\group 2\Group-2-Speech-Recognition-Emotion-Classification-\data\raw\RAVDESS\Actor_02\03-01-03-01-02-01-02.wav,16000,1,3.7704,60327,OK
03-01-03-01-02-02-02.wav,c:\Users\kamal\group 2\Group-2-Speech-Recognition-Emotion-Classification-\data\raw\RAVDESS\Actor_02\03-01-03-01-02-02-02.wav,16000,1,3.7371,59794,OK
03-01-03-02-01-01-02.wav,c:\Users\kamal\group 2\Group-2-Speech-Recognition-Emotion-Classification-\data\raw\RAVDESS\Actor_02\03-01-03-02-01-01-02.wav,16000,1,3.7037,59260,OK
03-01-03-02-01-02-02.wav,c:\Users\kamal\group 2\Group-2-Speech-Recognition-Emotion-Classification-\data\raw\RAVDESS\Actor_02\03-01-03-02-01-02-02.wav,16000,1,3.6704,58726,OK
03-01-03-02-02-01-02.wav,c:\Users\kamal\group 2\Group-2-Speech-Recognition-Emotion-Classification-\data\raw\RAVDESS\Actor_02\03-01-03-02-02-01-02.wav,16000,1,3.7037,59260,OK
03-01-03-02-02-02-02.wav,c:\Users\kamal\group 2\Group-2-Speech-Recognition-Emotion-Classification-\data\raw\RAVDESS\Actor_02\03-01-03-02-02-02-02.wav,16000,1,3.8706,61929,OK
03-01-04-01-01-01-02.wav,c:\Users\kamal\group 2\Group-2-Speech-Recognition-Emotion-Classification-\data\raw\RAVDESS\Actor_02\03-01-04-01-01-01-02.wav,16000,1,3.8372,61395,OK
03-01-04-01-01-02-02.wav,c:\Users\kamal\group 2\Group-2-Speech-Recognition-Emotion-Classification-\data\raw\RAVDESS\Actor_02\03-01-04-01-01-02-02.wav,16000,1,3.7704,60327,OK
03-01-04-01-02-01-02.wav,c:\Users\kamal\group 2\Group-2-Speech-Recognition-Emotion-Classification-\data\raw\RAVDESS\Actor_02\03-01-04-01-02-01-02.wav,16000,1,3.7371,59793,OK
03-01-04-01-02-02-02.wav,c:\Users\kamal\group 2\Group-2-Speech-Recognition-Emotion-Classification-\data\raw\RAVDESS\Actor_02\03-01-04-01-02-02-02.wav,16000,1,3.7704,60327,OK
03-01-04-02-01-01-02.wav,c:\Users\kamal\group 2\Group-2-Speech-Recognition-Emotion-Classification-\data\raw\RAVDESS\Actor_02\03-01-04-02-01-01-02.wav,16000,1,3.7371,59794,OK
03-01-04-02-01-02-02.wav,c:\Users\kamal\group 2\Group-2-Speech-Recognition-Emotion-Classification-\data\raw\RAVDESS\Actor_02\03-01-04-02-01-02-02.wav,16000,1,3.7704,60327,OK
03-01-04-02-02-01-02.wav,c:\Users\kamal\group 2\Group-2-Speech-Recognition-Emotion-Classification-\data\raw\RAVDESS\Actor_02\03-01-04-02-02-01-02.wav,16000,1,3.7037,59259,OK
03-01-04-02-02-02-02.wav,c:\Users\kamal\group 2\Group-2-Speech-Recognition-Emotion-Classification-\data\raw\RAVDESS\Actor_02\03-01-04-02-02-02-02.wav,16000,1,3.6704,58726,OK
03-01-05-01-01-01-02.wav,c:\Users\kamal\group 2\Group-2-Speech-Recognition-Emotion-Classification-\data\raw\RAVDESS\Actor_02\03-01-05-01-01-01-02.wav,16000,1,3.6704,58726,OK
03-01-05-01-01-02-02.wav,c:\Users\kamal\group 2\Group-2-Speech-Recognition-Emotion-Classification-\data\raw\RAVDESS\Actor_02\03-01-05-01-01-02-02.wav,16000,1,3.6704,58726,OK
03-01-05-01-02-01-02.wav,c:\Users\kamal\group 2\Group-2-Speech-Recognition-Emotion-Classification-\data\raw\RAVDESS\Actor_02\03-01-05-01-02-01-02.wav,16000,1,3.7704,60327,OK
03-01-05-01-02-02-02.wav,c:\Users\kamal\group 2\Group-2-Speech-Recognition-Emotion-Classification-\data\raw\RAVDESS\Actor_02\03-01-05-01-02-02-02.wav,16000,1,3.8038,60861,OK
03-01-05-02-01-01-02.wav,c:\Users\kamal\group 2\Group-2-Speech-Recognition-Emotion-Classification-\data\raw\RAVDESS\Actor_02\03-01-05-02-01-01-02.wav,16000,1,3.9039,62463,OK
03-01-05-02-01-02-02.wav,c:\Users\kamal\group 2\Group-2-Speech-Recognition-Emotion-Classification-\data\raw\RAVDESS\Actor_02\03-01-05-02-01-02-02.wav,16000,1,4.004,64064,OK
03-01-05-02-02-01-02.wav,c:\Users\kamal\group 2\Group-2-Speech-Recognition-Emotion-Classification-\data\raw\RAVDESS\Actor_02\03-01-05-02-02-01-02.wav,16000,1,4.004,64064,OK
03-01-05-02-02-02-02.wav,c:\Users\kamal\group 2\Group-2-Speech-Recognition-Emotion-Classification-\data\raw\RAVDESS\Actor_02\03-01-05-02-02-02-02.wav,16000,1,4.004,64064,OK
03-01-06-01-01-01-02.wav,c:\Users\kamal\group 2\Group-2-Speech-Recognition-Emotion-Classification-\data\raw\RAVDESS\Actor_02\03-01-06-01-01-01-02.wav,16000,1,3.637,58192,OK
03-01-06-01-01-02-02.wav,c:\Users\kamal\group 2\Group-2-Speech-Recognition-Emotion-Classification-\data\raw\RAVDESS\Actor_02\03-01-06-01-01-02-02.wav,16000,1,3.7371,59793,OK
03-01-06-01-02-01-02.wav,c:\Users\kamal\group 2\Group-2-Speech-Recognition-Emotion-Classification-\data\raw\RAVDESS\Actor_02\03-01-06-01-02-01-02.wav,16000,1,3.6704,58726,OK
03-01-06-01-02-02-02.wav,c:\Users\kamal\group 2\Group-2-Speech-Recognition-Emotion-Classification-\data\raw\RAVDESS\Actor_02\03-01-06-01-02-02-02.wav,16000,1,3.7371,59793,OK
03-01-06-02-01-01-02.wav,c:\Users\kamal\group 2\Group-2-Speech-Recognition-Emotion-Classification-\data\raw\RAVDESS\Actor_02\03-01-06-02-01-01-02.wav,16000,1,3.8038,60861,OK
03-01-06-02-01-02-02.wav,c:\Users\kamal\group 2\Group-2-Speech-Recognition-Emotion-Classification-\data\raw\RAVDESS\Actor_02\03-01-06-02-01-02-02.wav,16000,1,3.637,58192,OK
03-01-06-02-02-01-02.wav,c:\Users\kamal\group 2\Group-2-Speech-Recognition-Emotion-Classification-\data\raw\RAVDESS\Actor_02\03-01-06-02-02-01-02.wav,16000,1,3.6036,57658,OK
03-01-06-02-02-02-02.wav,c:\Users\kamal\group 2\Group-2-Speech-Recognition-Emotion-Classification-\data\raw\RAVDESS\Actor_02\03-01-06-02-02-02-02.wav,16000,1,3.6036,57658,OK
03-01-07-01-01-01-02.wav,c:\Users\kamal\group 2\Group-2-Speech-Recognition-Emotion-Classification-\data\raw\RAVDESS\Actor_02\03-01-07-01-01-01-02.wav,16000,1,3.6704,58726,OK
03-01-07-01-01-02-02.wav,c:\Users\kamal\group 2\Group-2-Speech-Recognition-Emotion-Classification-\data\raw\RAVDESS\Actor_02\03-01-07-01-01-02-02.wav,16000,1,3.637,58192,OK
03-01-07-01-02-01-02.wav,c:\Users\kamal\group 2\Group-2-Speech-Recognition-Emotion-Classification-\data\raw\RAVDESS\Actor_02\03-01-07-01-02-01-02.wav,16000,1,3.8706,61929,OK
03-01-07-01-02-02-02.wav,c:\Users\kamal\group 2\Group-2-Speech-Recognition-Emotion-Classification-\data\raw\RAVDESS\Actor_02\03-01-07-01-02-02-02.wav,16000,1,3.8372,61395,OK
03-01-07-02-01-01-02.wav,c:\Users\kamal\group 2\Group-2-Speech-Recognition-Emotion-Classification-\data\raw\RAVDESS\Actor_02\03-01-07-02-01-01-02.wav,16000,1,4.1375,66200,OK
03-01-07-02-01-02-02.wav,c:\Users\kamal\group 2\Group-2-Speech-Recognition-Emotion-Classification-\data\raw\RAVDESS\Actor_02\03-01-07-02-01-02-02.wav,16000,1,4.1375,66200,OK
03-01-07-02-02-01-02.wav,c:\Users\kamal\group 2\Group-2-Speech-Recognition-Emotion-Classification-\data\raw\RAVDESS\Actor_02\03-01-07-02-02-01-02.wav,16000,1,4.004,64064,OK
03-01-07-02-02-02-02.wav,c:\Users\kamal\group 2\Group-2-Speech-Recognition-Emotion-Classification-\data\raw\RAVDESS\Actor_02\03-01-07-02-02-02-02.wav,16000,1,4.0374,64598,OK
03-01-08-01-01-01-02.wav,c:\Users\kamal\group 2\Group-2-Speech-Recognition-Emotion-Classification-\data\raw\RAVDESS\Actor_02\03-01-08-01-01-01-02.wav,16000,1,3.5369,56590,OK
03-01-08-01-01-02-02.wav,c:\Users\kamal\group 2\Group-2-Speech-Recognition-Emotion-Classification-\data\raw\RAVDESS\Actor_02\03-01-08-01-01-02-02.wav,16000,1,3.5369,56590,OK
03-01-08-01-02-01-02.wav,c:\Users\kamal\group 2\Group-2-Speech-Recognition-Emotion-Classification-\data\raw\RAVDESS\Actor_02\03-01-08-01-02-01-02.wav,16000,1,3.6036,57658,OK
03-01-08-01-02-02-02.wav,c:\Users\kamal\group 2\Group-2-Speech-Recognition-Emotion-Classification-\data\raw\RAVDESS\Actor_02\03-01-08-01-02-02-02.wav,16000,1,3.5369,56590,OK
03-01-08-02-01-01-02.wav,c:\Users\kamal\group 2\Group-2-Speech-Recognition-Emotion-Classification-\data\raw\RAVDESS\Actor_02\03-01-08-02-01-01-02.wav,16000,1,3.7371,59793,OK
03-01-08-02-01-02-02.wav,c:\Users\kamal\group 2\Group-2-Speech-Recognition-Emotion-Classification-\data\raw\RAVDESS\Actor_02\03-01-08-02-01-02-02.wav,16000,1,3.7704,60327,OK
03-01-08-02-02-01-02.wav,c:\Users\kamal\group 2\Group-2-Speech-Recognition-Emotion-Classification-\data\raw\RAVDESS\Actor_02\03-01-08-02-02-01-02.wav,16000,1,3.7371,59794,OK
03-01-08-02-02-02-02.wav,c:\Users\kamal\group 2\Group-2-Speech-Recognition-Emotion-Classification-\data\raw\RAVDESS\Actor_02\03-01-08-02-02-02-02.wav,16000,1,3.8038,60861,OK
03-01-01-01-01-01-03.wav,c:\Users\kamal\group 2\Group-2-Speech-Recognition-Emotion-Classification-\data\raw\RAVDESS\Actor_03\03-01-01-01-01-01-03.wav,16000,1,3.4368,54989,OK
03-01-01-01-01-02-03.wav,c:\Users\kamal\group 2\Group-2-Speech-Recognition-Emotion-Classification-\data\raw\RAVDESS\Actor_03\03-01-01-01-01-02-03.wav,16000,1,3.5035,56056,OK
03-01-01-01-02-01-03.wav,c:\Users\kamal\group 2\Group-2-Speech-Recognition-Emotion-Classification-\data\raw\RAVDESS\Actor_03\03-01-01-01-02-01-03.wav,16000,1,3.5035,56056,OK
03-01-01-01-02-02-03.wav,c:\Users\kamal\group 2\Group-2-Speech-Recognition-Emotion-Classification-\data\raw\RAVDESS\Actor_03\03-01-01-01-02-02-03.wav,16000,1,3.4702,55523,OK
03-01-02-01-01-01-03.wav,c:\Users\kamal\group 2\Group-2-Speech-Recognition-Emotion-Classification-\data\raw\RAVDESS\Actor_03\03-01-02-01-01-01-03.wav,16000,1,3.8372,61395,OK
03-01-02-01-01-02-03.wav,c:\Users\kamal\group 2\Group-2-Speech-Recognition-Emotion-Classification-\data\raw\RAVDESS\Actor_03\03-01-02-01-01-02-03.wav,16000,1,3.7371,59793,OK
03-01-02-01-02-01-03.wav,c:\Users\kamal\group 2\Group-2-Speech-Recognition-Emotion-Classification-\data\raw\RAVDESS\Actor_03\03-01-02-01-02-01-03.wav,16000,1,3.8372,61395,OK
03-01-02-01-02-02-03.wav,c:\Users\kamal\group 2\Group-2-Speech-Recognition-Emotion-Classification-\data\raw\RAVDESS\Actor_03\03-01-02-01-02-02-03.wav,16000,1,3.9706,63530,OK
03-01-02-02-01-01-03.wav,c:\Users\kamal\group 2\Group-2-Speech-Recognition-Emotion-Classification-\data\raw\RAVDESS\Actor_03\03-01-02-02-01-01-03.wav,16000,1,4.0374,64598,OK
03-01-02-02-01-02-03.wav,c:\Users\kamal\group 2\Group-2-Speech-Recognition-Emotion-Classification-\data\raw\RAVDESS\Actor_03\03-01-02-02-01-02-03.wav,16000,1,3.9707,63531,OK
03-01-02-02-02-01-03.wav,c:\Users\kamal\group 2\Group-2-Speech-Recognition-Emotion-Classification-\data\raw\RAVDESS\Actor_03\03-01-02-02-02-01-03.wav,16000,1,4.1375,66200,OK
03-01-02-02-02-02-03.wav,c:\Users\kamal\group 2\Group-2-Speech-Recognition-Emotion-Classification-\data\raw\RAVDESS\Actor_03\03-01-02-02-02-02-03.wav,16000,1,4.004,64064,OK
03-01-03-01-01-01-03.wav,c:\Users\kamal\group 2\Group-2-Speech-Recognition-Emotion-Classification-\data\raw\RAVDESS\Actor_03\03-01-03-01-01-01-03.wav,16000,1,3.7704,60327,OK
03-01-03-01-01-02-03.wav,c:\Users\kamal\group 2\Group-2-Speech-Recognition-Emotion-Classification-\data\raw\RAVDESS\Actor_03\03-01-03-01-01-02-03.wav,16000,1,3.6036,57658,OK
03-01-03-01-02-01-03.wav,c:\Users\kamal\group 2\Group-2-Speech-Recognition-Emotion-Classification-\data\raw\RAVDESS\Actor_03\03-01-03-01-02-01-03.wav,16000,1,3.5035,56056,OK
03-01-03-01-02-02-03.wav,c:\Users\kamal\group 2\Group-2-Speech-Recognition-Emotion-Classification-\data\raw\RAVDESS\Actor_03\03-01-03-01-02-02-03.wav,16000,1,3.5035,56056,OK
03-01-03-02-01-01-03.wav,c:\Users\kamal\group 2\Group-2-Speech-Recognition-Emotion-Classification-\data\raw\RAVDESS\Actor_03\03-01-03-02-01-01-03.wav,16000,1,4.3043,68869,OK
03-01-03-02-01-02-03.wav,c:\Users\kamal\group 2\Group-2-Speech-Recognition-Emotion-Classification-\data\raw\RAVDESS\Actor_03\03-01-03-02-01-02-03.wav,16000,1,4.4044,70471,OK
03-01-03-02-02-01-03.wav,c:\Users\kamal\group 2\Group-2-Speech-Recognition-Emotion-Classification-\data\raw\RAVDESS\Actor_03\03-01-03-02-02-01-03.wav,16000,1,4.1375,66200,OK
03-01-03-02-02-02-03.wav,c:\Users\kamal\group 2\Group-2-Speech-Recognition-Emotion-Classification-\data\raw\RAVDESS\Actor_03\03-01-03-02-02-02-03.wav,16000,1,3.8372,61395,OK
03-01-04-01-01-01-03.wav,c:\Users\kamal\group 2\Group-2-Speech-Recognition-Emotion-Classification-\data\raw\RAVDESS\Actor_03\03-01-04-01-01-01-03.wav,16000,1,3.6036,57658,OK
03-01-04-01-01-02-03.wav,c:\Users\kamal\group 2\Group-2-Speech-Recognition-Emotion-Classification-\data\raw\RAVDESS\Actor_03\03-01-04-01-01-02-03.wav,16000,1,3.5703,57124,OK
03-01-04-01-02-01-03.wav,c:\Users\kamal\group 2\Group-2-Speech-Recognition-Emotion-Classification-\data\raw\RAVDESS\Actor_03\03-01-04-01-02-01-03.wav,16000,1,3.5703,57124,OK
03-01-04-01-02-02-03.wav,c:\Users\kamal\group 2\Group-2-Speech-Recognition-Emotion-Classification-\data\raw\RAVDESS\Actor_03\03-01-04-01-02-02-03.wav,16000,1,3.5369,56590,OK
03-01-04-02-01-01-03.wav,c:\Users\kamal\group 2\Group-2-Speech-Recognition-Emotion-Classification-\data\raw\RAVDESS\Actor_03\03-01-04-02-01-01-03.wav,16000,1,3.7704,60327,OK
03-01-04-02-01-02-03.wav,c:\Users\kamal\group 2\Group-2-Speech-Recognition-Emotion-Classification-\data\raw\RAVDESS\Actor_03\03-01-04-02-01-02-03.wav,16000,1,3.8372,61395,OK
03-01-04-02-02-01-03.wav,c:\Users\kamal\group 2\Group-2-Speech-Recognition-Emotion-Classification-\data\raw\RAVDESS\Actor_03\03-01-04-02-02-01-03.wav,16000,1,3.4701,55522,OK
03-01-04-02-02-02-03.wav,c:\Users\kamal\group 2\Group-2-Speech-Recognition-Emotion-Classification-\data\raw\RAVDESS\Actor_03\03-01-04-02-02-02-03.wav,16000,1,3.7037,59259,OK
03-01-05-01-01-01-03.wav,c:\Users\kamal\group 2\Group-2-Speech-Recognition-Emotion-Classification-\data\raw\RAVDESS\Actor_03\03-01-05-01-01-01-03.wav,16000,1,4.004,64064,OK
03-01-05-01-01-02-03.wav,c:\Users\kamal\group 2\Group-2-Speech-Recognition-Emotion-Classification-\data\raw\RAVDESS\Actor_03\03-01-05-01-01-02-03.wav,16000,1,4.0708,65132,OK
03-01-05-01-02-01-03.wav,c:\Users\kamal\group 2\Group-2-Speech-Recognition-Emotion-Classification-\data\raw\RAVDESS\Actor_03\03-01-05-01-02-01-03.wav,16000,1,3.8038,60861,OK
03-01-05-01-02-02-03.wav,c:\Users\kamal\group 2\Group-2-Speech-Recognition-Emotion-Classification-\data\raw\RAVDESS\Actor_03\03-01-05-01-02-02-03.wav,16000,1,3.8372,61395,OK
03-01-05-02-01-01-03.wav,c:\Users\kamal\group 2\Group-2-Speech-Recognition-Emotion-Classification-\data\raw\RAVDESS\Actor_03\03-01-05-02-01-01-03.wav,16000,1,4.4044,70471,OK
03-01-05-02-01-02-03.wav,c:\Users\kamal\group 2\Group-2-Speech-Recognition-Emotion-Classification-\data\raw\RAVDESS\Actor_03\03-01-05-02-01-02-03.wav,16000,1,4.4044,70471,OK
03-01-05-02-02-01-03.wav,c:\Users\kamal\group 2\Group-2-Speech-Recognition-Emotion-Classification-\data\raw\RAVDESS\Actor_03\03-01-05-02-02-01-03.wav,16000,1,4.2376,67801,OK
03-01-05-02-02-02-03.wav,c:\Users\kamal\group 2\Group-2-Speech-Recognition-Emotion-Classification-\data\raw\RAVDESS\Actor_03\03-01-05-02-02-02-03.wav,16000,1,4.5045,72072,OK
03-01-06-01-01-01-03.wav,c:\Users\kamal\group 2\Group-2-Speech-Recognition-Emotion-Classification-\data\raw\RAVDESS\Actor_03\03-01-06-01-01-01-03.wav,16000,1,3.7371,59794,OK
03-01-06-01-01-02-03.wav,c:\Users\kamal\group 2\Group-2-Speech-Recognition-Emotion-Classification-\data\raw\RAVDESS\Actor_03\03-01-06-01-01-02-03.wav,16000,1,3.8372,61395,OK
03-01-06-01-02-01-03.wav,c:\Users\kamal\group 2\Group-2-Speech-Recognition-Emotion-Classification-\data\raw\RAVDESS\Actor_03\03-01-06-01-02-01-03.wav,16000,1,3.5035,56056,OK
03-01-06-01-02-02-03.wav,c:\Users\kamal\group 2\Group-2-Speech-Recognition-Emotion-Classification-\data\raw\RAVDESS\Actor_03\03-01-06-01-02-02-03.wav,16000,1,3.2033,51252,OK
03-01-06-02-01-01-03.wav,c:\Users\kamal\group 2\Group-2-Speech-Recognition-Emotion-Classification-\data\raw\RAVDESS\Actor_03\03-01-06-02-01-01-03.wav,16000,1,3.3033,52853,OK
03-01-06-02-01-02-03.wav,c:\Users\kamal\group 2\Group-2-Speech-Recognition-Emotion-Classification-\data\raw\RAVDESS\Actor_03\03-01-06-02-01-02-03.wav,16000,1,3.9039,62463,OK
03-01-06-02-02-01-03.wav,c:\Users\kamal\group 2\Group-2-Speech-Recognition-Emotion-Classification-\data\raw\RAVDESS\Actor_03\03-01-06-02-02-01-03.wav,16000,1,3.3033,52853,OK
03-01-06-02-02-02-03.wav,c:\Users\kamal\group 2\Group-2-Speech-Recognition-Emotion-Classification-\data\raw\RAVDESS\Actor_03\03-01-06-02-02-02-03.wav,16000,1,3.4368,54989,OK
03-01-07-01-01-01-03.wav,c:\Users\kamal\group 2\Group-2-Speech-Recognition-Emotion-Classification-\data\raw\RAVDESS\Actor_03\03-01-07-01-01-01-03.wav,16000,1,4.0374,64598,OK
03-01-07-01-01-02-03.wav,c:\Users\kamal\group 2\Group-2-Speech-Recognition-Emotion-Classification-\data\raw\RAVDESS\Actor_03\03-01-07-01-01-02-03.wav,16000,1,3.9707,63531,OK
03-01-07-01-02-01-03.wav,c:\Users\kamal\group 2\Group-2-Speech-Recognition-Emotion-Classification-\data\raw\RAVDESS\Actor_03\03-01-07-01-02-01-03.wav,16000,1,3.6036,57658,OK
03-01-07-01-02-02-03.wav,c:\Users\kamal\group 2\Group-2-Speech-Recognition-Emotion-Classification-\data\raw\RAVDESS\Actor_03\03-01-07-01-02-02-03.wav,16000,1,3.7704,60327,OK
03-01-07-02-01-01-03.wav,c:\Users\kamal\group 2\Group-2-Speech-Recognition-Emotion-Classification-\data\raw\RAVDESS\Actor_03\03-01-07-02-01-01-03.wav,16000,1,4.1041,65666,OK
03-01-07-02-01-02-03.wav,c:\Users\kamal\group 2\Group-2-Speech-Recognition-Emotion-Classification-\data\raw\RAVDESS\Actor_03\03-01-07-02-01-02-03.wav,16000,1,4.1041,65666,OK
03-01-07-02-02-01-03.wav,c:\Users\kamal\group 2\Group-2-Speech-Recognition-Emotion-Classification-\data\raw\RAVDESS\Actor_03\03-01-07-02-02-01-03.wav,16000,1,3.8372,61395,OK
03-01-07-02-02-02-03.wav,c:\Users\kamal\group 2\Group-2-Speech-Recognition-Emotion-Classification-\data\raw\RAVDESS\Actor_03\03-01-07-02-02-02-03.wav,16000,1,3.9373,62997,OK
03-01-08-01-01-01-03.wav,c:\Users\kamal\group 2\Group-2-Speech-Recognition-Emotion-Classification-\data\raw\RAVDESS\Actor_03\03-01-08-01-01-01-03.wav,16000,1,3.2366,51785,OK
03-01-08-01-01-02-03.wav,c:\Users\kamal\group 2\Group-2-Speech-Recognition-Emotion-Classification-\data\raw\RAVDESS\Actor_03\03-01-08-01-01-02-03.wav,16000,1,3.3701,53921,OK
03-01-08-01-02-01-03.wav,c:\Users\kamal\group 2\Group-2-Speech-Recognition-Emotion-Classification-\data\raw\RAVDESS\Actor_03\03-01-08-01-02-01-03.wav,16000,1,3.2033,51252,OK
03-01-08-01-02-02-03.wav,c:\Users\kamal\group 2\Group-2-Speech-Recognition-Emotion-Classification-\data\raw\RAVDESS\Actor_03\03-01-08-01-02-02-03.wav,16000,1,3.5703,57124,OK
03-01-08-02-01-01-03.wav,c:\Users\kamal\group 2\Group-2-Speech-Recognition-Emotion-Classification-\data\raw\RAVDESS\Actor_03\03-01-08-02-01-01-03.wav,16000,1,3.2699,52319,OK
03-01-08-02-01-02-03.wav,c:\Users\kamal\group 2\Group-2-Speech-Recognition-Emotion-Classification-\data\raw\RAVDESS\Actor_03\03-01-08-02-01-02-03.wav,16000,1,3.6036,57658,OK
03-01-08-02-02-01-03.wav,c:\Users\kamal\group 2\Group-2-Speech-Recognition-Emotion-Classification-\data\raw\RAVDESS\Actor_03\03-01-08-02-02-01-03.wav,16000,1,3.5035,56056,OK
03-01-08-02-02-02-03.wav,c:\Users\kamal\group 2\Group-2-Speech-Recognition-Emotion-Classification-\data\raw\RAVDESS\Actor_03\03-01-08-02-02-02-03.wav,16000,1,3.2366,51785,OK
03-01-01-01-01-01-04.wav,c:\Users\kamal\group 2\Group-2-Speech-Recognition-Emotion-Classification-\data\raw\RAVDESS\Actor_04\03-01-01-01-01-01-04.wav,16000,1,3.3033,52853,OK
03-01-01-01-01-02-04.wav,c:\Users\kamal\group 2\Group-2-Speech-Recognition-Emotion-Classification-\data\raw\RAVDESS\Actor_04\03-01-01-01-01-02-04.wav,16000,1,3.3701,53921,OK
03-01-01-01-02-01-04.wav,c:\Users\kamal\group 2\Group-2-Speech-Recognition-Emotion-Classification-\data\raw\RAVDESS\Actor_04\03-01-01-01-02-01-04.wav,16000,1,3.2699,52319,OK
03-01-01-01-02-02-04.wav,c:\Users\kamal\group 2\Group-2-Speech-Recognition-Emotion-Classification-\data\raw\RAVDESS\Actor_04\03-01-01-01-02-02-04.wav,16000,1,3.2366,51785,OK
03-01-02-01-01-01-04.wav,c:\Users\kamal\group 2\Group-2-Speech-Recognition-Emotion-Classification-\data\raw\RAVDESS\Actor_04\03-01-02-01-01-01-04.wav,16000,1,3.8038,60861,OK
03-01-02-01-01-02-04.wav,c:\Users\kamal\group 2\Group-2-Speech-Recognition-Emotion-Classification-\data\raw\RAVDESS\Actor_04\03-01-02-01-01-02-04.wav,16000,1,3.7371,59793,OK
03-01-02-01-02-01-04.wav,c:\Users\kamal\group 2\Group-2-Speech-Recognition-Emotion-Classification-\data\raw\RAVDESS\Actor_04\03-01-02-01-02-01-04.wav,16000,1,3.637,58192,OK
03-01-02-01-02-02-04.wav,c:\Users\kamal\group 2\Group-2-Speech-Recognition-Emotion-Classification-\data\raw\RAVDESS\Actor_04\03-01-02-01-02-02-04.wav,16000,1,3.5703,57124,OK
03-01-02-02-01-01-04.wav,c:\Users\kamal\group 2\Group-2-Speech-Recognition-Emotion-Classification-\data\raw\RAVDESS\Actor_04\03-01-02-02-01-01-04.wav,16000,1,3.9706,63530,OK
03-01-02-02-01-02-04.wav,c:\Users\kamal\group 2\Group-2-Speech-Recognition-Emotion-Classification-\data\raw\RAVDESS\Actor_04\03-01-02-02-01-02-04.wav,16000,1,3.8038,60861,OK
03-01-02-02-02-01-04.wav,c:\Users\kamal\group 2\Group-2-Speech-Recognition-Emotion-Classification-\data\raw\RAVDESS\Actor_04\03-01-02-02-02-01-04.wav,16000,1,3.8038,60861,OK
03-01-02-02-02-02-04.wav,c:\Users\kamal\group 2\Group-2-Speech-Recognition-Emotion-Classification-\data\raw\RAVDESS\Actor_04\03-01-02-02-02-02-04.wav,16000,1,4.0374,64598,OK
03-01-03-01-01-01-04.wav,c:\Users\kamal\group 2\Group-2-Speech-Recognition-Emotion-Classification-\data\raw\RAVDESS\Actor_04\03-01-03-01-01-01-04.wav,16000,1,3.5035,56056,OK
03-01-03-01-01-02-04.wav,c:\Users\kamal\group 2\Group-2-Speech-Recognition-Emotion-Classification-\data\raw\RAVDESS\Actor_04\03-01-03-01-01-02-04.wav,16000,1,3.5369,56590,OK
03-01-03-01-02-01-04.wav,c:\Users\kamal\group 2\Group-2-Speech-Recognition-Emotion-Classification-\data\raw\RAVDESS\Actor_04\03-01-03-01-02-01-04.wav,16000,1,3.5035,56056,OK
03-01-03-01-02-02-04.wav,c:\Users\kamal\group 2\Group-2-Speech-Recognition-Emotion-Classification-\data\raw\RAVDESS\Actor_04\03-01-03-01-02-02-04.wav,16000,1,3.4368,54989,OK
03-01-03-02-01-01-04.wav,c:\Users\kamal\group 2\Group-2-Speech-Recognition-Emotion-Classification-\data\raw\RAVDESS\Actor_04\03-01-03-02-01-01-04.wav,16000,1,3.8706,61929,OK
03-01-03-02-01-02-04.wav,c:\Users\kamal\group 2\Group-2-Speech-Recognition-Emotion-Classification-\data\raw\RAVDESS\Actor_04\03-01-03-02-01-02-04.wav,16000,1,3.5703,57124,OK
03-01-03-02-02-01-04.wav,c:\Users\kamal\group 2\Group-2-Speech-Recognition-Emotion-Classification-\data\raw\RAVDESS\Actor_04\03-01-03-02-02-01-04.wav,16000,1,3.6036,57658,OK
03-01-03-02-02-02-04.wav,c:\Users\kamal\group 2\Group-2-Speech-Recognition-Emotion-Classification-\data\raw\RAVDESS\Actor_04\03-01-03-02-02-02-04.wav,16000,1,3.7704,60327,OK
03-01-04-01-01-01-04.wav,c:\Users\kamal\group 2\Group-2-Speech-Recognition-Emotion-Classification-\data\raw\RAVDESS\Actor_04\03-01-04-01-01-01-04.wav,16000,1,3.3701,53921,OK
03-01-04-01-01-02-04.wav,c:\Users\kamal\group 2\Group-2-Speech-Recognition-Emotion-Classification-\data\raw\RAVDESS\Actor_04\03-01-04-01-01-02-04.wav,16000,1,3.4034,54455,OK
03-01-04-01-02-01-04.wav,c:\Users\kamal\group 2\Group-2-Speech-Recognition-Emotion-Classification-\data\raw\RAVDESS\Actor_04\03-01-04-01-02-01-04.wav,16000,1,3.4368,54989,OK
03-01-04-01-02-02-04.wav,c:\Users\kamal\group 2\Group-2-Speech-Recognition-Emotion-Classification-\data\raw\RAVDESS\Actor_04\03-01-04-01-02-02-04.wav,16000,1,3.4701,55522,OK
03-01-04-02-01-01-04.wav,c:\Users\kamal\group 2\Group-2-Speech-Recognition-Emotion-Classification-\data\raw\RAVDESS\Actor_04\03-01-04-02-01-01-04.wav,16000,1,3.6704,58726,OK
03-01-04-02-01-02-04.wav,c:\Users\kamal\group 2\Group-2-Speech-Recognition-Emotion-Classification-\data\raw\RAVDESS\Actor_04\03-01-04-02-01-02-04.wav,16000,1,3.7704,60327,OK
03-01-04-02-02-01-04.wav,c:\Users\kamal\group 2\Group-2-Speech-Recognition-Emotion-Classification-\data\raw\RAVDESS\Actor_04\03-01-04-02-02-01-04.wav,16000,1,3.7704,60327,OK
03-01-04-02-02-02-04.wav,c:\Users\kamal\group 2\Group-2-Speech-Recognition-Emotion-Classification-\data\raw\RAVDESS\Actor_04\03-01-04-02-02-02-04.wav,16000,1,3.7704,60327,OK
03-01-05-01-01-01-04.wav,c:\Users\kamal\group 2\Group-2-Speech-Recognition-Emotion-Classification-\data\raw\RAVDESS\Actor_04\03-01-05-01-01-01-04.wav,16000,1,3.7037,59260,OK
03-01-05-01-01-02-04.wav,c:\Users\kamal\group 2\Group-2-Speech-Recognition-Emotion-Classification-\data\raw\RAVDESS\Actor_04\03-01-05-01-01-02-04.wav,16000,1,3.6036,57658,OK
03-01-05-01-02-01-04.wav,c:\Users\kamal\group 2\Group-2-Speech-Recognition-Emotion-Classification-\data\raw\RAVDESS\Actor_04\03-01-05-01-02-01-04.wav,16000,1,3.4701,55522,OK
03-01-05-01-02-02-04.wav,c:\Users\kamal\group 2\Group-2-Speech-Recognition-Emotion-Classification-\data\raw\RAVDESS\Actor_04\03-01-05-01-02-02-04.wav,16000,1,3.7371,59793,OK
03-01-05-02-01-01-04.wav,c:\Users\kamal\group 2\Group-2-Speech-Recognition-Emotion-Classification-\data\raw\RAVDESS\Actor_04\03-01-05-02-01-01-04.wav,16000,1,3.7704,60327,OK
03-01-05-02-01-02-04.wav,c:\Users\kamal\group 2\Group-2-Speech-Recognition-Emotion-Classification-\data\raw\RAVDESS\Actor_04\03-01-05-02-01-02-04.wav,16000,1,3.8706,61929,OK
03-01-05-02-02-01-04.wav,c:\Users\kamal\group 2\Group-2-Speech-Recognition-Emotion-Classification-\data\raw\RAVDESS\Actor_04\03-01-05-02-02-01-04.wav,16000,1,3.7037,59259,OK
03-01-05-02-02-02-04.wav,c:\Users\kamal\group 2\Group-2-Speech-Recognition-Emotion-Classification-\data\raw\RAVDESS\Actor_04\03-01-05-02-02-02-04.wav,16000,1,3.8372,61395,OK
03-01-06-01-01-01-04.wav,c:\Users\kamal\group 2\Group-2-Speech-Recognition-Emotion-Classification-\data\raw\RAVDESS\Actor_04\03-01-06-01-01-01-04.wav,16000,1,3.3033,52853,OK
03-01-06-01-01-02-04.wav,c:\Users\kamal\group 2\Group-2-Speech-Recognition-Emotion-Classification-\data\raw\RAVDESS\Actor_04\03-01-06-01-01-02-04.wav,16000,1,3.2366,51786,OK
03-01-06-01-02-01-04.wav,c:\Users\kamal\group 2\Group-2-Speech-Recognition-Emotion-Classification-\data\raw\RAVDESS\Actor_04\03-01-06-01-02-01-04.wav,16000,1,3.4701,55522,OK
03-01-06-01-02-02-04.wav,c:\Users\kamal\group 2\Group-2-Speech-Recognition-Emotion-Classification-\data\raw\RAVDESS\Actor_04\03-01-06-01-02-02-04.wav,16000,1,3.4701,55522,OK
03-01-06-02-01-01-04.wav,c:\Users\kamal\group 2\Group-2-Speech-Recognition-Emotion-Classification-\data\raw\RAVDESS\Actor_04\03-01-06-02-01-01-04.wav,16000,1,3.9373,62997,OK
03-01-06-02-01-02-04.wav,c:\Users\kamal\group 2\Group-2-Speech-Recognition-Emotion-Classification-\data\raw\RAVDESS\Actor_04\03-01-06-02-01-02-04.wav,16000,1,3.4034,54455,OK
03-01-06-02-02-01-04.wav,c:\Users\kamal\group 2\Group-2-Speech-Recognition-Emotion-Classification-\data\raw\RAVDESS\Actor_04\03-01-06-02-02-01-04.wav,16000,1,3.6036,57658,OK
03-01-06-02-02-02-04.wav,c:\Users\kamal\group 2\Group-2-Speech-Recognition-Emotion-Classification-\data\raw\RAVDESS\Actor_04\03-01-06-02-02-02-04.wav,16000,1,3.5703,57124,OK
03-01-07-01-01-01-04.wav,c:\Users\kamal\group 2\Group-2-Speech-Recognition-Emotion-Classification-\data\raw\RAVDESS\Actor_04\03-01-07-01-01-01-04.wav,16000,1,3.9039,62463,OK
03-01-07-01-01-02-04.wav,c:\Users\kamal\group 2\Group-2-Speech-Recognition-Emotion-Classification-\data\raw\RAVDESS\Actor_04\03-01-07-01-01-02-04.wav,16000,1,3.9039,62463,OK
03-01-07-01-02-01-04.wav,c:\Users\kamal\group 2\Group-2-Speech-Recognition-Emotion-Classification-\data\raw\RAVDESS\Actor_04\03-01-07-01-02-01-04.wav,16000,1,3.7704,60327,OK
03-01-07-01-02-02-04.wav,c:\Users\kamal\group 2\Group-2-Speech-Recognition-Emotion-Classification-\data\raw\RAVDESS\Actor_04\03-01-07-01-02-02-04.wav,16000,1,3.8038,60861,OK
03-01-07-02-01-01-04.wav,c:\Users\kamal\group 2\Group-2-Speech-Recognition-Emotion-Classification-\data\raw\RAVDESS\Actor_04\03-01-07-02-01-01-04.wav,16000,1,4.004,64064,OK
03-01-07-02-01-02-04.wav,c:\Users\kamal\group 2\Group-2-Speech-Recognition-Emotion-Classification-\data\raw\RAVDESS\Actor_04\03-01-07-02-01-02-04.wav,16000,1,4.0374,64598,OK
03-01-07-02-02-01-04.wav,c:\Users\kamal\group 2\Group-2-Speech-Recognition-Emotion-Classification-\data\raw\RAVDESS\Actor_04\03-01-07-02-02-01-04.wav,16000,1,3.8706,61929,OK
03-01-07-02-02-02-04.wav,c:\Users\kamal\group 2\Group-2-Speech-Recognition-Emotion-Classification-\data\raw\RAVDESS\Actor_04\03-01-07-02-02-02-04.wav,16000,1,3.9373,62997,OK
03-01-08-01-01-01-04.wav,c:\Users\kamal\group 2\Group-2-Speech-Recognition-Emotion-Classification-\data\raw\RAVDESS\Actor_04\03-01-08-01-01-01-04.wav,16000,1,3.2366,51786,OK
03-01-08-01-01-02-04.wav,c:\Users\kamal\group 2\Group-2-Speech-Recognition-Emotion-Classification-\data\raw\RAVDESS\Actor_04\03-01-08-01-01-02-04.wav,16000,1,3.3367,53387,OK
03-01-08-01-02-01-04.wav,c:\Users\kamal\group 2\Group-2-Speech-Recognition-Emotion-Classification-\data\raw\RAVDESS\Actor_04\03-01-08-01-02-01-04.wav,16000,1,3.637,58192,OK
03-01-08-01-02-02-04.wav,c:\Users\kamal\group 2\Group-2-Speech-Recognition-Emotion-Classification-\data\raw\RAVDESS\Actor_04\03-01-08-01-02-02-04.wav,16000,1,3.4367,54988,OK
03-01-08-02-01-01-04.wav,c:\Users\kamal\group 2\Group-2-Speech-Recognition-Emotion-Classification-\data\raw\RAVDESS\Actor_04\03-01-08-02-01-01-04.wav,16000,1,3.6704,58726,OK
03-01-08-02-01-02-04.wav,c:\Users\kamal\group 2\Group-2-Speech-Recognition-Emotion-Classification-\data\raw\RAVDESS\Actor_04\03-01-08-02-01-02-04.wav,16000,1,3.5703,57124,OK
03-01-08-02-02-01-04.wav,c:\Users\kamal\group 2\Group-2-Speech-Recognition-Emotion-Classification-\data\raw\RAVDESS\Actor_04\03-01-08-02-02-01-04.wav,16000,1,3.4701,55522,OK
03-01-08-02-02-02-04.wav,c:\Users\kamal\group 2\Group-2-Speech-Recognition-Emotion-Classification-\data\raw\RAVDESS\Actor_04\03-01-08-02-02-02-04.wav,16000,1,3.5369,56590,OK
03-01-01-01-01-01-05.wav,c:\Users\kamal\group 2\Group-2-Speech-Recognition-Emotion-Classification-\data\raw\RAVDESS\Actor_05\03-01-01-01-01-01-05.wav,16000,1,3.6036,57658,OK
03-01-01-01-01-02-05.wav,c:\Users\kamal\group 2\Group-2-Speech-Recognition-Emotion-Classification-\data\raw\RAVDESS\Actor_05\03-01-01-01-01-02-05.wav,16000,1,3.637,58192,OK
03-01-01-01-02-01-05.wav,c:\Users\kamal\group 2\Group-2-Speech-Recognition-Emotion-Classification-\data\raw\RAVDESS\Actor_05\03-01-01-01-02-01-05.wav,16000,1,3.1031,49650,OK
03-01-01-01-02-02-05.wav,c:\Users\kamal\group 2\Group-2-Speech-Recognition-Emotion-Classification-\data\raw\RAVDESS\Actor_05\03-01-01-01-02-02-05.wav,16000,1,3.6036,57658,OK
03-01-02-01-01-01-05.wav,c:\Users\kamal\group 2\Group-2-Speech-Recognition-Emotion-Classification-\data\raw\RAVDESS\Actor_05\03-01-02-01-01-01-05.wav,16000,1,4.0374,64598,OK
03-01-02-01-01-02-05.wav,c:\Users\kamal\group 2\Group-2-Speech-Recognition-Emotion-Classification-\data\raw\RAVDESS\Actor_05\03-01-02-01-01-02-05.wav,16000,1,4.1041,65666,OK
03-01-02-01-02-01-05.wav,c:\Users\kamal\group 2\Group-2-Speech-Recognition-Emotion-Classification-\data\raw\RAVDESS\Actor_05\03-01-02-01-02-01-05.wav,16000,1,4.1375,66200,OK
03-01-02-01-02-02-05.wav,c:\Users\kamal\group 2\Group-2-Speech-Recognition-Emotion-Classification-\data\raw\RAVDESS\Actor_05\03-01-02-01-02-02-05.wav,16000,1,4.2376,67801,OK
03-01-02-02-01-01-05.wav,c:\Users\kamal\group 2\Group-2-Speech-Recognition-Emotion-Classification-\data\raw\RAVDESS\Actor_05\03-01-02-02-01-01-05.wav,16000,1,4.7381,75809,OK
03-01-02-02-01-02-05.wav,c:\Users\kamal\group 2\Group-2-Speech-Recognition-Emotion-Classification-\data\raw\RAVDESS\Actor_05\03-01-02-02-01-02-05.wav,16000,1,4.5045,72072,OK
03-01-02-02-02-01-05.wav,c:\Users\kamal\group 2\Group-2-Speech-Recognition-Emotion-Classification-\data\raw\RAVDESS\Actor_05\03-01-02-02-02-01-05.wav,16000,1,4.7714,76343,OK
03-01-02-02-02-02-05.wav,c:\Users\kamal\group 2\Group-2-Speech-Recognition-Emotion-Classification-\data\raw\RAVDESS\Actor_05\03-01-02-02-02-02-05.wav,16000,1,4.3043,68869,OK
03-01-03-01-01-01-05.wav,c:\Users\kamal\group 2\Group-2-Speech-Recognition-Emotion-Classification-\data\raw\RAVDESS\Actor_05\03-01-03-01-01-01-05.wav,16000,1,4.004,64064,OK
03-01-03-01-01-02-05.wav,c:\Users\kamal\group 2\Group-2-Speech-Recognition-Emotion-Classification-\data\raw\RAVDESS\Actor_05\03-01-03-01-01-02-05.wav,16000,1,3.2366,51785,OK
03-01-03-01-02-01-05.wav,c:\Users\kamal\group 2\Group-2-Speech-Recognition-Emotion-Classification-\data\raw\RAVDESS\Actor_05\03-01-03-01-02-01-05.wav,16000,1,3.3701,53921,OK
03-01-03-01-02-02-05.wav,c:\Users\kamal\group 2\Group-2-Speech-Recognition-Emotion-Classification-\data\raw\RAVDESS\Actor_05\03-01-03-01-02-02-05.wav,16000,1,3.7704,60327,OK
03-01-03-02-01-01-05.wav,c:\Users\kamal\group 2\Group-2-Speech-Recognition-Emotion-Classification-\data\raw\RAVDESS\Actor_05\03-01-03-02-01-01-05.wav,16000,1,4.1375,66200,OK
03-01-03-02-01-02-05.wav,c:\Users\kamal\group 2\Group-2-Speech-Recognition-Emotion-Classification-\data\raw\RAVDESS\Actor_05\03-01-03-02-01-02-05.wav,16000,1,3.8706,61929,OK
03-01-03-02-02-01-05.wav,c:\Users\kamal\group 2\Group-2-Speech-Recognition-Emotion-Classification-\data\raw\RAVDESS\Actor_05\03-01-03-02-02-01-05.wav,16000,1,3.6036,57658,OK
03-01-03-02-02-02-05.wav,c:\Users\kamal\group 2\Group-2-Speech-Recognition-Emotion-Classification-\data\raw\RAVDESS\Actor_05\03-01-03-02-02-02-05.wav,16000,1,3.4034,54455,OK
03-01-04-01-01-01-05.wav,c:\Users\kamal\group 2\Group-2-Speech-Recognition-Emotion-Classification-\data\raw\RAVDESS\Actor_05\03-01-04-01-01-01-05.wav,16000,1,3.2699,52319,OK
03-01-04-01-01-02-05.wav,c:\Users\kamal\group 2\Group-2-Speech-Recognition-Emotion-Classification-\data\raw\RAVDESS\Actor_05\03-01-04-01-01-02-05.wav,16000,1,3.637,58192,OK
03-01-04-01-02-01-05.wav,c:\Users\kamal\group 2\Group-2-Speech-Recognition-Emotion-Classification-\data\raw\RAVDESS\Actor_05\03-01-04-01-02-01-05.wav,16000,1,3.1031,49650,OK
03-01-04-01-02-02-05.wav,c:\Users\kamal\group 2\Group-2-Speech-Recognition-Emotion-Classification-\data\raw\RAVDESS\Actor_05\03-01-04-01-02-02-05.wav,16000,1,3.7037,59259,OK
03-01-04-02-01-01-05.wav,c:\Users\kamal\group 2\Group-2-Speech-Recognition-Emotion-Classification-\data\raw\RAVDESS\Actor_05\03-01-04-02-01-01-05.wav,16000,1,3.5369,56590,OK
03-01-04-02-01-02-05.wav,c:\Users\kamal\group 2\Group-2-Speech-Recognition-Emotion-Classification-\data\raw\RAVDESS\Actor_05\03-01-04-02-01-02-05.wav,16000,1,3.2699,52319,OK
03-01-04-02-02-01-05.wav,c:\Users\kamal\group 2\Group-2-Speech-Recognition-Emotion-Classification-\data\raw\RAVDESS\Actor_05\03-01-04-02-02-01-05.wav,16000,1,3.2699,52319,OK
03-01-04-02-02-02-05.wav,c:\Users\kamal\group 2\Group-2-Speech-Recognition-Emotion-Classification-\data\raw\RAVDESS\Actor_05\03-01-04-02-02-02-05.wav,16000,1,3.1365,50184,OK
03-01-05-01-01-01-05.wav,c:\Users\kamal\group 2\Group-2-Speech-Recognition-Emotion-Classification-\data\raw\RAVDESS\Actor_05\03-01-05-01-01-01-05.wav,16000,1,3.8706,61929,OK
03-01-05-01-01-02-05.wav,c:\Users\kamal\group 2\Group-2-Speech-Recognition-Emotion-Classification-\data\raw\RAVDESS\Actor_05\03-01-05-01-01-02-05.wav,16000,1,3.8038,60861,OK
03-01-05-01-02-01-05.wav,c:\Users\kamal\group 2\Group-2-Speech-Recognition-Emotion-Classification-\data\raw\RAVDESS\Actor_05\03-01-05-01-02-01-05.wav,16000,1,4.0708,65132,OK
03-01-05-01-02-02-05.wav,c:\Users\kamal\group 2\Group-2-Speech-Recognition-Emotion-Classification-\data\raw\RAVDESS\Actor_05\03-01-05-01-02-02-05.wav,16000,1,4.4044,70471,OK
03-01-05-02-01-01-05.wav,c:\Users\kamal\group 2\Group-2-Speech-Recognition-Emotion-Classification-\data\raw\RAVDESS\Actor_05\03-01-05-02-01-01-05.wav,16000,1,3.4034,54455,OK
03-01-05-02-01-02-05.wav,c:\Users\kamal\group 2\Group-2-Speech-Recognition-Emotion-Classification-\data\raw\RAVDESS\Actor_05\03-01-05-02-01-02-05.wav,16000,1,3.5703,57124,OK
03-01-05-02-02-01-05.wav,c:\Users\kamal\group 2\Group-2-Speech-Recognition-Emotion-Classification-\data\raw\RAVDESS\Actor_05\03-01-05-02-02-01-05.wav,16000,1,3.637,58192,OK
03-01-05-02-02-02-05.wav,c:\Users\kamal\group 2\Group-2-Speech-Recognition-Emotion-Classification-\data\raw\RAVDESS\Actor_05\03-01-05-02-02-02-05.wav,16000,1,3.637,58192,OK
03-01-06-01-01-01-05.wav,c:\Users\kamal\group 2\Group-2-Speech-Recognition-Emotion-Classification-\data\raw\RAVDESS\Actor_05\03-01-06-01-01-01-05.wav,16000,1,3.1365,50184,OK
03-01-06-01-01-02-05.wav,c:\Users\kamal\group 2\Group-2-Speech-Recognition-Emotion-Classification-\data\raw\RAVDESS\Actor_05\03-01-06-01-01-02-05.wav,16000,1,3.3701,53921,OK
03-01-06-01-02-01-05.wav,c:\Users\kamal\group 2\Group-2-Speech-Recognition-Emotion-Classification-\data\raw\RAVDESS\Actor_05\03-01-06-01-02-01-05.wav,16000,1,3.1365,50184,OK
03-01-06-01-02-02-05.wav,c:\Users\kamal\group 2\Group-2-Speech-Recognition-Emotion-Classification-\data\raw\RAVDESS\Actor_05\03-01-06-01-02-02-05.wav,16000,1,3.0697,49116,OK
03-01-06-02-01-01-05.wav,c:\Users\kamal\group 2\Group-2-Speech-Recognition-Emotion-Classification-\data\raw\RAVDESS\Actor_05\03-01-06-02-01-01-05.wav,16000,1,3.2366,51785,OK
03-01-06-02-01-02-05.wav,c:\Users\kamal\group 2\Group-2-Speech-Recognition-Emotion-Classification-\data\raw\RAVDESS\Actor_05\03-01-06-02-01-02-05.wav,16000,1,3.5703,57124,OK
03-01-06-02-02-01-05.wav,c:\Users\kamal\group 2\Group-2-Speech-Recognition-Emotion-Classification-\data\raw\RAVDESS\Actor_05\03-01-06-02-02-01-05.wav,16000,1,3.2366,51785,OK
03-01-06-02-02-02-05.wav,c:\Users\kamal\group 2\Group-2-Speech-Recognition-Emotion-Classification-\data\raw\RAVDESS\Actor_05\03-01-06-02-02-02-05.wav,16000,1,3.1031,49650,OK
03-01-07-01-01-01-05.wav,c:\Users\kamal\group 2\Group-2-Speech-Recognition-Emotion-Classification-\data\raw\RAVDESS\Actor_05\03-01-07-01-01-01-05.wav,16000,1,4.3377,69403,OK
03-01-07-01-01-02-05.wav,c:\Users\kamal\group 2\Group-2-Speech-Recognition-Emotion-Classification-\data\raw\RAVDESS\Actor_05\03-01-07-01-01-02-05.wav,16000,1,4.1041,65666,OK
03-01-07-01-02-01-05.wav,c:\Users\kamal\group 2\Group-2-Speech-Recognition-Emotion-Classification-\data\raw\RAVDESS\Actor_05\03-01-07-01-02-01-05.wav,16000,1,3.9039,62463,OK
03-01-07-01-02-02-05.wav,c:\Users\kamal\group 2\Group-2-Speech-Recognition-Emotion-Classification-\data\raw\RAVDESS\Actor_05\03-01-07-01-02-02-05.wav,16000,1,3.7371,59793,OK
03-01-07-02-01-01-05.wav,c:\Users\kamal\group 2\Group-2-Speech-Recognition-Emotion-Classification-\data\raw\RAVDESS\Actor_05\03-01-07-02-01-01-05.wav,16000,1,4.3377,69403,OK
03-01-07-02-01-02-05.wav,c:\Users\kamal\group 2\Group-2-Speech-Recognition-Emotion-Classification-\data\raw\RAVDESS\Actor_05\03-01-07-02-01-02-05.wav,16000,1,3.9039,62463,OK
03-01-07-02-02-01-05.wav,c:\Users\kamal\group 2\Group-2-Speech-Recognition-Emotion-Classification-\data\raw\RAVDESS\Actor_05\03-01-07-02-02-01-05.wav,16000,1,4.2709,68335,OK
03-01-07-02-02-02-05.wav,c:\Users\kamal\group 2\Group-2-Speech-Recognition-Emotion-Classification-\data\raw\RAVDESS\Actor_05\03-01-07-02-02-02-05.wav,16000,1,4.5379,72606,OK
03-01-08-01-01-01-05.wav,c:\Users\kamal\group 2\Group-2-Speech-Recognition-Emotion-Classification-\data\raw\RAVDESS\Actor_05\03-01-08-01-01-01-05.wav,16000,1,3.7371,59793,OK
03-01-08-01-01-02-05.wav,c:\Users\kamal\group 2\Group-2-Speech-Recognition-Emotion-Classification-\data\raw\RAVDESS\Actor_05\03-01-08-01-01-02-05.wav,16000,1,3.6704,58726,OK
03-01-08-01-02-01-05.wav,c:\Users\kamal\group 2\Group-2-Speech-Recognition-Emotion-Classification-\data\raw\RAVDESS\Actor_05\03-01-08-01-02-01-05.wav,16000,1,3.0697,49116,OK
03-01-08-01-02-02-05.wav,c:\Users\kamal\group 2\Group-2-Speech-Recognition-Emotion-Classification-\data\raw\RAVDESS\Actor_05\03-01-08-01-02-02-05.wav,16000,1,3.7037,59259,OK
03-01-08-02-01-01-05.wav,c:\Users\kamal\group 2\Group-2-Speech-Recognition-Emotion-Classification-\data\raw\RAVDESS\Actor_05\03-01-08-02-01-01-05.wav,16000,1,4.1375,66200,OK
03-01-08-02-01-02-05.wav,c:\Users\kamal\group 2\Group-2-Speech-Recognition-Emotion-Classification-\data\raw\RAVDESS\Actor_05\03-01-08-02-01-02-05.wav,16000,1,4.1041,65666,OK
03-01-08-02-02-01-05.wav,c:\Users\kamal\group 2\Group-2-Speech-Recognition-Emotion-Classification-\data\raw\RAVDESS\Actor_05\03-01-08-02-02-01-05.wav,16000,1,3.6704,58726,OK
03-01-08-02-02-02-05.wav,c:\Users\kamal\group 2\Group-2-Speech-Recognition-Emotion-Classification-\data\raw\RAVDESS\Actor_05\03-01-08-02-02-02-05.wav,16000,1,3.5369,56590,OK
03-01-01-01-01-01-06.wav,c:\Users\kamal\group 2\Group-2-Speech-Recognition-Emotion-Classification-\data\raw\RAVDESS\Actor_06\03-01-01-01-01-01-06.wav,16000,1,3.3367,53387,OK
03-01-01-01-01-02-06.wav,c:\Users\kamal\group 2\Group-2-Speech-Recognition-Emotion-Classification-\data\raw\RAVDESS\Actor_06\03-01-01-01-01-02-06.wav,16000,1,3.6036,57658,OK
03-01-01-01-02-01-06.wav,c:\Users\kamal\group 2\Group-2-Speech-Recognition-Emotion-Classification-\data\raw\RAVDESS\Actor_06\03-01-01-01-02-01-06.wav,16000,1,3.4034,54455,OK
03-01-01-01-02-02-06.wav,c:\Users\kamal\group 2\Group-2-Speech-Recognition-Emotion-Classification-\data\raw\RAVDESS\Actor_06\03-01-01-01-02-02-06.wav,16000,1,3.4368,54989,OK
03-01-02-01-01-01-06.wav,c:\Users\kamal\group 2\Group-2-Speech-Recognition-Emotion-Classification-\data\raw\RAVDESS\Actor_06\03-01-02-01-01-01-06.wav,16000,1,4.0374,64598,OK
03-01-02-01-01-02-06.wav,c:\Users\kamal\group 2\Group-2-Speech-Recognition-Emotion-Classification-\data\raw\RAVDESS\Actor_06\03-01-02-01-01-02-06.wav,16000,1,4.1041,65666,OK
03-01-02-01-02-01-06.wav,c:\Users\kamal\group 2\Group-2-Speech-Recognition-Emotion-Classification-\data\raw\RAVDESS\Actor_06\03-01-02-01-02-01-06.wav,16000,1,3.9706,63530,OK
03-01-02-01-02-02-06.wav,c:\Users\kamal\group 2\Group-2-Speech-Recognition-Emotion-Classification-\data\raw\RAVDESS\Actor_06\03-01-02-01-02-02-06.wav,16000,1,4.2042,67267,OK
03-01-02-02-01-01-06.wav,c:\Users\kamal\group 2\Group-2-Speech-Recognition-Emotion-Classification-\data\raw\RAVDESS\Actor_06\03-01-02-02-01-01-06.wav,16000,1,4.5045,72072,OK
03-01-02-02-01-02-06.wav,c:\Users\kamal\group 2\Group-2-Speech-Recognition-Emotion-Classification-\data\raw\RAVDESS\Actor_06\03-01-02-02-01-02-06.wav,16000,1,4.638,74208,OK
03-01-02-02-02-01-06.wav,c:\Users\kamal\group 2\Group-2-Speech-Recognition-Emotion-Classification-\data\raw\RAVDESS\Actor_06\03-01-02-02-02-01-06.wav,16000,1,4.3377,69403,OK
03-01-02-02-02-02-06.wav,c:\Users\kamal\group 2\Group-2-Speech-Recognition-Emotion-Classification-\data\raw\RAVDESS\Actor_06\03-01-02-02-02-02-06.wav,16000,1,4.7714,76343,OK
03-01-03-01-01-01-06.wav,c:\Users\kamal\group 2\Group-2-Speech-Recognition-Emotion-Classification-\data\raw\RAVDESS\Actor_06\03-01-03-01-01-01-06.wav,16000,1,3.5369,56590,OK
03-01-03-01-01-02-06.wav,c:\Users\kamal\group 2\Group-2-Speech-Recognition-Emotion-Classification-\data\raw\RAVDESS\Actor_06\03-01-03-01-01-02-06.wav,16000,1,3.6036,57658,OK
03-01-03-01-02-01-06.wav,c:\Users\kamal\group 2\Group-2-Speech-Recognition-Emotion-Classification-\data\raw\RAVDESS\Actor_06\03-01-03-01-02-01-06.wav,16000,1,3.4701,55522,OK
03-01-03-01-02-02-06.wav,c:\Users\kamal\group 2\Group-2-Speech-Recognition-Emotion-Classification-\data\raw\RAVDESS\Actor_06\03-01-03-01-02-02-06.wav,16000,1,3.4368,54989,OK
03-01-03-02-01-01-06.wav,c:\Users\kamal\group 2\Group-2-Speech-Recognition-Emotion-Classification-\data\raw\RAVDESS\Actor_06\03-01-03-02-01-01-06.wav,16000,1,3.5035,56056,OK
03-01-03-02-01-02-06.wav,c:\Users\kamal\group 2\Group-2-Speech-Recognition-Emotion-Classification-\data\raw\RAVDESS\Actor_06\03-01-03-02-01-02-06.wav,16000,1,3.4701,55522,OK
03-01-03-02-02-01-06.wav,c:\Users\kamal\group 2\Group-2-Speech-Recognition-Emotion-Classification-\data\raw\RAVDESS\Actor_06\03-01-03-02-02-01-06.wav,16000,1,3.5703,57124,OK
03-01-03-02-02-02-06.wav,c:\Users\kamal\group 2\Group-2-Speech-Recognition-Emotion-Classification-\data\raw\RAVDESS\Actor_06\03-01-03-02-02-02-06.wav,16000,1,3.6036,57658,OK
03-01-04-01-01-01-06.wav,c:\Users\kamal\group 2\Group-2-Speech-Recognition-Emotion-Classification-\data\raw\RAVDESS\Actor_06\03-01-04-01-01-01-06.wav,16000,1,3.5703,57124,OK
03-01-04-01-01-02-06.wav,c:\Users\kamal\group 2\Group-2-Speech-Recognition-Emotion-Classification-\data\raw\RAVDESS\Actor_06\03-01-04-01-01-02-06.wav,16000,1,3.6036,57658,OK
03-01-04-01-02-01-06.wav,c:\Users\kamal\group 2\Group-2-Speech-Recognition-Emotion-Classification-\data\raw\RAVDESS\Actor_06\03-01-04-01-02-01-06.wav,16000,1,3.4702,55523,OK
03-01-04-01-02-02-06.wav,c:\Users\kamal\group 2\Group-2-Speech-Recognition-Emotion-Classification-\data\raw\RAVDESS\Actor_06\03-01-04-01-02-02-06.wav,16000,1,3.4368,54989,OK
03-01-04-02-01-01-06.wav,c:\Users\kamal\group 2\Group-2-Speech-Recognition-Emotion-Classification-\data\raw\RAVDESS\Actor_06\03-01-04-02-01-01-06.wav,16000,1,4.2042,67267,OK
03-01-04-02-01-02-06.wav,c:\Users\kamal\group 2\Group-2-Speech-Recognition-Emotion-Classification-\data\raw\RAVDESS\Actor_06\03-01-04-02-01-02-06.wav,16000,1,4.1041,65666,OK
03-01-04-02-02-01-06.wav,c:\Users\kamal\group 2\Group-2-Speech-Recognition-Emotion-Classification-\data\raw\RAVDESS\Actor_06\03-01-04-02-02-01-06.wav,16000,1,4.6046,73674,OK
03-01-04-02-02-02-06.wav,c:\Users\kamal\group 2\Group-2-Speech-Recognition-Emotion-Classification-\data\raw\RAVDESS\Actor_06\03-01-04-02-02-02-06.wav,16000,1,4.0374,64598,OK
03-01-05-01-01-01-06.wav,c:\Users\kamal\group 2\Group-2-Speech-Recognition-Emotion-Classification-\data\raw\RAVDESS\Actor_06\03-01-05-01-01-01-06.wav,16000,1,3.7704,60327,OK
03-01-05-01-01-02-06.wav,c:\Users\kamal\group 2\Group-2-Speech-Recognition-Emotion-Classification-\data\raw\RAVDESS\Actor_06\03-01-05-01-01-02-06.wav,16000,1,3.9706,63530,OK
03-01-05-01-02-01-06.wav,c:\Users\kamal\group 2\Group-2-Speech-Recognition-Emotion-Classification-\data\raw\RAVDESS\Actor_06\03-01-05-01-02-01-06.wav,16000,1,4.2042,67267,OK
03-01-05-01-02-02-06.wav,c:\Users\kamal\group 2\Group-2-Speech-Recognition-Emotion-Classification-\data\raw\RAVDESS\Actor_06\03-01-05-01-02-02-06.wav,16000,1,3.9039,62463,OK
03-01-05-02-01-01-06.wav,c:\Users\kamal\group 2\Group-2-Speech-Recognition-Emotion-Classification-\data\raw\RAVDESS\Actor_06\03-01-05-02-01-01-06.wav,16000,1,4.1041,65666,OK
03-01-05-02-01-02-06.wav,c:\Users\kamal\group 2\Group-2-Speech-Recognition-Emotion-Classification-\data\raw\RAVDESS\Actor_06\03-01-05-02-01-02-06.wav,16000,1,4.2042,67267,OK
03-01-05-02-02-01-06.wav,c:\Users\kamal\group 2\Group-2-Speech-Recognition-Emotion-Classification-\data\raw\RAVDESS\Actor_06\03-01-05-02-02-01-06.wav,16000,1,4.4378,71005,OK
03-01-05-02-02-02-06.wav,c:\Users\kamal\group 2\Group-2-Speech-Recognition-Emotion-Classification-\data\raw\RAVDESS\Actor_06\03-01-05-02-02-02-06.wav,16000,1,4.4711,71538,OK
03-01-06-01-01-01-06.wav,c:\Users\kamal\group 2\Group-2-Speech-Recognition-Emotion-Classification-\data\raw\RAVDESS\Actor_06\03-01-06-01-01-01-06.wav,16000,1,3.637,58192,OK
03-01-06-01-01-02-06.wav,c:\Users\kamal\group 2\Group-2-Speech-Recognition-Emotion-Classification-\data\raw\RAVDESS\Actor_06\03-01-06-01-01-02-06.wav,16000,1,3.4368,54989,OK
03-01-06-01-02-01-06.wav,c:\Users\kamal\group 2\Group-2-Speech-Recognition-Emotion-Classification-\data\raw\RAVDESS\Actor_06\03-01-06-01-02-01-06.wav,16000,1,3.5703,57124,OK
03-01-06-01-02-02-06.wav,c:\Users\kamal\group 2\Group-2-Speech-Recognition-Emotion-Classification-\data\raw\RAVDESS\Actor_06\03-01-06-01-02-02-06.wav,16000,1,3.5035,56056,OK
03-01-06-02-01-01-06.wav,c:\Users\kamal\group 2\Group-2-Speech-Recognition-Emotion-Classification-\data\raw\RAVDESS\Actor_06\03-01-06-02-01-01-06.wav,16000,1,3.637,58192,OK
03-01-06-02-01-02-06.wav,c:\Users\kamal\group 2\Group-2-Speech-Recognition-Emotion-Classification-\data\raw\RAVDESS\Actor_06\03-01-06-02-01-02-06.wav,16000,1,3.6036,57658,OK
03-01-06-02-02-01-06.wav,c:\Users\kamal\group 2\Group-2-Speech-Recognition-Emotion-Classification-\data\raw\RAVDESS\Actor_06\03-01-06-02-02-01-06.wav,16000,1,3.7371,59793,OK
03-01-06-02-02-02-06.wav,c:\Users\kamal\group 2\Group-2-Speech-Recognition-Emotion-Classification-\data\raw\RAVDESS\Actor_06\03-01-06-02-02-02-06.wav,16000,1,3.7371,59793,OK
03-01-07-01-01-01-06.wav,c:\Users\kamal\group 2\Group-2-Speech-Recognition-Emotion-Classification-\data\raw\RAVDESS\Actor_06\03-01-07-01-01-01-06.wav,16000,1,3.5035,56056,OK
03-01-07-01-01-02-06.wav,c:\Users\kamal\group 2\Group-2-Speech-Recognition-Emotion-Classification-\data\raw\RAVDESS\Actor_06\03-01-07-01-01-02-06.wav,16000,1,4.2709,68335,OK
03-01-07-01-02-01-06.wav,c:\Users\kamal\group 2\Group-2-Speech-Recognition-Emotion-Classification-\data\raw\RAVDESS\Actor_06\03-01-07-01-02-01-06.wav,16000,1,3.7371,59793,OK
03-01-07-01-02-02-06.wav,c:\Users\kamal\group 2\Group-2-Speech-Recognition-Emotion-Classification-\data\raw\RAVDESS\Actor_06\03-01-07-01-02-02-06.wav,16000,1,3.9373,62997,OK
03-01-07-02-01-01-06.wav,c:\Users\kamal\group 2\Group-2-Speech-Recognition-Emotion-Classification-\data\raw\RAVDESS\Actor_06\03-01-07-02-01-01-06.wav,16000,1,4.3043,68869,OK
03-01-07-02-01-02-06.wav,c:\Users\kamal\group 2\Group-2-Speech-Recognition-Emotion-Classification-\data\raw\RAVDESS\Actor_06\03-01-07-02-01-02-06.wav,16000,1,3.9373,62997,OK
03-01-07-02-02-01-06.wav,c:\Users\kamal\group 2\Group-2-Speech-Recognition-Emotion-Classification-\data\raw\RAVDESS\Actor_06\03-01-07-02-02-01-06.wav,16000,1,4.0374,64598,OK
03-01-07-02-02-02-06.wav,c:\Users\kamal\group 2\Group-2-Speech-Recognition-Emotion-Classification-\data\raw\RAVDESS\Actor_06\03-01-07-02-02-02-06.wav,16000,1,3.9706,63530,OK
03-01-08-01-01-01-06.wav,c:\Users\kamal\group 2\Group-2-Speech-Recognition-Emotion-Classification-\data\raw\RAVDESS\Actor_06\03-01-08-01-01-01-06.wav,16000,1,3.2366,51785,OK
03-01-08-01-01-02-06.wav,c:\Users\kamal\group 2\Group-2-Speech-Recognition-Emotion-Classification-\data\raw\RAVDESS\Actor_06\03-01-08-01-01-02-06.wav,16000,1,3.2366,51785,OK
03-01-08-01-02-01-06.wav,c:\Users\kamal\group 2\Group-2-Speech-Recognition-Emotion-Classification-\data\raw\RAVDESS\Actor_06\03-01-08-01-02-01-06.wav,16000,1,3.2033,51252,OK
03-01-08-01-02-02-06.wav,c:\Users\kamal\group 2\Group-2-Speech-Recognition-Emotion-Classification-\data\raw\RAVDESS\Actor_06\03-01-08-01-02-02-06.wav,16000,1,3.1365,50184,OK
03-01-08-02-01-01-06.wav,c:\Users\kamal\group 2\Group-2-Speech-Recognition-Emotion-Classification-\data\raw\RAVDESS\Actor_06\03-01-08-02-01-01-06.wav,16000,1,3.2366,51785,OK
03-01-08-02-01-02-06.wav,c:\Users\kamal\group 2\Group-2-Speech-Recognition-Emotion-Classification-\data\raw\RAVDESS\Actor_06\03-01-08-02-01-02-06.wav,16000,1,3.3701,53921,OK
03-01-08-02-02-01-06.wav,c:\Users\kamal\group 2\Group-2-Speech-Recognition-Emotion-Classification-\data\raw\RAVDESS\Actor_06\03-01-08-02-02-01-06.wav,16000,1,3.3033,52853,OK
03-01-08-02-02-02-06.wav,c:\Users\kamal\group 2\Group-2-Speech-Recognition-Emotion-Classification-\data\raw\RAVDESS\Actor_06\03-01-08-02-02-02-06.wav,16000,1,3.2033,51252,OK
03-01-01-01-01-01-07.wav,c:\Users\kamal\group 2\Group-2-Speech-Recognition-Emotion-Classification-\data\raw\RAVDESS\Actor_07\03-01-01-01-01-01-07.wav,16000,1,3.9039,62463,OK
03-01-01-01-01-02-07.wav,c:\Users\kamal\group 2\Group-2-Speech-Recognition-Emotion-Classification-\data\raw\RAVDESS\Actor_07\03-01-01-01-01-02-07.wav,16000,1,3.8038,60861,OK
03-01-01-01-02-01-07.wav,c:\Users\kamal\group 2\Group-2-Speech-Recognition-Emotion-Classification-\data\raw\RAVDESS\Actor_07\03-01-01-01-02-01-07.wav,16000,1,4.1375,66200,OK
03-01-01-01-02-02-07.wav,c:\Users\kamal\group 2\Group-2-Speech-Recognition-Emotion-Classification-\data\raw\RAVDESS\Actor_07\03-01-01-01-02-02-07.wav,16000,1,3.7371,59793,OK
03-01-02-01-01-01-07.wav,c:\Users\kamal\group 2\Group-2-Speech-Recognition-Emotion-Classification-\data\raw\RAVDESS\Actor_07\03-01-02-01-01-01-07.wav,16000,1,3.4701,55522,OK
03-01-02-01-01-02-07.wav,c:\Users\kamal\group 2\Group-2-Speech-Recognition-Emotion-Classification-\data\raw\RAVDESS\Actor_07\03-01-02-01-01-02-07.wav,16000,1,3.7371,59793,OK
03-01-02-01-02-01-07.wav,c:\Users\kamal\group 2\Group-2-Speech-Recognition-Emotion-Classification-\data\raw\RAVDESS\Actor_07\03-01-02-01-02-01-07.wav,16000,1,3.5035,56056,OK
03-01-02-01-02-02-07.wav,c:\Users\kamal\group 2\Group-2-Speech-Recognition-Emotion-Classification-\data\raw\RAVDESS\Actor_07\03-01-02-01-02-02-07.wav,16000,1,3.5369,56590,OK
03-01-02-02-01-01-07.wav,c:\Users\kamal\group 2\Group-2-Speech-Recognition-Emotion-Classification-\data\raw\RAVDESS\Actor_07\03-01-02-02-01-01-07.wav,16000,1,4.004,64064,OK
03-01-02-02-01-02-07.wav,c:\Users\kamal\group 2\Group-2-Speech-Recognition-Emotion-Classification-\data\raw\RAVDESS\Actor_07\03-01-02-02-01-02-07.wav,16000,1,3.8706,61929,OK
03-01-02-02-02-01-07.wav,c:\Users\kamal\group 2\Group-2-Speech-Recognition-Emotion-Classification-\data\raw\RAVDESS\Actor_07\03-01-02-02-02-01-07.wav,16000,1,4.2709,68335,OK
03-01-02-02-02-02-07.wav,c:\Users\kamal\group 2\Group-2-Speech-Recognition-Emotion-Classification-\data\raw\RAVDESS\Actor_07\03-01-02-02-02-02-07.wav,16000,1,4.1041,65666,OK
03-01-03-01-01-01-07.wav,c:\Users\kamal\group 2\Group-2-Speech-Recognition-Emotion-Classification-\data\raw\RAVDESS\Actor_07\03-01-03-01-01-01-07.wav,16000,1,3.5035,56056,OK
03-01-03-01-01-02-07.wav,c:\Users\kamal\group 2\Group-2-Speech-Recognition-Emotion-Classification-\data\raw\RAVDESS\Actor_07\03-01-03-01-01-02-07.wav,16000,1,3.4701,55522,OK
03-01-03-01-02-01-07.wav,c:\Users\kamal\group 2\Group-2-Speech-Recognition-Emotion-Classification-\data\raw\RAVDESS\Actor_07\03-01-03-01-02-01-07.wav,16000,1,3.4034,54455,OK
03-01-03-01-02-02-07.wav,c:\Users\kamal\group 2\Group-2-Speech-Recognition-Emotion-Classification-\data\raw\RAVDESS\Actor_07\03-01-03-01-02-02-07.wav,16000,1,3.4034,54455,OK
03-01-03-02-01-01-07.wav,c:\Users\kamal\group 2\Group-2-Speech-Recognition-Emotion-Classification-\data\raw\RAVDESS\Actor_07\03-01-03-02-01-01-07.wav,16000,1,4.1041,65666,OK
03-01-03-02-01-02-07.wav,c:\Users\kamal\group 2\Group-2-Speech-Recognition-Emotion-Classification-\data\raw\RAVDESS\Actor_07\03-01-03-02-01-02-07.wav,16000,1,4.0374,64598,OK
03-01-03-02-02-01-07.wav,c:\Users\kamal\group 2\Group-2-Speech-Recognition-Emotion-Classification-\data\raw\RAVDESS\Actor_07\03-01-03-02-02-01-07.wav,16000,1,4.0374,64598,OK
03-01-03-02-02-02-07.wav,c:\Users\kamal\group 2\Group-2-Speech-Recognition-Emotion-Classification-\data\raw\RAVDESS\Actor_07\03-01-03-02-02-02-07.wav,16000,1,3.8372,61395,OK
03-01-04-01-01-01-07.wav,c:\Users\kamal\group 2\Group-2-Speech-Recognition-Emotion-Classification-\data\raw\RAVDESS\Actor_07\03-01-04-01-01-01-07.wav,16000,1,3.5369,56590,OK
03-01-04-01-01-02-07.wav,c:\Users\kamal\group 2\Group-2-Speech-Recognition-Emotion-Classification-\data\raw\RAVDESS\Actor_07\03-01-04-01-01-02-07.wav,16000,1,3.6036,57658,OK
03-01-04-01-02-01-07.wav,c:\Users\kamal\group 2\Group-2-Speech-Recognition-Emotion-Classification-\data\raw\RAVDESS\Actor_07\03-01-04-01-02-01-07.wav,16000,1,3.5369,56590,OK
03-01-04-01-02-02-07.wav,c:\Users\kamal\group 2\Group-2-Speech-Recognition-Emotion-Classification-\data\raw\RAVDESS\Actor_07\03-01-04-01-02-02-07.wav,16000,1,3.8706,61929,OK
03-01-04-02-01-01-07.wav,c:\Users\kamal\group 2\Group-2-Speech-Recognition-Emotion-Classification-\data\raw\RAVDESS\Actor_07\03-01-04-02-01-01-07.wav,16000,1,3.9373,62996,OK
03-01-04-02-01-02-07.wav,c:\Users\kamal\group 2\Group-2-Speech-Recognition-Emotion-Classification-\data\raw\RAVDESS\Actor_07\03-01-04-02-01-02-07.wav,16000,1,3.8372,61395,OK
03-01-04-02-02-01-07.wav,c:\Users\kamal\group 2\Group-2-Speech-Recognition-Emotion-Classification-\data\raw\RAVDESS\Actor_07\03-01-04-02-02-01-07.wav,16000,1,3.637,58192,OK
03-01-04-02-02-02-07.wav,c:\Users\kamal\group 2\Group-2-Speech-Recognition-Emotion-Classification-\data\raw\RAVDESS\Actor_07\03-01-04-02-02-02-07.wav,16000,1,3.8372,61395,OK
03-01-05-01-01-01-07.wav,c:\Users\kamal\group 2\Group-2-Speech-Recognition-Emotion-Classification-\data\raw\RAVDESS\Actor_07\03-01-05-01-01-01-07.wav,16000,1,4.004,64064,OK
03-01-05-01-01-02-07.wav,c:\Users\kamal\group 2\Group-2-Speech-Recognition-Emotion-Classification-\data\raw\RAVDESS\Actor_07\03-01-05-01-01-02-07.wav,16000,1,3.9707,63531,OK
03-01-05-01-02-01-07.wav,c:\Users\kamal\group 2\Group-2-Speech-Recognition-Emotion-Classification-\data\raw\RAVDESS\Actor_07\03-01-05-01-02-01-07.wav,16000,1,4.004,64064,OK
03-01-05-01-02-02-07.wav,c:\Users\kamal\group 2\Group-2-Speech-Recognition-Emotion-Classification-\data\raw\RAVDESS\Actor_07\03-01-05-01-02-02-07.wav,16000,1,4.004,64064,OK
03-01-05-02-01-01-07.wav,c:\Users\kamal\group 2\Group-2-Speech-Recognition-Emotion-Classification-\data\raw\RAVDESS\Actor_07\03-01-05-02-01-01-07.wav,16000,1,3.6036,57658,OK
03-01-05-02-01-02-07.wav,c:\Users\kamal\group 2\Group-2-Speech-Recognition-Emotion-Classification-\data\raw\RAVDESS\Actor_07\03-01-05-02-01-02-07.wav,16000,1,4.004,64064,OK
03-01-05-02-02-01-07.wav,c:\Users\kamal\group 2\Group-2-Speech-Recognition-Emotion-Classification-\data\raw\RAVDESS\Actor_07\03-01-05-02-02-01-07.wav,16000,1,3.8372,61395,OK
03-01-05-02-02-02-07.wav,c:\Users\kamal\group 2\Group-2-Speech-Recognition-Emotion-Classification-\data\raw\RAVDESS\Actor_07\03-01-05-02-02-02-07.wav,16000,1,4.3377,69403,OK
03-01-06-01-01-01-07.wav,c:\Users\kamal\group 2\Group-2-Speech-Recognition-Emotion-Classification-\data\raw\RAVDESS\Actor_07\03-01-06-01-01-01-07.wav,16000,1,3.4368,54989,OK
03-01-06-01-01-02-07.wav,c:\Users\kamal\group 2\Group-2-Speech-Recognition-Emotion-Classification-\data\raw\RAVDESS\Actor_07\03-01-06-01-01-02-07.wav,16000,1,3.5035,56056,OK
03-01-06-01-02-01-07.wav,c:\Users\kamal\group 2\Group-2-Speech-Recognition-Emotion-Classification-\data\raw\RAVDESS\Actor_07\03-01-06-01-02-01-07.wav,16000,1,3.4368,54989,OK
03-01-06-01-02-02-07.wav,c:\Users\kamal\group 2\Group-2-Speech-Recognition-Emotion-Classification-\data\raw\RAVDESS\Actor_07\03-01-06-01-02-02-07.wav,16000,1,3.3701,53921,OK
03-01-06-02-01-01-07.wav,c:\Users\kamal\group 2\Group-2-Speech-Recognition-Emotion-Classification-\data\raw\RAVDESS\Actor_07\03-01-06-02-01-01-07.wav,16000,1,3.637,58192,OK
03-01-06-02-01-02-07.wav,c:\Users\kamal\group 2\Group-2-Speech-Recognition-Emotion-Classification-\data\raw\RAVDESS\Actor_07\03-01-06-02-01-02-07.wav,16000,1,3.4701,55522,OK
03-01-06-02-02-01-07.wav,c:\Users\kamal\group 2\Group-2-Speech-Recognition-Emotion-Classification-\data\raw\RAVDESS\Actor_07\03-01-06-02-02-01-07.wav,16000,1,3.4034,54455,OK
03-01-06-02-02-02-07.wav,c:\Users\kamal\group 2\Group-2-Speech-Recognition-Emotion-Classification-\data\raw\RAVDESS\Actor_07\03-01-06-02-02-02-07.wav,16000,1,3.5035,56056,OK
03-01-07-01-01-01-07.wav,c:\Users\kamal\group 2\Group-2-Speech-Recognition-Emotion-Classification-\data\raw\RAVDESS\Actor_07\03-01-07-01-01-01-07.wav,16000,1,3.5369,56590,OK
03-01-07-01-01-02-07.wav,c:\Users\kamal\group 2\Group-2-Speech-Recognition-Emotion-Classification-\data\raw\RAVDESS\Actor_07\03-01-07-01-01-02-07.wav,16000,1,3.5035,56056,OK
03-01-07-01-02-01-07.wav,c:\Users\kamal\group 2\Group-2-Speech-Recognition-Emotion-Classification-\data\raw\RAVDESS\Actor_07\03-01-07-01-02-01-07.wav,16000,1,3.4368,54989,OK
03-01-07-01-02-02-07.wav,c:\Users\kamal\group 2\Group-2-Speech-Recognition-Emotion-Classification-\data\raw\RAVDESS\Actor_07\03-01-07-01-02-02-07.wav,16000,1,3.5369,56590,OK
03-01-07-02-01-01-07.wav,c:\Users\kamal\group 2\Group-2-Speech-Recognition-Emotion-Classification-\data\raw\RAVDESS\Actor_07\03-01-07-02-01-01-07.wav,16000,1,4.1375,66200,OK
03-01-07-02-01-02-07.wav,c:\Users\kamal\group 2\Group-2-Speech-Recognition-Emotion-Classification-\data\raw\RAVDESS\Actor_07\03-01-07-02-01-02-07.wav,16000,1,4.4044,70471,OK
03-01-07-02-02-01-07.wav,c:\Users\kamal\group 2\Group-2-Speech-Recognition-Emotion-Classification-\data\raw\RAVDESS\Actor_07\03-01-07-02-02-01-07.wav,16000,1,4.1375,66200,OK
03-01-07-02-02-02-07.wav,c:\Users\kamal\group 2\Group-2-Speech-Recognition-Emotion-Classification-\data\raw\RAVDESS\Actor_07\03-01-07-02-02-02-07.wav,16000,1,4.7714,76343,OK
03-01-08-01-01-01-07.wav,c:\Users\kamal\group 2\Group-2-Speech-Recognition-Emotion-Classification-\data\raw\RAVDESS\Actor_07\03-01-08-01-01-01-07.wav,16000,1,3.4701,55522,OK
03-01-08-01-01-02-07.wav,c:\Users\kamal\group 2\Group-2-Speech-Recognition-Emotion-Classification-\data\raw\RAVDESS\Actor_07\03-01-08-01-01-02-07.wav,16000,1,3.5369,56590,OK
03-01-08-01-02-01-07.wav,c:\Users\kamal\group 2\Group-2-Speech-Recognition-Emotion-Classification-\data\raw\RAVDESS\Actor_07\03-01-08-01-02-01-07.wav,16000,1,3.4368,54989,OK
03-01-08-01-02-02-07.wav,c:\Users\kamal\group 2\Group-2-Speech-Recognition-Emotion-Classification-\data\raw\RAVDESS\Actor_07\03-01-08-01-02-02-07.wav,16000,1,3.4368,54989,OK
03-01-08-02-01-01-07.wav,c:\Users\kamal\group 2\Group-2-Speech-Recognition-Emotion-Classification-\data\raw\RAVDESS\Actor_07\03-01-08-02-01-01-07.wav,16000,1,3.8706,61929,OK
03-01-08-02-01-02-07.wav,c:\Users\kamal\group 2\Group-2-Speech-Recognition-Emotion-Classification-\data\raw\RAVDESS\Actor_07\03-01-08-02-01-02-07.wav,16000,1,3.637,58192,OK
03-01-08-02-02-01-07.wav,c:\Users\kamal\group 2\Group-2-Speech-Recognition-Emotion-Classification-\data\raw\RAVDESS\Actor_07\03-01-08-02-02-01-07.wav,16000,1,3.4368,54989,OK
03-01-08-02-02-02-07.wav,c:\Users\kamal\group 2\Group-2-Speech-Recognition-Emotion-Classification-\data\raw\RAVDESS\Actor_07\03-01-08-02-02-02-07.wav,16000,1,3.4701,55522,OK
03-01-01-01-01-01-08.wav,c:\Users\kamal\group 2\Group-2-Speech-Recognition-Emotion-Classification-\data\raw\RAVDESS\Actor_08\03-01-01-01-01-01-08.wav,16000,1,3.5035,56056,OK
03-01-01-01-01-02-08.wav,c:\Users\kamal\group 2\Group-2-Speech-Recognition-Emotion-Classification-\data\raw\RAVDESS\Actor_08\03-01-01-01-01-02-08.wav,16000,1,3.637,58192,OK
03-01-01-01-02-01-08.wav,c:\Users\kamal\group 2\Group-2-Speech-Recognition-Emotion-Classification-\data\raw\RAVDESS\Actor_08\03-01-01-01-02-01-08.wav,16000,1,3.5369,56590,OK
03-01-01-01-02-02-08.wav,c:\Users\kamal\group 2\Group-2-Speech-Recognition-Emotion-Classification-\data\raw\RAVDESS\Actor_08\03-01-01-01-02-02-08.wav,16000,1,3.5035,56056,OK
03-01-02-01-01-01-08.wav,c:\Users\kamal\group 2\Group-2-Speech-Recognition-Emotion-Classification-\data\raw\RAVDESS\Actor_08\03-01-02-01-01-01-08.wav,16000,1,3.6036,57658,OK
03-01-02-01-01-02-08.wav,c:\Users\kamal\group 2\Group-2-Speech-Recognition-Emotion-Classification-\data\raw\RAVDESS\Actor_08\03-01-02-01-01-02-08.wav,16000,1,3.4034,54455,OK
03-01-02-01-02-01-08.wav,c:\Users\kamal\group 2\Group-2-Speech-Recognition-Emotion-Classification-\data\raw\RAVDESS\Actor_08\03-01-02-01-02-01-08.wav,16000,1,3.4701,55522,OK
03-01-02-01-02-02-08.wav,c:\Users\kamal\group 2\Group-2-Speech-Recognition-Emotion-Classification-\data\raw\RAVDESS\Actor_08\03-01-02-01-02-02-08.wav,16000,1,3.4701,55522,OK
03-01-02-02-01-01-08.wav,c:\Users\kamal\group 2\Group-2-Speech-Recognition-Emotion-Classification-\data\raw\RAVDESS\Actor_08\03-01-02-02-01-01-08.wav,16000,1,3.637,58192,OK
03-01-02-02-01-02-08.wav,c:\Users\kamal\group 2\Group-2-Speech-Recognition-Emotion-Classification-\data\raw\RAVDESS\Actor_08\03-01-02-02-01-02-08.wav,16000,1,3.7371,59793,OK
03-01-02-02-02-01-08.wav,c:\Users\kamal\group 2\Group-2-Speech-Recognition-Emotion-Classification-\data\raw\RAVDESS\Actor_08\03-01-02-02-02-01-08.wav,16000,1,3.6704,58726,OK
03-01-02-02-02-02-08.wav,c:\Users\kamal\group 2\Group-2-Speech-Recognition-Emotion-Classification-\data\raw\RAVDESS\Actor_08\03-01-02-02-02-02-08.wav,16000,1,3.8038,60861,OK
03-01-03-01-01-01-08.wav,c:\Users\kamal\group 2\Group-2-Speech-Recognition-Emotion-Classification-\data\raw\RAVDESS\Actor_08\03-01-03-01-01-01-08.wav,16000,1,3.5035,56056,OK
03-01-03-01-01-02-08.wav,c:\Users\kamal\group 2\Group-2-Speech-Recognition-Emotion-Classification-\data\raw\RAVDESS\Actor_08\03-01-03-01-01-02-08.wav,16000,1,3.4367,54988,OK
03-01-03-01-02-01-08.wav,c:\Users\kamal\group 2\Group-2-Speech-Recognition-Emotion-Classification-\data\raw\RAVDESS\Actor_08\03-01-03-01-02-01-08.wav,16000,1,3.4701,55522,OK
03-01-03-01-02-02-08.wav,c:\Users\kamal\group 2\Group-2-Speech-Recognition-Emotion-Classification-\data\raw\RAVDESS\Actor_08\03-01-03-01-02-02-08.wav,16000,1,3.4368,54989,OK
03-01-03-02-01-01-08.wav,c:\Users\kamal\group 2\Group-2-Speech-Recognition-Emotion-Classification-\data\raw\RAVDESS\Actor_08\03-01-03-02-01-01-08.wav,16000,1,3.7704,60327,OK
03-01-03-02-01-02-08.wav,c:\Users\kamal\group 2\Group-2-Speech-Recognition-Emotion-Classification-\data\raw\RAVDESS\Actor_08\03-01-03-02-01-02-08.wav,16000,1,3.9039,62463,OK
03-01-03-02-02-01-08.wav,c:\Users\kamal\group 2\Group-2-Speech-Recognition-Emotion-Classification-\data\raw\RAVDESS\Actor_08\03-01-03-02-02-01-08.wav,16000,1,3.8372,61395,OK
03-01-03-02-02-02-08.wav,c:\Users\kamal\group 2\Group-2-Speech-Recognition-Emotion-Classification-\data\raw\RAVDESS\Actor_08\03-01-03-02-02-02-08.wav,16000,1,3.9373,62997,OK
03-01-04-01-01-01-08.wav,c:\Users\kamal\group 2\Group-2-Speech-Recognition-Emotion-Classification-\data\raw\RAVDESS\Actor_08\03-01-04-01-01-01-08.wav,16000,1,4.2043,67268,OK
03-01-04-01-01-02-08.wav,c:\Users\kamal\group 2\Group-2-Speech-Recognition-Emotion-Classification-\data\raw\RAVDESS\Actor_08\03-01-04-01-01-02-08.wav,16000,1,3.8706,61929,OK
03-01-04-01-02-01-08.wav,c:\Users\kamal\group 2\Group-2-Speech-Recognition-Emotion-Classification-\data\raw\RAVDESS\Actor_08\03-01-04-01-02-01-08.wav,16000,1,3.5703,57124,OK
03-01-04-01-02-02-08.wav,c:\Users\kamal\group 2\Group-2-Speech-Recognition-Emotion-Classification-\data\raw\RAVDESS\Actor_08\03-01-04-01-02-02-08.wav,16000,1,3.6036,57658,OK
03-01-04-02-01-01-08.wav,c:\Users\kamal\group 2\Group-2-Speech-Recognition-Emotion-Classification-\data\raw\RAVDESS\Actor_08\03-01-04-02-01-01-08.wav,16000,1,3.7704,60327,OK
03-01-04-02-01-02-08.wav,c:\Users\kamal\group 2\Group-2-Speech-Recognition-Emotion-Classification-\data\raw\RAVDESS\Actor_08\03-01-04-02-01-02-08.wav,16000,1,3.9373,62997,OK
03-01-04-02-02-01-08.wav,c:\Users\kamal\group 2\Group-2-Speech-Recognition-Emotion-Classification-\data\raw\RAVDESS\Actor_08\03-01-04-02-02-01-08.wav,16000,1,3.6704,58726,OK
03-01-04-02-02-02-08.wav,c:\Users\kamal\group 2\Group-2-Speech-Recognition-Emotion-Classification-\data\raw\RAVDESS\Actor_08\03-01-04-02-02-02-08.wav,16000,1,3.7037,59260,OK
03-01-05-01-01-01-08.wav,c:\Users\kamal\group 2\Group-2-Speech-Recognition-Emotion-Classification-\data\raw\RAVDESS\Actor_08\03-01-05-01-01-01-08.wav,16000,1,3.7037,59260,OK
03-01-05-01-01-02-08.wav,c:\Users\kamal\group 2\Group-2-Speech-Recognition-Emotion-Classification-\data\raw\RAVDESS\Actor_08\03-01-05-01-01-02-08.wav,16000,1,3.6036,57658,OK
03-01-05-01-02-01-08.wav,c:\Users\kamal\group 2\Group-2-Speech-Recognition-Emotion-Classification-\data\raw\RAVDESS\Actor_08\03-01-05-01-02-01-08.wav,16000,1,3.5369,56590,OK
03-01-05-01-02-02-08.wav,c:\Users\kamal\group 2\Group-2-Speech-Recognition-Emotion-Classification-\data\raw\RAVDESS\Actor_08\03-01-05-01-02-02-08.wav,16000,1,3.5703,57124,OK
03-01-05-02-01-01-08.wav,c:\Users\kamal\group 2\Group-2-Speech-Recognition-Emotion-Classification-\data\raw\RAVDESS\Actor_08\03-01-05-02-01-01-08.wav,16000,1,3.9706,63530,OK
03-01-05-02-01-02-08.wav,c:\Users\kamal\group 2\Group-2-Speech-Recognition-Emotion-Classification-\data\raw\RAVDESS\Actor_08\03-01-05-02-01-02-08.wav,16000,1,3.7704,60327,OK
03-01-05-02-02-01-08.wav,c:\Users\kamal\group 2\Group-2-Speech-Recognition-Emotion-Classification-\data\raw\RAVDESS\Actor_08\03-01-05-02-02-01-08.wav,16000,1,3.6036,57658,OK
03-01-05-02-02-02-08.wav,c:\Users\kamal\group 2\Group-2-Speech-Recognition-Emotion-Classification-\data\raw\RAVDESS\Actor_08\03-01-05-02-02-02-08.wav,16000,1,3.637,58192,OK
03-01-06-01-01-01-08.wav,c:\Users\kamal\group 2\Group-2-Speech-Recognition-Emotion-Classification-\data\raw\RAVDESS\Actor_08\03-01-06-01-01-01-08.wav,16000,1,3.9707,63531,OK
03-01-06-01-01-02-08.wav,c:\Users\kamal\group 2\Group-2-Speech-Recognition-Emotion-Classification-\data\raw\RAVDESS\Actor_08\03-01-06-01-01-02-08.wav,16000,1,3.6704,58726,OK
03-01-06-01-02-01-08.wav,c:\Users\kamal\group 2\Group-2-Speech-Recognition-Emotion-Classification-\data\raw\RAVDESS\Actor_08\03-01-06-01-02-01-08.wav,16000,1,3.7704,60327,OK
03-01-06-01-02-02-08.wav,c:\Users\kamal\group 2\Group-2-Speech-Recognition-Emotion-Classification-\data\raw\RAVDESS\Actor_08\03-01-06-01-02-02-08.wav,16000,1,3.6704,58726,OK
03-01-06-02-01-01-08.wav,c:\Users\kamal\group 2\Group-2-Speech-Recognition-Emotion-Classification-\data\raw\RAVDESS\Actor_08\03-01-06-02-01-01-08.wav,16000,1,3.9706,63530,OK
03-01-06-02-01-02-08.wav,c:\Users\kamal\group 2\Group-2-Speech-Recognition-Emotion-Classification-\data\raw\RAVDESS\Actor_08\03-01-06-02-01-02-08.wav,16000,1,3.9039,62463,OK
03-01-06-02-02-01-08.wav,c:\Users\kamal\group 2\Group-2-Speech-Recognition-Emotion-Classification-\data\raw\RAVDESS\Actor_08\03-01-06-02-02-01-08.wav,16000,1,3.8706,61929,OK
03-01-06-02-02-02-08.wav,c:\Users\kamal\group 2\Group-2-Speech-Recognition-Emotion-Classification-\data\raw\RAVDESS\Actor_08\03-01-06-02-02-02-08.wav,16000,1,3.9373,62997,OK
03-01-07-01-01-01-08.wav,c:\Users\kamal\group 2\Group-2-Speech-Recognition-Emotion-Classification-\data\raw\RAVDESS\Actor_08\03-01-07-01-01-01-08.wav,16000,1,3.9039,62463,OK
03-01-07-01-01-02-08.wav,c:\Users\kamal\group 2\Group-2-Speech-Recognition-Emotion-Classification-\data\raw\RAVDESS\Actor_08\03-01-07-01-01-02-08.wav,16000,1,3.6704,58726,OK
03-01-07-01-02-01-08.wav,c:\Users\kamal\group 2\Group-2-Speech-Recognition-Emotion-Classification-\data\raw\RAVDESS\Actor_08\03-01-07-01-02-01-08.wav,16000,1,3.9373,62997,OK
03-01-07-01-02-02-08.wav,c:\Users\kamal\group 2\Group-2-Speech-Recognition-Emotion-Classification-\data\raw\RAVDESS\Actor_08\03-01-07-01-02-02-08.wav,16000,1,3.8372,61395,OK
03-01-07-02-01-01-08.wav,c:\Users\kamal\group 2\Group-2-Speech-Recognition-Emotion-Classification-\data\raw\RAVDESS\Actor_08\03-01-07-02-01-01-08.wav,16000,1,4.0708,65132,OK
03-01-07-02-01-02-08.wav,c:\Users\kamal\group 2\Group-2-Speech-Recognition-Emotion-Classification-\data\raw\RAVDESS\Actor_08\03-01-07-02-01-02-08.wav,16000,1,3.7704,60327,OK
03-01-07-02-02-01-08.wav,c:\Users\kamal\group 2\Group-2-Speech-Recognition-Emotion-Classification-\data\raw\RAVDESS\Actor_08\03-01-07-02-02-01-08.wav,16000,1,3.7371,59794,OK
03-01-07-02-02-02-08.wav,c:\Users\kamal\group 2\Group-2-Speech-Recognition-Emotion-Classification-\data\raw\RAVDESS\Actor_08\03-01-07-02-02-02-08.wav,16000,1,3.8706,61929,OK
03-01-08-01-01-01-08.wav,c:\Users\kamal\group 2\Group-2-Speech-Recognition-Emotion-Classification-\data\raw\RAVDESS\Actor_08\03-01-08-01-01-01-08.wav,16000,1,3.7037,59260,OK
03-01-08-01-01-02-08.wav,c:\Users\kamal\group 2\Group-2-Speech-Recognition-Emotion-Classification-\data\raw\RAVDESS\Actor_08\03-01-08-01-01-02-08.wav,16000,1,3.8038,60861,OK
03-01-08-01-02-01-08.wav,c:\Users\kamal\group 2\Group-2-Speech-Recognition-Emotion-Classification-\data\raw\RAVDESS\Actor_08\03-01-08-01-02-01-08.wav,16000,1,3.7704,60327,OK
03-01-08-01-02-02-08.wav,c:\Users\kamal\group 2\Group-2-Speech-Recognition-Emotion-Classification-\data\raw\RAVDESS\Actor_08\03-01-08-01-02-02-08.wav,16000,1,3.5369,56590,OK
03-01-08-02-01-01-08.wav,c:\Users\kamal\group 2\Group-2-Speech-Recognition-Emotion-Classification-\data\raw\RAVDESS\Actor_08\03-01-08-02-01-01-08.wav,16000,1,3.8372,61395,OK
03-01-08-02-01-02-08.wav,c:\Users\kamal\group 2\Group-2-Speech-Recognition-Emotion-Classification-\data\raw\RAVDESS\Actor_08\03-01-08-02-01-02-08.wav,16000,1,3.7037,59259,OK
03-01-08-02-02-01-08.wav,c:\Users\kamal\group 2\Group-2-Speech-Recognition-Emotion-Classification-\data\raw\RAVDESS\Actor_08\03-01-08-02-02-01-08.wav,16000,1,3.8038,60861,OK
03-01-08-02-02-02-08.wav,c:\Users\kamal\group 2\Group-2-Speech-Recognition-Emotion-Classification-\data\raw\RAVDESS\Actor_08\03-01-08-02-02-02-08.wav,16000,1,3.8706,61929,OK
03-01-01-01-01-01-09.wav,c:\Users\kamal\group 2\Group-2-Speech-Recognition-Emotion-Classification-\data\raw\RAVDESS\Actor_09\03-01-01-01-01-01-09.wav,16000,1,3.2699,52319,OK
03-01-01-01-01-02-09.wav,c:\Users\kamal\group 2\Group-2-Speech-Recognition-Emotion-Classification-\data\raw\RAVDESS\Actor_09\03-01-01-01-01-02-09.wav,16000,1,3.2033,51252,OK
03-01-01-01-02-01-09.wav,c:\Users\kamal\group 2\Group-2-Speech-Recognition-Emotion-Classification-\data\raw\RAVDESS\Actor_09\03-01-01-01-02-01-09.wav,16000,1,3.3367,53387,OK
03-01-01-01-02-02-09.wav,c:\Users\kamal\group 2\Group-2-Speech-Recognition-Emotion-Classification-\data\raw\RAVDESS\Actor_09\03-01-01-01-02-02-09.wav,16000,1,3.2366,51786,OK
03-01-02-01-01-01-09.wav,c:\Users\kamal\group 2\Group-2-Speech-Recognition-Emotion-Classification-\data\raw\RAVDESS\Actor_09\03-01-02-01-01-01-09.wav,16000,1,3.3367,53387,OK
03-01-02-01-01-02-09.wav,c:\Users\kamal\group 2\Group-2-Speech-Recognition-Emotion-Classification-\data\raw\RAVDESS\Actor_09\03-01-02-01-01-02-09.wav,16000,1,3.3367,53387,OK
03-01-02-01-02-01-09.wav,c:\Users\kamal\group 2\Group-2-Speech-Recognition-Emotion-Classification-\data\raw\RAVDESS\Actor_09\03-01-02-01-02-01-09.wav,16000,1,3.4702,55523,OK
03-01-02-01-02-02-09.wav,c:\Users\kamal\group 2\Group-2-Speech-Recognition-Emotion-Classification-\data\raw\RAVDESS\Actor_09\03-01-02-01-02-02-09.wav,16000,1,3.5703,57124,OK
03-01-02-02-01-01-09.wav,c:\Users\kamal\group 2\Group-2-Speech-Recognition-Emotion-Classification-\data\raw\RAVDESS\Actor_09\03-01-02-02-01-01-09.wav,16000,1,3.3367,53387,OK
03-01-02-02-01-02-09.wav,c:\Users\kamal\group 2\Group-2-Speech-Recognition-Emotion-Classification-\data\raw\RAVDESS\Actor_09\03-01-02-02-01-02-09.wav,16000,1,3.4368,54989,OK
03-01-02-02-02-01-09.wav,c:\Users\kamal\group 2\Group-2-Speech-Recognition-Emotion-Classification-\data\raw\RAVDESS\Actor_09\03-01-02-02-02-01-09.wav,16000,1,3.8038,60861,OK
03-01-02-02-02-02-09.wav,c:\Users\kamal\group 2\Group-2-Speech-Recognition-Emotion-Classification-\data\raw\RAVDESS\Actor_09\03-01-02-02-02-02-09.wav,16000,1,3.637,58192,OK
03-01-03-01-01-01-09.wav,c:\Users\kamal\group 2\Group-2-Speech-Recognition-Emotion-Classification-\data\raw\RAVDESS\Actor_09\03-01-03-01-01-01-09.wav,16000,1,3.3367,53387,OK
03-01-03-01-01-02-09.wav,c:\Users\kamal\group 2\Group-2-Speech-Recognition-Emotion-Classification-\data\raw\RAVDESS\Actor_09\03-01-03-01-01-02-09.wav,16000,1,3.5369,56590,OK
03-01-03-01-02-01-09.wav,c:\Users\kamal\group 2\Group-2-Speech-Recognition-Emotion-Classification-\data\raw\RAVDESS\Actor_09\03-01-03-01-02-01-09.wav,16000,1,3.3033,52853,OK
03-01-03-01-02-02-09.wav,c:\Users\kamal\group 2\Group-2-Speech-Recognition-Emotion-Classification-\data\raw\RAVDESS\Actor_09\03-01-03-01-02-02-09.wav,16000,1,3.4702,55523,OK
03-01-03-02-01-01-09.wav,c:\Users\kamal\group 2\Group-2-Speech-Recognition-Emotion-Classification-\data\raw\RAVDESS\Actor_09\03-01-03-02-01-01-09.wav,16000,1,3.7704,60327,OK
03-01-03-02-01-02-09.wav,c:\Users\kamal\group 2\Group-2-Speech-Recognition-Emotion-Classification-\data\raw\RAVDESS\Actor_09\03-01-03-02-01-02-09.wav,16000,1,4.1709,66734,OK
03-01-03-02-02-01-09.wav,c:\Users\kamal\group 2\Group-2-Speech-Recognition-Emotion-Classification-\data\raw\RAVDESS\Actor_09\03-01-03-02-02-01-09.wav,16000,1,3.5703,57124,OK
03-01-03-02-02-02-09.wav,c:\Users\kamal\group 2\Group-2-Speech-Recognition-Emotion-Classification-\data\raw\RAVDESS\Actor_09\03-01-03-02-02-02-09.wav,16000,1,3.5703,57124,OK
03-01-04-01-01-01-09.wav,c:\Users\kamal\group 2\Group-2-Speech-Recognition-Emotion-Classification-\data\raw\RAVDESS\Actor_09\03-01-04-01-01-01-09.wav,16000,1,3.2699,52319,OK
03-01-04-01-01-02-09.wav,c:\Users\kamal\group 2\Group-2-Speech-Recognition-Emotion-Classification-\data\raw\RAVDESS\Actor_09\03-01-04-01-01-02-09.wav,16000,1,3.4367,54988,OK
03-01-04-01-02-01-09.wav,c:\Users\kamal\group 2\Group-2-Speech-Recognition-Emotion-Classification-\data\raw\RAVDESS\Actor_09\03-01-04-01-02-01-09.wav,16000,1,3.4034,54455,OK
03-01-04-01-02-02-09.wav,c:\Users\kamal\group 2\Group-2-Speech-Recognition-Emotion-Classification-\data\raw\RAVDESS\Actor_09\03-01-04-01-02-02-09.wav,16000,1,3.4034,54455,OK
03-01-04-02-01-01-09.wav,c:\Users\kamal\group 2\Group-2-Speech-Recognition-Emotion-Classification-\data\raw\RAVDESS\Actor_09\03-01-04-02-01-01-09.wav,16000,1,3.9373,62997,OK
03-01-04-02-01-02-09.wav,c:\Users\kamal\group 2\Group-2-Speech-Recognition-Emotion-Classification-\data\raw\RAVDESS\Actor_09\03-01-04-02-01-02-09.wav,16000,1,3.9039,62463,OK
03-01-04-02-02-01-09.wav,c:\Users\kamal\group 2\Group-2-Speech-Recognition-Emotion-Classification-\data\raw\RAVDESS\Actor_09\03-01-04-02-02-01-09.wav,16000,1,3.637,58192,OK
03-01-04-02-02-02-09.wav,c:\Users\kamal\group 2\Group-2-Speech-Recognition-Emotion-Classification-\data\raw\RAVDESS\Actor_09\03-01-04-02-02-02-09.wav,16000,1,3.8706,61929,OK
03-01-05-01-01-01-09.wav,c:\Users\kamal\group 2\Group-2-Speech-Recognition-Emotion-Classification-\data\raw\RAVDESS\Actor_09\03-01-05-01-01-01-09.wav,16000,1,3.5703,57124,OK
03-01-05-01-01-02-09.wav,c:\Users\kamal\group 2\Group-2-Speech-Recognition-Emotion-Classification-\data\raw\RAVDESS\Actor_09\03-01-05-01-01-02-09.wav,16000,1,3.5703,57124,OK
03-01-05-01-02-01-09.wav,c:\Users\kamal\group 2\Group-2-Speech-Recognition-Emotion-Classification-\data\raw\RAVDESS\Actor_09\03-01-05-01-02-01-09.wav,16000,1,3.7371,59793,OK
03-01-05-01-02-02-09.wav,c:\Users\kamal\group 2\Group-2-Speech-Recognition-Emotion-Classification-\data\raw\RAVDESS\Actor_09\03-01-05-01-02-02-09.wav,16000,1,3.5369,56590,OK
03-01-05-02-01-01-09.wav,c:\Users\kamal\group 2\Group-2-Speech-Recognition-Emotion-Classification-\data\raw\RAVDESS\Actor_09\03-01-05-02-01-01-09.wav,16000,1,3.8038,60861,OK
03-01-05-02-01-02-09.wav,c:\Users\kamal\group 2\Group-2-Speech-Recognition-Emotion-Classification-\data\raw\RAVDESS\Actor_09\03-01-05-02-01-02-09.wav,16000,1,3.7704,60327,OK
03-01-05-02-02-01-09.wav,c:\Users\kamal\group 2\Group-2-Speech-Recognition-Emotion-Classification-\data\raw\RAVDESS\Actor_09\03-01-05-02-02-01-09.wav,16000,1,4.3711,69937,OK
03-01-05-02-02-02-09.wav,c:\Users\kamal\group 2\Group-2-Speech-Recognition-Emotion-Classification-\data\raw\RAVDESS\Actor_09\03-01-05-02-02-02-09.wav,16000,1,3.9707,63531,OK
03-01-06-01-01-01-09.wav,c:\Users\kamal\group 2\Group-2-Speech-Recognition-Emotion-Classification-\data\raw\RAVDESS\Actor_09\03-01-06-01-01-01-09.wav,16000,1,3.1699,50718,OK
03-01-06-01-01-02-09.wav,c:\Users\kamal\group 2\Group-2-Speech-Recognition-Emotion-Classification-\data\raw\RAVDESS\Actor_09\03-01-06-01-01-02-09.wav,16000,1,3.1699,50718,OK
03-01-06-01-02-01-09.wav,c:\Users\kamal\group 2\Group-2-Speech-Recognition-Emotion-Classification-\data\raw\RAVDESS\Actor_09\03-01-06-01-02-01-09.wav,16000,1,3.1365,50184,OK
03-01-06-01-02-02-09.wav,c:\Users\kamal\group 2\Group-2-Speech-Recognition-Emotion-Classification-\data\raw\RAVDESS\Actor_09\03-01-06-01-02-02-09.wav,16000,1,3.1365,50184,OK
03-01-06-02-01-01-09.wav,c:\Users\kamal\group 2\Group-2-Speech-Recognition-Emotion-Classification-\data\raw\RAVDESS\Actor_09\03-01-06-02-01-01-09.wav,16000,1,3.2366,51785,OK
03-01-06-02-01-02-09.wav,c:\Users\kamal\group 2\Group-2-Speech-Recognition-Emotion-Classification-\data\raw\RAVDESS\Actor_09\03-01-06-02-01-02-09.wav,16000,1,3.2699,52319,OK
03-01-06-02-02-01-09.wav,c:\Users\kamal\group 2\Group-2-Speech-Recognition-Emotion-Classification-\data\raw\RAVDESS\Actor_09\03-01-06-02-02-01-09.wav,16000,1,3.2366,51785,OK
03-01-06-02-02-02-09.wav,c:\Users\kamal\group 2\Group-2-Speech-Recognition-Emotion-Classification-\data\raw\RAVDESS\Actor_09\03-01-06-02-02-02-09.wav,16000,1,3.2366,51785,OK
03-01-07-01-01-01-09.wav,c:\Users\kamal\group 2\Group-2-Speech-Recognition-Emotion-Classification-\data\raw\RAVDESS\Actor_09\03-01-07-01-01-01-09.wav,16000,1,3.4034,54455,OK
03-01-07-01-01-02-09.wav,c:\Users\kamal\group 2\Group-2-Speech-Recognition-Emotion-Classification-\data\raw\RAVDESS\Actor_09\03-01-07-01-01-02-09.wav,16000,1,3.5035,56056,OK
03-01-07-01-02-01-09.wav,c:\Users\kamal\group 2\Group-2-Speech-Recognition-Emotion-Classification-\data\raw\RAVDESS\Actor_09\03-01-07-01-02-01-09.wav,16000,1,3.4701,55522,OK
03-01-07-01-02-02-09.wav,c:\Users\kamal\group 2\Group-2-Speech-Recognition-Emotion-Classification-\data\raw\RAVDESS\Actor_09\03-01-07-01-02-02-09.wav,16000,1,3.4034,54455,OK
03-01-07-02-01-01-09.wav,c:\Users\kamal\group 2\Group-2-Speech-Recognition-Emotion-Classification-\data\raw\RAVDESS\Actor_09\03-01-07-02-01-01-09.wav,16000,1,3.637,58192,OK
03-01-07-02-01-02-09.wav,c:\Users\kamal\group 2\Group-2-Speech-Recognition-Emotion-Classification-\data\raw\RAVDESS\Actor_09\03-01-07-02-01-02-09.wav,16000,1,3.5369,56590,OK
03-01-07-02-02-01-09.wav,c:\Users\kamal\group 2\Group-2-Speech-Recognition-Emotion-Classification-\data\raw\RAVDESS\Actor_09\03-01-07-02-02-01-09.wav,16000,1,3.5703,57124,OK
03-01-07-02-02-02-09.wav,c:\Users\kamal\group 2\Group-2-Speech-Recognition-Emotion-Classification-\data\raw\RAVDESS\Actor_09\03-01-07-02-02-02-09.wav,16000,1,3.6036,57658,OK
03-01-08-01-01-01-09.wav,c:\Users\kamal\group 2\Group-2-Speech-Recognition-Emotion-Classification-\data\raw\RAVDESS\Actor_09\03-01-08-01-01-01-09.wav,16000,1,3.0697,49116,OK
03-01-08-01-01-02-09.wav,c:\Users\kamal\group 2\Group-2-Speech-Recognition-Emotion-Classification-\data\raw\RAVDESS\Actor_09\03-01-08-01-01-02-09.wav,16000,1,3.3367,53387,OK
03-01-08-01-02-01-09.wav,c:\Users\kamal\group 2\Group-2-Speech-Recognition-Emotion-Classification-\data\raw\RAVDESS\Actor_09\03-01-08-01-02-01-09.wav,16000,1,3.4368,54989,OK
03-01-08-01-02-02-09.wav,c:\Users\kamal\group 2\Group-2-Speech-Recognition-Emotion-Classification-\data\raw\RAVDESS\Actor_09\03-01-08-01-02-02-09.wav,16000,1,3.4367,54988,OK
03-01-08-02-01-01-09.wav,c:\Users\kamal\group 2\Group-2-Speech-Recognition-Emotion-Classification-\data\raw\RAVDESS\Actor_09\03-01-08-02-01-01-09.wav,16000,1,3.3033,52853,OK
03-01-08-02-01-02-09.wav,c:\Users\kamal\group 2\Group-2-Speech-Recognition-Emotion-Classification-\data\raw\RAVDESS\Actor_09\03-01-08-02-01-02-09.wav,16000,1,3.2699,52319,OK
03-01-08-02-02-01-09.wav,c:\Users\kamal\group 2\Group-2-Speech-Recognition-Emotion-Classification-\data\raw\RAVDESS\Actor_09\03-01-08-02-02-01-09.wav,16000,1,3.4034,54455,OK
03-01-08-02-02-02-09.wav,c:\Users\kamal\group 2\Group-2-Speech-Recognition-Emotion-Classification-\data\raw\RAVDESS\Actor_09\03-01-08-02-02-02-09.wav,16000,1,3.4367,54988,OK
03-01-01-01-01-01-10.wav,c:\Users\kamal\group 2\Group-2-Speech-Recognition-Emotion-Classification-\data\raw\RAVDESS\Actor_10\03-01-01-01-01-01-10.wav,16000,1,3.5369,56590,OK
03-01-01-01-01-02-10.wav,c:\Users\kamal\group 2\Group-2-Speech-Recognition-Emotion-Classification-\data\raw\RAVDESS\Actor_10\03-01-01-01-01-02-10.wav,16000,1,3.8372,61395,OK
03-01-01-01-02-01-10.wav,c:\Users\kamal\group 2\Group-2-Speech-Recognition-Emotion-Classification-\data\raw\RAVDESS\Actor_10\03-01-01-01-02-01-10.wav,16000,1,3.7371,59793,OK
03-01-01-01-02-02-10.wav,c:\Users\kamal\group 2\Group-2-Speech-Recognition-Emotion-Classification-\data\raw\RAVDESS\Actor_10\03-01-01-01-02-02-10.wav,16000,1,3.6704,58726,OK
03-01-02-01-01-01-10.wav,c:\Users\kamal\group 2\Group-2-Speech-Recognition-Emotion-Classification-\data\raw\RAVDESS\Actor_10\03-01-02-01-01-01-10.wav,16000,1,3.5703,57124,OK
03-01-02-01-01-02-10.wav,c:\Users\kamal\group 2\Group-2-Speech-Recognition-Emotion-Classification-\data\raw\RAVDESS\Actor_10\03-01-02-01-01-02-10.wav,16000,1,3.6036,57658,OK
03-01-02-01-02-01-10.wav,c:\Users\kamal\group 2\Group-2-Speech-Recognition-Emotion-Classification-\data\raw\RAVDESS\Actor_10\03-01-02-01-02-01-10.wav,16000,1,3.637,58192,OK
03-01-02-01-02-02-10.wav,c:\Users\kamal\group 2\Group-2-Speech-Recognition-Emotion-Classification-\data\raw\RAVDESS\Actor_10\03-01-02-01-02-02-10.wav,16000,1,3.7037,59260,OK
03-01-02-02-01-01-10.wav,c:\Users\kamal\group 2\Group-2-Speech-Recognition-Emotion-Classification-\data\raw\RAVDESS\Actor_10\03-01-02-02-01-01-10.wav,16000,1,3.7371,59793,OK
03-01-02-02-01-02-10.wav,c:\Users\kamal\group 2\Group-2-Speech-Recognition-Emotion-Classification-\data\raw\RAVDESS\Actor_10\03-01-02-02-01-02-10.wav,16000,1,3.7371,59793,OK
03-01-02-02-02-01-10.wav,c:\Users\kamal\group 2\Group-2-Speech-Recognition-Emotion-Classification-\data\raw\RAVDESS\Actor_10\03-01-02-02-02-01-10.wav,16000,1,3.8038,60861,OK
03-01-02-02-02-02-10.wav,c:\Users\kamal\group 2\Group-2-Speech-Recognition-Emotion-Classification-\data\raw\RAVDESS\Actor_10\03-01-02-02-02-02-10.wav,16000,1,3.8372,61395,OK
03-01-03-01-01-01-10.wav,c:\Users\kamal\group 2\Group-2-Speech-Recognition-Emotion-Classification-\data\raw\RAVDESS\Actor_10\03-01-03-01-01-01-10.wav,16000,1,3.5035,56056,OK
03-01-03-01-01-02-10.wav,c:\Users\kamal\group 2\Group-2-Speech-Recognition-Emotion-Classification-\data\raw\RAVDESS\Actor_10\03-01-03-01-01-02-10.wav,16000,1,3.4701,55522,OK
03-01-03-01-02-01-10.wav,c:\Users\kamal\group 2\Group-2-Speech-Recognition-Emotion-Classification-\data\raw\RAVDESS\Actor_10\03-01-03-01-02-01-10.wav,16000,1,3.3033,52853,OK
03-01-03-01-02-02-10.wav,c:\Users\kamal\group 2\Group-2-Speech-Recognition-Emotion-Classification-\data\raw\RAVDESS\Actor_10\03-01-03-01-02-02-10.wav,16000,1,3.3367,53387,OK
03-01-03-02-01-01-10.wav,c:\Users\kamal\group 2\Group-2-Speech-Recognition-Emotion-Classification-\data\raw\RAVDESS\Actor_10\03-01-03-02-01-01-10.wav,16000,1,3.8372,61395,OK
03-01-03-02-01-02-10.wav,c:\Users\kamal\group 2\Group-2-Speech-Recognition-Emotion-Classification-\data\raw\RAVDESS\Actor_10\03-01-03-02-01-02-10.wav,16000,1,3.5035,56056,OK
03-01-03-02-02-01-10.wav,c:\Users\kamal\group 2\Group-2-Speech-Recognition-Emotion-Classification-\data\raw\RAVDESS\Actor_10\03-01-03-02-02-01-10.wav,16000,1,3.7371,59793,OK
03-01-03-02-02-02-10.wav,c:\Users\kamal\group 2\Group-2-Speech-Recognition-Emotion-Classification-\data\raw\RAVDESS\Actor_10\03-01-03-02-02-02-10.wav,16000,1,3.9707,63531,OK
03-01-04-01-01-01-10.wav,c:\Users\kamal\group 2\Group-2-Speech-Recognition-Emotion-Classification-\data\raw\RAVDESS\Actor_10\03-01-04-01-01-01-10.wav,16000,1,3.3033,52853,OK
03-01-04-01-01-02-10.wav,c:\Users\kamal\group 2\Group-2-Speech-Recognition-Emotion-Classification-\data\raw\RAVDESS\Actor_10\03-01-04-01-01-02-10.wav,16000,1,3.4701,55522,OK
03-01-04-01-02-01-10.wav,c:\Users\kamal\group 2\Group-2-Speech-Recognition-Emotion-Classification-\data\raw\RAVDESS\Actor_10\03-01-04-01-02-01-10.wav,16000,1,3.5369,56590,OK
03-01-04-01-02-02-10.wav,c:\Users\kamal\group 2\Group-2-Speech-Recognition-Emotion-Classification-\data\raw\RAVDESS\Actor_10\03-01-04-01-02-02-10.wav,16000,1,3.8038,60861,OK
03-01-04-02-01-01-10.wav,c:\Users\kamal\group 2\Group-2-Speech-Recognition-Emotion-Classification-\data\raw\RAVDESS\Actor_10\03-01-04-02-01-01-10.wav,16000,1,3.5035,56056,OK
03-01-04-02-01-02-10.wav,c:\Users\kamal\group 2\Group-2-Speech-Recognition-Emotion-Classification-\data\raw\RAVDESS\Actor_10\03-01-04-02-01-02-10.wav,16000,1,3.5703,57124,OK
03-01-04-02-02-01-10.wav,c:\Users\kamal\group 2\Group-2-Speech-Recognition-Emotion-Classification-\data\raw\RAVDESS\Actor_10\03-01-04-02-02-01-10.wav,16000,1,3.6704,58726,OK
03-01-04-02-02-02-10.wav,c:\Users\kamal\group 2\Group-2-Speech-Recognition-Emotion-Classification-\data\raw\RAVDESS\Actor_10\03-01-04-02-02-02-10.wav,16000,1,3.5703,57124,OK
03-01-05-01-01-01-10.wav,c:\Users\kamal\group 2\Group-2-Speech-Recognition-Emotion-Classification-\data\raw\RAVDESS\Actor_10\03-01-05-01-01-01-10.wav,16000,1,3.9039,62463,OK
03-01-05-01-01-02-10.wav,c:\Users\kamal\group 2\Group-2-Speech-Recognition-Emotion-Classification-\data\raw\RAVDESS\Actor_10\03-01-05-01-01-02-10.wav,16000,1,4.004,64064,OK
03-01-05-01-02-01-10.wav,c:\Users\kamal\group 2\Group-2-Speech-Recognition-Emotion-Classification-\data\raw\RAVDESS\Actor_10\03-01-05-01-02-01-10.wav,16000,1,4.1041,65666,OK
03-01-05-01-02-02-10.wav,c:\Users\kamal\group 2\Group-2-Speech-Recognition-Emotion-Classification-\data\raw\RAVDESS\Actor_10\03-01-05-01-02-02-10.wav,16000,1,4.1375,66200,OK
03-01-05-02-01-01-10.wav,c:\Users\kamal\group 2\Group-2-Speech-Recognition-Emotion-Classification-\data\raw\RAVDESS\Actor_10\03-01-05-02-01-01-10.wav,16000,1,4.1709,66734,OK
03-01-05-02-01-02-10.wav,c:\Users\kamal\group 2\Group-2-Speech-Recognition-Emotion-Classification-\data\raw\RAVDESS\Actor_10\03-01-05-02-01-02-10.wav,16000,1,4.4711,71538,OK
03-01-05-02-02-01-10.wav,c:\Users\kamal\group 2\Group-2-Speech-Recognition-Emotion-Classification-\data\raw\RAVDESS\Actor_10\03-01-05-02-02-01-10.wav,16000,1,3.8706,61929,OK
03-01-05-02-02-02-10.wav,c:\Users\kamal\group 2\Group-2-Speech-Recognition-Emotion-Classification-\data\raw\RAVDESS\Actor_10\03-01-05-02-02-02-10.wav,16000,1,4.1375,66200,OK
03-01-06-01-01-01-10.wav,c:\Users\kamal\group 2\Group-2-Speech-Recognition-Emotion-Classification-\data\raw\RAVDESS\Actor_10\03-01-06-01-01-01-10.wav,16000,1,3.4034,54455,OK
03-01-06-01-01-02-10.wav,c:\Users\kamal\group 2\Group-2-Speech-Recognition-Emotion-Classification-\data\raw\RAVDESS\Actor_10\03-01-06-01-01-02-10.wav,16000,1,3.3033,52853,OK
03-01-06-01-02-01-10.wav,c:\Users\kamal\group 2\Group-2-Speech-Recognition-Emotion-Classification-\data\raw\RAVDESS\Actor_10\03-01-06-01-02-01-10.wav,16000,1,3.5369,56590,OK
03-01-06-01-02-02-10.wav,c:\Users\kamal\group 2\Group-2-Speech-Recognition-Emotion-Classification-\data\raw\RAVDESS\Actor_10\03-01-06-01-02-02-10.wav,16000,1,3.4368,54989,OK
03-01-06-02-01-01-10.wav,c:\Users\kamal\group 2\Group-2-Speech-Recognition-Emotion-Classification-\data\raw\RAVDESS\Actor_10\03-01-06-02-01-01-10.wav,16000,1,3.5035,56056,OK
03-01-06-02-01-02-10.wav,c:\Users\kamal\group 2\Group-2-Speech-Recognition-Emotion-Classification-\data\raw\RAVDESS\Actor_10\03-01-06-02-01-02-10.wav,16000,1,3.7037,59260,OK
03-01-06-02-02-01-10.wav,c:\Users\kamal\group 2\Group-2-Speech-Recognition-Emotion-Classification-\data\raw\RAVDESS\Actor_10\03-01-06-02-02-01-10.wav,16000,1,3.8038,60861,OK
03-01-06-02-02-02-10.wav,c:\Users\kamal\group 2\Group-2-Speech-Recognition-Emotion-Classification-\data\raw\RAVDESS\Actor_10\03-01-06-02-02-02-10.wav,16000,1,3.8706,61929,OK
03-01-07-01-01-01-10.wav,c:\Users\kamal\group 2\Group-2-Speech-Recognition-Emotion-Classification-\data\raw\RAVDESS\Actor_10\03-01-07-01-01-01-10.wav,16000,1,3.7037,59260,OK
03-01-07-01-01-02-10.wav,c:\Users\kamal\group 2\Group-2-Speech-Recognition-Emotion-Classification-\data\raw\RAVDESS\Actor_10\03-01-07-01-01-02-10.wav,16000,1,4.2042,67267,OK
03-01-07-01-02-01-10.wav,c:\Users\kamal\group 2\Group-2-Speech-Recognition-Emotion-Classification-\data\raw\RAVDESS\Actor_10\03-01-07-01-02-01-10.wav,16000,1,3.8706,61929,OK
03-01-07-01-02-02-10.wav,c:\Users\kamal\group 2\Group-2-Speech-Recognition-Emotion-Classification-\data\raw\RAVDESS\Actor_10\03-01-07-01-02-02-10.wav,16000,1,4.2709,68335,OK
03-01-07-02-01-01-10.wav,c:\Users\kamal\group 2\Group-2-Speech-Recognition-Emotion-Classification-\data\raw\RAVDESS\Actor_10\03-01-07-02-01-01-10.wav,16000,1,4.6714,74742,OK
03-01-07-02-01-02-10.wav,c:\Users\kamal\group 2\Group-2-Speech-Recognition-Emotion-Classification-\data\raw\RAVDESS\Actor_10\03-01-07-02-01-02-10.wav,16000,1,4.5379,72606,OK
03-01-07-02-02-01-10.wav,c:\Users\kamal\group 2\Group-2-Speech-Recognition-Emotion-Classification-\data\raw\RAVDESS\Actor_10\03-01-07-02-02-01-10.wav,16000,1,4.2042,67267,OK
03-01-07-02-02-02-10.wav,c:\Users\kamal\group 2\Group-2-Speech-Recognition-Emotion-Classification-\data\raw\RAVDESS\Actor_10\03-01-07-02-02-02-10.wav,16000,1,4.8716,77945,OK
03-01-08-01-01-01-10.wav,c:\Users\kamal\group 2\Group-2-Speech-Recognition-Emotion-Classification-\data\raw\RAVDESS\Actor_10\03-01-08-01-01-01-10.wav,16000,1,3.2366,51785,OK
03-01-08-01-01-02-10.wav,c:\Users\kamal\group 2\Group-2-Speech-Recognition-Emotion-Classification-\data\raw\RAVDESS\Actor_10\03-01-08-01-01-02-10.wav,16000,1,3.4034,54455,OK
03-01-08-01-02-01-10.wav,c:\Users\kamal\group 2\Group-2-Speech-Recognition-Emotion-Classification-\data\raw\RAVDESS\Actor_10\03-01-08-01-02-01-10.wav,16000,1,3.5035,56056,OK
03-01-08-01-02-02-10.wav,c:\Users\kamal\group 2\Group-2-Speech-Recognition-Emotion-Classification-\data\raw\RAVDESS\Actor_10\03-01-08-01-02-02-10.wav,16000,1,3.4701,55522,OK
03-01-08-02-01-01-10.wav,c:\Users\kamal\group 2\Group-2-Speech-Recognition-Emotion-Classification-\data\raw\RAVDESS\Actor_10\03-01-08-02-01-01-10.wav,16000,1,3.5035,56056,OK
03-01-08-02-01-02-10.wav,c:\Users\kamal\group 2\Group-2-Speech-Recognition-Emotion-Classification-\data\raw\RAVDESS\Actor_10\03-01-08-02-01-02-10.wav,16000,1,3.4034,54455,OK
03-01-08-02-02-01-10.wav,c:\Users\kamal\group 2\Group-2-Speech-Recognition-Emotion-Classification-\data\raw\RAVDESS\Actor_10\03-01-08-02-02-01-10.wav,16000,1,3.637,58192,OK
03-01-08-02-02-02-10.wav,c:\Users\kamal\group 2\Group-2-Speech-Recognition-Emotion-Classification-\data\raw\RAVDESS\Actor_10\03-01-08-02-02-02-10.wav,16000,1,3.5035,56056,OK
03-01-01-01-01-01-11.wav,c:\Users\kamal\group 2\Group-2-Speech-Recognition-Emotion-Classification-\data\raw\RAVDESS\Actor_11\03-01-01-01-01-01-11.wav,16000,1,3.1365,50184,OK
03-01-01-01-01-02-11.wav,c:\Users\kamal\group 2\Group-2-Speech-Recognition-Emotion-Classification-\data\raw\RAVDESS\Actor_11\03-01-01-01-01-02-11.wav,16000,1,3.1031,49650,OK
03-01-01-01-02-01-11.wav,c:\Users\kamal\group 2\Group-2-Speech-Recognition-Emotion-Classification-\data\raw\RAVDESS\Actor_11\03-01-01-01-02-01-11.wav,16000,1,3.2033,51252,OK
03-01-01-01-02-02-11.wav,c:\Users\kamal\group 2\Group-2-Speech-Recognition-Emotion-Classification-\data\raw\RAVDESS\Actor_11\03-01-01-01-02-02-11.wav,16000,1,3.1699,50718,OK
03-01-02-01-01-01-11.wav,c:\Users\kamal\group 2\Group-2-Speech-Recognition-Emotion-Classification-\data\raw\RAVDESS\Actor_11\03-01-02-01-01-01-11.wav,16000,1,3.2699,52319,OK
03-01-02-01-01-02-11.wav,c:\Users\kamal\group 2\Group-2-Speech-Recognition-Emotion-Classification-\data\raw\RAVDESS\Actor_11\03-01-02-01-01-02-11.wav,16000,1,3.3367,53387,OK
03-01-02-01-02-01-11.wav,c:\Users\kamal\group 2\Group-2-Speech-Recognition-Emotion-Classification-\data\raw\RAVDESS\Actor_11\03-01-02-01-02-01-11.wav,16000,1,3.3367,53387,OK
03-01-02-01-02-02-11.wav,c:\Users\kamal\group 2\Group-2-Speech-Recognition-Emotion-Classification-\data\raw\RAVDESS\Actor_11\03-01-02-01-02-02-11.wav,16000,1,3.6704,58726,OK
03-01-02-02-01-01-11.wav,c:\Users\kamal\group 2\Group-2-Speech-Recognition-Emotion-Classification-\data\raw\RAVDESS\Actor_11\03-01-02-02-01-01-11.wav,16000,1,3.8372,61395,OK
03-01-02-02-01-02-11.wav,c:\Users\kamal\group 2\Group-2-Speech-Recognition-Emotion-Classification-\data\raw\RAVDESS\Actor_11\03-01-02-02-01-02-11.wav,16000,1,3.7371,59794,OK
03-01-02-02-02-01-11.wav,c:\Users\kamal\group 2\Group-2-Speech-Recognition-Emotion-Classification-\data\raw\RAVDESS\Actor_11\03-01-02-02-02-01-11.wav,16000,1,3.7704,60327,OK
03-01-02-02-02-02-11.wav,c:\Users\kamal\group 2\Group-2-Speech-Recognition-Emotion-Classification-\data\raw\RAVDESS\Actor_11\03-01-02-02-02-02-11.wav,16000,1,3.8372,61395,OK
03-01-03-01-01-01-11.wav,c:\Users\kamal\group 2\Group-2-Speech-Recognition-Emotion-Classification-\data\raw\RAVDESS\Actor_11\03-01-03-01-01-01-11.wav,16000,1,3.1031,49650,OK
03-01-03-01-01-02-11.wav,c:\Users\kamal\group 2\Group-2-Speech-Recognition-Emotion-Classification-\data\raw\RAVDESS\Actor_11\03-01-03-01-01-02-11.wav,16000,1,3.2033,51252,OK
03-01-03-01-02-01-11.wav,c:\Users\kamal\group 2\Group-2-Speech-Recognition-Emotion-Classification-\data\raw\RAVDESS\Actor_11\03-01-03-01-02-01-11.wav,16000,1,3.1699,50718,OK
03-01-03-01-02-02-11.wav,c:\Users\kamal\group 2\Group-2-Speech-Recognition-Emotion-Classification-\data\raw\RAVDESS\Actor_11\03-01-03-01-02-02-11.wav,16000,1,3.2366,51786,OK
03-01-03-02-01-01-11.wav,c:\Users\kamal\group 2\Group-2-Speech-Recognition-Emotion-Classification-\data\raw\RAVDESS\Actor_11\03-01-03-02-01-01-11.wav,16000,1,4.0374,64598,OK
03-01-03-02-01-02-11.wav,c:\Users\kamal\group 2\Group-2-Speech-Recognition-Emotion-Classification-\data\raw\RAVDESS\Actor_11\03-01-03-02-01-02-11.wav,16000,1,3.637,58192,OK
03-01-03-02-02-01-11.wav,c:\Users\kamal\group 2\Group-2-Speech-Recognition-Emotion-Classification-\data\raw\RAVDESS\Actor_11\03-01-03-02-02-01-11.wav,16000,1,3.8706,61929,OK
03-01-03-02-02-02-11.wav,c:\Users\kamal\group 2\Group-2-Speech-Recognition-Emotion-Classification-\data\raw\RAVDESS\Actor_11\03-01-03-02-02-02-11.wav,16000,1,3.5035,56056,OK
03-01-04-01-01-01-11.wav,c:\Users\kamal\group 2\Group-2-Speech-Recognition-Emotion-Classification-\data\raw\RAVDESS\Actor_11\03-01-04-01-01-01-11.wav,16000,1,3.3367,53387,OK
03-01-04-01-01-02-11.wav,c:\Users\kamal\group 2\Group-2-Speech-Recognition-Emotion-Classification-\data\raw\RAVDESS\Actor_11\03-01-04-01-01-02-11.wav,16000,1,3.6036,57658,OK
03-01-04-01-02-01-11.wav,c:\Users\kamal\group 2\Group-2-Speech-Recognition-Emotion-Classification-\data\raw\RAVDESS\Actor_11\03-01-04-01-02-01-11.wav,16000,1,3.5369,56590,OK
03-01-04-01-02-02-11.wav,c:\Users\kamal\group 2\Group-2-Speech-Recognition-Emotion-Classification-\data\raw\RAVDESS\Actor_11\03-01-04-01-02-02-11.wav,16000,1,3.4368,54989,OK
03-01-04-02-01-01-11.wav,c:\Users\kamal\group 2\Group-2-Speech-Recognition-Emotion-Classification-\data\raw\RAVDESS\Actor_11\03-01-04-02-01-01-11.wav,16000,1,3.3367,53387,OK
03-01-04-02-01-02-11.wav,c:\Users\kamal\group 2\Group-2-Speech-Recognition-Emotion-Classification-\data\raw\RAVDESS\Actor_11\03-01-04-02-01-02-11.wav,16000,1,3.6036,57658,OK
03-01-04-02-02-01-11.wav,c:\Users\kamal\group 2\Group-2-Speech-Recognition-Emotion-Classification-\data\raw\RAVDESS\Actor_11\03-01-04-02-02-01-11.wav,16000,1,3.3701,53921,OK
03-01-04-02-02-02-11.wav,c:\Users\kamal\group 2\Group-2-Speech-Recognition-Emotion-Classification-\data\raw\RAVDESS\Actor_11\03-01-04-02-02-02-11.wav,16000,1,3.3367,53387,OK
03-01-05-01-01-01-11.wav,c:\Users\kamal\group 2\Group-2-Speech-Recognition-Emotion-Classification-\data\raw\RAVDESS\Actor_11\03-01-05-01-01-01-11.wav,16000,1,3.6036,57658,OK
03-01-05-01-01-02-11.wav,c:\Users\kamal\group 2\Group-2-Speech-Recognition-Emotion-Classification-\data\raw\RAVDESS\Actor_11\03-01-05-01-01-02-11.wav,16000,1,3.4702,55523,OK
03-01-05-01-02-01-11.wav,c:\Users\kamal\group 2\Group-2-Speech-Recognition-Emotion-Classification-\data\raw\RAVDESS\Actor_11\03-01-05-01-02-01-11.wav,16000,1,3.4701,55522,OK
03-01-05-01-02-02-11.wav,c:\Users\kamal\group 2\Group-2-Speech-Recognition-Emotion-Classification-\data\raw\RAVDESS\Actor_11\03-01-05-01-02-02-11.wav,16000,1,3.7371,59794,OK
03-01-05-02-01-01-11.wav,c:\Users\kamal\group 2\Group-2-Speech-Recognition-Emotion-Classification-\data\raw\RAVDESS\Actor_11\03-01-05-02-01-01-11.wav,16000,1,3.5369,56590,OK
03-01-05-02-01-02-11.wav,c:\Users\kamal\group 2\Group-2-Speech-Recognition-Emotion-Classification-\data\raw\RAVDESS\Actor_11\03-01-05-02-01-02-11.wav,16000,1,3.9706,63530,OK
03-01-05-02-02-01-11.wav,c:\Users\kamal\group 2\Group-2-Speech-Recognition-Emotion-Classification-\data\raw\RAVDESS\Actor_11\03-01-05-02-02-01-11.wav,16000,1,3.9373,62997,OK
03-01-05-02-02-02-11.wav,c:\Users\kamal\group 2\Group-2-Speech-Recognition-Emotion-Classification-\data\raw\RAVDESS\Actor_11\03-01-05-02-02-02-11.wav,16000,1,3.7704,60327,OK
03-01-06-01-01-01-11.wav,c:\Users\kamal\group 2\Group-2-Speech-Recognition-Emotion-Classification-\data\raw\RAVDESS\Actor_11\03-01-06-01-01-01-11.wav,16000,1,3.4701,55522,OK
03-01-06-01-01-02-11.wav,c:\Users\kamal\group 2\Group-2-Speech-Recognition-Emotion-Classification-\data\raw\RAVDESS\Actor_11\03-01-06-01-01-02-11.wav,16000,1,3.5035,56056,OK
03-01-06-01-02-01-11.wav,c:\Users\kamal\group 2\Group-2-Speech-Recognition-Emotion-Classification-\data\raw\RAVDESS\Actor_11\03-01-06-01-02-01-11.wav,16000,1,3.1699,50718,OK
03-01-06-01-02-02-11.wav,c:\Users\kamal\group 2\Group-2-Speech-Recognition-Emotion-Classification-\data\raw\RAVDESS\Actor_11\03-01-06-01-02-02-11.wav,16000,1,3.2033,51252,OK
03-01-06-02-01-01-11.wav,c:\Users\kamal\group 2\Group-2-Speech-Recognition-Emotion-Classification-\data\raw\RAVDESS\Actor_11\03-01-06-02-01-01-11.wav,16000,1,3.2033,51252,OK
03-01-06-02-01-02-11.wav,c:\Users\kamal\group 2\Group-2-Speech-Recognition-Emotion-Classification-\data\raw\RAVDESS\Actor_11\03-01-06-02-01-02-11.wav,16000,1,3.2033,51252,OK
03-01-06-02-02-01-11.wav,c:\Users\kamal\group 2\Group-2-Speech-Recognition-Emotion-Classification-\data\raw\RAVDESS\Actor_11\03-01-06-02-02-01-11.wav,16000,1,3.0697,49116,OK
03-01-06-02-02-02-11.wav,c:\Users\kamal\group 2\Group-2-Speech-Recognition-Emotion-Classification-\data\raw\RAVDESS\Actor_11\03-01-06-02-02-02-11.wav,16000,1,3.1365,50184,OK
03-01-07-01-01-01-11.wav,c:\Users\kamal\group 2\Group-2-Speech-Recognition-Emotion-Classification-\data\raw\RAVDESS\Actor_11\03-01-07-01-01-01-11.wav,16000,1,3.6704,58726,OK
03-01-07-01-01-02-11.wav,c:\Users\kamal\group 2\Group-2-Speech-Recognition-Emotion-Classification-\data\raw\RAVDESS\Actor_11\03-01-07-01-01-02-11.wav,16000,1,3.6036,57658,OK
03-01-07-01-02-01-11.wav,c:\Users\kamal\group 2\Group-2-Speech-Recognition-Emotion-Classification-\data\raw\RAVDESS\Actor_11\03-01-07-01-02-01-11.wav,16000,1,3.4701,55522,OK
03-01-07-01-02-02-11.wav,c:\Users\kamal\group 2\Group-2-Speech-Recognition-Emotion-Classification-\data\raw\RAVDESS\Actor_11\03-01-07-01-02-02-11.wav,16000,1,3.6704,58726,OK
03-01-07-02-01-01-11.wav,c:\Users\kamal\group 2\Group-2-Speech-Recognition-Emotion-Classification-\data\raw\RAVDESS\Actor_11\03-01-07-02-01-01-11.wav,16000,1,3.8038,60861,OK
03-01-07-02-01-02-11.wav,c:\Users\kamal\group 2\Group-2-Speech-Recognition-Emotion-Classification-\data\raw\RAVDESS\Actor_11\03-01-07-02-01-02-11.wav,16000,1,3.8038,60861,OK
03-01-07-02-02-01-11.wav,c:\Users\kamal\group 2\Group-2-Speech-Recognition-Emotion-Classification-\data\raw\RAVDESS\Actor_11\03-01-07-02-02-01-11.wav,16000,1,3.7371,59793,OK
03-01-07-02-02-02-11.wav,c:\Users\kamal\group 2\Group-2-Speech-Recognition-Emotion-Classification-\data\raw\RAVDESS\Actor_11\03-01-07-02-02-02-11.wav,16000,1,3.7371,59793,OK
03-01-08-01-01-01-11.wav,c:\Users\kamal\group 2\Group-2-Speech-Recognition-Emotion-Classification-\data\raw\RAVDESS\Actor_11\03-01-08-01-01-01-11.wav,16000,1,3.0697,49116,OK
03-01-08-01-01-02-11.wav,c:\Users\kamal\group 2\Group-2-Speech-Recognition-Emotion-Classification-\data\raw\RAVDESS\Actor_11\03-01-08-01-01-02-11.wav,16000,1,3.1365,50184,OK
03-01-08-01-02-01-11.wav,c:\Users\kamal\group 2\Group-2-Speech-Recognition-Emotion-Classification-\data\raw\RAVDESS\Actor_11\03-01-08-01-02-01-11.wav,16000,1,3.1699,50718,OK
03-01-08-01-02-02-11.wav,c:\Users\kamal\group 2\Group-2-Speech-Recognition-Emotion-Classification-\data\raw\RAVDESS\Actor_11\03-01-08-01-02-02-11.wav,16000,1,2.9696,47514,OK
03-01-08-02-01-01-11.wav,c:\Users\kamal\group 2\Group-2-Speech-Recognition-Emotion-Classification-\data\raw\RAVDESS\Actor_11\03-01-08-02-01-01-11.wav,16000,1,3.0697,49116,OK
03-01-08-02-01-02-11.wav,c:\Users\kamal\group 2\Group-2-Speech-Recognition-Emotion-Classification-\data\raw\RAVDESS\Actor_11\03-01-08-02-01-02-11.wav,16000,1,3.1031,49650,OK
03-01-08-02-02-01-11.wav,c:\Users\kamal\group 2\Group-2-Speech-Recognition-Emotion-Classification-\data\raw\RAVDESS\Actor_11\03-01-08-02-02-01-11.wav,16000,1,3.0697,49116,OK
03-01-08-02-02-02-11.wav,c:\Users\kamal\group 2\Group-2-Speech-Recognition-Emotion-Classification-\data\raw\RAVDESS\Actor_11\03-01-08-02-02-02-11.wav,16000,1,3.0697,49116,OK
03-01-01-01-01-01-12.wav,c:\Users\kamal\group 2\Group-2-Speech-Recognition-Emotion-Classification-\data\raw\RAVDESS\Actor_12\03-01-01-01-01-01-12.wav,16000,1,3.637,58192,OK
03-01-01-01-01-02-12.wav,c:\Users\kamal\group 2\Group-2-Speech-Recognition-Emotion-Classification-\data\raw\RAVDESS\Actor_12\03-01-01-01-01-02-12.wav,16000,1,3.5369,56590,OK
03-01-01-01-02-01-12.wav,c:\Users\kamal\group 2\Group-2-Speech-Recognition-Emotion-Classification-\data\raw\RAVDESS\Actor_12\03-01-01-01-02-01-12.wav,16000,1,3.6036,57658,OK
03-01-01-01-02-02-12.wav,c:\Users\kamal\group 2\Group-2-Speech-Recognition-Emotion-Classification-\data\raw\RAVDESS\Actor_12\03-01-01-01-02-02-12.wav,16000,1,3.637,58192,OK
03-01-02-01-01-01-12.wav,c:\Users\kamal\group 2\Group-2-Speech-Recognition-Emotion-Classification-\data\raw\RAVDESS\Actor_12\03-01-02-01-01-01-12.wav,16000,1,3.8706,61929,OK
03-01-02-01-01-02-12.wav,c:\Users\kamal\group 2\Group-2-Speech-Recognition-Emotion-Classification-\data\raw\RAVDESS\Actor_12\03-01-02-01-01-02-12.wav,16000,1,3.7704,60327,OK
03-01-02-01-02-01-12.wav,c:\Users\kamal\group 2\Group-2-Speech-Recognition-Emotion-Classification-\data\raw\RAVDESS\Actor_12\03-01-02-01-02-01-12.wav,16000,1,3.7704,60327,OK
03-01-02-01-02-02-12.wav,c:\Users\kamal\group 2\Group-2-Speech-Recognition-Emotion-Classification-\data\raw\RAVDESS\Actor_12\03-01-02-01-02-02-12.wav,16000,1,3.6704,58726,OK
03-01-02-02-01-01-12.wav,c:\Users\kamal\group 2\Group-2-Speech-Recognition-Emotion-Classification-\data\raw\RAVDESS\Actor_12\03-01-02-02-01-01-12.wav,16000,1,3.9706,63530,OK
03-01-02-02-01-02-12.wav,c:\Users\kamal\group 2\Group-2-Speech-Recognition-Emotion-Classification-\data\raw\RAVDESS\Actor_12\03-01-02-02-01-02-12.wav,16000,1,3.7704,60327,OK
03-01-02-02-02-01-12.wav,c:\Users\kamal\group 2\Group-2-Speech-Recognition-Emotion-Classification-\data\raw\RAVDESS\Actor_12\03-01-02-02-02-01-12.wav,16000,1,3.7371,59794,OK
03-01-02-02-02-02-12.wav,c:\Users\kamal\group 2\Group-2-Speech-Recognition-Emotion-Classification-\data\raw\RAVDESS\Actor_12\03-01-02-02-02-02-12.wav,16000,1,3.8038,60861,OK
03-01-03-01-01-01-12.wav,c:\Users\kamal\group 2\Group-2-Speech-Recognition-Emotion-Classification-\data\raw\RAVDESS\Actor_12\03-01-03-01-01-01-12.wav,16000,1,3.7037,59260,OK
03-01-03-01-01-02-12.wav,c:\Users\kamal\group 2\Group-2-Speech-Recognition-Emotion-Classification-\data\raw\RAVDESS\Actor_12\03-01-03-01-01-02-12.wav,16000,1,3.7371,59793,OK
03-01-03-01-02-01-12.wav,c:\Users\kamal\group 2\Group-2-Speech-Recognition-Emotion-Classification-\data\raw\RAVDESS\Actor_12\03-01-03-01-02-01-12.wav,16000,1,3.5035,56056,OK
03-01-03-01-02-02-12.wav,c:\Users\kamal\group 2\Group-2-Speech-Recognition-Emotion-Classification-\data\raw\RAVDESS\Actor_12\03-01-03-01-02-02-12.wav,16000,1,3.7371,59794,OK
03-01-03-02-01-01-12.wav,c:\Users\kamal\group 2\Group-2-Speech-Recognition-Emotion-Classification-\data\raw\RAVDESS\Actor_12\03-01-03-02-01-01-12.wav,16000,1,4.2043,67268,OK
03-01-03-02-01-02-12.wav,c:\Users\kamal\group 2\Group-2-Speech-Recognition-Emotion-Classification-\data\raw\RAVDESS\Actor_12\03-01-03-02-01-02-12.wav,16000,1,4.1375,66200,OK
03-01-03-02-02-01-12.wav,c:\Users\kamal\group 2\Group-2-Speech-Recognition-Emotion-Classification-\data\raw\RAVDESS\Actor_12\03-01-03-02-02-01-12.wav,16000,1,3.9039,62463,OK
03-01-03-02-02-02-12.wav,c:\Users\kamal\group 2\Group-2-Speech-Recognition-Emotion-Classification-\data\raw\RAVDESS\Actor_12\03-01-03-02-02-02-12.wav,16000,1,3.9706,63530,OK
03-01-04-01-01-01-12.wav,c:\Users\kamal\group 2\Group-2-Speech-Recognition-Emotion-Classification-\data\raw\RAVDESS\Actor_12\03-01-04-01-01-01-12.wav,16000,1,3.6704,58726,OK
03-01-04-01-01-02-12.wav,c:\Users\kamal\group 2\Group-2-Speech-Recognition-Emotion-Classification-\data\raw\RAVDESS\Actor_12\03-01-04-01-01-02-12.wav,16000,1,3.6036,57658,OK
03-01-04-01-02-01-12.wav,c:\Users\kamal\group 2\Group-2-Speech-Recognition-Emotion-Classification-\data\raw\RAVDESS\Actor_12\03-01-04-01-02-01-12.wav,16000,1,3.6704,58726,OK
03-01-04-01-02-02-12.wav,c:\Users\kamal\group 2\Group-2-Speech-Recognition-Emotion-Classification-\data\raw\RAVDESS\Actor_12\03-01-04-01-02-02-12.wav,16000,1,3.5703,57124,OK
03-01-04-02-01-01-12.wav,c:\Users\kamal\group 2\Group-2-Speech-Recognition-Emotion-Classification-\data\raw\RAVDESS\Actor_12\03-01-04-02-01-01-12.wav,16000,1,3.8706,61929,OK
03-01-04-02-01-02-12.wav,c:\Users\kamal\group 2\Group-2-Speech-Recognition-Emotion-Classification-\data\raw\RAVDESS\Actor_12\03-01-04-02-01-02-12.wav,16000,1,3.7704,60327,OK
03-01-04-02-02-01-12.wav,c:\Users\kamal\group 2\Group-2-Speech-Recognition-Emotion-Classification-\data\raw\RAVDESS\Actor_12\03-01-04-02-02-01-12.wav,16000,1,3.8038,60861,OK
03-01-04-02-02-02-12.wav,c:\Users\kamal\group 2\Group-2-Speech-Recognition-Emotion-Classification-\data\raw\RAVDESS\Actor_12\03-01-04-02-02-02-12.wav,16000,1,3.8706,61929,OK
03-01-05-01-01-01-12.wav,c:\Users\kamal\group 2\Group-2-Speech-Recognition-Emotion-Classification-\data\raw\RAVDESS\Actor_12\03-01-05-01-01-01-12.wav,16000,1,4.2709,68335,OK
03-01-05-01-01-02-12.wav,c:\Users\kamal\group 2\Group-2-Speech-Recognition-Emotion-Classification-\data\raw\RAVDESS\Actor_12\03-01-05-01-01-02-12.wav,16000,1,3.9706,63530,OK
03-01-05-01-02-01-12.wav,c:\Users\kamal\group 2\Group-2-Speech-Recognition-Emotion-Classification-\data\raw\RAVDESS\Actor_12\03-01-05-01-02-01-12.wav,16000,1,3.7371,59794,OK
03-01-05-01-02-02-12.wav,c:\Users\kamal\group 2\Group-2-Speech-Recognition-Emotion-Classification-\data\raw\RAVDESS\Actor_12\03-01-05-01-02-02-12.wav,16000,1,4.1375,66200,OK
03-01-05-02-01-01-12.wav,c:\Users\kamal\group 2\Group-2-Speech-Recognition-Emotion-Classification-\data\raw\RAVDESS\Actor_12\03-01-05-02-01-01-12.wav,16000,1,3.637,58192,OK
03-01-05-02-01-02-12.wav,c:\Users\kamal\group 2\Group-2-Speech-Recognition-Emotion-Classification-\data\raw\RAVDESS\Actor_12\03-01-05-02-01-02-12.wav,16000,1,3.6704,58726,OK
03-01-05-02-02-01-12.wav,c:\Users\kamal\group 2\Group-2-Speech-Recognition-Emotion-Classification-\data\raw\RAVDESS\Actor_12\03-01-05-02-02-01-12.wav,16000,1,3.8038,60861,OK
03-01-05-02-02-02-12.wav,c:\Users\kamal\group 2\Group-2-Speech-Recognition-Emotion-Classification-\data\raw\RAVDESS\Actor_12\03-01-05-02-02-02-12.wav,16000,1,3.8372,61395,OK
03-01-06-01-01-01-12.wav,c:\Users\kamal\group 2\Group-2-Speech-Recognition-Emotion-Classification-\data\raw\RAVDESS\Actor_12\03-01-06-01-01-01-12.wav,16000,1,3.4034,54455,OK
03-01-06-01-01-02-12.wav,c:\Users\kamal\group 2\Group-2-Speech-Recognition-Emotion-Classification-\data\raw\RAVDESS\Actor_12\03-01-06-01-01-02-12.wav,16000,1,3.5035,56056,OK
03-01-06-01-02-01-12.wav,c:\Users\kamal\group 2\Group-2-Speech-Recognition-Emotion-Classification-\data\raw\RAVDESS\Actor_12\03-01-06-01-02-01-12.wav,16000,1,3.3701,53921,OK
03-01-06-01-02-02-12.wav,c:\Users\kamal\group 2\Group-2-Speech-Recognition-Emotion-Classification-\data\raw\RAVDESS\Actor_12\03-01-06-01-02-02-12.wav,16000,1,3.2033,51252,OK
03-01-06-02-01-01-12.wav,c:\Users\kamal\group 2\Group-2-Speech-Recognition-Emotion-Classification-\data\raw\RAVDESS\Actor_12\03-01-06-02-01-01-12.wav,16000,1,3.7371,59794,OK
03-01-06-02-01-02-12.wav,c:\Users\kamal\group 2\Group-2-Speech-Recognition-Emotion-Classification-\data\raw\RAVDESS\Actor_12\03-01-06-02-01-02-12.wav,16000,1,3.7037,59260,OK
03-01-06-02-02-01-12.wav,c:\Users\kamal\group 2\Group-2-Speech-Recognition-Emotion-Classification-\data\raw\RAVDESS\Actor_12\03-01-06-02-02-01-12.wav,16000,1,3.4702,55523,OK
03-01-06-02-02-02-12.wav,c:\Users\kamal\group 2\Group-2-Speech-Recognition-Emotion-Classification-\data\raw\RAVDESS\Actor_12\03-01-06-02-02-02-12.wav,16000,1,3.6704,58726,OK
03-01-07-01-01-01-12.wav,c:\Users\kamal\group 2\Group-2-Speech-Recognition-Emotion-Classification-\data\raw\RAVDESS\Actor_12\03-01-07-01-01-01-12.wav,16000,1,3.7371,59793,OK
03-01-07-01-01-02-12.wav,c:\Users\kamal\group 2\Group-2-Speech-Recognition-Emotion-Classification-\data\raw\RAVDESS\Actor_12\03-01-07-01-01-02-12.wav,16000,1,3.7037,59260,OK
03-01-07-01-02-01-12.wav,c:\Users\kamal\group 2\Group-2-Speech-Recognition-Emotion-Classification-\data\raw\RAVDESS\Actor_12\03-01-07-01-02-01-12.wav,16000,1,3.6036,57658,OK
03-01-07-01-02-02-12.wav,c:\Users\kamal\group 2\Group-2-Speech-Recognition-Emotion-Classification-\data\raw\RAVDESS\Actor_12\03-01-07-01-02-02-12.wav,16000,1,3.7037,59260,OK
03-01-07-02-01-01-12.wav,c:\Users\kamal\group 2\Group-2-Speech-Recognition-Emotion-Classification-\data\raw\RAVDESS\Actor_12\03-01-07-02-01-01-12.wav,16000,1,3.9707,63531,OK
03-01-07-02-01-02-12.wav,c:\Users\kamal\group 2\Group-2-Speech-Recognition-Emotion-Classification-\data\raw\RAVDESS\Actor_12\03-01-07-02-01-02-12.wav,16000,1,4.5379,72606,OK
03-01-07-02-02-01-12.wav,c:\Users\kamal\group 2\Group-2-Speech-Recognition-Emotion-Classification-\data\raw\RAVDESS\Actor_12\03-01-07-02-02-01-12.wav,16000,1,4.2043,67268,OK
03-01-07-02-02-02-12.wav,c:\Users\kamal\group 2\Group-2-Speech-Recognition-Emotion-Classification-\data\raw\RAVDESS\Actor_12\03-01-07-02-02-02-12.wav,16000,1,3.9707,63531,OK
03-01-08-01-01-01-12.wav,c:\Users\kamal\group 2\Group-2-Speech-Recognition-Emotion-Classification-\data\raw\RAVDESS\Actor_12\03-01-08-01-01-01-12.wav,16000,1,3.5369,56590,OK
03-01-08-01-01-02-12.wav,c:\Users\kamal\group 2\Group-2-Speech-Recognition-Emotion-Classification-\data\raw\RAVDESS\Actor_12\03-01-08-01-01-02-12.wav,16000,1,3.637,58192,OK
03-01-08-01-02-01-12.wav,c:\Users\kamal\group 2\Group-2-Speech-Recognition-Emotion-Classification-\data\raw\RAVDESS\Actor_12\03-01-08-01-02-01-12.wav,16000,1,3.5035,56056,OK
03-01-08-01-02-02-12.wav,c:\Users\kamal\group 2\Group-2-Speech-Recognition-Emotion-Classification-\data\raw\RAVDESS\Actor_12\03-01-08-01-02-02-12.wav,16000,1,3.6036,57658,OK
03-01-08-02-01-01-12.wav,c:\Users\kamal\group 2\Group-2-Speech-Recognition-Emotion-Classification-\data\raw\RAVDESS\Actor_12\03-01-08-02-01-01-12.wav,16000,1,3.7037,59259,OK
03-01-08-02-01-02-12.wav,c:\Users\kamal\group 2\Group-2-Speech-Recognition-Emotion-Classification-\data\raw\RAVDESS\Actor_12\03-01-08-02-01-02-12.wav,16000,1,3.7371,59793,OK
03-01-08-02-02-01-12.wav,c:\Users\kamal\group 2\Group-2-Speech-Recognition-Emotion-Classification-\data\raw\RAVDESS\Actor_12\03-01-08-02-02-01-12.wav,16000,1,3.7371,59793,OK
03-01-08-02-02-02-12.wav,c:\Users\kamal\group 2\Group-2-Speech-Recognition-Emotion-Classification-\data\raw\RAVDESS\Actor_12\03-01-08-02-02-02-12.wav,16000,1,3.6704,58726,OK
03-01-01-01-01-01-13.wav,c:\Users\kamal\group 2\Group-2-Speech-Recognition-Emotion-Classification-\data\raw\RAVDESS\Actor_13\03-01-01-01-01-01-13.wav,16000,1,3.1699,50718,OK
03-01-01-01-01-02-13.wav,c:\Users\kamal\group 2\Group-2-Speech-Recognition-Emotion-Classification-\data\raw\RAVDESS\Actor_13\03-01-01-01-01-02-13.wav,16000,1,3.2032,51251,OK
03-01-01-01-02-01-13.wav,c:\Users\kamal\group 2\Group-2-Speech-Recognition-Emotion-Classification-\data\raw\RAVDESS\Actor_13\03-01-01-01-02-01-13.wav,16000,1,3.0697,49116,OK
03-01-01-01-02-02-13.wav,c:\Users\kamal\group 2\Group-2-Speech-Recognition-Emotion-Classification-\data\raw\RAVDESS\Actor_13\03-01-01-01-02-02-13.wav,16000,1,3.1365,50184,OK
03-01-02-01-01-01-13.wav,c:\Users\kamal\group 2\Group-2-Speech-Recognition-Emotion-Classification-\data\raw\RAVDESS\Actor_13\03-01-02-01-01-01-13.wav,16000,1,3.3033,52853,OK
03-01-02-01-01-02-13.wav,c:\Users\kamal\group 2\Group-2-Speech-Recognition-Emotion-Classification-\data\raw\RAVDESS\Actor_13\03-01-02-01-01-02-13.wav,16000,1,3.1699,50718,OK
03-01-02-01-02-01-13.wav,c:\Users\kamal\group 2\Group-2-Speech-Recognition-Emotion-Classification-\data\raw\RAVDESS\Actor_13\03-01-02-01-02-01-13.wav,16000,1,3.1365,50184,OK
03-01-02-01-02-02-13.wav,c:\Users\kamal\group 2\Group-2-Speech-Recognition-Emotion-Classification-\data\raw\RAVDESS\Actor_13\03-01-02-01-02-02-13.wav,16000,1,2.9363,46981,OK
03-01-02-02-01-01-13.wav,c:\Users\kamal\group 2\Group-2-Speech-Recognition-Emotion-Classification-\data\raw\RAVDESS\Actor_13\03-01-02-02-01-01-13.wav,16000,1,3.1365,50184,OK
03-01-02-02-01-02-13.wav,c:\Users\kamal\group 2\Group-2-Speech-Recognition-Emotion-Classification-\data\raw\RAVDESS\Actor_13\03-01-02-02-01-02-13.wav,16000,1,3.2033,51252,OK
03-01-02-02-02-01-13.wav,c:\Users\kamal\group 2\Group-2-Speech-Recognition-Emotion-Classification-\data\raw\RAVDESS\Actor_13\03-01-02-02-02-01-13.wav,16000,1,3.003,48048,OK
03-01-02-02-02-02-13.wav,c:\Users\kamal\group 2\Group-2-Speech-Recognition-Emotion-Classification-\data\raw\RAVDESS\Actor_13\03-01-02-02-02-02-13.wav,16000,1,3.0364,48582,OK
03-01-03-01-01-01-13.wav,c:\Users\kamal\group 2\Group-2-Speech-Recognition-Emotion-Classification-\data\raw\RAVDESS\Actor_13\03-01-03-01-01-01-13.wav,16000,1,3.2366,51785,OK
03-01-03-01-01-02-13.wav,c:\Users\kamal\group 2\Group-2-Speech-Recognition-Emotion-Classification-\data\raw\RAVDESS\Actor_13\03-01-03-01-01-02-13.wav,16000,1,3.2033,51252,OK
03-01-03-01-02-01-13.wav,c:\Users\kamal\group 2\Group-2-Speech-Recognition-Emotion-Classification-\data\raw\RAVDESS\Actor_13\03-01-03-01-02-01-13.wav,16000,1,3.1365,50184,OK
03-01-03-01-02-02-13.wav,c:\Users\kamal\group 2\Group-2-Speech-Recognition-Emotion-Classification-\data\raw\RAVDESS\Actor_13\03-01-03-01-02-02-13.wav,16000,1,3.2033,51252,OK
03-01-03-02-01-01-13.wav,c:\Users\kamal\group 2\Group-2-Speech-Recognition-Emotion-Classification-\data\raw\RAVDESS\Actor_13\03-01-03-02-01-01-13.wav,16000,1,3.4368,54989,OK
03-01-03-02-01-02-13.wav,c:\Users\kamal\group 2\Group-2-Speech-Recognition-Emotion-Classification-\data\raw\RAVDESS\Actor_13\03-01-03-02-01-02-13.wav,16000,1,3.6036,57658,OK
03-01-03-02-02-01-13.wav,c:\Users\kamal\group 2\Group-2-Speech-Recognition-Emotion-Classification-\data\raw\RAVDESS\Actor_13\03-01-03-02-02-01-13.wav,16000,1,3.3701,53921,OK
03-01-03-02-02-02-13.wav,c:\Users\kamal\group 2\Group-2-Speech-Recognition-Emotion-Classification-\data\raw\RAVDESS\Actor_13\03-01-03-02-02-02-13.wav,16000,1,3.3367,53387,OK
03-01-04-01-01-01-13.wav,c:\Users\kamal\group 2\Group-2-Speech-Recognition-Emotion-Classification-\data\raw\RAVDESS\Actor_13\03-01-04-01-01-01-13.wav,16000,1,3.5703,57124,OK
03-01-04-01-01-02-13.wav,c:\Users\kamal\group 2\Group-2-Speech-Recognition-Emotion-Classification-\data\raw\RAVDESS\Actor_13\03-01-04-01-01-02-13.wav,16000,1,3.5369,56590,OK
03-01-04-01-02-01-13.wav,c:\Users\kamal\group 2\Group-2-Speech-Recognition-Emotion-Classification-\data\raw\RAVDESS\Actor_13\03-01-04-01-02-01-13.wav,16000,1,3.4368,54989,OK
03-01-04-01-02-02-13.wav,c:\Users\kamal\group 2\Group-2-Speech-Recognition-Emotion-Classification-\data\raw\RAVDESS\Actor_13\03-01-04-01-02-02-13.wav,16000,1,3.3701,53921,OK
03-01-04-02-01-01-13.wav,c:\Users\kamal\group 2\Group-2-Speech-Recognition-Emotion-Classification-\data\raw\RAVDESS\Actor_13\03-01-04-02-01-01-13.wav,16000,1,3.3367,53387,OK
03-01-04-02-01-02-13.wav,c:\Users\kamal\group 2\Group-2-Speech-Recognition-Emotion-Classification-\data\raw\RAVDESS\Actor_13\03-01-04-02-01-02-13.wav,16000,1,3.3033,52853,OK
03-01-04-02-02-01-13.wav,c:\Users\kamal\group 2\Group-2-Speech-Recognition-Emotion-Classification-\data\raw\RAVDESS\Actor_13\03-01-04-02-02-01-13.wav,16000,1,3.4368,54989,OK
03-01-04-02-02-02-13.wav,c:\Users\kamal\group 2\Group-2-Speech-Recognition-Emotion-Classification-\data\raw\RAVDESS\Actor_13\03-01-04-02-02-02-13.wav,16000,1,3.2032,51251,OK
03-01-05-01-01-01-13.wav,c:\Users\kamal\group 2\Group-2-Speech-Recognition-Emotion-Classification-\data\raw\RAVDESS\Actor_13\03-01-05-01-01-01-13.wav,16000,1,3.4368,54989,OK
03-01-05-01-01-02-13.wav,c:\Users\kamal\group 2\Group-2-Speech-Recognition-Emotion-Classification-\data\raw\RAVDESS\Actor_13\03-01-05-01-01-02-13.wav,16000,1,3.5369,56590,OK
03-01-05-01-02-01-13.wav,c:\Users\kamal\group 2\Group-2-Speech-Recognition-Emotion-Classification-\data\raw\RAVDESS\Actor_13\03-01-05-01-02-01-13.wav,16000,1,3.6036,57658,OK
03-01-05-01-02-02-13.wav,c:\Users\kamal\group 2\Group-2-Speech-Recognition-Emotion-Classification-\data\raw\RAVDESS\Actor_13\03-01-05-01-02-02-13.wav,16000,1,3.3701,53921,OK
03-01-05-02-01-01-13.wav,c:\Users\kamal\group 2\Group-2-Speech-Recognition-Emotion-Classification-\data\raw\RAVDESS\Actor_13\03-01-05-02-01-01-13.wav,16000,1,3.6704,58726,OK
03-01-05-02-01-02-13.wav,c:\Users\kamal\group 2\Group-2-Speech-Recognition-Emotion-Classification-\data\raw\RAVDESS\Actor_13\03-01-05-02-01-02-13.wav,16000,1,4.2709,68335,OK
03-01-05-02-02-01-13.wav,c:\Users\kamal\group 2\Group-2-Speech-Recognition-Emotion-Classification-\data\raw\RAVDESS\Actor_13\03-01-05-02-02-01-13.wav,16000,1,3.5703,57124,OK
03-01-05-02-02-02-13.wav,c:\Users\kamal\group 2\Group-2-Speech-Recognition-Emotion-Classification-\data\raw\RAVDESS\Actor_13\03-01-05-02-02-02-13.wav,16000,1,4.1709,66734,OK
03-01-06-01-01-01-13.wav,c:\Users\kamal\group 2\Group-2-Speech-Recognition-Emotion-Classification-\data\raw\RAVDESS\Actor_13\03-01-06-01-01-01-13.wav,16000,1,3.1365,50184,OK
03-01-06-01-01-02-13.wav,c:\Users\kamal\group 2\Group-2-Speech-Recognition-Emotion-Classification-\data\raw\RAVDESS\Actor_13\03-01-06-01-01-02-13.wav,16000,1,3.1699,50718,OK
03-01-06-01-02-01-13.wav,c:\Users\kamal\group 2\Group-2-Speech-Recognition-Emotion-Classification-\data\raw\RAVDESS\Actor_13\03-01-06-01-02-01-13.wav,16000,1,3.2033,51252,OK
03-01-06-01-02-02-13.wav,c:\Users\kamal\group 2\Group-2-Speech-Recognition-Emotion-Classification-\data\raw\RAVDESS\Actor_13\03-01-06-01-02-02-13.wav,16000,1,3.2366,51785,OK
03-01-06-02-01-01-13.wav,c:\Users\kamal\group 2\Group-2-Speech-Recognition-Emotion-Classification-\data\raw\RAVDESS\Actor_13\03-01-06-02-01-01-13.wav,16000,1,3.3701,53921,OK
03-01-06-02-01-02-13.wav,c:\Users\kamal\group 2\Group-2-Speech-Recognition-Emotion-Classification-\data\raw\RAVDESS\Actor_13\03-01-06-02-01-02-13.wav,16000,1,3.2699,52319,OK
03-01-06-02-02-01-13.wav,c:\Users\kamal\group 2\Group-2-Speech-Recognition-Emotion-Classification-\data\raw\RAVDESS\Actor_13\03-01-06-02-02-01-13.wav,16000,1,3.5035,56056,OK
03-01-06-02-02-02-13.wav,c:\Users\kamal\group 2\Group-2-Speech-Recognition-Emotion-Classification-\data\raw\RAVDESS\Actor_13\03-01-06-02-02-02-13.wav,16000,1,3.2033,51252,OK
03-01-07-01-01-01-13.wav,c:\Users\kamal\group 2\Group-2-Speech-Recognition-Emotion-Classification-\data\raw\RAVDESS\Actor_13\03-01-07-01-01-01-13.wav,16000,1,3.1365,50184,OK
03-01-07-01-01-02-13.wav,c:\Users\kamal\group 2\Group-2-Speech-Recognition-Emotion-Classification-\data\raw\RAVDESS\Actor_13\03-01-07-01-01-02-13.wav,16000,1,3.1699,50718,OK
03-01-07-01-02-01-13.wav,c:\Users\kamal\group 2\Group-2-Speech-Recognition-Emotion-Classification-\data\raw\RAVDESS\Actor_13\03-01-07-01-02-01-13.wav,16000,1,3.2699,52319,OK
03-01-07-01-02-02-13.wav,c:\Users\kamal\group 2\Group-2-Speech-Recognition-Emotion-Classification-\data\raw\RAVDESS\Actor_13\03-01-07-01-02-02-13.wav,16000,1,3.2366,51785,OK
03-01-07-02-01-01-13.wav,c:\Users\kamal\group 2\Group-2-Speech-Recognition-Emotion-Classification-\data\raw\RAVDESS\Actor_13\03-01-07-02-01-01-13.wav,16000,1,3.4034,54455,OK
03-01-07-02-01-02-13.wav,c:\Users\kamal\group 2\Group-2-Speech-Recognition-Emotion-Classification-\data\raw\RAVDESS\Actor_13\03-01-07-02-01-02-13.wav,16000,1,3.7037,59260,OK
03-01-07-02-02-01-13.wav,c:\Users\kamal\group 2\Group-2-Speech-Recognition-Emotion-Classification-\data\raw\RAVDESS\Actor_13\03-01-07-02-02-01-13.wav,16000,1,3.4034,54455,OK
03-01-07-02-02-02-13.wav,c:\Users\kamal\group 2\Group-2-Speech-Recognition-Emotion-Classification-\data\raw\RAVDESS\Actor_13\03-01-07-02-02-02-13.wav,16000,1,3.4368,54989,OK
03-01-08-01-01-01-13.wav,c:\Users\kamal\group 2\Group-2-Speech-Recognition-Emotion-Classification-\data\raw\RAVDESS\Actor_13\03-01-08-01-01-01-13.wav,16000,1,3.4034,54455,OK
03-01-08-01-01-02-13.wav,c:\Users\kamal\group 2\Group-2-Speech-Recognition-Emotion-Classification-\data\raw\RAVDESS\Actor_13\03-01-08-01-01-02-13.wav,16000,1,3.1365,50184,OK
03-01-08-01-02-01-13.wav,c:\Users\kamal\group 2\Group-2-Speech-Recognition-Emotion-Classification-\data\raw\RAVDESS\Actor_13\03-01-08-01-02-01-13.wav,16000,1,3.1365,50184,OK
03-01-08-01-02-02-13.wav,c:\Users\kamal\group 2\Group-2-Speech-Recognition-Emotion-Classification-\data\raw\RAVDESS\Actor_13\03-01-08-01-02-02-13.wav,16000,1,3.0364,48582,OK
03-01-08-02-01-01-13.wav,c:\Users\kamal\group 2\Group-2-Speech-Recognition-Emotion-Classification-\data\raw\RAVDESS\Actor_13\03-01-08-02-01-01-13.wav,16000,1,3.3367,53387,OK
03-01-08-02-01-02-13.wav,c:\Users\kamal\group 2\Group-2-Speech-Recognition-Emotion-Classification-\data\raw\RAVDESS\Actor_13\03-01-08-02-01-02-13.wav,16000,1,3.3033,52853,OK
03-01-08-02-02-01-13.wav,c:\Users\kamal\group 2\Group-2-Speech-Recognition-Emotion-Classification-\data\raw\RAVDESS\Actor_13\03-01-08-02-02-01-13.wav,16000,1,3.3367,53387,OK
03-01-08-02-02-02-13.wav,c:\Users\kamal\group 2\Group-2-Speech-Recognition-Emotion-Classification-\data\raw\RAVDESS\Actor_13\03-01-08-02-02-02-13.wav,16000,1,3.3033,52853,OK
03-01-01-01-01-01-14.wav,c:\Users\kamal\group 2\Group-2-Speech-Recognition-Emotion-Classification-\data\raw\RAVDESS\Actor_14\03-01-01-01-01-01-14.wav,16000,1,3.4701,55522,OK
03-01-01-01-01-02-14.wav,c:\Users\kamal\group 2\Group-2-Speech-Recognition-Emotion-Classification-\data\raw\RAVDESS\Actor_14\03-01-01-01-01-02-14.wav,16000,1,3.3367,53387,OK
03-01-01-01-02-01-14.wav,c:\Users\kamal\group 2\Group-2-Speech-Recognition-Emotion-Classification-\data\raw\RAVDESS\Actor_14\03-01-01-01-02-01-14.wav,16000,1,3.4702,55523,OK
03-01-01-01-02-02-14.wav,c:\Users\kamal\group 2\Group-2-Speech-Recognition-Emotion-Classification-\data\raw\RAVDESS\Actor_14\03-01-01-01-02-02-14.wav,16000,1,3.5703,57124,OK
03-01-02-01-01-01-14.wav,c:\Users\kamal\group 2\Group-2-Speech-Recognition-Emotion-Classification-\data\raw\RAVDESS\Actor_14\03-01-02-01-01-01-14.wav,16000,1,3.7371,59793,OK
03-01-02-01-01-02-14.wav,c:\Users\kamal\group 2\Group-2-Speech-Recognition-Emotion-Classification-\data\raw\RAVDESS\Actor_14\03-01-02-01-01-02-14.wav,16000,1,3.5703,57124,OK
03-01-02-01-02-01-14.wav,c:\Users\kamal\group 2\Group-2-Speech-Recognition-Emotion-Classification-\data\raw\RAVDESS\Actor_14\03-01-02-01-02-01-14.wav,16000,1,3.4034,54455,OK
03-01-02-01-02-02-14.wav,c:\Users\kamal\group 2\Group-2-Speech-Recognition-Emotion-Classification-\data\raw\RAVDESS\Actor_14\03-01-02-01-02-02-14.wav,16000,1,3.5035,56056,OK
03-01-02-02-01-01-14.wav,c:\Users\kamal\group 2\Group-2-Speech-Recognition-Emotion-Classification-\data\raw\RAVDESS\Actor_14\03-01-02-02-01-01-14.wav,16000,1,3.8706,61929,OK
03-01-02-02-01-02-14.wav,c:\Users\kamal\group 2\Group-2-Speech-Recognition-Emotion-Classification-\data\raw\RAVDESS\Actor_14\03-01-02-02-01-02-14.wav,16000,1,3.9039,62463,OK
03-01-02-02-02-01-14.wav,c:\Users\kamal\group 2\Group-2-Speech-Recognition-Emotion-Classification-\data\raw\RAVDESS\Actor_14\03-01-02-02-02-01-14.wav,16000,1,3.7371,59793,OK
03-01-02-02-02-02-14.wav,c:\Users\kamal\group 2\Group-2-Speech-Recognition-Emotion-Classification-\data\raw\RAVDESS\Actor_14\03-01-02-02-02-02-14.wav,16000,1,3.7704,60327,OK
03-01-03-01-01-01-14.wav,c:\Users\kamal\group 2\Group-2-Speech-Recognition-Emotion-Classification-\data\raw\RAVDESS\Actor_14\03-01-03-01-01-01-14.wav,16000,1,3.7037,59260,OK
03-01-03-01-01-02-14.wav,c:\Users\kamal\group 2\Group-2-Speech-Recognition-Emotion-Classification-\data\raw\RAVDESS\Actor_14\03-01-03-01-01-02-14.wav,16000,1,3.6704,58726,OK
03-01-03-01-02-01-14.wav,c:\Users\kamal\group 2\Group-2-Speech-Recognition-Emotion-Classification-\data\raw\RAVDESS\Actor_14\03-01-03-01-02-01-14.wav,16000,1,3.4034,54455,OK
03-01-03-01-02-02-14.wav,c:\Users\kamal\group 2\Group-2-Speech-Recognition-Emotion-Classification-\data\raw\RAVDESS\Actor_14\03-01-03-01-02-02-14.wav,16000,1,3.4701,55522,OK
03-01-03-02-01-01-14.wav,c:\Users\kamal\group 2\Group-2-Speech-Recognition-Emotion-Classification-\data\raw\RAVDESS\Actor_14\03-01-03-02-01-01-14.wav,16000,1,3.7704,60327,OK
03-01-03-02-01-02-14.wav,c:\Users\kamal\group 2\Group-2-Speech-Recognition-Emotion-Classification-\data\raw\RAVDESS\Actor_14\03-01-03-02-01-02-14.wav,16000,1,3.7371,59793,OK
03-01-03-02-02-01-14.wav,c:\Users\kamal\group 2\Group-2-Speech-Recognition-Emotion-Classification-\data\raw\RAVDESS\Actor_14\03-01-03-02-02-01-14.wav,16000,1,3.8372,61395,OK
03-01-03-02-02-02-14.wav,c:\Users\kamal\group 2\Group-2-Speech-Recognition-Emotion-Classification-\data\raw\RAVDESS\Actor_14\03-01-03-02-02-02-14.wav,16000,1,3.7371,59793,OK
03-01-04-01-01-01-14.wav,c:\Users\kamal\group 2\Group-2-Speech-Recognition-Emotion-Classification-\data\raw\RAVDESS\Actor_14\03-01-04-01-01-01-14.wav,16000,1,3.7371,59793,OK
03-01-04-01-01-02-14.wav,c:\Users\kamal\group 2\Group-2-Speech-Recognition-Emotion-Classification-\data\raw\RAVDESS\Actor_14\03-01-04-01-01-02-14.wav,16000,1,3.6036,57658,OK
03-01-04-01-02-01-14.wav,c:\Users\kamal\group 2\Group-2-Speech-Recognition-Emotion-Classification-\data\raw\RAVDESS\Actor_14\03-01-04-01-02-01-14.wav,16000,1,3.6036,57658,OK
03-01-04-01-02-02-14.wav,c:\Users\kamal\group 2\Group-2-Speech-Recognition-Emotion-Classification-\data\raw\RAVDESS\Actor_14\03-01-04-01-02-02-14.wav,16000,1,3.5369,56590,OK
03-01-04-02-01-01-14.wav,c:\Users\kamal\group 2\Group-2-Speech-Recognition-Emotion-Classification-\data\raw\RAVDESS\Actor_14\03-01-04-02-01-01-14.wav,16000,1,3.8706,61929,OK
03-01-04-02-01-02-14.wav,c:\Users\kamal\group 2\Group-2-Speech-Recognition-Emotion-Classification-\data\raw\RAVDESS\Actor_14\03-01-04-02-01-02-14.wav,16000,1,3.6704,58726,OK
03-01-04-02-02-01-14.wav,c:\Users\kamal\group 2\Group-2-Speech-Recognition-Emotion-Classification-\data\raw\RAVDESS\Actor_14\03-01-04-02-02-01-14.wav,16000,1,3.6704,58726,OK
03-01-04-02-02-02-14.wav,c:\Users\kamal\group 2\Group-2-Speech-Recognition-Emotion-Classification-\data\raw\RAVDESS\Actor_14\03-01-04-02-02-02-14.wav,16000,1,3.9039,62463,OK
03-01-05-01-01-01-14.wav,c:\Users\kamal\group 2\Group-2-Speech-Recognition-Emotion-Classification-\data\raw\RAVDESS\Actor_14\03-01-05-01-01-01-14.wav,16000,1,3.6036,57658,OK
03-01-05-01-01-02-14.wav,c:\Users\kamal\group 2\Group-2-Speech-Recognition-Emotion-Classification-\data\raw\RAVDESS\Actor_14\03-01-05-01-01-02-14.wav,16000,1,3.7037,59260,OK
03-01-05-01-02-01-14.wav,c:\Users\kamal\group 2\Group-2-Speech-Recognition-Emotion-Classification-\data\raw\RAVDESS\Actor_14\03-01-05-01-02-01-14.wav,16000,1,3.7371,59793,OK
03-01-05-01-02-02-14.wav,c:\Users\kamal\group 2\Group-2-Speech-Recognition-Emotion-Classification-\data\raw\RAVDESS\Actor_14\03-01-05-01-02-02-14.wav,16000,1,3.9039,62463,OK
03-01-05-02-01-01-14.wav,c:\Users\kamal\group 2\Group-2-Speech-Recognition-Emotion-Classification-\data\raw\RAVDESS\Actor_14\03-01-05-02-01-01-14.wav,16000,1,4.2709,68335,OK
03-01-05-02-01-02-14.wav,c:\Users\kamal\group 2\Group-2-Speech-Recognition-Emotion-Classification-\data\raw\RAVDESS\Actor_14\03-01-05-02-01-02-14.wav,16000,1,4.3711,69937,OK
03-01-05-02-02-01-14.wav,c:\Users\kamal\group 2\Group-2-Speech-Recognition-Emotion-Classification-\data\raw\RAVDESS\Actor_14\03-01-05-02-02-01-14.wav,16000,1,4.1709,66734,OK
03-01-05-02-02-02-14.wav,c:\Users\kamal\group 2\Group-2-Speech-Recognition-Emotion-Classification-\data\raw\RAVDESS\Actor_14\03-01-05-02-02-02-14.wav,16000,1,4.4044,70471,OK
03-01-06-01-01-01-14.wav,c:\Users\kamal\group 2\Group-2-Speech-Recognition-Emotion-Classification-\data\raw\RAVDESS\Actor_14\03-01-06-01-01-01-14.wav,16000,1,3.3701,53921,OK
03-01-06-01-01-02-14.wav,c:\Users\kamal\group 2\Group-2-Speech-Recognition-Emotion-Classification-\data\raw\RAVDESS\Actor_14\03-01-06-01-01-02-14.wav,16000,1,3.5703,57124,OK
03-01-06-01-02-01-14.wav,c:\Users\kamal\group 2\Group-2-Speech-Recognition-Emotion-Classification-\data\raw\RAVDESS\Actor_14\03-01-06-01-02-01-14.wav,16000,1,3.3701,53921,OK
03-01-06-01-02-02-14.wav,c:\Users\kamal\group 2\Group-2-Speech-Recognition-Emotion-Classification-\data\raw\RAVDESS\Actor_14\03-01-06-01-02-02-14.wav,16000,1,3.3701,53921,OK
03-01-06-02-01-01-14.wav,c:\Users\kamal\group 2\Group-2-Speech-Recognition-Emotion-Classification-\data\raw\RAVDESS\Actor_14\03-01-06-02-01-01-14.wav,16000,1,3.3701,53921,OK
03-01-06-02-01-02-14.wav,c:\Users\kamal\group 2\Group-2-Speech-Recognition-Emotion-Classification-\data\raw\RAVDESS\Actor_14\03-01-06-02-01-02-14.wav,16000,1,3.4034,54455,OK
03-01-06-02-02-01-14.wav,c:\Users\kamal\group 2\Group-2-Speech-Recognition-Emotion-Classification-\data\raw\RAVDESS\Actor_14\03-01-06-02-02-01-14.wav,16000,1,3.5035,56056,OK
03-01-06-02-02-02-14.wav,c:\Users\kamal\group 2\Group-2-Speech-Recognition-Emotion-Classification-\data\raw\RAVDESS\Actor_14\03-01-06-02-02-02-14.wav,16000,1,3.4701,55522,OK
03-01-07-01-01-01-14.wav,c:\Users\kamal\group 2\Group-2-Speech-Recognition-Emotion-Classification-\data\raw\RAVDESS\Actor_14\03-01-07-01-01-01-14.wav,16000,1,3.7704,60327,OK
03-01-07-01-01-02-14.wav,c:\Users\kamal\group 2\Group-2-Speech-Recognition-Emotion-Classification-\data\raw\RAVDESS\Actor_14\03-01-07-01-01-02-14.wav,16000,1,3.637,58192,OK
03-01-07-01-02-01-14.wav,c:\Users\kamal\group 2\Group-2-Speech-Recognition-Emotion-Classification-\data\raw\RAVDESS\Actor_14\03-01-07-01-02-01-14.wav,16000,1,3.7371,59793,OK
03-01-07-01-02-02-14.wav,c:\Users\kamal\group 2\Group-2-Speech-Recognition-Emotion-Classification-\data\raw\RAVDESS\Actor_14\03-01-07-01-02-02-14.wav,16000,1,3.7704,60327,OK
03-01-07-02-01-01-14.wav,c:\Users\kamal\group 2\Group-2-Speech-Recognition-Emotion-Classification-\data\raw\RAVDESS\Actor_14\03-01-07-02-01-01-14.wav,16000,1,3.9373,62996,OK
03-01-07-02-01-02-14.wav,c:\Users\kamal\group 2\Group-2-Speech-Recognition-Emotion-Classification-\data\raw\RAVDESS\Actor_14\03-01-07-02-01-02-14.wav,16000,1,3.7371,59793,OK
03-01-07-02-02-01-14.wav,c:\Users\kamal\group 2\Group-2-Speech-Recognition-Emotion-Classification-\data\raw\RAVDESS\Actor_14\03-01-07-02-02-01-14.wav,16000,1,3.6704,58726,OK
03-01-07-02-02-02-14.wav,c:\Users\kamal\group 2\Group-2-Speech-Recognition-Emotion-Classification-\data\raw\RAVDESS\Actor_14\03-01-07-02-02-02-14.wav,16000,1,3.8038,60861,OK
03-01-08-01-01-01-14.wav,c:\Users\kamal\group 2\Group-2-Speech-Recognition-Emotion-Classification-\data\raw\RAVDESS\Actor_14\03-01-08-01-01-01-14.wav,16000,1,3.637,58192,OK
03-01-08-01-01-02-14.wav,c:\Users\kamal\group 2\Group-2-Speech-Recognition-Emotion-Classification-\data\raw\RAVDESS\Actor_14\03-01-08-01-01-02-14.wav,16000,1,3.5703,57124,OK
03-01-08-01-02-01-14.wav,c:\Users\kamal\group 2\Group-2-Speech-Recognition-Emotion-Classification-\data\raw\RAVDESS\Actor_14\03-01-08-01-02-01-14.wav,16000,1,3.2033,51252,OK
03-01-08-01-02-02-14.wav,c:\Users\kamal\group 2\Group-2-Speech-Recognition-Emotion-Classification-\data\raw\RAVDESS\Actor_14\03-01-08-01-02-02-14.wav,16000,1,3.3033,52853,OK
03-01-08-02-01-01-14.wav,c:\Users\kamal\group 2\Group-2-Speech-Recognition-Emotion-Classification-\data\raw\RAVDESS\Actor_14\03-01-08-02-01-01-14.wav,16000,1,3.9706,63530,OK
03-01-08-02-01-02-14.wav,c:\Users\kamal\group 2\Group-2-Speech-Recognition-Emotion-Classification-\data\raw\RAVDESS\Actor_14\03-01-08-02-01-02-14.wav,16000,1,3.7037,59260,OK
03-01-08-02-02-01-14.wav,c:\Users\kamal\group 2\Group-2-Speech-Recognition-Emotion-Classification-\data\raw\RAVDESS\Actor_14\03-01-08-02-02-01-14.wav,16000,1,3.7037,59260,OK
03-01-08-02-02-02-14.wav,c:\Users\kamal\group 2\Group-2-Speech-Recognition-Emotion-Classification-\data\raw\RAVDESS\Actor_14\03-01-08-02-02-02-14.wav,16000,1,3.7371,59793,OK
03-01-01-01-01-01-15.wav,c:\Users\kamal\group 2\Group-2-Speech-Recognition-Emotion-Classification-\data\raw\RAVDESS\Actor_15\03-01-01-01-01-01-15.wav,16000,1,3.3701,53921,OK
03-01-01-01-01-02-15.wav,c:\Users\kamal\group 2\Group-2-Speech-Recognition-Emotion-Classification-\data\raw\RAVDESS\Actor_15\03-01-01-01-01-02-15.wav,16000,1,3.4368,54989,OK
03-01-01-01-02-01-15.wav,c:\Users\kamal\group 2\Group-2-Speech-Recognition-Emotion-Classification-\data\raw\RAVDESS\Actor_15\03-01-01-01-02-01-15.wav,16000,1,3.4367,54988,OK
03-01-01-01-02-02-15.wav,c:\Users\kamal\group 2\Group-2-Speech-Recognition-Emotion-Classification-\data\raw\RAVDESS\Actor_15\03-01-01-01-02-02-15.wav,16000,1,3.4034,54455,OK
03-01-02-01-01-01-15.wav,c:\Users\kamal\group 2\Group-2-Speech-Recognition-Emotion-Classification-\data\raw\RAVDESS\Actor_15\03-01-02-01-01-01-15.wav,16000,1,3.5703,57124,OK
03-01-02-01-01-02-15.wav,c:\Users\kamal\group 2\Group-2-Speech-Recognition-Emotion-Classification-\data\raw\RAVDESS\Actor_15\03-01-02-01-01-02-15.wav,16000,1,3.5703,57124,OK
03-01-02-01-02-01-15.wav,c:\Users\kamal\group 2\Group-2-Speech-Recognition-Emotion-Classification-\data\raw\RAVDESS\Actor_15\03-01-02-01-02-01-15.wav,16000,1,3.7371,59793,OK
03-01-02-01-02-02-15.wav,c:\Users\kamal\group 2\Group-2-Speech-Recognition-Emotion-Classification-\data\raw\RAVDESS\Actor_15\03-01-02-01-02-02-15.wav,16000,1,3.5703,57124,OK
03-01-02-02-01-01-15.wav,c:\Users\kamal\group 2\Group-2-Speech-Recognition-Emotion-Classification-\data\raw\RAVDESS\Actor_15\03-01-02-02-01-01-15.wav,16000,1,3.6704,58726,OK
03-01-02-02-01-02-15.wav,c:\Users\kamal\group 2\Group-2-Speech-Recognition-Emotion-Classification-\data\raw\RAVDESS\Actor_15\03-01-02-02-01-02-15.wav,16000,1,3.8038,60861,OK
03-01-02-02-02-01-15.wav,c:\Users\kamal\group 2\Group-2-Speech-Recognition-Emotion-Classification-\data\raw\RAVDESS\Actor_15\03-01-02-02-02-01-15.wav,16000,1,3.9373,62997,OK
03-01-02-02-02-02-15.wav,c:\Users\kamal\group 2\Group-2-Speech-Recognition-Emotion-Classification-\data\raw\RAVDESS\Actor_15\03-01-02-02-02-02-15.wav,16000,1,3.6036,57658,OK
03-01-03-01-01-01-15.wav,c:\Users\kamal\group 2\Group-2-Speech-Recognition-Emotion-Classification-\data\raw\RAVDESS\Actor_15\03-01-03-01-01-01-15.wav,16000,1,3.4034,54455,OK
03-01-03-01-01-02-15.wav,c:\Users\kamal\group 2\Group-2-Speech-Recognition-Emotion-Classification-\data\raw\RAVDESS\Actor_15\03-01-03-01-01-02-15.wav,16000,1,3.3367,53387,OK
03-01-03-01-02-01-15.wav,c:\Users\kamal\group 2\Group-2-Speech-Recognition-Emotion-Classification-\data\raw\RAVDESS\Actor_15\03-01-03-01-02-01-15.wav,16000,1,3.3367,53387,OK
03-01-03-01-02-02-15.wav,c:\Users\kamal\group 2\Group-2-Speech-Recognition-Emotion-Classification-\data\raw\RAVDESS\Actor_15\03-01-03-01-02-02-15.wav,16000,1,3.4368,54989,OK
03-01-03-02-01-01-15.wav,c:\Users\kamal\group 2\Group-2-Speech-Recognition-Emotion-Classification-\data\raw\RAVDESS\Actor_15\03-01-03-02-01-01-15.wav,16000,1,3.5703,57124,OK
03-01-03-02-01-02-15.wav,c:\Users\kamal\group 2\Group-2-Speech-Recognition-Emotion-Classification-\data\raw\RAVDESS\Actor_15\03-01-03-02-01-02-15.wav,16000,1,3.4701,55522,OK
03-01-03-02-02-01-15.wav,c:\Users\kamal\group 2\Group-2-Speech-Recognition-Emotion-Classification-\data\raw\RAVDESS\Actor_15\03-01-03-02-02-01-15.wav,16000,1,3.8038,60861,OK
03-01-03-02-02-02-15.wav,c:\Users\kamal\group 2\Group-2-Speech-Recognition-Emotion-Classification-\data\raw\RAVDESS\Actor_15\03-01-03-02-02-02-15.wav,16000,1,3.3701,53921,OK
03-01-04-01-01-01-15.wav,c:\Users\kamal\group 2\Group-2-Speech-Recognition-Emotion-Classification-\data\raw\RAVDESS\Actor_15\03-01-04-01-01-01-15.wav,16000,1,3.5035,56056,OK
03-01-04-01-01-02-15.wav,c:\Users\kamal\group 2\Group-2-Speech-Recognition-Emotion-Classification-\data\raw\RAVDESS\Actor_15\03-01-04-01-01-02-15.wav,16000,1,3.3033,52853,OK
03-01-04-01-02-01-15.wav,c:\Users\kamal\group 2\Group-2-Speech-Recognition-Emotion-Classification-\data\raw\RAVDESS\Actor_15\03-01-04-01-02-01-15.wav,16000,1,3.3033,52853,OK
03-01-04-01-02-02-15.wav,c:\Users\kamal\group 2\Group-2-Speech-Recognition-Emotion-Classification-\data\raw\RAVDESS\Actor_15\03-01-04-01-02-02-15.wav,16000,1,3.3701,53921,OK
03-01-04-02-01-01-15.wav,c:\Users\kamal\group 2\Group-2-Speech-Recognition-Emotion-Classification-\data\raw\RAVDESS\Actor_15\03-01-04-02-01-01-15.wav,16000,1,3.2699,52319,OK
03-01-04-02-01-02-15.wav,c:\Users\kamal\group 2\Group-2-Speech-Recognition-Emotion-Classification-\data\raw\RAVDESS\Actor_15\03-01-04-02-01-02-15.wav,16000,1,3.4034,54455,OK
03-01-04-02-02-01-15.wav,c:\Users\kamal\group 2\Group-2-Speech-Recognition-Emotion-Classification-\data\raw\RAVDESS\Actor_15\03-01-04-02-02-01-15.wav,16000,1,3.5369,56590,OK
03-01-04-02-02-02-15.wav,c:\Users\kamal\group 2\Group-2-Speech-Recognition-Emotion-Classification-\data\raw\RAVDESS\Actor_15\03-01-04-02-02-02-15.wav,16000,1,3.4368,54989,OK
03-01-05-01-01-01-15.wav,c:\Users\kamal\group 2\Group-2-Speech-Recognition-Emotion-Classification-\data\raw\RAVDESS\Actor_15\03-01-05-01-01-01-15.wav,16000,1,3.637,58192,OK
03-01-05-01-01-02-15.wav,c:\Users\kamal\group 2\Group-2-Speech-Recognition-Emotion-Classification-\data\raw\RAVDESS\Actor_15\03-01-05-01-01-02-15.wav,16000,1,3.6036,57658,OK
03-01-05-01-02-01-15.wav,c:\Users\kamal\group 2\Group-2-Speech-Recognition-Emotion-Classification-\data\raw\RAVDESS\Actor_15\03-01-05-01-02-01-15.wav,16000,1,3.7037,59260,OK
03-01-05-01-02-02-15.wav,c:\Users\kamal\group 2\Group-2-Speech-Recognition-Emotion-Classification-\data\raw\RAVDESS\Actor_15\03-01-05-01-02-02-15.wav,16000,1,3.5369,56590,OK
03-01-05-02-01-01-15.wav,c:\Users\kamal\group 2\Group-2-Speech-Recognition-Emotion-Classification-\data\raw\RAVDESS\Actor_15\03-01-05-02-01-01-15.wav,16000,1,3.5369,56590,OK
03-01-05-02-01-02-15.wav,c:\Users\kamal\group 2\Group-2-Speech-Recognition-Emotion-Classification-\data\raw\RAVDESS\Actor_15\03-01-05-02-01-02-15.wav,16000,1,3.7371,59794,OK
03-01-05-02-02-01-15.wav,c:\Users\kamal\group 2\Group-2-Speech-Recognition-Emotion-Classification-\data\raw\RAVDESS\Actor_15\03-01-05-02-02-01-15.wav,16000,1,3.4702,55523,OK
03-01-05-02-02-02-15.wav,c:\Users\kamal\group 2\Group-2-Speech-Recognition-Emotion-Classification-\data\raw\RAVDESS\Actor_15\03-01-05-02-02-02-15.wav,16000,1,3.6036,57658,OK
03-01-06-01-01-01-15.wav,c:\Users\kamal\group 2\Group-2-Speech-Recognition-Emotion-Classification-\data\raw\RAVDESS\Actor_15\03-01-06-01-01-01-15.wav,16000,1,3.3033,52853,OK
03-01-06-01-01-02-15.wav,c:\Users\kamal\group 2\Group-2-Speech-Recognition-Emotion-Classification-\data\raw\RAVDESS\Actor_15\03-01-06-01-01-02-15.wav,16000,1,3.3033,52853,OK
03-01-06-01-02-01-15.wav,c:\Users\kamal\group 2\Group-2-Speech-Recognition-Emotion-Classification-\data\raw\RAVDESS\Actor_15\03-01-06-01-02-01-15.wav,16000,1,3.2699,52319,OK
03-01-06-01-02-02-15.wav,c:\Users\kamal\group 2\Group-2-Speech-Recognition-Emotion-Classification-\data\raw\RAVDESS\Actor_15\03-01-06-01-02-02-15.wav,16000,1,3.3033,52853,OK
03-01-06-02-01-01-15.wav,c:\Users\kamal\group 2\Group-2-Speech-Recognition-Emotion-Classification-\data\raw\RAVDESS\Actor_15\03-01-06-02-01-01-15.wav,16000,1,3.3367,53387,OK
03-01-06-02-01-02-15.wav,c:\Users\kamal\group 2\Group-2-Speech-Recognition-Emotion-Classification-\data\raw\RAVDESS\Actor_15\03-01-06-02-01-02-15.wav,16000,1,3.4702,55523,OK
03-01-06-02-02-01-15.wav,c:\Users\kamal\group 2\Group-2-Speech-Recognition-Emotion-Classification-\data\raw\RAVDESS\Actor_15\03-01-06-02-02-01-15.wav,16000,1,3.3701,53921,OK
03-01-06-02-02-02-15.wav,c:\Users\kamal\group 2\Group-2-Speech-Recognition-Emotion-Classification-\data\raw\RAVDESS\Actor_15\03-01-06-02-02-02-15.wav,16000,1,3.5035,56056,OK
03-01-07-01-01-01-15.wav,c:\Users\kamal\group 2\Group-2-Speech-Recognition-Emotion-Classification-\data\raw\RAVDESS\Actor_15\03-01-07-01-01-01-15.wav,16000,1,3.7371,59793,OK
03-01-07-01-01-02-15.wav,c:\Users\kamal\group 2\Group-2-Speech-Recognition-Emotion-Classification-\data\raw\RAVDESS\Actor_15\03-01-07-01-01-02-15.wav,16000,1,3.637,58192,OK
03-01-07-01-02-01-15.wav,c:\Users\kamal\group 2\Group-2-Speech-Recognition-Emotion-Classification-\data\raw\RAVDESS\Actor_15\03-01-07-01-02-01-15.wav,16000,1,3.6704,58726,OK
03-01-07-01-02-02-15.wav,c:\Users\kamal\group 2\Group-2-Speech-Recognition-Emotion-Classification-\data\raw\RAVDESS\Actor_15\03-01-07-01-02-02-15.wav,16000,1,4.0708,65132,OK
03-01-07-02-01-01-15.wav,c:\Users\kamal\group 2\Group-2-Speech-Recognition-Emotion-Classification-\data\raw\RAVDESS\Actor_15\03-01-07-02-01-01-15.wav,16000,1,3.7037,59259,OK
03-01-07-02-01-02-15.wav,c:\Users\kamal\group 2\Group-2-Speech-Recognition-Emotion-Classification-\data\raw\RAVDESS\Actor_15\03-01-07-02-01-02-15.wav,16000,1,3.3701,53921,OK
03-01-07-02-02-01-15.wav,c:\Users\kamal\group 2\Group-2-Speech-Recognition-Emotion-Classification-\data\raw\RAVDESS\Actor_15\03-01-07-02-02-01-15.wav,16000,1,3.3033,52853,OK
03-01-07-02-02-02-15.wav,c:\Users\kamal\group 2\Group-2-Speech-Recognition-Emotion-Classification-\data\raw\RAVDESS\Actor_15\03-01-07-02-02-02-15.wav,16000,1,3.4702,55523,OK
03-01-08-01-01-01-15.wav,c:\Users\kamal\group 2\Group-2-Speech-Recognition-Emotion-Classification-\data\raw\RAVDESS\Actor_15\03-01-08-01-01-01-15.wav,16000,1,3.637,58192,OK
03-01-08-01-01-02-15.wav,c:\Users\kamal\group 2\Group-2-Speech-Recognition-Emotion-Classification-\data\raw\RAVDESS\Actor_15\03-01-08-01-01-02-15.wav,16000,1,3.4368,54989,OK
03-01-08-01-02-01-15.wav,c:\Users\kamal\group 2\Group-2-Speech-Recognition-Emotion-Classification-\data\raw\RAVDESS\Actor_15\03-01-08-01-02-01-15.wav,16000,1,3.7037,59260,OK
03-01-08-01-02-02-15.wav,c:\Users\kamal\group 2\Group-2-Speech-Recognition-Emotion-Classification-\data\raw\RAVDESS\Actor_15\03-01-08-01-02-02-15.wav,16000,1,3.3701,53921,OK
03-01-08-02-01-01-15.wav,c:\Users\kamal\group 2\Group-2-Speech-Recognition-Emotion-Classification-\data\raw\RAVDESS\Actor_15\03-01-08-02-01-01-15.wav,16000,1,3.3701,53921,OK
03-01-08-02-01-02-15.wav,c:\Users\kamal\group 2\Group-2-Speech-Recognition-Emotion-Classification-\data\raw\RAVDESS\Actor_15\03-01-08-02-01-02-15.wav,16000,1,3.3033,52853,OK
03-01-08-02-02-01-15.wav,c:\Users\kamal\group 2\Group-2-Speech-Recognition-Emotion-Classification-\data\raw\RAVDESS\Actor_15\03-01-08-02-02-01-15.wav,16000,1,3.2033,51252,OK
03-01-08-02-02-02-15.wav,c:\Users\kamal\group 2\Group-2-Speech-Recognition-Emotion-Classification-\data\raw\RAVDESS\Actor_15\03-01-08-02-02-02-15.wav,16000,1,3.3367,53387,OK
03-01-01-01-01-01-16.wav,c:\Users\kamal\group 2\Group-2-Speech-Recognition-Emotion-Classification-\data\raw\RAVDESS\Actor_16\03-01-01-01-01-01-16.wav,16000,1,3.7371,59793,OK
03-01-01-01-01-02-16.wav,c:\Users\kamal\group 2\Group-2-Speech-Recognition-Emotion-Classification-\data\raw\RAVDESS\Actor_16\03-01-01-01-01-02-16.wav,16000,1,3.7371,59794,OK
03-01-01-01-02-01-16.wav,c:\Users\kamal\group 2\Group-2-Speech-Recognition-Emotion-Classification-\data\raw\RAVDESS\Actor_16\03-01-01-01-02-01-16.wav,16000,1,3.6036,57658,OK
03-01-01-01-02-02-16.wav,c:\Users\kamal\group 2\Group-2-Speech-Recognition-Emotion-Classification-\data\raw\RAVDESS\Actor_16\03-01-01-01-02-02-16.wav,16000,1,3.5703,57124,OK
03-01-02-01-01-01-16.wav,c:\Users\kamal\group 2\Group-2-Speech-Recognition-Emotion-Classification-\data\raw\RAVDESS\Actor_16\03-01-02-01-01-01-16.wav,16000,1,3.7037,59259,OK
03-01-02-01-01-02-16.wav,c:\Users\kamal\group 2\Group-2-Speech-Recognition-Emotion-Classification-\data\raw\RAVDESS\Actor_16\03-01-02-01-01-02-16.wav,16000,1,3.8706,61929,OK
03-01-02-01-02-01-16.wav,c:\Users\kamal\group 2\Group-2-Speech-Recognition-Emotion-Classification-\data\raw\RAVDESS\Actor_16\03-01-02-01-02-01-16.wav,16000,1,3.8038,60861,OK
03-01-02-01-02-02-16.wav,c:\Users\kamal\group 2\Group-2-Speech-Recognition-Emotion-Classification-\data\raw\RAVDESS\Actor_16\03-01-02-01-02-02-16.wav,16000,1,3.6704,58726,OK
03-01-02-02-01-01-16.wav,c:\Users\kamal\group 2\Group-2-Speech-Recognition-Emotion-Classification-\data\raw\RAVDESS\Actor_16\03-01-02-02-01-01-16.wav,16000,1,3.8706,61929,OK
03-01-02-02-01-02-16.wav,c:\Users\kamal\group 2\Group-2-Speech-Recognition-Emotion-Classification-\data\raw\RAVDESS\Actor_16\03-01-02-02-01-02-16.wav,16000,1,3.9373,62997,OK
03-01-02-02-02-01-16.wav,c:\Users\kamal\group 2\Group-2-Speech-Recognition-Emotion-Classification-\data\raw\RAVDESS\Actor_16\03-01-02-02-02-01-16.wav,16000,1,3.8038,60861,OK
03-01-02-02-02-02-16.wav,c:\Users\kamal\group 2\Group-2-Speech-Recognition-Emotion-Classification-\data\raw\RAVDESS\Actor_16\03-01-02-02-02-02-16.wav,16000,1,3.8038,60861,OK
03-01-03-01-01-01-16.wav,c:\Users\kamal\group 2\Group-2-Speech-Recognition-Emotion-Classification-\data\raw\RAVDESS\Actor_16\03-01-03-01-01-01-16.wav,16000,1,3.7037,59260,OK
03-01-03-01-01-02-16.wav,c:\Users\kamal\group 2\Group-2-Speech-Recognition-Emotion-Classification-\data\raw\RAVDESS\Actor_16\03-01-03-01-01-02-16.wav,16000,1,3.6704,58726,OK
03-01-03-01-02-01-16.wav,c:\Users\kamal\group 2\Group-2-Speech-Recognition-Emotion-Classification-\data\raw\RAVDESS\Actor_16\03-01-03-01-02-01-16.wav,16000,1,3.7371,59793,OK
03-01-03-01-02-02-16.wav,c:\Users\kamal\group 2\Group-2-Speech-Recognition-Emotion-Classification-\data\raw\RAVDESS\Actor_16\03-01-03-01-02-02-16.wav,16000,1,3.6704,58726,OK
03-01-03-02-01-01-16.wav,c:\Users\kamal\group 2\Group-2-Speech-Recognition-Emotion-Classification-\data\raw\RAVDESS\Actor_16\03-01-03-02-01-01-16.wav,16000,1,3.7704,60327,OK
03-01-03-02-01-02-16.wav,c:\Users\kamal\group 2\Group-2-Speech-Recognition-Emotion-Classification-\data\raw\RAVDESS\Actor_16\03-01-03-02-01-02-16.wav,16000,1,3.5703,57124,OK
03-01-03-02-02-01-16.wav,c:\Users\kamal\group 2\Group-2-Speech-Recognition-Emotion-Classification-\data\raw\RAVDESS\Actor_16\03-01-03-02-02-01-16.wav,16000,1,3.7704,60327,OK
03-01-03-02-02-02-16.wav,c:\Users\kamal\group 2\Group-2-Speech-Recognition-Emotion-Classification-\data\raw\RAVDESS\Actor_16\03-01-03-02-02-02-16.wav,16000,1,3.8038,60861,OK
03-01-04-01-01-01-16.wav,c:\Users\kamal\group 2\Group-2-Speech-Recognition-Emotion-Classification-\data\raw\RAVDESS\Actor_16\03-01-04-01-01-01-16.wav,16000,1,3.5703,57124,OK
03-01-04-01-01-02-16.wav,c:\Users\kamal\group 2\Group-2-Speech-Recognition-Emotion-Classification-\data\raw\RAVDESS\Actor_16\03-01-04-01-01-02-16.wav,16000,1,3.637,58192,OK
03-01-04-01-02-01-16.wav,c:\Users\kamal\group 2\Group-2-Speech-Recognition-Emotion-Classification-\data\raw\RAVDESS\Actor_16\03-01-04-01-02-01-16.wav,16000,1,3.4034,54455,OK
03-01-04-01-02-02-16.wav,c:\Users\kamal\group 2\Group-2-Speech-Recognition-Emotion-Classification-\data\raw\RAVDESS\Actor_16\03-01-04-01-02-02-16.wav,16000,1,3.5035,56056,OK
03-01-04-02-01-01-16.wav,c:\Users\kamal\group 2\Group-2-Speech-Recognition-Emotion-Classification-\data\raw\RAVDESS\Actor_16\03-01-04-02-01-01-16.wav,16000,1,3.7371,59793,OK
03-01-04-02-01-02-16.wav,c:\Users\kamal\group 2\Group-2-Speech-Recognition-Emotion-Classification-\data\raw\RAVDESS\Actor_16\03-01-04-02-01-02-16.wav,16000,1,3.8038,60861,OK
03-01-04-02-02-01-16.wav,c:\Users\kamal\group 2\Group-2-Speech-Recognition-Emotion-Classification-\data\raw\RAVDESS\Actor_16\03-01-04-02-02-01-16.wav,16000,1,3.8706,61929,OK
03-01-04-02-02-02-16.wav,c:\Users\kamal\group 2\Group-2-Speech-Recognition-Emotion-Classification-\data\raw\RAVDESS\Actor_16\03-01-04-02-02-02-16.wav,16000,1,3.7371,59793,OK
03-01-05-01-01-01-16.wav,c:\Users\kamal\group 2\Group-2-Speech-Recognition-Emotion-Classification-\data\raw\RAVDESS\Actor_16\03-01-05-01-01-01-16.wav,16000,1,3.9707,63531,OK
03-01-05-01-01-02-16.wav,c:\Users\kamal\group 2\Group-2-Speech-Recognition-Emotion-Classification-\data\raw\RAVDESS\Actor_16\03-01-05-01-01-02-16.wav,16000,1,4.004,64064,OK
03-01-05-01-02-01-16.wav,c:\Users\kamal\group 2\Group-2-Speech-Recognition-Emotion-Classification-\data\raw\RAVDESS\Actor_16\03-01-05-01-02-01-16.wav,16000,1,3.9039,62463,OK
03-01-05-01-02-02-16.wav,c:\Users\kamal\group 2\Group-2-Speech-Recognition-Emotion-Classification-\data\raw\RAVDESS\Actor_16\03-01-05-01-02-02-16.wav,16000,1,3.9039,62463,OK
03-01-05-02-01-01-16.wav,c:\Users\kamal\group 2\Group-2-Speech-Recognition-Emotion-Classification-\data\raw\RAVDESS\Actor_16\03-01-05-02-01-01-16.wav,16000,1,3.9707,63531,OK
03-01-05-02-01-02-16.wav,c:\Users\kamal\group 2\Group-2-Speech-Recognition-Emotion-Classification-\data\raw\RAVDESS\Actor_16\03-01-05-02-01-02-16.wav,16000,1,3.7371,59793,OK
03-01-05-02-02-01-16.wav,c:\Users\kamal\group 2\Group-2-Speech-Recognition-Emotion-Classification-\data\raw\RAVDESS\Actor_16\03-01-05-02-02-01-16.wav,16000,1,3.8038,60861,OK
03-01-05-02-02-02-16.wav,c:\Users\kamal\group 2\Group-2-Speech-Recognition-Emotion-Classification-\data\raw\RAVDESS\Actor_16\03-01-05-02-02-02-16.wav,16000,1,4.0708,65132,OK
03-01-06-01-01-01-16.wav,c:\Users\kamal\group 2\Group-2-Speech-Recognition-Emotion-Classification-\data\raw\RAVDESS\Actor_16\03-01-06-01-01-01-16.wav,16000,1,3.7037,59259,OK
03-01-06-01-01-02-16.wav,c:\Users\kamal\group 2\Group-2-Speech-Recognition-Emotion-Classification-\data\raw\RAVDESS\Actor_16\03-01-06-01-01-02-16.wav,16000,1,3.5035,56056,OK
03-01-06-01-02-01-16.wav,c:\Users\kamal\group 2\Group-2-Speech-Recognition-Emotion-Classification-\data\raw\RAVDESS\Actor_16\03-01-06-01-02-01-16.wav,16000,1,3.637,58192,OK
03-01-06-01-02-02-16.wav,c:\Users\kamal\group 2\Group-2-Speech-Recognition-Emotion-Classification-\data\raw\RAVDESS\Actor_16\03-01-06-01-02-02-16.wav,16000,1,3.5703,57124,OK
03-01-06-02-01-01-16.wav,c:\Users\kamal\group 2\Group-2-Speech-Recognition-Emotion-Classification-\data\raw\RAVDESS\Actor_16\03-01-06-02-01-01-16.wav,16000,1,3.7371,59793,OK
03-01-06-02-01-02-16.wav,c:\Users\kamal\group 2\Group-2-Speech-Recognition-Emotion-Classification-\data\raw\RAVDESS\Actor_16\03-01-06-02-01-02-16.wav,16000,1,3.7371,59793,OK
03-01-06-02-02-01-16.wav,c:\Users\kamal\group 2\Group-2-Speech-Recognition-Emotion-Classification-\data\raw\RAVDESS\Actor_16\03-01-06-02-02-01-16.wav,16000,1,3.5369,56590,OK
03-01-06-02-02-02-16.wav,c:\Users\kamal\group 2\Group-2-Speech-Recognition-Emotion-Classification-\data\raw\RAVDESS\Actor_16\03-01-06-02-02-02-16.wav,16000,1,3.5035,56056,OK
03-01-07-01-01-01-16.wav,c:\Users\kamal\group 2\Group-2-Speech-Recognition-Emotion-Classification-\data\raw\RAVDESS\Actor_16\03-01-07-01-01-01-16.wav,16000,1,3.7704,60327,OK
03-01-07-01-01-02-16.wav,c:\Users\kamal\group 2\Group-2-Speech-Recognition-Emotion-Classification-\data\raw\RAVDESS\Actor_16\03-01-07-01-01-02-16.wav,16000,1,3.7371,59793,OK
03-01-07-01-02-01-16.wav,c:\Users\kamal\group 2\Group-2-Speech-Recognition-Emotion-Classification-\data\raw\RAVDESS\Actor_16\03-01-07-01-02-01-16.wav,16000,1,3.4701,55522,OK
03-01-07-01-02-02-16.wav,c:\Users\kamal\group 2\Group-2-Speech-Recognition-Emotion-Classification-\data\raw\RAVDESS\Actor_16\03-01-07-01-02-02-16.wav,16000,1,3.5703,57124,OK
03-01-07-02-01-01-16.wav,c:\Users\kamal\group 2\Group-2-Speech-Recognition-Emotion-Classification-\data\raw\RAVDESS\Actor_16\03-01-07-02-01-01-16.wav,16000,1,4.2709,68335,OK
03-01-07-02-01-02-16.wav,c:\Users\kamal\group 2\Group-2-Speech-Recognition-Emotion-Classification-\data\raw\RAVDESS\Actor_16\03-01-07-02-01-02-16.wav,16000,1,4.2376,67802,OK
03-01-07-02-02-01-16.wav,c:\Users\kamal\group 2\Group-2-Speech-Recognition-Emotion-Classification-\data\raw\RAVDESS\Actor_16\03-01-07-02-02-01-16.wav,16000,1,4.1375,66200,OK
03-01-07-02-02-02-16.wav,c:\Users\kamal\group 2\Group-2-Speech-Recognition-Emotion-Classification-\data\raw\RAVDESS\Actor_16\03-01-07-02-02-02-16.wav,16000,1,4.1375,66200,OK
03-01-08-01-01-01-16.wav,c:\Users\kamal\group 2\Group-2-Speech-Recognition-Emotion-Classification-\data\raw\RAVDESS\Actor_16\03-01-08-01-01-01-16.wav,16000,1,3.5369,56590,OK
03-01-08-01-01-02-16.wav,c:\Users\kamal\group 2\Group-2-Speech-Recognition-Emotion-Classification-\data\raw\RAVDESS\Actor_16\03-01-08-01-01-02-16.wav,16000,1,3.4367,54988,OK
03-01-08-01-02-01-16.wav,c:\Users\kamal\group 2\Group-2-Speech-Recognition-Emotion-Classification-\data\raw\RAVDESS\Actor_16\03-01-08-01-02-01-16.wav,16000,1,3.5035,56056,OK
03-01-08-01-02-02-16.wav,c:\Users\kamal\group 2\Group-2-Speech-Recognition-Emotion-Classification-\data\raw\RAVDESS\Actor_16\03-01-08-01-02-02-16.wav,16000,1,3.4368,54989,OK
03-01-08-02-01-01-16.wav,c:\Users\kamal\group 2\Group-2-Speech-Recognition-Emotion-Classification-\data\raw\RAVDESS\Actor_16\03-01-08-02-01-01-16.wav,16000,1,3.5369,56590,OK
03-01-08-02-01-02-16.wav,c:\Users\kamal\group 2\Group-2-Speech-Recognition-Emotion-Classification-\data\raw\RAVDESS\Actor_16\03-01-08-02-01-02-16.wav,16000,1,3.5369,56590,OK
03-01-08-02-02-01-16.wav,c:\Users\kamal\group 2\Group-2-Speech-Recognition-Emotion-Classification-\data\raw\RAVDESS\Actor_16\03-01-08-02-02-01-16.wav,16000,1,3.5703,57124,OK
03-01-08-02-02-02-16.wav,c:\Users\kamal\group 2\Group-2-Speech-Recognition-Emotion-Classification-\data\raw\RAVDESS\Actor_16\03-01-08-02-02-02-16.wav,16000,1,3.5703,57124,OK
03-01-01-01-01-01-17.wav,c:\Users\kamal\group 2\Group-2-Speech-Recognition-Emotion-Classification-\data\raw\RAVDESS\Actor_17\03-01-01-01-01-01-17.wav,16000,1,3.8372,61395,OK
03-01-01-01-01-02-17.wav,c:\Users\kamal\group 2\Group-2-Speech-Recognition-Emotion-Classification-\data\raw\RAVDESS\Actor_17\03-01-01-01-01-02-17.wav,16000,1,3.5035,56056,OK
03-01-01-01-02-01-17.wav,c:\Users\kamal\group 2\Group-2-Speech-Recognition-Emotion-Classification-\data\raw\RAVDESS\Actor_17\03-01-01-01-02-01-17.wav,16000,1,3.5035,56056,OK
03-01-01-01-02-02-17.wav,c:\Users\kamal\group 2\Group-2-Speech-Recognition-Emotion-Classification-\data\raw\RAVDESS\Actor_17\03-01-01-01-02-02-17.wav,16000,1,3.4701,55522,OK
03-01-02-01-01-01-17.wav,c:\Users\kamal\group 2\Group-2-Speech-Recognition-Emotion-Classification-\data\raw\RAVDESS\Actor_17\03-01-02-01-01-01-17.wav,16000,1,3.5035,56056,OK
03-01-02-01-01-02-17.wav,c:\Users\kamal\group 2\Group-2-Speech-Recognition-Emotion-Classification-\data\raw\RAVDESS\Actor_17\03-01-02-01-01-02-17.wav,16000,1,3.5369,56590,OK
03-01-02-01-02-01-17.wav,c:\Users\kamal\group 2\Group-2-Speech-Recognition-Emotion-Classification-\data\raw\RAVDESS\Actor_17\03-01-02-01-02-01-17.wav,16000,1,3.7371,59794,OK
03-01-02-01-02-02-17.wav,c:\Users\kamal\group 2\Group-2-Speech-Recognition-Emotion-Classification-\data\raw\RAVDESS\Actor_17\03-01-02-01-02-02-17.wav,16000,1,3.7704,60327,OK
03-01-02-02-01-01-17.wav,c:\Users\kamal\group 2\Group-2-Speech-Recognition-Emotion-Classification-\data\raw\RAVDESS\Actor_17\03-01-02-02-01-01-17.wav,16000,1,3.8706,61929,OK
03-01-02-02-01-02-17.wav,c:\Users\kamal\group 2\Group-2-Speech-Recognition-Emotion-Classification-\data\raw\RAVDESS\Actor_17\03-01-02-02-01-02-17.wav,16000,1,3.6036,57658,OK
03-01-02-02-02-01-17.wav,c:\Users\kamal\group 2\Group-2-Speech-Recognition-Emotion-Classification-\data\raw\RAVDESS\Actor_17\03-01-02-02-02-01-17.wav,16000,1,3.8372,61395,OK
03-01-02-02-02-02-17.wav,c:\Users\kamal\group 2\Group-2-Speech-Recognition-Emotion-Classification-\data\raw\RAVDESS\Actor_17\03-01-02-02-02-02-17.wav,16000,1,3.5369,56590,OK
03-01-03-01-01-01-17.wav,c:\Users\kamal\group 2\Group-2-Speech-Recognition-Emotion-Classification-\data\raw\RAVDESS\Actor_17\03-01-03-01-01-01-17.wav,16000,1,3.4701,55522,OK
03-01-03-01-01-02-17.wav,c:\Users\kamal\group 2\Group-2-Speech-Recognition-Emotion-Classification-\data\raw\RAVDESS\Actor_17\03-01-03-01-01-02-17.wav,16000,1,3.5369,56590,OK
03-01-03-01-02-01-17.wav,c:\Users\kamal\group 2\Group-2-Speech-Recognition-Emotion-Classification-\data\raw\RAVDESS\Actor_17\03-01-03-01-02-01-17.wav,16000,1,3.4702,55523,OK
03-01-03-01-02-02-17.wav,c:\Users\kamal\group 2\Group-2-Speech-Recognition-Emotion-Classification-\data\raw\RAVDESS\Actor_17\03-01-03-01-02-02-17.wav,16000,1,3.5369,56590,OK
03-01-03-02-01-01-17.wav,c:\Users\kamal\group 2\Group-2-Speech-Recognition-Emotion-Classification-\data\raw\RAVDESS\Actor_17\03-01-03-02-01-01-17.wav,16000,1,3.7371,59793,OK
03-01-03-02-01-02-17.wav,c:\Users\kamal\group 2\Group-2-Speech-Recognition-Emotion-Classification-\data\raw\RAVDESS\Actor_17\03-01-03-02-01-02-17.wav,16000,1,4.1041,65666,OK
03-01-03-02-02-01-17.wav,c:\Users\kamal\group 2\Group-2-Speech-Recognition-Emotion-Classification-\data\raw\RAVDESS\Actor_17\03-01-03-02-02-01-17.wav,16000,1,3.7371,59793,OK
03-01-03-02-02-02-17.wav,c:\Users\kamal\group 2\Group-2-Speech-Recognition-Emotion-Classification-\data\raw\RAVDESS\Actor_17\03-01-03-02-02-02-17.wav,16000,1,3.8038,60861,OK
03-01-04-01-01-01-17.wav,c:\Users\kamal\group 2\Group-2-Speech-Recognition-Emotion-Classification-\data\raw\RAVDESS\Actor_17\03-01-04-01-01-01-17.wav,16000,1,3.6704,58726,OK
03-01-04-01-01-02-17.wav,c:\Users\kamal\group 2\Group-2-Speech-Recognition-Emotion-Classification-\data\raw\RAVDESS\Actor_17\03-01-04-01-01-02-17.wav,16000,1,3.5035,56056,OK
03-01-04-01-02-01-17.wav,c:\Users\kamal\group 2\Group-2-Speech-Recognition-Emotion-Classification-\data\raw\RAVDESS\Actor_17\03-01-04-01-02-01-17.wav,16000,1,3.5703,57124,OK
03-01-04-01-02-02-17.wav,c:\Users\kamal\group 2\Group-2-Speech-Recognition-Emotion-Classification-\data\raw\RAVDESS\Actor_17\03-01-04-01-02-02-17.wav,16000,1,3.6036,57658,OK
03-01-04-02-01-01-17.wav,c:\Users\kamal\group 2\Group-2-Speech-Recognition-Emotion-Classification-\data\raw\RAVDESS\Actor_17\03-01-04-02-01-01-17.wav,16000,1,3.6704,58726,OK
03-01-04-02-01-02-17.wav,c:\Users\kamal\group 2\Group-2-Speech-Recognition-Emotion-Classification-\data\raw\RAVDESS\Actor_17\03-01-04-02-01-02-17.wav,16000,1,3.7037,59260,OK
03-01-04-02-02-01-17.wav,c:\Users\kamal\group 2\Group-2-Speech-Recognition-Emotion-Classification-\data\raw\RAVDESS\Actor_17\03-01-04-02-02-01-17.wav,16000,1,3.6036,57658,OK
03-01-04-02-02-02-17.wav,c:\Users\kamal\group 2\Group-2-Speech-Recognition-Emotion-Classification-\data\raw\RAVDESS\Actor_17\03-01-04-02-02-02-17.wav,16000,1,3.5703,57124,OK
03-01-05-01-01-01-17.wav,c:\Users\kamal\group 2\Group-2-Speech-Recognition-Emotion-Classification-\data\raw\RAVDESS\Actor_17\03-01-05-01-01-01-17.wav,16000,1,3.4702,55523,OK
03-01-05-01-01-02-17.wav,c:\Users\kamal\group 2\Group-2-Speech-Recognition-Emotion-Classification-\data\raw\RAVDESS\Actor_17\03-01-05-01-01-02-17.wav,16000,1,3.7037,59260,OK
03-01-05-01-02-01-17.wav,c:\Users\kamal\group 2\Group-2-Speech-Recognition-Emotion-Classification-\data\raw\RAVDESS\Actor_17\03-01-05-01-02-01-17.wav,16000,1,3.6036,57658,OK
03-01-05-01-02-02-17.wav,c:\Users\kamal\group 2\Group-2-Speech-Recognition-Emotion-Classification-\data\raw\RAVDESS\Actor_17\03-01-05-01-02-02-17.wav,16000,1,3.5369,56590,OK
03-01-05-02-01-01-17.wav,c:\Users\kamal\group 2\Group-2-Speech-Recognition-Emotion-Classification-\data\raw\RAVDESS\Actor_17\03-01-05-02-01-01-17.wav,16000,1,3.5035,56056,OK
03-01-05-02-01-02-17.wav,c:\Users\kamal\group 2\Group-2-Speech-Recognition-Emotion-Classification-\data\raw\RAVDESS\Actor_17\03-01-05-02-01-02-17.wav,16000,1,3.7371,59793,OK
03-01-05-02-02-01-17.wav,c:\Users\kamal\group 2\Group-2-Speech-Recognition-Emotion-Classification-\data\raw\RAVDESS\Actor_17\03-01-05-02-02-01-17.wav,16000,1,3.637,58192,OK
03-01-05-02-02-02-17.wav,c:\Users\kamal\group 2\Group-2-Speech-Recognition-Emotion-Classification-\data\raw\RAVDESS\Actor_17\03-01-05-02-02-02-17.wav,16000,1,3.8038,60861,OK
03-01-06-01-01-01-17.wav,c:\Users\kamal\group 2\Group-2-Speech-Recognition-Emotion-Classification-\data\raw\RAVDESS\Actor_17\03-01-06-01-01-01-17.wav,16000,1,3.4701,55522,OK
03-01-06-01-01-02-17.wav,c:\Users\kamal\group 2\Group-2-Speech-Recognition-Emotion-Classification-\data\raw\RAVDESS\Actor_17\03-01-06-01-01-02-17.wav,16000,1,3.5035,56056,OK
03-01-06-01-02-01-17.wav,c:\Users\kamal\group 2\Group-2-Speech-Recognition-Emotion-Classification-\data\raw\RAVDESS\Actor_17\03-01-06-01-02-01-17.wav,16000,1,3.5369,56590,OK
03-01-06-01-02-02-17.wav,c:\Users\kamal\group 2\Group-2-Speech-Recognition-Emotion-Classification-\data\raw\RAVDESS\Actor_17\03-01-06-01-02-02-17.wav,16000,1,3.637,58192,OK
03-01-06-02-01-01-17.wav,c:\Users\kamal\group 2\Group-2-Speech-Recognition-Emotion-Classification-\data\raw\RAVDESS\Actor_17\03-01-06-02-01-01-17.wav,16000,1,3.7037,59260,OK
03-01-06-02-01-02-17.wav,c:\Users\kamal\group 2\Group-2-Speech-Recognition-Emotion-Classification-\data\raw\RAVDESS\Actor_17\03-01-06-02-01-02-17.wav,16000,1,3.7371,59793,OK
03-01-06-02-02-01-17.wav,c:\Users\kamal\group 2\Group-2-Speech-Recognition-Emotion-Classification-\data\raw\RAVDESS\Actor_17\03-01-06-02-02-01-17.wav,16000,1,3.6704,58726,OK
03-01-06-02-02-02-17.wav,c:\Users\kamal\group 2\Group-2-Speech-Recognition-Emotion-Classification-\data\raw\RAVDESS\Actor_17\03-01-06-02-02-02-17.wav,16000,1,3.8372,61395,OK
03-01-07-01-01-01-17.wav,c:\Users\kamal\group 2\Group-2-Speech-Recognition-Emotion-Classification-\data\raw\RAVDESS\Actor_17\03-01-07-01-01-01-17.wav,16000,1,3.8372,61395,OK
03-01-07-01-01-02-17.wav,c:\Users\kamal\group 2\Group-2-Speech-Recognition-Emotion-Classification-\data\raw\RAVDESS\Actor_17\03-01-07-01-01-02-17.wav,16000,1,3.7037,59260,OK
03-01-07-01-02-01-17.wav,c:\Users\kamal\group 2\Group-2-Speech-Recognition-Emotion-Classification-\data\raw\RAVDESS\Actor_17\03-01-07-01-02-01-17.wav,16000,1,3.5703,57124,OK
03-01-07-01-02-02-17.wav,c:\Users\kamal\group 2\Group-2-Speech-Recognition-Emotion-Classification-\data\raw\RAVDESS\Actor_17\03-01-07-01-02-02-17.wav,16000,1,3.5035,56056,OK
03-01-07-02-01-01-17.wav,c:\Users\kamal\group 2\Group-2-Speech-Recognition-Emotion-Classification-\data\raw\RAVDESS\Actor_17\03-01-07-02-01-01-17.wav,16000,1,4.2043,67268,OK
03-01-07-02-01-02-17.wav,c:\Users\kamal\group 2\Group-2-Speech-Recognition-Emotion-Classification-\data\raw\RAVDESS\Actor_17\03-01-07-02-01-02-17.wav,16000,1,4.1709,66734,OK
03-01-07-02-02-01-17.wav,c:\Users\kamal\group 2\Group-2-Speech-Recognition-Emotion-Classification-\data\raw\RAVDESS\Actor_17\03-01-07-02-02-01-17.wav,16000,1,4.4712,71539,OK
03-01-07-02-02-02-17.wav,c:\Users\kamal\group 2\Group-2-Speech-Recognition-Emotion-Classification-\data\raw\RAVDESS\Actor_17\03-01-07-02-02-02-17.wav,16000,1,4.6046,73674,OK
03-01-08-01-01-01-17.wav,c:\Users\kamal\group 2\Group-2-Speech-Recognition-Emotion-Classification-\data\raw\RAVDESS\Actor_17\03-01-08-01-01-01-17.wav,16000,1,3.4034,54455,OK
03-01-08-01-01-02-17.wav,c:\Users\kamal\group 2\Group-2-Speech-Recognition-Emotion-Classification-\data\raw\RAVDESS\Actor_17\03-01-08-01-01-02-17.wav,16000,1,3.637,58192,OK
03-01-08-01-02-01-17.wav,c:\Users\kamal\group 2\Group-2-Speech-Recognition-Emotion-Classification-\data\raw\RAVDESS\Actor_17\03-01-08-01-02-01-17.wav,16000,1,3.3701,53921,OK
03-01-08-01-02-02-17.wav,c:\Users\kamal\group 2\Group-2-Speech-Recognition-Emotion-Classification-\data\raw\RAVDESS\Actor_17\03-01-08-01-02-02-17.wav,16000,1,3.4368,54989,OK
03-01-08-02-01-01-17.wav,c:\Users\kamal\group 2\Group-2-Speech-Recognition-Emotion-Classification-\data\raw\RAVDESS\Actor_17\03-01-08-02-01-01-17.wav,16000,1,3.5369,56590,OK
03-01-08-02-01-02-17.wav,c:\Users\kamal\group 2\Group-2-Speech-Recognition-Emotion-Classification-\data\raw\RAVDESS\Actor_17\03-01-08-02-01-02-17.wav,16000,1,3.6704,58726,OK
03-01-08-02-02-01-17.wav,c:\Users\kamal\group 2\Group-2-Speech-Recognition-Emotion-Classification-\data\raw\RAVDESS\Actor_17\03-01-08-02-02-01-17.wav,16000,1,3.4368,54989,OK
03-01-08-02-02-02-17.wav,c:\Users\kamal\group 2\Group-2-Speech-Recognition-Emotion-Classification-\data\raw\RAVDESS\Actor_17\03-01-08-02-02-02-17.wav,16000,1,3.5369,56590,OK
03-01-01-01-01-01-18.wav,c:\Users\kamal\group 2\Group-2-Speech-Recognition-Emotion-Classification-\data\raw\RAVDESS\Actor_18\03-01-01-01-01-01-18.wav,16000,1,3.4702,55523,OK
03-01-01-01-01-02-18.wav,c:\Users\kamal\group 2\Group-2-Speech-Recognition-Emotion-Classification-\data\raw\RAVDESS\Actor_18\03-01-01-01-01-02-18.wav,16000,1,3.5369,56590,OK
03-01-01-01-02-01-18.wav,c:\Users\kamal\group 2\Group-2-Speech-Recognition-Emotion-Classification-\data\raw\RAVDESS\Actor_18\03-01-01-01-02-01-18.wav,16000,1,3.4701,55522,OK
03-01-01-01-02-02-18.wav,c:\Users\kamal\group 2\Group-2-Speech-Recognition-Emotion-Classification-\data\raw\RAVDESS\Actor_18\03-01-01-01-02-02-18.wav,16000,1,3.4702,55523,OK
03-01-02-01-01-01-18.wav,c:\Users\kamal\group 2\Group-2-Speech-Recognition-Emotion-Classification-\data\raw\RAVDESS\Actor_18\03-01-02-01-01-01-18.wav,16000,1,3.4701,55522,OK
03-01-02-01-01-02-18.wav,c:\Users\kamal\group 2\Group-2-Speech-Recognition-Emotion-Classification-\data\raw\RAVDESS\Actor_18\03-01-02-01-01-02-18.wav,16000,1,3.4034,54455,OK
03-01-02-01-02-01-18.wav,c:\Users\kamal\group 2\Group-2-Speech-Recognition-Emotion-Classification-\data\raw\RAVDESS\Actor_18\03-01-02-01-02-01-18.wav,16000,1,3.637,58192,OK
03-01-02-01-02-02-18.wav,c:\Users\kamal\group 2\Group-2-Speech-Recognition-Emotion-Classification-\data\raw\RAVDESS\Actor_18\03-01-02-01-02-02-18.wav,16000,1,3.5035,56056,OK
03-01-02-02-01-01-18.wav,c:\Users\kamal\group 2\Group-2-Speech-Recognition-Emotion-Classification-\data\raw\RAVDESS\Actor_18\03-01-02-02-01-01-18.wav,16000,1,3.6036,57658,OK
03-01-02-02-01-02-18.wav,c:\Users\kamal\group 2\Group-2-Speech-Recognition-Emotion-Classification-\data\raw\RAVDESS\Actor_18\03-01-02-02-01-02-18.wav,16000,1,3.6036,57658,OK
03-01-02-02-02-01-18.wav,c:\Users\kamal\group 2\Group-2-Speech-Recognition-Emotion-Classification-\data\raw\RAVDESS\Actor_18\03-01-02-02-02-01-18.wav,16000,1,3.6036,57658,OK
03-01-02-02-02-02-18.wav,c:\Users\kamal\group 2\Group-2-Speech-Recognition-Emotion-Classification-\data\raw\RAVDESS\Actor_18\03-01-02-02-02-02-18.wav,16000,1,3.6036,57658,OK
03-01-03-01-01-01-18.wav,c:\Users\kamal\group 2\Group-2-Speech-Recognition-Emotion-Classification-\data\raw\RAVDESS\Actor_18\03-01-03-01-01-01-18.wav,16000,1,3.4034,54455,OK
03-01-03-01-01-02-18.wav,c:\Users\kamal\group 2\Group-2-Speech-Recognition-Emotion-Classification-\data\raw\RAVDESS\Actor_18\03-01-03-01-01-02-18.wav,16000,1,3.3701,53921,OK
03-01-03-01-02-01-18.wav,c:\Users\kamal\group 2\Group-2-Speech-Recognition-Emotion-Classification-\data\raw\RAVDESS\Actor_18\03-01-03-01-02-01-18.wav,16000,1,3.4367,54988,OK
03-01-03-01-02-02-18.wav,c:\Users\kamal\group 2\Group-2-Speech-Recognition-Emotion-Classification-\data\raw\RAVDESS\Actor_18\03-01-03-01-02-02-18.wav,16000,1,3.5035,56056,OK
03-01-03-02-01-01-18.wav,c:\Users\kamal\group 2\Group-2-Speech-Recognition-Emotion-Classification-\data\raw\RAVDESS\Actor_18\03-01-03-02-01-01-18.wav,16000,1,3.7704,60327,OK
03-01-03-02-01-02-18.wav,c:\Users\kamal\group 2\Group-2-Speech-Recognition-Emotion-Classification-\data\raw\RAVDESS\Actor_18\03-01-03-02-01-02-18.wav,16000,1,3.9373,62996,OK
03-01-03-02-02-01-18.wav,c:\Users\kamal\group 2\Group-2-Speech-Recognition-Emotion-Classification-\data\raw\RAVDESS\Actor_18\03-01-03-02-02-01-18.wav,16000,1,3.7704,60327,OK
03-01-03-02-02-02-18.wav,c:\Users\kamal\group 2\Group-2-Speech-Recognition-Emotion-Classification-\data\raw\RAVDESS\Actor_18\03-01-03-02-02-02-18.wav,16000,1,3.8372,61395,OK
03-01-04-01-01-01-18.wav,c:\Users\kamal\group 2\Group-2-Speech-Recognition-Emotion-Classification-\data\raw\RAVDESS\Actor_18\03-01-04-01-01-01-18.wav,16000,1,3.5703,57124,OK
03-01-04-01-01-02-18.wav,c:\Users\kamal\group 2\Group-2-Speech-Recognition-Emotion-Classification-\data\raw\RAVDESS\Actor_18\03-01-04-01-01-02-18.wav,16000,1,3.637,58192,OK
03-01-04-01-02-01-18.wav,c:\Users\kamal\group 2\Group-2-Speech-Recognition-Emotion-Classification-\data\raw\RAVDESS\Actor_18\03-01-04-01-02-01-18.wav,16000,1,3.5369,56590,OK
03-01-04-01-02-02-18.wav,c:\Users\kamal\group 2\Group-2-Speech-Recognition-Emotion-Classification-\data\raw\RAVDESS\Actor_18\03-01-04-01-02-02-18.wav,16000,1,3.637,58192,OK
03-01-04-02-01-01-18.wav,c:\Users\kamal\group 2\Group-2-Speech-Recognition-Emotion-Classification-\data\raw\RAVDESS\Actor_18\03-01-04-02-01-01-18.wav,16000,1,3.8038,60861,OK
03-01-04-02-01-02-18.wav,c:\Users\kamal\group 2\Group-2-Speech-Recognition-Emotion-Classification-\data\raw\RAVDESS\Actor_18\03-01-04-02-01-02-18.wav,16000,1,3.8372,61395,OK
03-01-04-02-02-01-18.wav,c:\Users\kamal\group 2\Group-2-Speech-Recognition-Emotion-Classification-\data\raw\RAVDESS\Actor_18\03-01-04-02-02-01-18.wav,16000,1,4.1375,66200,OK
03-01-04-02-02-02-18.wav,c:\Users\kamal\group 2\Group-2-Speech-Recognition-Emotion-Classification-\data\raw\RAVDESS\Actor_18\03-01-04-02-02-02-18.wav,16000,1,3.8372,61395,OK
03-01-05-01-01-01-18.wav,c:\Users\kamal\group 2\Group-2-Speech-Recognition-Emotion-Classification-\data\raw\RAVDESS\Actor_18\03-01-05-01-01-01-18.wav,16000,1,3.9039,62463,OK
03-01-05-01-01-02-18.wav,c:\Users\kamal\group 2\Group-2-Speech-Recognition-Emotion-Classification-\data\raw\RAVDESS\Actor_18\03-01-05-01-01-02-18.wav,16000,1,4.1709,66734,OK
03-01-05-01-02-01-18.wav,c:\Users\kamal\group 2\Group-2-Speech-Recognition-Emotion-Classification-\data\raw\RAVDESS\Actor_18\03-01-05-01-02-01-18.wav,16000,1,3.5703,57124,OK
03-01-05-01-02-02-18.wav,c:\Users\kamal\group 2\Group-2-Speech-Recognition-Emotion-Classification-\data\raw\RAVDESS\Actor_18\03-01-05-01-02-02-18.wav,16000,1,3.637,58192,OK
03-01-05-02-01-01-18.wav,c:\Users\kamal\group 2\Group-2-Speech-Recognition-Emotion-Classification-\data\raw\RAVDESS\Actor_18\03-01-05-02-01-01-18.wav,16000,1,3.7037,59260,OK
03-01-05-02-01-02-18.wav,c:\Users\kamal\group 2\Group-2-Speech-Recognition-Emotion-Classification-\data\raw\RAVDESS\Actor_18\03-01-05-02-01-02-18.wav,16000,1,3.7704,60327,OK
03-01-05-02-02-01-18.wav,c:\Users\kamal\group 2\Group-2-Speech-Recognition-Emotion-Classification-\data\raw\RAVDESS\Actor_18\03-01-05-02-02-01-18.wav,16000,1,3.8372,61395,OK
03-01-05-02-02-02-18.wav,c:\Users\kamal\group 2\Group-2-Speech-Recognition-Emotion-Classification-\data\raw\RAVDESS\Actor_18\03-01-05-02-02-02-18.wav,16000,1,4.2376,67801,OK
03-01-06-01-01-01-18.wav,c:\Users\kamal\group 2\Group-2-Speech-Recognition-Emotion-Classification-\data\raw\RAVDESS\Actor_18\03-01-06-01-01-01-18.wav,16000,1,3.4368,54989,OK
03-01-06-01-01-02-18.wav,c:\Users\kamal\group 2\Group-2-Speech-Recognition-Emotion-Classification-\data\raw\RAVDESS\Actor_18\03-01-06-01-01-02-18.wav,16000,1,3.4034,54455,OK
03-01-06-01-02-01-18.wav,c:\Users\kamal\group 2\Group-2-Speech-Recognition-Emotion-Classification-\data\raw\RAVDESS\Actor_18\03-01-06-01-02-01-18.wav,16000,1,3.4701,55522,OK
03-01-06-01-02-02-18.wav,c:\Users\kamal\group 2\Group-2-Speech-Recognition-Emotion-Classification-\data\raw\RAVDESS\Actor_18\03-01-06-01-02-02-18.wav,16000,1,3.4702,55523,OK
03-01-06-02-01-01-18.wav,c:\Users\kamal\group 2\Group-2-Speech-Recognition-Emotion-Classification-\data\raw\RAVDESS\Actor_18\03-01-06-02-01-01-18.wav,16000,1,3.7371,59794,OK
03-01-06-02-01-02-18.wav,c:\Users\kamal\group 2\Group-2-Speech-Recognition-Emotion-Classification-\data\raw\RAVDESS\Actor_18\03-01-06-02-01-02-18.wav,16000,1,4.1709,66734,OK
03-01-06-02-02-01-18.wav,c:\Users\kamal\group 2\Group-2-Speech-Recognition-Emotion-Classification-\data\raw\RAVDESS\Actor_18\03-01-06-02-02-01-18.wav,16000,1,3.8038,60861,OK
03-01-06-02-02-02-18.wav,c:\Users\kamal\group 2\Group-2-Speech-Recognition-Emotion-Classification-\data\raw\RAVDESS\Actor_18\03-01-06-02-02-02-18.wav,16000,1,3.8038,60861,OK
03-01-07-01-01-01-18.wav,c:\Users\kamal\group 2\Group-2-Speech-Recognition-Emotion-Classification-\data\raw\RAVDESS\Actor_18\03-01-07-01-01-01-18.wav,16000,1,4.3043,68869,OK
03-01-07-01-01-02-18.wav,c:\Users\kamal\group 2\Group-2-Speech-Recognition-Emotion-Classification-\data\raw\RAVDESS\Actor_18\03-01-07-01-01-02-18.wav,16000,1,4.0708,65132,OK
03-01-07-01-02-01-18.wav,c:\Users\kamal\group 2\Group-2-Speech-Recognition-Emotion-Classification-\data\raw\RAVDESS\Actor_18\03-01-07-01-02-01-18.wav,16000,1,3.6704,58726,OK
03-01-07-01-02-02-18.wav,c:\Users\kamal\group 2\Group-2-Speech-Recognition-Emotion-Classification-\data\raw\RAVDESS\Actor_18\03-01-07-01-02-02-18.wav,16000,1,4.3711,69937,OK
03-01-07-02-01-01-18.wav,c:\Users\kamal\group 2\Group-2-Speech-Recognition-Emotion-Classification-\data\raw\RAVDESS\Actor_18\03-01-07-02-01-01-18.wav,16000,1,4.7714,76343,OK
03-01-07-02-01-02-18.wav,c:\Users\kamal\group 2\Group-2-Speech-Recognition-Emotion-Classification-\data\raw\RAVDESS\Actor_18\03-01-07-02-01-02-18.wav,16000,1,4.4712,71539,OK
03-01-07-02-02-01-18.wav,c:\Users\kamal\group 2\Group-2-Speech-Recognition-Emotion-Classification-\data\raw\RAVDESS\Actor_18\03-01-07-02-02-01-18.wav,16000,1,4.638,74208,OK
03-01-07-02-02-02-18.wav,c:\Users\kamal\group 2\Group-2-Speech-Recognition-Emotion-Classification-\data\raw\RAVDESS\Actor_18\03-01-07-02-02-02-18.wav,16000,1,4.5713,73140,OK
03-01-08-01-01-01-18.wav,c:\Users\kamal\group 2\Group-2-Speech-Recognition-Emotion-Classification-\data\raw\RAVDESS\Actor_18\03-01-08-01-01-01-18.wav,16000,1,3.3701,53921,OK
03-01-08-01-01-02-18.wav,c:\Users\kamal\group 2\Group-2-Speech-Recognition-Emotion-Classification-\data\raw\RAVDESS\Actor_18\03-01-08-01-01-02-18.wav,16000,1,3.5035,56056,OK
03-01-08-01-02-01-18.wav,c:\Users\kamal\group 2\Group-2-Speech-Recognition-Emotion-Classification-\data\raw\RAVDESS\Actor_18\03-01-08-01-02-01-18.wav,16000,1,3.5035,56056,OK
03-01-08-01-02-02-18.wav,c:\Users\kamal\group 2\Group-2-Speech-Recognition-Emotion-Classification-\data\raw\RAVDESS\Actor_18\03-01-08-01-02-02-18.wav,16000,1,3.5035,56056,OK
03-01-08-02-01-01-18.wav,c:\Users\kamal\group 2\Group-2-Speech-Recognition-Emotion-Classification-\data\raw\RAVDESS\Actor_18\03-01-08-02-01-01-18.wav,16000,1,3.637,58192,OK
03-01-08-02-01-02-18.wav,c:\Users\kamal\group 2\Group-2-Speech-Recognition-Emotion-Classification-\data\raw\RAVDESS\Actor_18\03-01-08-02-01-02-18.wav,16000,1,3.5369,56590,OK
03-01-08-02-02-01-18.wav,c:\Users\kamal\group 2\Group-2-Speech-Recognition-Emotion-Classification-\data\raw\RAVDESS\Actor_18\03-01-08-02-02-01-18.wav,16000,1,3.8706,61929,OK
03-01-08-02-02-02-18.wav,c:\Users\kamal\group 2\Group-2-Speech-Recognition-Emotion-Classification-\data\raw\RAVDESS\Actor_18\03-01-08-02-02-02-18.wav,16000,1,3.637,58192,OK
03-01-01-01-01-01-19.wav,c:\Users\kamal\group 2\Group-2-Speech-Recognition-Emotion-Classification-\data\raw\RAVDESS\Actor_19\03-01-01-01-01-01-19.wav,16000,1,3.3701,53921,OK
03-01-01-01-01-02-19.wav,c:\Users\kamal\group 2\Group-2-Speech-Recognition-Emotion-Classification-\data\raw\RAVDESS\Actor_19\03-01-01-01-01-02-19.wav,16000,1,3.2366,51785,OK
03-01-01-01-02-01-19.wav,c:\Users\kamal\group 2\Group-2-Speech-Recognition-Emotion-Classification-\data\raw\RAVDESS\Actor_19\03-01-01-01-02-01-19.wav,16000,1,3.3367,53387,OK
03-01-01-01-02-02-19.wav,c:\Users\kamal\group 2\Group-2-Speech-Recognition-Emotion-Classification-\data\raw\RAVDESS\Actor_19\03-01-01-01-02-02-19.wav,16000,1,3.3033,52853,OK
03-01-02-01-01-01-19.wav,c:\Users\kamal\group 2\Group-2-Speech-Recognition-Emotion-Classification-\data\raw\RAVDESS\Actor_19\03-01-02-01-01-01-19.wav,16000,1,3.6704,58726,OK
03-01-02-01-01-02-19.wav,c:\Users\kamal\group 2\Group-2-Speech-Recognition-Emotion-Classification-\data\raw\RAVDESS\Actor_19\03-01-02-01-01-02-19.wav,16000,1,3.6704,58726,OK
03-01-02-01-02-01-19.wav,c:\Users\kamal\group 2\Group-2-Speech-Recognition-Emotion-Classification-\data\raw\RAVDESS\Actor_19\03-01-02-01-02-01-19.wav,16000,1,3.3367,53387,OK
03-01-02-01-02-02-19.wav,c:\Users\kamal\group 2\Group-2-Speech-Recognition-Emotion-Classification-\data\raw\RAVDESS\Actor_19\03-01-02-01-02-02-19.wav,16000,1,3.4701,55522,OK
03-01-02-02-01-01-19.wav,c:\Users\kamal\group 2\Group-2-Speech-Recognition-Emotion-Classification-\data\raw\RAVDESS\Actor_19\03-01-02-02-01-01-19.wav,16000,1,4.4712,71539,OK
03-01-02-02-01-02-19.wav,c:\Users\kamal\group 2\Group-2-Speech-Recognition-Emotion-Classification-\data\raw\RAVDESS\Actor_19\03-01-02-02-01-02-19.wav,16000,1,4.0374,64598,OK
03-01-02-02-02-01-19.wav,c:\Users\kamal\group 2\Group-2-Speech-Recognition-Emotion-Classification-\data\raw\RAVDESS\Actor_19\03-01-02-02-02-01-19.wav,16000,1,4.6046,73674,OK
03-01-02-02-02-02-19.wav,c:\Users\kamal\group 2\Group-2-Speech-Recognition-Emotion-Classification-\data\raw\RAVDESS\Actor_19\03-01-02-02-02-02-19.wav,16000,1,4.3043,68869,OK
03-01-03-01-01-01-19.wav,c:\Users\kamal\group 2\Group-2-Speech-Recognition-Emotion-Classification-\data\raw\RAVDESS\Actor_19\03-01-03-01-01-01-19.wav,16000,1,3.637,58192,OK
03-01-03-01-01-02-19.wav,c:\Users\kamal\group 2\Group-2-Speech-Recognition-Emotion-Classification-\data\raw\RAVDESS\Actor_19\03-01-03-01-01-02-19.wav,16000,1,3.7037,59260,OK
03-01-03-01-02-01-19.wav,c:\Users\kamal\group 2\Group-2-Speech-Recognition-Emotion-Classification-\data\raw\RAVDESS\Actor_19\03-01-03-01-02-01-19.wav,16000,1,3.2699,52319,OK
03-01-03-01-02-02-19.wav,c:\Users\kamal\group 2\Group-2-Speech-Recognition-Emotion-Classification-\data\raw\RAVDESS\Actor_19\03-01-03-01-02-02-19.wav,16000,1,3.3033,52853,OK
03-01-03-02-01-01-19.wav,c:\Users\kamal\group 2\Group-2-Speech-Recognition-Emotion-Classification-\data\raw\RAVDESS\Actor_19\03-01-03-02-01-01-19.wav,16000,1,3.7704,60327,OK
03-01-03-02-01-02-19.wav,c:\Users\kamal\group 2\Group-2-Speech-Recognition-Emotion-Classification-\data\raw\RAVDESS\Actor_19\03-01-03-02-01-02-19.wav,16000,1,3.8038,60861,OK
03-01-03-02-02-01-19.wav,c:\Users\kamal\group 2\Group-2-Speech-Recognition-Emotion-Classification-\data\raw\RAVDESS\Actor_19\03-01-03-02-02-01-19.wav,16000,1,4.4044,70471,OK
03-01-03-02-02-02-19.wav,c:\Users\kamal\group 2\Group-2-Speech-Recognition-Emotion-Classification-\data\raw\RAVDESS\Actor_19\03-01-03-02-02-02-19.wav,16000,1,4.004,64064,OK
03-01-04-01-01-01-19.wav,c:\Users\kamal\group 2\Group-2-Speech-Recognition-Emotion-Classification-\data\raw\RAVDESS\Actor_19\03-01-04-01-01-01-19.wav,16000,1,3.4368,54989,OK
03-01-04-01-01-02-19.wav,c:\Users\kamal\group 2\Group-2-Speech-Recognition-Emotion-Classification-\data\raw\RAVDESS\Actor_19\03-01-04-01-01-02-19.wav,16000,1,3.6704,58726,OK
03-01-04-01-02-01-19.wav,c:\Users\kamal\group 2\Group-2-Speech-Recognition-Emotion-Classification-\data\raw\RAVDESS\Actor_19\03-01-04-01-02-01-19.wav,16000,1,3.1699,50718,OK
03-01-04-01-02-02-19.wav,c:\Users\kamal\group 2\Group-2-Speech-Recognition-Emotion-Classification-\data\raw\RAVDESS\Actor_19\03-01-04-01-02-02-19.wav,16000,1,3.6704,58726,OK
03-01-04-02-01-01-19.wav,c:\Users\kamal\group 2\Group-2-Speech-Recognition-Emotion-Classification-\data\raw\RAVDESS\Actor_19\03-01-04-02-01-01-19.wav,16000,1,4.004,64064,OK
03-01-04-02-01-02-19.wav,c:\Users\kamal\group 2\Group-2-Speech-Recognition-Emotion-Classification-\data\raw\RAVDESS\Actor_19\03-01-04-02-01-02-19.wav,16000,1,3.7037,59260,OK
03-01-04-02-02-01-19.wav,c:\Users\kamal\group 2\Group-2-Speech-Recognition-Emotion-Classification-\data\raw\RAVDESS\Actor_19\03-01-04-02-02-01-19.wav,16000,1,3.4034,54455,OK
03-01-04-02-02-02-19.wav,c:\Users\kamal\group 2\Group-2-Speech-Recognition-Emotion-Classification-\data\raw\RAVDESS\Actor_19\03-01-04-02-02-02-19.wav,16000,1,3.7371,59794,OK
03-01-05-01-01-01-19.wav,c:\Users\kamal\group 2\Group-2-Speech-Recognition-Emotion-Classification-\data\raw\RAVDESS\Actor_19\03-01-05-01-01-01-19.wav,16000,1,3.7704,60327,OK
03-01-05-01-01-02-19.wav,c:\Users\kamal\group 2\Group-2-Speech-Recognition-Emotion-Classification-\data\raw\RAVDESS\Actor_19\03-01-05-01-01-02-19.wav,16000,1,3.7037,59260,OK
03-01-05-01-02-01-19.wav,c:\Users\kamal\group 2\Group-2-Speech-Recognition-Emotion-Classification-\data\raw\RAVDESS\Actor_19\03-01-05-01-02-01-19.wav,16000,1,3.3033,52853,OK
03-01-05-01-02-02-19.wav,c:\Users\kamal\group 2\Group-2-Speech-Recognition-Emotion-Classification-\data\raw\RAVDESS\Actor_19\03-01-05-01-02-02-19.wav,16000,1,3.5703,57124,OK
03-01-05-02-01-01-19.wav,c:\Users\kamal\group 2\Group-2-Speech-Recognition-Emotion-Classification-\data\raw\RAVDESS\Actor_19\03-01-05-02-01-01-19.wav,16000,1,3.9707,63531,OK
03-01-05-02-01-02-19.wav,c:\Users\kamal\group 2\Group-2-Speech-Recognition-Emotion-Classification-\data\raw\RAVDESS\Actor_19\03-01-05-02-01-02-19.wav,16000,1,4.8048,76877,OK
03-01-05-02-02-01-19.wav,c:\Users\kamal\group 2\Group-2-Speech-Recognition-Emotion-Classification-\data\raw\RAVDESS\Actor_19\03-01-05-02-02-01-19.wav,16000,1,4.3377,69403,OK
03-01-05-02-02-02-19.wav,c:\Users\kamal\group 2\Group-2-Speech-Recognition-Emotion-Classification-\data\raw\RAVDESS\Actor_19\03-01-05-02-02-02-19.wav,16000,1,4.1041,65666,OK
03-01-06-01-01-01-19.wav,c:\Users\kamal\group 2\Group-2-Speech-Recognition-Emotion-Classification-\data\raw\RAVDESS\Actor_19\03-01-06-01-01-01-19.wav,16000,1,3.7037,59259,OK
03-01-06-01-01-02-19.wav,c:\Users\kamal\group 2\Group-2-Speech-Recognition-Emotion-Classification-\data\raw\RAVDESS\Actor_19\03-01-06-01-01-02-19.wav,16000,1,3.5035,56056,OK
03-01-06-01-02-01-19.wav,c:\Users\kamal\group 2\Group-2-Speech-Recognition-Emotion-Classification-\data\raw\RAVDESS\Actor_19\03-01-06-01-02-01-19.wav,16000,1,3.7704,60327,OK
03-01-06-01-02-02-19.wav,c:\Users\kamal\group 2\Group-2-Speech-Recognition-Emotion-Classification-\data\raw\RAVDESS\Actor_19\03-01-06-01-02-02-19.wav,16000,1,3.5369,56590,OK
03-01-06-02-01-01-19.wav,c:\Users\kamal\group 2\Group-2-Speech-Recognition-Emotion-Classification-\data\raw\RAVDESS\Actor_19\03-01-06-02-01-01-19.wav,16000,1,3.8372,61395,OK
03-01-06-02-01-02-19.wav,c:\Users\kamal\group 2\Group-2-Speech-Recognition-Emotion-Classification-\data\raw\RAVDESS\Actor_19\03-01-06-02-01-02-19.wav,16000,1,4.3711,69937,OK
03-01-06-02-02-01-19.wav,c:\Users\kamal\group 2\Group-2-Speech-Recognition-Emotion-Classification-\data\raw\RAVDESS\Actor_19\03-01-06-02-02-01-19.wav,16000,1,3.5703,57124,OK
03-01-06-02-02-02-19.wav,c:\Users\kamal\group 2\Group-2-Speech-Recognition-Emotion-Classification-\data\raw\RAVDESS\Actor_19\03-01-06-02-02-02-19.wav,16000,1,4.0374,64598,OK
03-01-07-01-01-01-19.wav,c:\Users\kamal\group 2\Group-2-Speech-Recognition-Emotion-Classification-\data\raw\RAVDESS\Actor_19\03-01-07-01-01-01-19.wav,16000,1,4.3043,68869,OK
03-01-07-01-01-02-19.wav,c:\Users\kamal\group 2\Group-2-Speech-Recognition-Emotion-Classification-\data\raw\RAVDESS\Actor_19\03-01-07-01-01-02-19.wav,16000,1,4.8382,77411,OK
03-01-07-01-02-01-19.wav,c:\Users\kamal\group 2\Group-2-Speech-Recognition-Emotion-Classification-\data\raw\RAVDESS\Actor_19\03-01-07-01-02-01-19.wav,16000,1,4.1709,66734,OK
03-01-07-01-02-02-19.wav,c:\Users\kamal\group 2\Group-2-Speech-Recognition-Emotion-Classification-\data\raw\RAVDESS\Actor_19\03-01-07-01-02-02-19.wav,16000,1,3.9373,62997,OK
03-01-07-02-01-01-19.wav,c:\Users\kamal\group 2\Group-2-Speech-Recognition-Emotion-Classification-\data\raw\RAVDESS\Actor_19\03-01-07-02-01-01-19.wav,16000,1,4.8048,76877,OK
03-01-07-02-01-02-19.wav,c:\Users\kamal\group 2\Group-2-Speech-Recognition-Emotion-Classification-\data\raw\RAVDESS\Actor_19\03-01-07-02-01-02-19.wav,16000,1,5.2719,84351,OK
03-01-07-02-02-01-19.wav,c:\Users\kamal\group 2\Group-2-Speech-Recognition-Emotion-Classification-\data\raw\RAVDESS\Actor_19\03-01-07-02-02-01-19.wav,16000,1,4.9049,78479,OK
03-01-07-02-02-02-19.wav,c:\Users\kamal\group 2\Group-2-Speech-Recognition-Emotion-Classification-\data\raw\RAVDESS\Actor_19\03-01-07-02-02-02-19.wav,16000,1,4.9383,79013,OK
03-01-08-01-01-01-19.wav,c:\Users\kamal\group 2\Group-2-Speech-Recognition-Emotion-Classification-\data\raw\RAVDESS\Actor_19\03-01-08-01-01-01-19.wav,16000,1,3.7371,59793,OK
03-01-08-01-01-02-19.wav,c:\Users\kamal\group 2\Group-2-Speech-Recognition-Emotion-Classification-\data\raw\RAVDESS\Actor_19\03-01-08-01-01-02-19.wav,16000,1,3.5369,56590,OK
03-01-08-01-02-01-19.wav,c:\Users\kamal\group 2\Group-2-Speech-Recognition-Emotion-Classification-\data\raw\RAVDESS\Actor_19\03-01-08-01-02-01-19.wav,16000,1,4.1041,65666,OK
03-01-08-01-02-02-19.wav,c:\Users\kamal\group 2\Group-2-Speech-Recognition-Emotion-Classification-\data\raw\RAVDESS\Actor_19\03-01-08-01-02-02-19.wav,16000,1,3.0697,49116,OK
03-01-08-02-01-01-19.wav,c:\Users\kamal\group 2\Group-2-Speech-Recognition-Emotion-Classification-\data\raw\RAVDESS\Actor_19\03-01-08-02-01-01-19.wav,16000,1,4.1041,65666,OK
03-01-08-02-01-02-19.wav,c:\Users\kamal\group 2\Group-2-Speech-Recognition-Emotion-Classification-\data\raw\RAVDESS\Actor_19\03-01-08-02-01-02-19.wav,16000,1,4.638,74208,OK
03-01-08-02-02-01-19.wav,c:\Users\kamal\group 2\Group-2-Speech-Recognition-Emotion-Classification-\data\raw\RAVDESS\Actor_19\03-01-08-02-02-01-19.wav,16000,1,3.2366,51786,OK
03-01-08-02-02-02-19.wav,c:\Users\kamal\group 2\Group-2-Speech-Recognition-Emotion-Classification-\data\raw\RAVDESS\Actor_19\03-01-08-02-02-02-19.wav,16000,1,3.2699,52319,OK
03-01-01-01-01-01-20.wav,c:\Users\kamal\group 2\Group-2-Speech-Recognition-Emotion-Classification-\data\raw\RAVDESS\Actor_20\03-01-01-01-01-01-20.wav,16000,1,3.4701,55522,OK
03-01-01-01-01-02-20.wav,c:\Users\kamal\group 2\Group-2-Speech-Recognition-Emotion-Classification-\data\raw\RAVDESS\Actor_20\03-01-01-01-01-02-20.wav,16000,1,3.5703,57124,OK
03-01-01-01-02-01-20.wav,c:\Users\kamal\group 2\Group-2-Speech-Recognition-Emotion-Classification-\data\raw\RAVDESS\Actor_20\03-01-01-01-02-01-20.wav,16000,1,3.4368,54989,OK
03-01-01-01-02-02-20.wav,c:\Users\kamal\group 2\Group-2-Speech-Recognition-Emotion-Classification-\data\raw\RAVDESS\Actor_20\03-01-01-01-02-02-20.wav,16000,1,3.5369,56590,OK
03-01-02-01-01-01-20.wav,c:\Users\kamal\group 2\Group-2-Speech-Recognition-Emotion-Classification-\data\raw\RAVDESS\Actor_20\03-01-02-01-01-01-20.wav,16000,1,3.637,58192,OK
03-01-02-01-01-02-20.wav,c:\Users\kamal\group 2\Group-2-Speech-Recognition-Emotion-Classification-\data\raw\RAVDESS\Actor_20\03-01-02-01-01-02-20.wav,16000,1,3.5703,57124,OK
03-01-02-01-02-01-20.wav,c:\Users\kamal\group 2\Group-2-Speech-Recognition-Emotion-Classification-\data\raw\RAVDESS\Actor_20\03-01-02-01-02-01-20.wav,16000,1,3.3367,53387,OK
03-01-02-01-02-02-20.wav,c:\Users\kamal\group 2\Group-2-Speech-Recognition-Emotion-Classification-\data\raw\RAVDESS\Actor_20\03-01-02-01-02-02-20.wav,16000,1,3.5035,56056,OK
03-01-02-02-01-01-20.wav,c:\Users\kamal\group 2\Group-2-Speech-Recognition-Emotion-Classification-\data\raw\RAVDESS\Actor_20\03-01-02-02-01-01-20.wav,16000,1,3.8706,61929,OK
03-01-02-02-01-02-20.wav,c:\Users\kamal\group 2\Group-2-Speech-Recognition-Emotion-Classification-\data\raw\RAVDESS\Actor_20\03-01-02-02-01-02-20.wav,16000,1,4.0708,65132,OK
03-01-02-02-02-01-20.wav,c:\Users\kamal\group 2\Group-2-Speech-Recognition-Emotion-Classification-\data\raw\RAVDESS\Actor_20\03-01-02-02-02-01-20.wav,16000,1,3.637,58192,OK
03-01-02-02-02-02-20.wav,c:\Users\kamal\group 2\Group-2-Speech-Recognition-Emotion-Classification-\data\raw\RAVDESS\Actor_20\03-01-02-02-02-02-20.wav,16000,1,3.637,58192,OK
03-01-03-01-01-01-20.wav,c:\Users\kamal\group 2\Group-2-Speech-Recognition-Emotion-Classification-\data\raw\RAVDESS\Actor_20\03-01-03-01-01-01-20.wav,16000,1,3.5369,56590,OK
03-01-03-01-01-02-20.wav,c:\Users\kamal\group 2\Group-2-Speech-Recognition-Emotion-Classification-\data\raw\RAVDESS\Actor_20\03-01-03-01-01-02-20.wav,16000,1,3.7037,59259,OK
03-01-03-01-02-01-20.wav,c:\Users\kamal\group 2\Group-2-Speech-Recognition-Emotion-Classification-\data\raw\RAVDESS\Actor_20\03-01-03-01-02-01-20.wav,16000,1,3.4701,55522,OK
03-01-03-01-02-02-20.wav,c:\Users\kamal\group 2\Group-2-Speech-Recognition-Emotion-Classification-\data\raw\RAVDESS\Actor_20\03-01-03-01-02-02-20.wav,16000,1,3.4034,54455,OK
03-01-03-02-01-01-20.wav,c:\Users\kamal\group 2\Group-2-Speech-Recognition-Emotion-Classification-\data\raw\RAVDESS\Actor_20\03-01-03-02-01-01-20.wav,16000,1,3.6704,58726,OK
03-01-03-02-01-02-20.wav,c:\Users\kamal\group 2\Group-2-Speech-Recognition-Emotion-Classification-\data\raw\RAVDESS\Actor_20\03-01-03-02-01-02-20.wav,16000,1,4.3043,68869,OK
03-01-03-02-02-01-20.wav,c:\Users\kamal\group 2\Group-2-Speech-Recognition-Emotion-Classification-\data\raw\RAVDESS\Actor_20\03-01-03-02-02-01-20.wav,16000,1,3.5703,57124,OK
03-01-03-02-02-02-20.wav,c:\Users\kamal\group 2\Group-2-Speech-Recognition-Emotion-Classification-\data\raw\RAVDESS\Actor_20\03-01-03-02-02-02-20.wav,16000,1,3.7037,59260,OK
03-01-04-01-01-01-20.wav,c:\Users\kamal\group 2\Group-2-Speech-Recognition-Emotion-Classification-\data\raw\RAVDESS\Actor_20\03-01-04-01-01-01-20.wav,16000,1,3.6036,57658,OK
03-01-04-01-01-02-20.wav,c:\Users\kamal\group 2\Group-2-Speech-Recognition-Emotion-Classification-\data\raw\RAVDESS\Actor_20\03-01-04-01-01-02-20.wav,16000,1,3.5035,56056,OK
03-01-04-01-02-01-20.wav,c:\Users\kamal\group 2\Group-2-Speech-Recognition-Emotion-Classification-\data\raw\RAVDESS\Actor_20\03-01-04-01-02-01-20.wav,16000,1,3.4701,55522,OK
03-01-04-01-02-02-20.wav,c:\Users\kamal\group 2\Group-2-Speech-Recognition-Emotion-Classification-\data\raw\RAVDESS\Actor_20\03-01-04-01-02-02-20.wav,16000,1,3.3701,53921,OK
03-01-04-02-01-01-20.wav,c:\Users\kamal\group 2\Group-2-Speech-Recognition-Emotion-Classification-\data\raw\RAVDESS\Actor_20\03-01-04-02-01-01-20.wav,16000,1,3.7704,60327,OK
03-01-04-02-01-02-20.wav,c:\Users\kamal\group 2\Group-2-Speech-Recognition-Emotion-Classification-\data\raw\RAVDESS\Actor_20\03-01-04-02-01-02-20.wav,16000,1,4.2376,67801,OK
03-01-04-02-02-01-20.wav,c:\Users\kamal\group 2\Group-2-Speech-Recognition-Emotion-Classification-\data\raw\RAVDESS\Actor_20\03-01-04-02-02-01-20.wav,16000,1,3.8038,60861,OK
03-01-04-02-02-02-20.wav,c:\Users\kamal\group 2\Group-2-Speech-Recognition-Emotion-Classification-\data\raw\RAVDESS\Actor_20\03-01-04-02-02-02-20.wav,16000,1,3.9706,63530,OK
03-01-05-01-01-01-20.wav,c:\Users\kamal\group 2\Group-2-Speech-Recognition-Emotion-Classification-\data\raw\RAVDESS\Actor_20\03-01-05-01-01-01-20.wav,16000,1,3.2366,51786,OK
03-01-05-01-01-02-20.wav,c:\Users\kamal\group 2\Group-2-Speech-Recognition-Emotion-Classification-\data\raw\RAVDESS\Actor_20\03-01-05-01-01-02-20.wav,16000,1,3.7371,59793,OK
03-01-05-01-02-01-20.wav,c:\Users\kamal\group 2\Group-2-Speech-Recognition-Emotion-Classification-\data\raw\RAVDESS\Actor_20\03-01-05-01-02-01-20.wav,16000,1,3.6704,58726,OK
03-01-05-01-02-02-20.wav,c:\Users\kamal\group 2\Group-2-Speech-Recognition-Emotion-Classification-\data\raw\RAVDESS\Actor_20\03-01-05-01-02-02-20.wav,16000,1,3.8038,60861,OK
03-01-05-02-01-01-20.wav,c:\Users\kamal\group 2\Group-2-Speech-Recognition-Emotion-Classification-\data\raw\RAVDESS\Actor_20\03-01-05-02-01-01-20.wav,16000,1,4.1375,66200,OK
03-01-05-02-01-02-20.wav,c:\Users\kamal\group 2\Group-2-Speech-Recognition-Emotion-Classification-\data\raw\RAVDESS\Actor_20\03-01-05-02-01-02-20.wav,16000,1,4.0708,65132,OK
03-01-05-02-02-01-20.wav,c:\Users\kamal\group 2\Group-2-Speech-Recognition-Emotion-Classification-\data\raw\RAVDESS\Actor_20\03-01-05-02-02-01-20.wav,16000,1,4.4044,70471,OK
03-01-05-02-02-02-20.wav,c:\Users\kamal\group 2\Group-2-Speech-Recognition-Emotion-Classification-\data\raw\RAVDESS\Actor_20\03-01-05-02-02-02-20.wav,16000,1,3.5369,56590,OK
03-01-06-01-01-01-20.wav,c:\Users\kamal\group 2\Group-2-Speech-Recognition-Emotion-Classification-\data\raw\RAVDESS\Actor_20\03-01-06-01-01-01-20.wav,16000,1,3.8038,60861,OK
03-01-06-01-01-02-20.wav,c:\Users\kamal\group 2\Group-2-Speech-Recognition-Emotion-Classification-\data\raw\RAVDESS\Actor_20\03-01-06-01-01-02-20.wav,16000,1,4.3711,69937,OK
03-01-06-01-02-01-20.wav,c:\Users\kamal\group 2\Group-2-Speech-Recognition-Emotion-Classification-\data\raw\RAVDESS\Actor_20\03-01-06-01-02-01-20.wav,16000,1,3.9373,62997,OK
03-01-06-01-02-02-20.wav,c:\Users\kamal\group 2\Group-2-Speech-Recognition-Emotion-Classification-\data\raw\RAVDESS\Actor_20\03-01-06-01-02-02-20.wav,16000,1,3.3033,52853,OK
03-01-06-02-01-01-20.wav,c:\Users\kamal\group 2\Group-2-Speech-Recognition-Emotion-Classification-\data\raw\RAVDESS\Actor_20\03-01-06-02-01-01-20.wav,16000,1,4.2376,67801,OK
03-01-06-02-01-02-20.wav,c:\Users\kamal\group 2\Group-2-Speech-Recognition-Emotion-Classification-\data\raw\RAVDESS\Actor_20\03-01-06-02-01-02-20.wav,16000,1,4.1709,66734,OK
03-01-06-02-02-01-20.wav,c:\Users\kamal\group 2\Group-2-Speech-Recognition-Emotion-Classification-\data\raw\RAVDESS\Actor_20\03-01-06-02-02-01-20.wav,16000,1,3.8706,61929,OK
03-01-06-02-02-02-20.wav,c:\Users\kamal\group 2\Group-2-Speech-Recognition-Emotion-Classification-\data\raw\RAVDESS\Actor_20\03-01-06-02-02-02-20.wav,16000,1,3.9039,62463,OK
03-01-07-01-01-01-20.wav,c:\Users\kamal\group 2\Group-2-Speech-Recognition-Emotion-Classification-\data\raw\RAVDESS\Actor_20\03-01-07-01-01-01-20.wav,16000,1,3.8706,61929,OK
03-01-07-01-01-02-20.wav,c:\Users\kamal\group 2\Group-2-Speech-Recognition-Emotion-Classification-\data\raw\RAVDESS\Actor_20\03-01-07-01-01-02-20.wav,16000,1,3.7371,59793,OK
03-01-07-01-02-01-20.wav,c:\Users\kamal\group 2\Group-2-Speech-Recognition-Emotion-Classification-\data\raw\RAVDESS\Actor_20\03-01-07-01-02-01-20.wav,16000,1,3.637,58192,OK
03-01-07-01-02-02-20.wav,c:\Users\kamal\group 2\Group-2-Speech-Recognition-Emotion-Classification-\data\raw\RAVDESS\Actor_20\03-01-07-01-02-02-20.wav,16000,1,3.8372,61395,OK
03-01-07-02-01-01-20.wav,c:\Users\kamal\group 2\Group-2-Speech-Recognition-Emotion-Classification-\data\raw\RAVDESS\Actor_20\03-01-07-02-01-01-20.wav,16000,1,4.1041,65666,OK
03-01-07-02-01-02-20.wav,c:\Users\kamal\group 2\Group-2-Speech-Recognition-Emotion-Classification-\data\raw\RAVDESS\Actor_20\03-01-07-02-01-02-20.wav,16000,1,4.1041,65666,OK
03-01-07-02-02-01-20.wav,c:\Users\kamal\group 2\Group-2-Speech-Recognition-Emotion-Classification-\data\raw\RAVDESS\Actor_20\03-01-07-02-02-01-20.wav,16000,1,4.7381,75809,OK
03-01-07-02-02-02-20.wav,c:\Users\kamal\group 2\Group-2-Speech-Recognition-Emotion-Classification-\data\raw\RAVDESS\Actor_20\03-01-07-02-02-02-20.wav,16000,1,3.8706,61929,OK
03-01-08-01-01-01-20.wav,c:\Users\kamal\group 2\Group-2-Speech-Recognition-Emotion-Classification-\data\raw\RAVDESS\Actor_20\03-01-08-01-01-01-20.wav,16000,1,3.2366,51786,OK
03-01-08-01-01-02-20.wav,c:\Users\kamal\group 2\Group-2-Speech-Recognition-Emotion-Classification-\data\raw\RAVDESS\Actor_20\03-01-08-01-01-02-20.wav,16000,1,3.5703,57124,OK
03-01-08-01-02-01-20.wav,c:\Users\kamal\group 2\Group-2-Speech-Recognition-Emotion-Classification-\data\raw\RAVDESS\Actor_20\03-01-08-01-02-01-20.wav,16000,1,3.1365,50184,OK
03-01-08-01-02-02-20.wav,c:\Users\kamal\group 2\Group-2-Speech-Recognition-Emotion-Classification-\data\raw\RAVDESS\Actor_20\03-01-08-01-02-02-20.wav,16000,1,3.2032,51251,OK
03-01-08-02-01-01-20.wav,c:\Users\kamal\group 2\Group-2-Speech-Recognition-Emotion-Classification-\data\raw\RAVDESS\Actor_20\03-01-08-02-01-01-20.wav,16000,1,3.7371,59793,OK
03-01-08-02-01-02-20.wav,c:\Users\kamal\group 2\Group-2-Speech-Recognition-Emotion-Classification-\data\raw\RAVDESS\Actor_20\03-01-08-02-01-02-20.wav,16000,1,3.2366,51786,OK
03-01-08-02-02-01-20.wav,c:\Users\kamal\group 2\Group-2-Speech-Recognition-Emotion-Classification-\data\raw\RAVDESS\Actor_20\03-01-08-02-02-01-20.wav,16000,1,3.5369,56590,OK
03-01-08-02-02-02-20.wav,c:\Users\kamal\group 2\Group-2-Speech-Recognition-Emotion-Classification-\data\raw\RAVDESS\Actor_20\03-01-08-02-02-02-20.wav,16000,1,3.4368,54989,OK
03-01-01-01-01-01-21.wav,c:\Users\kamal\group 2\Group-2-Speech-Recognition-Emotion-Classification-\data\raw\RAVDESS\Actor_21\03-01-01-01-01-01-21.wav,16000,1,3.8372,61395,OK
03-01-01-01-01-02-21.wav,c:\Users\kamal\group 2\Group-2-Speech-Recognition-Emotion-Classification-\data\raw\RAVDESS\Actor_21\03-01-01-01-01-02-21.wav,16000,1,3.9706,63530,OK
03-01-01-01-02-01-21.wav,c:\Users\kamal\group 2\Group-2-Speech-Recognition-Emotion-Classification-\data\raw\RAVDESS\Actor_21\03-01-01-01-02-01-21.wav,16000,1,3.6036,57658,OK
03-01-01-01-02-02-21.wav,c:\Users\kamal\group 2\Group-2-Speech-Recognition-Emotion-Classification-\data\raw\RAVDESS\Actor_21\03-01-01-01-02-02-21.wav,16000,1,3.6704,58726,OK
03-01-02-01-01-01-21.wav,c:\Users\kamal\group 2\Group-2-Speech-Recognition-Emotion-Classification-\data\raw\RAVDESS\Actor_21\03-01-02-01-01-01-21.wav,16000,1,4.0374,64598,OK
03-01-02-01-01-02-21.wav,c:\Users\kamal\group 2\Group-2-Speech-Recognition-Emotion-Classification-\data\raw\RAVDESS\Actor_21\03-01-02-01-01-02-21.wav,16000,1,4.004,64064,OK
03-01-02-01-02-01-21.wav,c:\Users\kamal\group 2\Group-2-Speech-Recognition-Emotion-Classification-\data\raw\RAVDESS\Actor_21\03-01-02-01-02-01-21.wav,16000,1,3.8038,60861,OK
03-01-02-01-02-02-21.wav,c:\Users\kamal\group 2\Group-2-Speech-Recognition-Emotion-Classification-\data\raw\RAVDESS\Actor_21\03-01-02-01-02-02-21.wav,16000,1,4.0708,65132,OK
03-01-02-02-01-01-21.wav,c:\Users\kamal\group 2\Group-2-Speech-Recognition-Emotion-Classification-\data\raw\RAVDESS\Actor_21\03-01-02-02-01-01-21.wav,16000,1,4.004,64064,OK
03-01-02-02-01-02-21.wav,c:\Users\kamal\group 2\Group-2-Speech-Recognition-Emotion-Classification-\data\raw\RAVDESS\Actor_21\03-01-02-02-01-02-21.wav,16000,1,4.1709,66734,OK
03-01-02-02-02-01-21.wav,c:\Users\kamal\group 2\Group-2-Speech-Recognition-Emotion-Classification-\data\raw\RAVDESS\Actor_21\03-01-02-02-02-01-21.wav,16000,1,4.1375,66200,OK
03-01-02-02-02-02-21.wav,c:\Users\kamal\group 2\Group-2-Speech-Recognition-Emotion-Classification-\data\raw\RAVDESS\Actor_21\03-01-02-02-02-02-21.wav,16000,1,3.9706,63530,OK
03-01-03-01-01-01-21.wav,c:\Users\kamal\group 2\Group-2-Speech-Recognition-Emotion-Classification-\data\raw\RAVDESS\Actor_21\03-01-03-01-01-01-21.wav,16000,1,3.8372,61395,OK
03-01-03-01-01-02-21.wav,c:\Users\kamal\group 2\Group-2-Speech-Recognition-Emotion-Classification-\data\raw\RAVDESS\Actor_21\03-01-03-01-01-02-21.wav,16000,1,3.8038,60861,OK
03-01-03-01-02-01-21.wav,c:\Users\kamal\group 2\Group-2-Speech-Recognition-Emotion-Classification-\data\raw\RAVDESS\Actor_21\03-01-03-01-02-01-21.wav,16000,1,3.7037,59260,OK
03-01-03-01-02-02-21.wav,c:\Users\kamal\group 2\Group-2-Speech-Recognition-Emotion-Classification-\data\raw\RAVDESS\Actor_21\03-01-03-01-02-02-21.wav,16000,1,3.8372,61395,OK
03-01-03-02-01-01-21.wav,c:\Users\kamal\group 2\Group-2-Speech-Recognition-Emotion-Classification-\data\raw\RAVDESS\Actor_21\03-01-03-02-01-01-21.wav,16000,1,3.8038,60861,OK
03-01-03-02-01-02-21.wav,c:\Users\kamal\group 2\Group-2-Speech-Recognition-Emotion-Classification-\data\raw\RAVDESS\Actor_21\03-01-03-02-01-02-21.wav,16000,1,3.9373,62997,OK
03-01-03-02-02-01-21.wav,c:\Users\kamal\group 2\Group-2-Speech-Recognition-Emotion-Classification-\data\raw\RAVDESS\Actor_21\03-01-03-02-02-01-21.wav,16000,1,3.6704,58726,OK
03-01-03-02-02-02-21.wav,c:\Users\kamal\group 2\Group-2-Speech-Recognition-Emotion-Classification-\data\raw\RAVDESS\Actor_21\03-01-03-02-02-02-21.wav,16000,1,3.8038,60861,OK
03-01-04-01-01-01-21.wav,c:\Users\kamal\group 2\Group-2-Speech-Recognition-Emotion-Classification-\data\raw\RAVDESS\Actor_21\03-01-04-01-01-01-21.wav,16000,1,4.3043,68869,OK
03-01-04-01-01-02-21.wav,c:\Users\kamal\group 2\Group-2-Speech-Recognition-Emotion-Classification-\data\raw\RAVDESS\Actor_21\03-01-04-01-01-02-21.wav,16000,1,4.6046,73674,OK
03-01-04-01-02-01-21.wav,c:\Users\kamal\group 2\Group-2-Speech-Recognition-Emotion-Classification-\data\raw\RAVDESS\Actor_21\03-01-04-01-02-01-21.wav,16000,1,4.0708,65132,OK
03-01-04-01-02-02-21.wav,c:\Users\kamal\group 2\Group-2-Speech-Recognition-Emotion-Classification-\data\raw\RAVDESS\Actor_21\03-01-04-01-02-02-21.wav,16000,1,4.2042,67267,OK
03-01-04-02-01-01-21.wav,c:\Users\kamal\group 2\Group-2-Speech-Recognition-Emotion-Classification-\data\raw\RAVDESS\Actor_21\03-01-04-02-01-01-21.wav,16000,1,4.1709,66734,OK
03-01-04-02-01-02-21.wav,c:\Users\kamal\group 2\Group-2-Speech-Recognition-Emotion-Classification-\data\raw\RAVDESS\Actor_21\03-01-04-02-01-02-21.wav,16000,1,4.2709,68335,OK
03-01-04-02-02-01-21.wav,c:\Users\kamal\group 2\Group-2-Speech-Recognition-Emotion-Classification-\data\raw\RAVDESS\Actor_21\03-01-04-02-02-01-21.wav,16000,1,4.2709,68335,OK
03-01-04-02-02-02-21.wav,c:\Users\kamal\group 2\Group-2-Speech-Recognition-Emotion-Classification-\data\raw\RAVDESS\Actor_21\03-01-04-02-02-02-21.wav,16000,1,4.1375,66200,OK
03-01-05-01-01-01-21.wav,c:\Users\kamal\group 2\Group-2-Speech-Recognition-Emotion-Classification-\data\raw\RAVDESS\Actor_21\03-01-05-01-01-01-21.wav,16000,1,4.1375,66200,OK
03-01-05-01-01-02-21.wav,c:\Users\kamal\group 2\Group-2-Speech-Recognition-Emotion-Classification-\data\raw\RAVDESS\Actor_21\03-01-05-01-01-02-21.wav,16000,1,4.004,64064,OK
03-01-05-01-02-01-21.wav,c:\Users\kamal\group 2\Group-2-Speech-Recognition-Emotion-Classification-\data\raw\RAVDESS\Actor_21\03-01-05-01-02-01-21.wav,16000,1,4.0708,65132,OK
03-01-05-01-02-02-21.wav,c:\Users\kamal\group 2\Group-2-Speech-Recognition-Emotion-Classification-\data\raw\RAVDESS\Actor_21\03-01-05-01-02-02-21.wav,16000,1,3.9373,62997,OK
03-01-05-02-01-01-21.wav,c:\Users\kamal\group 2\Group-2-Speech-Recognition-Emotion-Classification-\data\raw\RAVDESS\Actor_21\03-01-05-02-01-01-21.wav,16000,1,4.3711,69937,OK
03-01-05-02-01-02-21.wav,c:\Users\kamal\group 2\Group-2-Speech-Recognition-Emotion-Classification-\data\raw\RAVDESS\Actor_21\03-01-05-02-01-02-21.wav,16000,1,4.4711,71538,OK
03-01-05-02-02-01-21.wav,c:\Users\kamal\group 2\Group-2-Speech-Recognition-Emotion-Classification-\data\raw\RAVDESS\Actor_21\03-01-05-02-02-01-21.wav,16000,1,4.1041,65666,OK
03-01-05-02-02-02-21.wav,c:\Users\kamal\group 2\Group-2-Speech-Recognition-Emotion-Classification-\data\raw\RAVDESS\Actor_21\03-01-05-02-02-02-21.wav,16000,1,4.2376,67801,OK
03-01-06-01-01-01-21.wav,c:\Users\kamal\group 2\Group-2-Speech-Recognition-Emotion-Classification-\data\raw\RAVDESS\Actor_21\03-01-06-01-01-01-21.wav,16000,1,3.6704,58726,OK
03-01-06-01-01-02-21.wav,c:\Users\kamal\group 2\Group-2-Speech-Recognition-Emotion-Classification-\data\raw\RAVDESS\Actor_21\03-01-06-01-01-02-21.wav,16000,1,3.7704,60327,OK
03-01-06-01-02-01-21.wav,c:\Users\kamal\group 2\Group-2-Speech-Recognition-Emotion-Classification-\data\raw\RAVDESS\Actor_21\03-01-06-01-02-01-21.wav,16000,1,3.9706,63530,OK
03-01-06-01-02-02-21.wav,c:\Users\kamal\group 2\Group-2-Speech-Recognition-Emotion-Classification-\data\raw\RAVDESS\Actor_21\03-01-06-01-02-02-21.wav,16000,1,4.0708,65132,OK
03-01-06-02-01-01-21.wav,c:\Users\kamal\group 2\Group-2-Speech-Recognition-Emotion-Classification-\data\raw\RAVDESS\Actor_21\03-01-06-02-01-01-21.wav,16000,1,3.9706,63530,OK
03-01-06-02-01-02-21.wav,c:\Users\kamal\group 2\Group-2-Speech-Recognition-Emotion-Classification-\data\raw\RAVDESS\Actor_21\03-01-06-02-01-02-21.wav,16000,1,3.8372,61395,OK
03-01-06-02-02-01-21.wav,c:\Users\kamal\group 2\Group-2-Speech-Recognition-Emotion-Classification-\data\raw\RAVDESS\Actor_21\03-01-06-02-02-01-21.wav,16000,1,3.7704,60327,OK
03-01-06-02-02-02-21.wav,c:\Users\kamal\group 2\Group-2-Speech-Recognition-Emotion-Classification-\data\raw\RAVDESS\Actor_21\03-01-06-02-02-02-21.wav,16000,1,3.637,58192,OK
03-01-07-01-01-01-21.wav,c:\Users\kamal\group 2\Group-2-Speech-Recognition-Emotion-Classification-\data\raw\RAVDESS\Actor_21\03-01-07-01-01-01-21.wav,16000,1,3.8038,60861,OK
03-01-07-01-01-02-21.wav,c:\Users\kamal\group 2\Group-2-Speech-Recognition-Emotion-Classification-\data\raw\RAVDESS\Actor_21\03-01-07-01-01-02-21.wav,16000,1,4.0708,65132,OK
03-01-07-01-02-01-21.wav,c:\Users\kamal\group 2\Group-2-Speech-Recognition-Emotion-Classification-\data\raw\RAVDESS\Actor_21\03-01-07-01-02-01-21.wav,16000,1,3.637,58192,OK
03-01-07-01-02-02-21.wav,c:\Users\kamal\group 2\Group-2-Speech-Recognition-Emotion-Classification-\data\raw\RAVDESS\Actor_21\03-01-07-01-02-02-21.wav,16000,1,3.6036,57658,OK
03-01-07-02-01-01-21.wav,c:\Users\kamal\group 2\Group-2-Speech-Recognition-Emotion-Classification-\data\raw\RAVDESS\Actor_21\03-01-07-02-01-01-21.wav,16000,1,4.0708,65132,OK
03-01-07-02-01-02-21.wav,c:\Users\kamal\group 2\Group-2-Speech-Recognition-Emotion-Classification-\data\raw\RAVDESS\Actor_21\03-01-07-02-01-02-21.wav,16000,1,4.0374,64598,OK
03-01-07-02-02-01-21.wav,c:\Users\kamal\group 2\Group-2-Speech-Recognition-Emotion-Classification-\data\raw\RAVDESS\Actor_21\03-01-07-02-02-01-21.wav,16000,1,4.1709,66734,OK
03-01-07-02-02-02-21.wav,c:\Users\kamal\group 2\Group-2-Speech-Recognition-Emotion-Classification-\data\raw\RAVDESS\Actor_21\03-01-07-02-02-02-21.wav,16000,1,3.9706,63530,OK
03-01-08-01-01-01-21.wav,c:\Users\kamal\group 2\Group-2-Speech-Recognition-Emotion-Classification-\data\raw\RAVDESS\Actor_21\03-01-08-01-01-01-21.wav,16000,1,3.5035,56056,OK
03-01-08-01-01-02-21.wav,c:\Users\kamal\group 2\Group-2-Speech-Recognition-Emotion-Classification-\data\raw\RAVDESS\Actor_21\03-01-08-01-01-02-21.wav,16000,1,3.4701,55522,OK
03-01-08-01-02-01-21.wav,c:\Users\kamal\group 2\Group-2-Speech-Recognition-Emotion-Classification-\data\raw\RAVDESS\Actor_21\03-01-08-01-02-01-21.wav,16000,1,3.4702,55523,OK
03-01-08-01-02-02-21.wav,c:\Users\kamal\group 2\Group-2-Speech-Recognition-Emotion-Classification-\data\raw\RAVDESS\Actor_21\03-01-08-01-02-02-21.wav,16000,1,3.5703,57124,OK
03-01-08-02-01-01-21.wav,c:\Users\kamal\group 2\Group-2-Speech-Recognition-Emotion-Classification-\data\raw\RAVDESS\Actor_21\03-01-08-02-01-01-21.wav,16000,1,3.637,58192,OK
03-01-08-02-01-02-21.wav,c:\Users\kamal\group 2\Group-2-Speech-Recognition-Emotion-Classification-\data\raw\RAVDESS\Actor_21\03-01-08-02-01-02-21.wav,16000,1,3.637,58192,OK
03-01-08-02-02-01-21.wav,c:\Users\kamal\group 2\Group-2-Speech-Recognition-Emotion-Classification-\data\raw\RAVDESS\Actor_21\03-01-08-02-02-01-21.wav,16000,1,3.4702,55523,OK
03-01-08-02-02-02-21.wav,c:\Users\kamal\group 2\Group-2-Speech-Recognition-Emotion-Classification-\data\raw\RAVDESS\Actor_21\03-01-08-02-02-02-21.wav,16000,1,3.5369,56590,OK
03-01-01-01-01-01-22.wav,c:\Users\kamal\group 2\Group-2-Speech-Recognition-Emotion-Classification-\data\raw\RAVDESS\Actor_22\03-01-01-01-01-01-22.wav,16000,1,3.637,58192,OK
03-01-01-01-01-02-22.wav,c:\Users\kamal\group 2\Group-2-Speech-Recognition-Emotion-Classification-\data\raw\RAVDESS\Actor_22\03-01-01-01-01-02-22.wav,16000,1,3.4368,54989,OK
03-01-01-01-02-01-22.wav,c:\Users\kamal\group 2\Group-2-Speech-Recognition-Emotion-Classification-\data\raw\RAVDESS\Actor_22\03-01-01-01-02-01-22.wav,16000,1,3.6036,57658,OK
03-01-01-01-02-02-22.wav,c:\Users\kamal\group 2\Group-2-Speech-Recognition-Emotion-Classification-\data\raw\RAVDESS\Actor_22\03-01-01-01-02-02-22.wav,16000,1,3.5369,56590,OK
03-01-02-01-01-01-22.wav,c:\Users\kamal\group 2\Group-2-Speech-Recognition-Emotion-Classification-\data\raw\RAVDESS\Actor_22\03-01-02-01-01-01-22.wav,16000,1,3.5369,56590,OK
03-01-02-01-01-02-22.wav,c:\Users\kamal\group 2\Group-2-Speech-Recognition-Emotion-Classification-\data\raw\RAVDESS\Actor_22\03-01-02-01-01-02-22.wav,16000,1,3.5703,57124,OK
03-01-02-01-02-01-22.wav,c:\Users\kamal\group 2\Group-2-Speech-Recognition-Emotion-Classification-\data\raw\RAVDESS\Actor_22\03-01-02-01-02-01-22.wav,16000,1,3.5703,57124,OK
03-01-02-01-02-02-22.wav,c:\Users\kamal\group 2\Group-2-Speech-Recognition-Emotion-Classification-\data\raw\RAVDESS\Actor_22\03-01-02-01-02-02-22.wav,16000,1,3.5369,56590,OK
03-01-02-02-01-01-22.wav,c:\Users\kamal\group 2\Group-2-Speech-Recognition-Emotion-Classification-\data\raw\RAVDESS\Actor_22\03-01-02-02-01-01-22.wav,16000,1,3.7037,59260,OK
03-01-02-02-01-02-22.wav,c:\Users\kamal\group 2\Group-2-Speech-Recognition-Emotion-Classification-\data\raw\RAVDESS\Actor_22\03-01-02-02-01-02-22.wav,16000,1,3.8372,61395,OK
03-01-02-02-02-01-22.wav,c:\Users\kamal\group 2\Group-2-Speech-Recognition-Emotion-Classification-\data\raw\RAVDESS\Actor_22\03-01-02-02-02-01-22.wav,16000,1,3.637,58192,OK
03-01-02-02-02-02-22.wav,c:\Users\kamal\group 2\Group-2-Speech-Recognition-Emotion-Classification-\data\raw\RAVDESS\Actor_22\03-01-02-02-02-02-22.wav,16000,1,3.7704,60327,OK
03-01-03-01-01-01-22.wav,c:\Users\kamal\group 2\Group-2-Speech-Recognition-Emotion-Classification-\data\raw\RAVDESS\Actor_22\03-01-03-01-01-01-22.wav,16000,1,3.5369,56590,OK
03-01-03-01-01-02-22.wav,c:\Users\kamal\group 2\Group-2-Speech-Recognition-Emotion-Classification-\data\raw\RAVDESS\Actor_22\03-01-03-01-01-02-22.wav,16000,1,3.4368,54989,OK
03-01-03-01-02-01-22.wav,c:\Users\kamal\group 2\Group-2-Speech-Recognition-Emotion-Classification-\data\raw\RAVDESS\Actor_22\03-01-03-01-02-01-22.wav,16000,1,3.5035,56056,OK
03-01-03-01-02-02-22.wav,c:\Users\kamal\group 2\Group-2-Speech-Recognition-Emotion-Classification-\data\raw\RAVDESS\Actor_22\03-01-03-01-02-02-22.wav,16000,1,3.5035,56056,OK
03-01-03-02-01-01-22.wav,c:\Users\kamal\group 2\Group-2-Speech-Recognition-Emotion-Classification-\data\raw\RAVDESS\Actor_22\03-01-03-02-01-01-22.wav,16000,1,3.7371,59794,OK
03-01-03-02-01-02-22.wav,c:\Users\kamal\group 2\Group-2-Speech-Recognition-Emotion-Classification-\data\raw\RAVDESS\Actor_22\03-01-03-02-01-02-22.wav,16000,1,3.8372,61395,OK
03-01-03-02-02-01-22.wav,c:\Users\kamal\group 2\Group-2-Speech-Recognition-Emotion-Classification-\data\raw\RAVDESS\Actor_22\03-01-03-02-02-01-22.wav,16000,1,3.6704,58726,OK
03-01-03-02-02-02-22.wav,c:\Users\kamal\group 2\Group-2-Speech-Recognition-Emotion-Classification-\data\raw\RAVDESS\Actor_22\03-01-03-02-02-02-22.wav,16000,1,3.9373,62997,OK
03-01-04-01-01-01-22.wav,c:\Users\kamal\group 2\Group-2-Speech-Recognition-Emotion-Classification-\data\raw\RAVDESS\Actor_22\03-01-04-01-01-01-22.wav,16000,1,3.6036,57658,OK
03-01-04-01-01-02-22.wav,c:\Users\kamal\group 2\Group-2-Speech-Recognition-Emotion-Classification-\data\raw\RAVDESS\Actor_22\03-01-04-01-01-02-22.wav,16000,1,3.7037,59260,OK
03-01-04-01-02-01-22.wav,c:\Users\kamal\group 2\Group-2-Speech-Recognition-Emotion-Classification-\data\raw\RAVDESS\Actor_22\03-01-04-01-02-01-22.wav,16000,1,3.6704,58726,OK
03-01-04-01-02-02-22.wav,c:\Users\kamal\group 2\Group-2-Speech-Recognition-Emotion-Classification-\data\raw\RAVDESS\Actor_22\03-01-04-01-02-02-22.wav,16000,1,3.7037,59260,OK
03-01-04-02-01-01-22.wav,c:\Users\kamal\group 2\Group-2-Speech-Recognition-Emotion-Classification-\data\raw\RAVDESS\Actor_22\03-01-04-02-01-01-22.wav,16000,1,3.7371,59793,OK
03-01-04-02-01-02-22.wav,c:\Users\kamal\group 2\Group-2-Speech-Recognition-Emotion-Classification-\data\raw\RAVDESS\Actor_22\03-01-04-02-01-02-22.wav,16000,1,3.637,58192,OK
03-01-04-02-02-01-22.wav,c:\Users\kamal\group 2\Group-2-Speech-Recognition-Emotion-Classification-\data\raw\RAVDESS\Actor_22\03-01-04-02-02-01-22.wav,16000,1,3.7371,59794,OK
03-01-04-02-02-02-22.wav,c:\Users\kamal\group 2\Group-2-Speech-Recognition-Emotion-Classification-\data\raw\RAVDESS\Actor_22\03-01-04-02-02-02-22.wav,16000,1,3.8372,61395,OK
03-01-05-01-01-01-22.wav,c:\Users\kamal\group 2\Group-2-Speech-Recognition-Emotion-Classification-\data\raw\RAVDESS\Actor_22\03-01-05-01-01-01-22.wav,16000,1,3.7037,59260,OK
03-01-05-01-01-02-22.wav,c:\Users\kamal\group 2\Group-2-Speech-Recognition-Emotion-Classification-\data\raw\RAVDESS\Actor_22\03-01-05-01-01-02-22.wav,16000,1,3.7371,59793,OK
03-01-05-01-02-01-22.wav,c:\Users\kamal\group 2\Group-2-Speech-Recognition-Emotion-Classification-\data\raw\RAVDESS\Actor_22\03-01-05-01-02-01-22.wav,16000,1,3.8706,61929,OK
03-01-05-01-02-02-22.wav,c:\Users\kamal\group 2\Group-2-Speech-Recognition-Emotion-Classification-\data\raw\RAVDESS\Actor_22\03-01-05-01-02-02-22.wav,16000,1,4.0374,64598,OK
03-01-05-02-01-01-22.wav,c:\Users\kamal\group 2\Group-2-Speech-Recognition-Emotion-Classification-\data\raw\RAVDESS\Actor_22\03-01-05-02-01-01-22.wav,16000,1,3.8706,61929,OK
03-01-05-02-01-02-22.wav,c:\Users\kamal\group 2\Group-2-Speech-Recognition-Emotion-Classification-\data\raw\RAVDESS\Actor_22\03-01-05-02-01-02-22.wav,16000,1,3.9039,62463,OK
03-01-05-02-02-01-22.wav,c:\Users\kamal\group 2\Group-2-Speech-Recognition-Emotion-Classification-\data\raw\RAVDESS\Actor_22\03-01-05-02-02-01-22.wav,16000,1,4.2376,67802,OK
03-01-05-02-02-02-22.wav,c:\Users\kamal\group 2\Group-2-Speech-Recognition-Emotion-Classification-\data\raw\RAVDESS\Actor_22\03-01-05-02-02-02-22.wav,16000,1,4.2043,67268,OK
03-01-06-01-01-01-22.wav,c:\Users\kamal\group 2\Group-2-Speech-Recognition-Emotion-Classification-\data\raw\RAVDESS\Actor_22\03-01-06-01-01-01-22.wav,16000,1,3.5703,57124,OK
03-01-06-01-01-02-22.wav,c:\Users\kamal\group 2\Group-2-Speech-Recognition-Emotion-Classification-\data\raw\RAVDESS\Actor_22\03-01-06-01-01-02-22.wav,16000,1,3.6036,57658,OK
03-01-06-01-02-01-22.wav,c:\Users\kamal\group 2\Group-2-Speech-Recognition-Emotion-Classification-\data\raw\RAVDESS\Actor_22\03-01-06-01-02-01-22.wav,16000,1,3.6704,58726,OK
03-01-06-01-02-02-22.wav,c:\Users\kamal\group 2\Group-2-Speech-Recognition-Emotion-Classification-\data\raw\RAVDESS\Actor_22\03-01-06-01-02-02-22.wav,16000,1,3.5369,56590,OK
03-01-06-02-01-01-22.wav,c:\Users\kamal\group 2\Group-2-Speech-Recognition-Emotion-Classification-\data\raw\RAVDESS\Actor_22\03-01-06-02-01-01-22.wav,16000,1,3.5703,57124,OK
03-01-06-02-01-02-22.wav,c:\Users\kamal\group 2\Group-2-Speech-Recognition-Emotion-Classification-\data\raw\RAVDESS\Actor_22\03-01-06-02-01-02-22.wav,16000,1,3.5703,57124,OK
03-01-06-02-02-01-22.wav,c:\Users\kamal\group 2\Group-2-Speech-Recognition-Emotion-Classification-\data\raw\RAVDESS\Actor_22\03-01-06-02-02-01-22.wav,16000,1,3.6704,58726,OK
03-01-06-02-02-02-22.wav,c:\Users\kamal\group 2\Group-2-Speech-Recognition-Emotion-Classification-\data\raw\RAVDESS\Actor_22\03-01-06-02-02-02-22.wav,16000,1,3.6036,57658,OK
03-01-07-01-01-01-22.wav,c:\Users\kamal\group 2\Group-2-Speech-Recognition-Emotion-Classification-\data\raw\RAVDESS\Actor_22\03-01-07-01-01-01-22.wav,16000,1,3.7037,59259,OK
03-01-07-01-01-02-22.wav,c:\Users\kamal\group 2\Group-2-Speech-Recognition-Emotion-Classification-\data\raw\RAVDESS\Actor_22\03-01-07-01-01-02-22.wav,16000,1,3.9039,62463,OK
03-01-07-01-02-01-22.wav,c:\Users\kamal\group 2\Group-2-Speech-Recognition-Emotion-Classification-\data\raw\RAVDESS\Actor_22\03-01-07-01-02-01-22.wav,16000,1,3.8038,60861,OK
03-01-07-01-02-02-22.wav,c:\Users\kamal\group 2\Group-2-Speech-Recognition-Emotion-Classification-\data\raw\RAVDESS\Actor_22\03-01-07-01-02-02-22.wav,16000,1,3.8372,61395,OK
03-01-07-02-01-01-22.wav,c:\Users\kamal\group 2\Group-2-Speech-Recognition-Emotion-Classification-\data\raw\RAVDESS\Actor_22\03-01-07-02-01-01-22.wav,16000,1,4.2376,67801,OK
03-01-07-02-01-02-22.wav,c:\Users\kamal\group 2\Group-2-Speech-Recognition-Emotion-Classification-\data\raw\RAVDESS\Actor_22\03-01-07-02-01-02-22.wav,16000,1,4.1709,66734,OK
03-01-07-02-02-01-22.wav,c:\Users\kamal\group 2\Group-2-Speech-Recognition-Emotion-Classification-\data\raw\RAVDESS\Actor_22\03-01-07-02-02-01-22.wav,16000,1,4.2043,67268,OK
03-01-07-02-02-02-22.wav,c:\Users\kamal\group 2\Group-2-Speech-Recognition-Emotion-Classification-\data\raw\RAVDESS\Actor_22\03-01-07-02-02-02-22.wav,16000,1,4.1041,65666,OK
03-01-08-01-01-01-22.wav,c:\Users\kamal\group 2\Group-2-Speech-Recognition-Emotion-Classification-\data\raw\RAVDESS\Actor_22\03-01-08-01-01-01-22.wav,16000,1,3.5369,56590,OK
03-01-08-01-01-02-22.wav,c:\Users\kamal\group 2\Group-2-Speech-Recognition-Emotion-Classification-\data\raw\RAVDESS\Actor_22\03-01-08-01-01-02-22.wav,16000,1,3.5703,57124,OK
03-01-08-01-02-01-22.wav,c:\Users\kamal\group 2\Group-2-Speech-Recognition-Emotion-Classification-\data\raw\RAVDESS\Actor_22\03-01-08-01-02-01-22.wav,16000,1,3.4368,54989,OK
03-01-08-01-02-02-22.wav,c:\Users\kamal\group 2\Group-2-Speech-Recognition-Emotion-Classification-\data\raw\RAVDESS\Actor_22\03-01-08-01-02-02-22.wav,16000,1,3.6036,57658,OK
03-01-08-02-01-01-22.wav,c:\Users\kamal\group 2\Group-2-Speech-Recognition-Emotion-Classification-\data\raw\RAVDESS\Actor_22\03-01-08-02-01-01-22.wav,16000,1,3.5703,57124,OK
03-01-08-02-01-02-22.wav,c:\Users\kamal\group 2\Group-2-Speech-Recognition-Emotion-Classification-\data\raw\RAVDESS\Actor_22\03-01-08-02-01-02-22.wav,16000,1,3.7371,59794,OK
03-01-08-02-02-01-22.wav,c:\Users\kamal\group 2\Group-2-Speech-Recognition-Emotion-Classification-\data\raw\RAVDESS\Actor_22\03-01-08-02-02-01-22.wav,16000,1,3.7037,59260,OK
03-01-08-02-02-02-22.wav,c:\Users\kamal\group 2\Group-2-Speech-Recognition-Emotion-Classification-\data\raw\RAVDESS\Actor_22\03-01-08-02-02-02-22.wav,16000,1,3.637,58192,OK
03-01-01-01-01-01-23.wav,c:\Users\kamal\group 2\Group-2-Speech-Recognition-Emotion-Classification-\data\raw\RAVDESS\Actor_23\03-01-01-01-01-01-23.wav,16000,1,3.8038,60861,OK
03-01-01-01-01-02-23.wav,c:\Users\kamal\group 2\Group-2-Speech-Recognition-Emotion-Classification-\data\raw\RAVDESS\Actor_23\03-01-01-01-01-02-23.wav,16000,1,3.7371,59793,OK
03-01-01-01-02-01-23.wav,c:\Users\kamal\group 2\Group-2-Speech-Recognition-Emotion-Classification-\data\raw\RAVDESS\Actor_23\03-01-01-01-02-01-23.wav,16000,1,3.6704,58726,OK
03-01-01-01-02-02-23.wav,c:\Users\kamal\group 2\Group-2-Speech-Recognition-Emotion-Classification-\data\raw\RAVDESS\Actor_23\03-01-01-01-02-02-23.wav,16000,1,3.8372,61395,OK
03-01-02-01-01-01-23.wav,c:\Users\kamal\group 2\Group-2-Speech-Recognition-Emotion-Classification-\data\raw\RAVDESS\Actor_23\03-01-02-01-01-01-23.wav,16000,1,3.9706,63530,OK
03-01-02-01-01-02-23.wav,c:\Users\kamal\group 2\Group-2-Speech-Recognition-Emotion-Classification-\data\raw\RAVDESS\Actor_23\03-01-02-01-01-02-23.wav,16000,1,4.0708,65132,OK
03-01-02-01-02-01-23.wav,c:\Users\kamal\group 2\Group-2-Speech-Recognition-Emotion-Classification-\data\raw\RAVDESS\Actor_23\03-01-02-01-02-01-23.wav,16000,1,4.1709,66734,OK
03-01-02-01-02-02-23.wav,c:\Users\kamal\group 2\Group-2-Speech-Recognition-Emotion-Classification-\data\raw\RAVDESS\Actor_23\03-01-02-01-02-02-23.wav,16000,1,4.004,64064,OK
03-01-02-02-01-01-23.wav,c:\Users\kamal\group 2\Group-2-Speech-Recognition-Emotion-Classification-\data\raw\RAVDESS\Actor_23\03-01-02-02-01-01-23.wav,16000,1,4.6046,73674,OK
03-01-02-02-01-02-23.wav,c:\Users\kamal\group 2\Group-2-Speech-Recognition-Emotion-Classification-\data\raw\RAVDESS\Actor_23\03-01-02-02-01-02-23.wav,16000,1,4.6046,73674,OK
03-01-02-02-02-01-23.wav,c:\Users\kamal\group 2\Group-2-Speech-Recognition-Emotion-Classification-\data\raw\RAVDESS\Actor_23\03-01-02-02-02-01-23.wav,16000,1,4.1041,65666,OK
03-01-02-02-02-02-23.wav,c:\Users\kamal\group 2\Group-2-Speech-Recognition-Emotion-Classification-\data\raw\RAVDESS\Actor_23\03-01-02-02-02-02-23.wav,16000,1,4.5713,73140,OK
03-01-03-01-01-01-23.wav,c:\Users\kamal\group 2\Group-2-Speech-Recognition-Emotion-Classification-\data\raw\RAVDESS\Actor_23\03-01-03-01-01-01-23.wav,16000,1,3.3367,53387,OK
03-01-03-01-01-02-23.wav,c:\Users\kamal\group 2\Group-2-Speech-Recognition-Emotion-Classification-\data\raw\RAVDESS\Actor_23\03-01-03-01-01-02-23.wav,16000,1,3.2699,52319,OK
03-01-03-01-02-01-23.wav,c:\Users\kamal\group 2\Group-2-Speech-Recognition-Emotion-Classification-\data\raw\RAVDESS\Actor_23\03-01-03-01-02-01-23.wav,16000,1,3.2366,51785,OK
03-01-03-01-02-02-23.wav,c:\Users\kamal\group 2\Group-2-Speech-Recognition-Emotion-Classification-\data\raw\RAVDESS\Actor_23\03-01-03-01-02-02-23.wav,16000,1,3.2699,52319,OK
03-01-03-02-01-01-23.wav,c:\Users\kamal\group 2\Group-2-Speech-Recognition-Emotion-Classification-\data\raw\RAVDESS\Actor_23\03-01-03-02-01-01-23.wav,16000,1,3.2366,51786,OK
03-01-03-02-01-02-23.wav,c:\Users\kamal\group 2\Group-2-Speech-Recognition-Emotion-Classification-\data\raw\RAVDESS\Actor_23\03-01-03-02-01-02-23.wav,16000,1,3.2032,51251,OK
03-01-03-02-02-01-23.wav,c:\Users\kamal\group 2\Group-2-Speech-Recognition-Emotion-Classification-\data\raw\RAVDESS\Actor_23\03-01-03-02-02-01-23.wav,16000,1,3.2366,51785,OK
03-01-03-02-02-02-23.wav,c:\Users\kamal\group 2\Group-2-Speech-Recognition-Emotion-Classification-\data\raw\RAVDESS\Actor_23\03-01-03-02-02-02-23.wav,16000,1,3.2366,51785,OK
03-01-04-01-01-01-23.wav,c:\Users\kamal\group 2\Group-2-Speech-Recognition-Emotion-Classification-\data\raw\RAVDESS\Actor_23\03-01-04-01-01-01-23.wav,16000,1,3.6036,57658,OK
03-01-04-01-01-02-23.wav,c:\Users\kamal\group 2\Group-2-Speech-Recognition-Emotion-Classification-\data\raw\RAVDESS\Actor_23\03-01-04-01-01-02-23.wav,16000,1,3.8706,61929,OK
03-01-04-01-02-01-23.wav,c:\Users\kamal\group 2\Group-2-Speech-Recognition-Emotion-Classification-\data\raw\RAVDESS\Actor_23\03-01-04-01-02-01-23.wav,16000,1,3.5703,57124,OK
03-01-04-01-02-02-23.wav,c:\Users\kamal\group 2\Group-2-Speech-Recognition-Emotion-Classification-\data\raw\RAVDESS\Actor_23\03-01-04-01-02-02-23.wav,16000,1,3.6704,58726,OK
03-01-04-02-01-01-23.wav,c:\Users\kamal\group 2\Group-2-Speech-Recognition-Emotion-Classification-\data\raw\RAVDESS\Actor_23\03-01-04-02-01-01-23.wav,16000,1,4.2709,68335,OK
03-01-04-02-01-02-23.wav,c:\Users\kamal\group 2\Group-2-Speech-Recognition-Emotion-Classification-\data\raw\RAVDESS\Actor_23\03-01-04-02-01-02-23.wav,16000,1,4.3711,69937,OK
03-01-04-02-02-01-23.wav,c:\Users\kamal\group 2\Group-2-Speech-Recognition-Emotion-Classification-\data\raw\RAVDESS\Actor_23\03-01-04-02-02-01-23.wav,16000,1,3.9373,62997,OK
03-01-04-02-02-02-23.wav,c:\Users\kamal\group 2\Group-2-Speech-Recognition-Emotion-Classification-\data\raw\RAVDESS\Actor_23\03-01-04-02-02-02-23.wav,16000,1,4.7381,75809,OK
03-01-05-01-01-01-23.wav,c:\Users\kamal\group 2\Group-2-Speech-Recognition-Emotion-Classification-\data\raw\RAVDESS\Actor_23\03-01-05-01-01-01-23.wav,16000,1,3.3033,52853,OK
03-01-05-01-01-02-23.wav,c:\Users\kamal\group 2\Group-2-Speech-Recognition-Emotion-Classification-\data\raw\RAVDESS\Actor_23\03-01-05-01-01-02-23.wav,16000,1,3.3033,52853,OK
03-01-05-01-02-01-23.wav,c:\Users\kamal\group 2\Group-2-Speech-Recognition-Emotion-Classification-\data\raw\RAVDESS\Actor_23\03-01-05-01-02-01-23.wav,16000,1,3.2699,52319,OK
03-01-05-01-02-02-23.wav,c:\Users\kamal\group 2\Group-2-Speech-Recognition-Emotion-Classification-\data\raw\RAVDESS\Actor_23\03-01-05-01-02-02-23.wav,16000,1,3.3367,53387,OK
03-01-05-02-01-01-23.wav,c:\Users\kamal\group 2\Group-2-Speech-Recognition-Emotion-Classification-\data\raw\RAVDESS\Actor_23\03-01-05-02-01-01-23.wav,16000,1,3.4034,54455,OK
03-01-05-02-01-02-23.wav,c:\Users\kamal\group 2\Group-2-Speech-Recognition-Emotion-Classification-\data\raw\RAVDESS\Actor_23\03-01-05-02-01-02-23.wav,16000,1,3.3367,53387,OK
03-01-05-02-02-01-23.wav,c:\Users\kamal\group 2\Group-2-Speech-Recognition-Emotion-Classification-\data\raw\RAVDESS\Actor_23\03-01-05-02-02-01-23.wav,16000,1,3.2366,51785,OK
03-01-05-02-02-02-23.wav,c:\Users\kamal\group 2\Group-2-Speech-Recognition-Emotion-Classification-\data\raw\RAVDESS\Actor_23\03-01-05-02-02-02-23.wav,16000,1,3.3033,52853,OK
03-01-06-01-01-01-23.wav,c:\Users\kamal\group 2\Group-2-Speech-Recognition-Emotion-Classification-\data\raw\RAVDESS\Actor_23\03-01-06-01-01-01-23.wav,16000,1,3.4368,54989,OK
03-01-06-01-01-02-23.wav,c:\Users\kamal\group 2\Group-2-Speech-Recognition-Emotion-Classification-\data\raw\RAVDESS\Actor_23\03-01-06-01-01-02-23.wav,16000,1,3.2366,51785,OK
03-01-06-01-02-01-23.wav,c:\Users\kamal\group 2\Group-2-Speech-Recognition-Emotion-Classification-\data\raw\RAVDESS\Actor_23\03-01-06-01-02-01-23.wav,16000,1,3.1365,50184,OK
03-01-06-01-02-02-23.wav,c:\Users\kamal\group 2\Group-2-Speech-Recognition-Emotion-Classification-\data\raw\RAVDESS\Actor_23\03-01-06-01-02-02-23.wav,16000,1,3.1031,49650,OK
03-01-06-02-01-01-23.wav,c:\Users\kamal\group 2\Group-2-Speech-Recognition-Emotion-Classification-\data\raw\RAVDESS\Actor_23\03-01-06-02-01-01-23.wav,16000,1,3.5703,57124,OK
03-01-06-02-01-02-23.wav,c:\Users\kamal\group 2\Group-2-Speech-Recognition-Emotion-Classification-\data\raw\RAVDESS\Actor_23\03-01-06-02-01-02-23.wav,16000,1,3.4368,54989,OK
03-01-06-02-02-01-23.wav,c:\Users\kamal\group 2\Group-2-Speech-Recognition-Emotion-Classification-\data\raw\RAVDESS\Actor_23\03-01-06-02-02-01-23.wav,16000,1,3.5703,57124,OK
03-01-06-02-02-02-23.wav,c:\Users\kamal\group 2\Group-2-Speech-Recognition-Emotion-Classification-\data\raw\RAVDESS\Actor_23\03-01-06-02-02-02-23.wav,16000,1,3.5369,56590,OK
03-01-07-01-01-01-23.wav,c:\Users\kamal\group 2\Group-2-Speech-Recognition-Emotion-Classification-\data\raw\RAVDESS\Actor_23\03-01-07-01-01-01-23.wav,16000,1,3.5703,57124,OK
03-01-07-01-01-02-23.wav,c:\Users\kamal\group 2\Group-2-Speech-Recognition-Emotion-Classification-\data\raw\RAVDESS\Actor_23\03-01-07-01-01-02-23.wav,16000,1,3.5703,57124,OK
03-01-07-01-02-01-23.wav,c:\Users\kamal\group 2\Group-2-Speech-Recognition-Emotion-Classification-\data\raw\RAVDESS\Actor_23\03-01-07-01-02-01-23.wav,16000,1,3.4701,55522,OK
03-01-07-01-02-02-23.wav,c:\Users\kamal\group 2\Group-2-Speech-Recognition-Emotion-Classification-\data\raw\RAVDESS\Actor_23\03-01-07-01-02-02-23.wav,16000,1,3.3367,53387,OK
03-01-07-02-01-01-23.wav,c:\Users\kamal\group 2\Group-2-Speech-Recognition-Emotion-Classification-\data\raw\RAVDESS\Actor_23\03-01-07-02-01-01-23.wav,16000,1,4.0708,65132,OK
03-01-07-02-01-02-23.wav,c:\Users\kamal\group 2\Group-2-Speech-Recognition-Emotion-Classification-\data\raw\RAVDESS\Actor_23\03-01-07-02-01-02-23.wav,16000,1,3.8706,61929,OK
03-01-07-02-02-01-23.wav,c:\Users\kamal\group 2\Group-2-Speech-Recognition-Emotion-Classification-\data\raw\RAVDESS\Actor_23\03-01-07-02-02-01-23.wav,16000,1,3.7371,59793,OK
03-01-07-02-02-02-23.wav,c:\Users\kamal\group 2\Group-2-Speech-Recognition-Emotion-Classification-\data\raw\RAVDESS\Actor_23\03-01-07-02-02-02-23.wav,16000,1,3.8706,61929,OK
03-01-08-01-01-01-23.wav,c:\Users\kamal\group 2\Group-2-Speech-Recognition-Emotion-Classification-\data\raw\RAVDESS\Actor_23\03-01-08-01-01-01-23.wav,16000,1,3.2699,52319,OK
03-01-08-01-01-02-23.wav,c:\Users\kamal\group 2\Group-2-Speech-Recognition-Emotion-Classification-\data\raw\RAVDESS\Actor_23\03-01-08-01-01-02-23.wav,16000,1,3.2366,51785,OK
03-01-08-01-02-01-23.wav,c:\Users\kamal\group 2\Group-2-Speech-Recognition-Emotion-Classification-\data\raw\RAVDESS\Actor_23\03-01-08-01-02-01-23.wav,16000,1,3.3033,52853,OK
03-01-08-01-02-02-23.wav,c:\Users\kamal\group 2\Group-2-Speech-Recognition-Emotion-Classification-\data\raw\RAVDESS\Actor_23\03-01-08-01-02-02-23.wav,16000,1,3.3033,52853,OK
03-01-08-02-01-01-23.wav,c:\Users\kamal\group 2\Group-2-Speech-Recognition-Emotion-Classification-\data\raw\RAVDESS\Actor_23\03-01-08-02-01-01-23.wav,16000,1,3.5035,56056,OK
03-01-08-02-01-02-23.wav,c:\Users\kamal\group 2\Group-2-Speech-Recognition-Emotion-Classification-\data\raw\RAVDESS\Actor_23\03-01-08-02-01-02-23.wav,16000,1,3.3701,53921,OK
03-01-08-02-02-01-23.wav,c:\Users\kamal\group 2\Group-2-Speech-Recognition-Emotion-Classification-\data\raw\RAVDESS\Actor_23\03-01-08-02-02-01-23.wav,16000,1,3.3367,53387,OK
03-01-08-02-02-02-23.wav,c:\Users\kamal\group 2\Group-2-Speech-Recognition-Emotion-Classification-\data\raw\RAVDESS\Actor_23\03-01-08-02-02-02-23.wav,16000,1,3.3033,52853,OK
03-01-01-01-01-01-24.wav,c:\Users\kamal\group 2\Group-2-Speech-Recognition-Emotion-Classification-\data\raw\RAVDESS\Actor_24\03-01-01-01-01-01-24.wav,16000,1,3.7037,59260,OK
03-01-01-01-01-02-24.wav,c:\Users\kamal\group 2\Group-2-Speech-Recognition-Emotion-Classification-\data\raw\RAVDESS\Actor_24\03-01-01-01-01-02-24.wav,16000,1,3.637,58192,OK
03-01-01-01-02-01-24.wav,c:\Users\kamal\group 2\Group-2-Speech-Recognition-Emotion-Classification-\data\raw\RAVDESS\Actor_24\03-01-01-01-02-01-24.wav,16000,1,3.637,58192,OK
03-01-01-01-02-02-24.wav,c:\Users\kamal\group 2\Group-2-Speech-Recognition-Emotion-Classification-\data\raw\RAVDESS\Actor_24\03-01-01-01-02-02-24.wav,16000,1,3.6036,57658,OK
03-01-02-01-01-01-24.wav,c:\Users\kamal\group 2\Group-2-Speech-Recognition-Emotion-Classification-\data\raw\RAVDESS\Actor_24\03-01-02-01-01-01-24.wav,16000,1,3.5703,57124,OK
03-01-02-01-01-02-24.wav,c:\Users\kamal\group 2\Group-2-Speech-Recognition-Emotion-Classification-\data\raw\RAVDESS\Actor_24\03-01-02-01-01-02-24.wav,16000,1,3.5035,56056,OK
03-01-02-01-02-01-24.wav,c:\Users\kamal\group 2\Group-2-Speech-Recognition-Emotion-Classification-\data\raw\RAVDESS\Actor_24\03-01-02-01-02-01-24.wav,16000,1,3.8706,61929,OK
03-01-02-01-02-02-24.wav,c:\Users\kamal\group 2\Group-2-Speech-Recognition-Emotion-Classification-\data\raw\RAVDESS\Actor_24\03-01-02-01-02-02-24.wav,16000,1,3.7037,59259,OK
03-01-02-02-01-01-24.wav,c:\Users\kamal\group 2\Group-2-Speech-Recognition-Emotion-Classification-\data\raw\RAVDESS\Actor_24\03-01-02-02-01-01-24.wav,16000,1,4.1041,65666,OK
03-01-02-02-01-02-24.wav,c:\Users\kamal\group 2\Group-2-Speech-Recognition-Emotion-Classification-\data\raw\RAVDESS\Actor_24\03-01-02-02-01-02-24.wav,16000,1,4.0708,65132,OK
03-01-02-02-02-01-24.wav,c:\Users\kamal\group 2\Group-2-Speech-Recognition-Emotion-Classification-\data\raw\RAVDESS\Actor_24\03-01-02-02-02-01-24.wav,16000,1,4.0374,64598,OK
03-01-02-02-02-02-24.wav,c:\Users\kamal\group 2\Group-2-Speech-Recognition-Emotion-Classification-\data\raw\RAVDESS\Actor_24\03-01-02-02-02-02-24.wav,16000,1,4.1041,65666,OK
03-01-03-01-01-01-24.wav,c:\Users\kamal\group 2\Group-2-Speech-Recognition-Emotion-Classification-\data\raw\RAVDESS\Actor_24\03-01-03-01-01-01-24.wav,16000,1,3.6036,57658,OK
03-01-03-01-01-02-24.wav,c:\Users\kamal\group 2\Group-2-Speech-Recognition-Emotion-Classification-\data\raw\RAVDESS\Actor_24\03-01-03-01-01-02-24.wav,16000,1,3.9039,62463,OK
03-01-03-01-02-01-24.wav,c:\Users\kamal\group 2\Group-2-Speech-Recognition-Emotion-Classification-\data\raw\RAVDESS\Actor_24\03-01-03-01-02-01-24.wav,16000,1,3.5035,56056,OK
03-01-03-01-02-02-24.wav,c:\Users\kamal\group 2\Group-2-Speech-Recognition-Emotion-Classification-\data\raw\RAVDESS\Actor_24\03-01-03-01-02-02-24.wav,16000,1,3.7371,59793,OK
03-01-03-02-01-01-24.wav,c:\Users\kamal\group 2\Group-2-Speech-Recognition-Emotion-Classification-\data\raw\RAVDESS\Actor_24\03-01-03-02-01-01-24.wav,16000,1,4.004,64064,OK
03-01-03-02-01-02-24.wav,c:\Users\kamal\group 2\Group-2-Speech-Recognition-Emotion-Classification-\data\raw\RAVDESS\Actor_24\03-01-03-02-01-02-24.wav,16000,1,3.7704,60327,OK
03-01-03-02-02-01-24.wav,c:\Users\kamal\group 2\Group-2-Speech-Recognition-Emotion-Classification-\data\raw\RAVDESS\Actor_24\03-01-03-02-02-01-24.wav,16000,1,3.8706,61929,OK
03-01-03-02-02-02-24.wav,c:\Users\kamal\group 2\Group-2-Speech-Recognition-Emotion-Classification-\data\raw\RAVDESS\Actor_24\03-01-03-02-02-02-24.wav,16000,1,3.8706,61929,OK
03-01-04-01-01-01-24.wav,c:\Users\kamal\group 2\Group-2-Speech-Recognition-Emotion-Classification-\data\raw\RAVDESS\Actor_24\03-01-04-01-01-01-24.wav,16000,1,4.1041,65666,OK
03-01-04-01-01-02-24.wav,c:\Users\kamal\group 2\Group-2-Speech-Recognition-Emotion-Classification-\data\raw\RAVDESS\Actor_24\03-01-04-01-01-02-24.wav,16000,1,3.9706,63530,OK
03-01-04-01-02-01-24.wav,c:\Users\kamal\group 2\Group-2-Speech-Recognition-Emotion-Classification-\data\raw\RAVDESS\Actor_24\03-01-04-01-02-01-24.wav,16000,1,3.5369,56590,OK
03-01-04-01-02-02-24.wav,c:\Users\kamal\group 2\Group-2-Speech-Recognition-Emotion-Classification-\data\raw\RAVDESS\Actor_24\03-01-04-01-02-02-24.wav,16000,1,3.8372,61395,OK
03-01-04-02-01-01-24.wav,c:\Users\kamal\group 2\Group-2-Speech-Recognition-Emotion-Classification-\data\raw\RAVDESS\Actor_24\03-01-04-02-01-01-24.wav,16000,1,4.4044,70471,OK
03-01-04-02-01-02-24.wav,c:\Users\kamal\group 2\Group-2-Speech-Recognition-Emotion-Classification-\data\raw\RAVDESS\Actor_24\03-01-04-02-01-02-24.wav,16000,1,4.5713,73140,OK
03-01-04-02-02-01-24.wav,c:\Users\kamal\group 2\Group-2-Speech-Recognition-Emotion-Classification-\data\raw\RAVDESS\Actor_24\03-01-04-02-02-01-24.wav,16000,1,4.2043,67268,OK
03-01-04-02-02-02-24.wav,c:\Users\kamal\group 2\Group-2-Speech-Recognition-Emotion-Classification-\data\raw\RAVDESS\Actor_24\03-01-04-02-02-02-24.wav,16000,1,4.6714,74742,OK
03-01-05-01-01-01-24.wav,c:\Users\kamal\group 2\Group-2-Speech-Recognition-Emotion-Classification-\data\raw\RAVDESS\Actor_24\03-01-05-01-01-01-24.wav,16000,1,4.1041,65666,OK
03-01-05-01-01-02-24.wav,c:\Users\kamal\group 2\Group-2-Speech-Recognition-Emotion-Classification-\data\raw\RAVDESS\Actor_24\03-01-05-01-01-02-24.wav,16000,1,3.7371,59793,OK
03-01-05-01-02-01-24.wav,c:\Users\kamal\group 2\Group-2-Speech-Recognition-Emotion-Classification-\data\raw\RAVDESS\Actor_24\03-01-05-01-02-01-24.wav,16000,1,3.6704,58726,OK
03-01-05-01-02-02-24.wav,c:\Users\kamal\group 2\Group-2-Speech-Recognition-Emotion-Classification-\data\raw\RAVDESS\Actor_24\03-01-05-01-02-02-24.wav,16000,1,4.2042,67267,OK
03-01-05-02-01-01-24.wav,c:\Users\kamal\group 2\Group-2-Speech-Recognition-Emotion-Classification-\data\raw\RAVDESS\Actor_24\03-01-05-02-01-01-24.wav,16000,1,4.3711,69937,OK
03-01-05-02-01-02-24.wav,c:\Users\kamal\group 2\Group-2-Speech-Recognition-Emotion-Classification-\data\raw\RAVDESS\Actor_24\03-01-05-02-01-02-24.wav,16000,1,4.3711,69937,OK
03-01-05-02-02-01-24.wav,c:\Users\kamal\group 2\Group-2-Speech-Recognition-Emotion-Classification-\data\raw\RAVDESS\Actor_24\03-01-05-02-02-01-24.wav,16000,1,4.1709,66734,OK
03-01-05-02-02-02-24.wav,c:\Users\kamal\group 2\Group-2-Speech-Recognition-Emotion-Classification-\data\raw\RAVDESS\Actor_24\03-01-05-02-02-02-24.wav,16000,1,5.1051,81682,OK
03-01-06-01-01-01-24.wav,c:\Users\kamal\group 2\Group-2-Speech-Recognition-Emotion-Classification-\data\raw\RAVDESS\Actor_24\03-01-06-01-01-01-24.wav,16000,1,4.1041,65666,OK
03-01-06-01-01-02-24.wav,c:\Users\kamal\group 2\Group-2-Speech-Recognition-Emotion-Classification-\data\raw\RAVDESS\Actor_24\03-01-06-01-01-02-24.wav,16000,1,4.0708,65132,OK
03-01-06-01-02-01-24.wav,c:\Users\kamal\group 2\Group-2-Speech-Recognition-Emotion-Classification-\data\raw\RAVDESS\Actor_24\03-01-06-01-02-01-24.wav,16000,1,3.9373,62996,OK
03-01-06-01-02-02-24.wav,c:\Users\kamal\group 2\Group-2-Speech-Recognition-Emotion-Classification-\data\raw\RAVDESS\Actor_24\03-01-06-01-02-02-24.wav,16000,1,4.004,64064,OK
03-01-06-02-01-01-24.wav,c:\Users\kamal\group 2\Group-2-Speech-Recognition-Emotion-Classification-\data\raw\RAVDESS\Actor_24\03-01-06-02-01-01-24.wav,16000,1,3.8372,61395,OK
03-01-06-02-01-02-24.wav,c:\Users\kamal\group 2\Group-2-Speech-Recognition-Emotion-Classification-\data\raw\RAVDESS\Actor_24\03-01-06-02-01-02-24.wav,16000,1,4.0708,65132,OK
03-01-06-02-02-01-24.wav,c:\Users\kamal\group 2\Group-2-Speech-Recognition-Emotion-Classification-\data\raw\RAVDESS\Actor_24\03-01-06-02-02-01-24.wav,16000,1,3.6036,57658,OK
03-01-06-02-02-02-24.wav,c:\Users\kamal\group 2\Group-2-Speech-Recognition-Emotion-Classification-\data\raw\RAVDESS\Actor_24\03-01-06-02-02-02-24.wav,16000,1,3.8372,61395,OK
03-01-07-01-01-01-24.wav,c:\Users\kamal\group 2\Group-2-Speech-Recognition-Emotion-Classification-\data\raw\RAVDESS\Actor_24\03-01-07-01-01-01-24.wav,16000,1,4.3043,68869,OK
03-01-07-01-01-02-24.wav,c:\Users\kamal\group 2\Group-2-Speech-Recognition-Emotion-Classification-\data\raw\RAVDESS\Actor_24\03-01-07-01-01-02-24.wav,16000,1,4.1041,65666,OK
03-01-07-01-02-01-24.wav,c:\Users\kamal\group 2\Group-2-Speech-Recognition-Emotion-Classification-\data\raw\RAVDESS\Actor_24\03-01-07-01-02-01-24.wav,16000,1,4.004,64064,OK
03-01-07-01-02-02-24.wav,c:\Users\kamal\group 2\Group-2-Speech-Recognition-Emotion-Classification-\data\raw\RAVDESS\Actor_24\03-01-07-01-02-02-24.wav,16000,1,4.0708,65132,OK
03-01-07-02-01-01-24.wav,c:\Users\kamal\group 2\Group-2-Speech-Recognition-Emotion-Classification-\data\raw\RAVDESS\Actor_24\03-01-07-02-01-01-24.wav,16000,1,4.3377,69403,OK
03-01-07-02-01-02-24.wav,c:\Users\kamal\group 2\Group-2-Speech-Recognition-Emotion-Classification-\data\raw\RAVDESS\Actor_24\03-01-07-02-01-02-24.wav,16000,1,4.638,74208,OK
03-01-07-02-02-01-24.wav,c:\Users\kamal\group 2\Group-2-Speech-Recognition-Emotion-Classification-\data\raw\RAVDESS\Actor_24\03-01-07-02-02-01-24.wav,16000,1,4.2376,67801,OK
03-01-07-02-02-02-24.wav,c:\Users\kamal\group 2\Group-2-Speech-Recognition-Emotion-Classification-\data\raw\RAVDESS\Actor_24\03-01-07-02-02-02-24.wav,16000,1,4.4378,71005,OK
03-01-08-01-01-01-24.wav,c:\Users\kamal\group 2\Group-2-Speech-Recognition-Emotion-Classification-\data\raw\RAVDESS\Actor_24\03-01-08-01-01-01-24.wav,16000,1,3.3033,52853,OK
03-01-08-01-01-02-24.wav,c:\Users\kamal\group 2\Group-2-Speech-Recognition-Emotion-Classification-\data\raw\RAVDESS\Actor_24\03-01-08-01-01-02-24.wav,16000,1,3.4702,55523,OK
03-01-08-01-02-01-24.wav,c:\Users\kamal\group 2\Group-2-Speech-Recognition-Emotion-Classification-\data\raw\RAVDESS\Actor_24\03-01-08-01-02-01-24.wav,16000,1,3.3701,53921,OK
03-01-08-01-02-02-24.wav,c:\Users\kamal\group 2\Group-2-Speech-Recognition-Emotion-Classification-\data\raw\RAVDESS\Actor_24\03-01-08-01-02-02-24.wav,16000,1,3.4034,54455,OK
03-01-08-02-01-01-24.wav,c:\Users\kamal\group 2\Group-2-Speech-Recognition-Emotion-Classification-\data\raw\RAVDESS\Actor_24\03-01-08-02-01-01-24.wav,16000,1,3.9373,62997,OK
03-01-08-02-01-02-24.wav,c:\Users\kamal\group 2\Group-2-Speech-Recognition-Emotion-Classification-\data\raw\RAVDESS\Actor_24\03-01-08-02-01-02-24.wav,16000,1,3.9706,63530,OK
03-01-08-02-02-01-24.wav,c:\Users\kamal\group 2\Group-2-Speech-Recognition-Emotion-Classification-\data\raw\RAVDESS\Actor_24\03-01-08-02-02-01-24.wav,16000,1,3.6704,58726,OK
03-01-08-02-02-02-24.wav,c:\Users\kamal\group 2\Group-2-Speech-Recognition-Emotion-Classification-\data\raw\RAVDESS\Actor_24\03-01-08-02-02-02-24.wav,16000,1,3.637,58192,OK
