filename,filepath,modality,vocal_channel,emotion_code,emotion,intensity,statement,repetition,actor
03-01-01-01-01-01-01.wav,C:/Users/kenis/OneDrive/Desktop/RAVDESS\data\raw\Audio_Speech_Actors_01-24_16k (1) - Copy\Audio_Speech_Actors_01-24_16k\Actor_01\03-01-01-01-01-01-01.wav,3,1,1,neutral,1,1,1,1
03-01-01-01-01-02-01.wav,C:/Users/kenis/OneDrive/Desktop/RAVDESS\data\raw\Audio_Speech_Actors_01-24_16k (1) - Copy\Audio_Speech_Actors_01-24_16k\Actor_01\03-01-01-01-01-02-01.wav,3,1,1,neutral,1,1,2,1
03-01-01-01-02-01-01.wav,C:/Users/kenis/OneDrive/Desktop/RAVDESS\data\raw\Audio_Speech_Actors_01-24_16k (1) - Copy\Audio_Speech_Actors_01-24_16k\Actor_01\03-01-01-01-02-01-01.wav,3,1,1,neutral,1,2,1,1
03-01-01-01-02-02-01.wav,C:/Users/kenis/OneDrive/Desktop/RAVDESS\data\raw\Audio_Speech_Actors_01-24_16k (1) - Copy\Audio_Speech_Actors_01-24_16k\Actor_01\03-01-01-01-02-02-01.wav,3,1,1,neutral,1,2,2,1
03-01-02-01-01-01-01.wav,C:/Users/kenis/OneDrive/Desktop/RAVDESS\data\raw\Audio_Speech_Actors_01-24_16k (1) - Copy\Audio_Speech_Actors_01-24_16k\Actor_01\03-01-02-01-01-01-01.wav,3,1,2,calm,1,1,1,1
03-01-02-01-01-02-01.wav,C:/Users/kenis/OneDrive/Desktop/RAVDESS\data\raw\Audio_Speech_Actors_01-24_16k (1) - Copy\Audio_Speech_Actors_01-24_16k\Actor_01\03-01-02-01-01-02-01.wav,3,1,2,calm,1,1,2,1
03-01-02-01-02-01-01.wav,C:/Users/kenis/OneDrive/Desktop/RAVDESS\data\raw\Audio_Speech_Actors_01-24_16k (1) - Copy\Audio_Speech_Actors_01-24_16k\Actor_01\03-01-02-01-02-01-01.wav,3,1,2,calm,1,2,1,1
03-01-02-01-02-02-01.wav,C:/Users/kenis/OneDrive/Desktop/RAVDESS\data\raw\Audio_Speech_Actors_01-24_16k (1) - Copy\Audio_Speech_Actors_01-24_16k\Actor_01\03-01-02-01-02-02-01.wav,3,1,2,calm,1,2,2,1
03-01-02-02-01-01-01.wav,C:/Users/kenis/OneDrive/Desktop/RAVDESS\data\raw\Audio_Speech_Actors_01-24_16k (1) - Copy\Audio_Speech_Actors_01-24_16k\Actor_01\03-01-02-02-01-01-01.wav,3,1,2,calm,2,1,1,1
03-01-02-02-01-02-01.wav,C:/Users/kenis/OneDrive/Desktop/RAVDESS\data\raw\Audio_Speech_Actors_01-24_16k (1) - Copy\Audio_Speech_Actors_01-24_16k\Actor_01\03-01-02-02-01-02-01.wav,3,1,2,calm,2,1,2,1
03-01-02-02-02-01-01.wav,C:/Users/kenis/OneDrive/Desktop/RAVDESS\data\raw\Audio_Speech_Actors_01-24_16k (1) - Copy\Audio_Speech_Actors_01-24_16k\Actor_01\03-01-02-02-02-01-01.wav,3,1,2,calm,2,2,1,1
03-01-02-02-02-02-01.wav,C:/Users/kenis/OneDrive/Desktop/RAVDESS\data\raw\Audio_Speech_Actors_01-24_16k (1) - Copy\Audio_Speech_Actors_01-24_16k\Actor_01\03-01-02-02-02-02-01.wav,3,1,2,calm,2,2,2,1
03-01-03-01-01-01-01.wav,C:/Users/kenis/OneDrive/Desktop/RAVDESS\data\raw\Audio_Speech_Actors_01-24_16k (1) - Copy\Audio_Speech_Actors_01-24_16k\Actor_01\03-01-03-01-01-01-01.wav,3,1,3,happy,1,1,1,1
03-01-03-01-01-02-01.wav,C:/Users/kenis/OneDrive/Desktop/RAVDESS\data\raw\Audio_Speech_Actors_01-24_16k (1) - Copy\Audio_Speech_Actors_01-24_16k\Actor_01\03-01-03-01-01-02-01.wav,3,1,3,happy,1,1,2,1
03-01-03-01-02-01-01.wav,C:/Users/kenis/OneDrive/Desktop/RAVDESS\data\raw\Audio_Speech_Actors_01-24_16k (1) - Copy\Audio_Speech_Actors_01-24_16k\Actor_01\03-01-03-01-02-01-01.wav,3,1,3,happy,1,2,1,1
03-01-03-01-02-02-01.wav,C:/Users/kenis/OneDrive/Desktop/RAVDESS\data\raw\Audio_Speech_Actors_01-24_16k (1) - Copy\Audio_Speech_Actors_01-24_16k\Actor_01\03-01-03-01-02-02-01.wav,3,1,3,happy,1,2,2,1
03-01-03-02-01-01-01.wav,C:/Users/kenis/OneDrive/Desktop/RAVDESS\data\raw\Audio_Speech_Actors_01-24_16k (1) - Copy\Audio_Speech_Actors_01-24_16k\Actor_01\03-01-03-02-01-01-01.wav,3,1,3,happy,2,1,1,1
03-01-03-02-01-02-01.wav,C:/Users/kenis/OneDrive/Desktop/RAVDESS\data\raw\Audio_Speech_Actors_01-24_16k (1) - Copy\Audio_Speech_Actors_01-24_16k\Actor_01\03-01-03-02-01-02-01.wav,3,1,3,happy,2,1,2,1
03-01-03-02-02-01-01.wav,C:/Users/kenis/OneDrive/Desktop/RAVDESS\data\raw\Audio_Speech_Actors_01-24_16k (1) - Copy\Audio_Speech_Actors_01-24_16k\Actor_01\03-01-03-02-02-01-01.wav,3,1,3,happy,2,2,1,1
03-01-03-02-02-02-01.wav,C:/Users/kenis/OneDrive/Desktop/RAVDESS\data\raw\Audio_Speech_Actors_01-24_16k (1) - Copy\Audio_Speech_Actors_01-24_16k\Actor_01\03-01-03-02-02-02-01.wav,3,1,3,happy,2,2,2,1
03-01-04-01-01-01-01.wav,C:/Users/kenis/OneDrive/Desktop/RAVDESS\data\raw\Audio_Speech_Actors_01-24_16k (1) - Copy\Audio_Speech_Actors_01-24_16k\Actor_01\03-01-04-01-01-01-01.wav,3,1,4,sad,1,1,1,1
03-01-04-01-01-02-01.wav,C:/Users/kenis/OneDrive/Desktop/RAVDESS\data\raw\Audio_Speech_Actors_01-24_16k (1) - Copy\Audio_Speech_Actors_01-24_16k\Actor_01\03-01-04-01-01-02-01.wav,3,1,4,sad,1,1,2,1
03-01-04-01-02-01-01.wav,C:/Users/kenis/OneDrive/Desktop/RAVDESS\data\raw\Audio_Speech_Actors_01-24_16k (1) - Copy\Audio_Speech_Actors_01-24_16k\Actor_01\03-01-04-01-02-01-01.wav,3,1,4,sad,1,2,1,1
03-01-04-01-02-02-01.wav,C:/Users/kenis/OneDrive/Desktop/RAVDESS\data\raw\Audio_Speech_Actors_01-24_16k (1) - Copy\Audio_Speech_Actors_01-24_16k\Actor_01\03-01-04-01-02-02-01.wav,3,1,4,sad,1,2,2,1
03-01-04-02-01-01-01.wav,C:/Users/kenis/OneDrive/Desktop/RAVDESS\data\raw\Audio_Speech_Actors_01-24_16k (1) - Copy\Audio_Speech_Actors_01-24_16k\Actor_01\03-01-04-02-01-01-01.wav,3,1,4,sad,2,1,1,1
03-01-04-02-01-02-01.wav,C:/Users/kenis/OneDrive/Desktop/RAVDESS\data\raw\Audio_Speech_Actors_01-24_16k (1) - Copy\Audio_Speech_Actors_01-24_16k\Actor_01\03-01-04-02-01-02-01.wav,3,1,4,sad,2,1,2,1
03-01-04-02-02-01-01.wav,C:/Users/kenis/OneDrive/Desktop/RAVDESS\data\raw\Audio_Speech_Actors_01-24_16k (1) - Copy\Audio_Speech_Actors_01-24_16k\Actor_01\03-01-04-02-02-01-01.wav,3,1,4,sad,2,2,1,1
03-01-04-02-02-02-01.wav,C:/Users/kenis/OneDrive/Desktop/RAVDESS\data\raw\Audio_Speech_Actors_01-24_16k (1) - Copy\Audio_Speech_Actors_01-24_16k\Actor_01\03-01-04-02-02-02-01.wav,3,1,4,sad,2,2,2,1
03-01-05-01-01-01-01.wav,C:/Users/kenis/OneDrive/Desktop/RAVDESS\data\raw\Audio_Speech_Actors_01-24_16k (1) - Copy\Audio_Speech_Actors_01-24_16k\Actor_01\03-01-05-01-01-01-01.wav,3,1,5,angry,1,1,1,1
03-01-05-01-01-02-01.wav,C:/Users/kenis/OneDrive/Desktop/RAVDESS\data\raw\Audio_Speech_Actors_01-24_16k (1) - Copy\Audio_Speech_Actors_01-24_16k\Actor_01\03-01-05-01-01-02-01.wav,3,1,5,angry,1,1,2,1
03-01-05-01-02-01-01.wav,C:/Users/kenis/OneDrive/Desktop/RAVDESS\data\raw\Audio_Speech_Actors_01-24_16k (1) - Copy\Audio_Speech_Actors_01-24_16k\Actor_01\03-01-05-01-02-01-01.wav,3,1,5,angry,1,2,1,1
03-01-05-01-02-02-01.wav,C:/Users/kenis/OneDrive/Desktop/RAVDESS\data\raw\Audio_Speech_Actors_01-24_16k (1) - Copy\Audio_Speech_Actors_01-24_16k\Actor_01\03-01-05-01-02-02-01.wav,3,1,5,angry,1,2,2,1
03-01-05-02-01-01-01.wav,C:/Users/kenis/OneDrive/Desktop/RAVDESS\data\raw\Audio_Speech_Actors_01-24_16k (1) - Copy\Audio_Speech_Actors_01-24_16k\Actor_01\03-01-05-02-01-01-01.wav,3,1,5,angry,2,1,1,1
03-01-05-02-01-02-01.wav,C:/Users/kenis/OneDrive/Desktop/RAVDESS\data\raw\Audio_Speech_Actors_01-24_16k (1) - Copy\Audio_Speech_Actors_01-24_16k\Actor_01\03-01-05-02-01-02-01.wav,3,1,5,angry,2,1,2,1
03-01-05-02-02-01-01.wav,C:/Users/kenis/OneDrive/Desktop/RAVDESS\data\raw\Audio_Speech_Actors_01-24_16k (1) - Copy\Audio_Speech_Actors_01-24_16k\Actor_01\03-01-05-02-02-01-01.wav,3,1,5,angry,2,2,1,1
03-01-05-02-02-02-01.wav,C:/Users/kenis/OneDrive/Desktop/RAVDESS\data\raw\Audio_Speech_Actors_01-24_16k (1) - Copy\Audio_Speech_Actors_01-24_16k\Actor_01\03-01-05-02-02-02-01.wav,3,1,5,angry,2,2,2,1
03-01-06-01-01-01-01.wav,C:/Users/kenis/OneDrive/Desktop/RAVDESS\data\raw\Audio_Speech_Actors_01-24_16k (1) - Copy\Audio_Speech_Actors_01-24_16k\Actor_01\03-01-06-01-01-01-01.wav,3,1,6,fearful,1,1,1,1
03-01-06-01-01-02-01.wav,C:/Users/kenis/OneDrive/Desktop/RAVDESS\data\raw\Audio_Speech_Actors_01-24_16k (1) - Copy\Audio_Speech_Actors_01-24_16k\Actor_01\03-01-06-01-01-02-01.wav,3,1,6,fearful,1,1,2,1
03-01-06-01-02-01-01.wav,C:/Users/kenis/OneDrive/Desktop/RAVDESS\data\raw\Audio_Speech_Actors_01-24_16k (1) - Copy\Audio_Speech_Actors_01-24_16k\Actor_01\03-01-06-01-02-01-01.wav,3,1,6,fearful,1,2,1,1
03-01-06-01-02-02-01.wav,C:/Users/kenis/OneDrive/Desktop/RAVDESS\data\raw\Audio_Speech_Actors_01-24_16k (1) - Copy\Audio_Speech_Actors_01-24_16k\Actor_01\03-01-06-01-02-02-01.wav,3,1,6,fearful,1,2,2,1
03-01-06-02-01-01-01.wav,C:/Users/kenis/OneDrive/Desktop/RAVDESS\data\raw\Audio_Speech_Actors_01-24_16k (1) - Copy\Audio_Speech_Actors_01-24_16k\Actor_01\03-01-06-02-01-01-01.wav,3,1,6,fearful,2,1,1,1
03-01-06-02-01-02-01.wav,C:/Users/kenis/OneDrive/Desktop/RAVDESS\data\raw\Audio_Speech_Actors_01-24_16k (1) - Copy\Audio_Speech_Actors_01-24_16k\Actor_01\03-01-06-02-01-02-01.wav,3,1,6,fearful,2,1,2,1
03-01-06-02-02-01-01.wav,C:/Users/kenis/OneDrive/Desktop/RAVDESS\data\raw\Audio_Speech_Actors_01-24_16k (1) - Copy\Audio_Speech_Actors_01-24_16k\Actor_01\03-01-06-02-02-01-01.wav,3,1,6,fearful,2,2,1,1
03-01-06-02-02-02-01.wav,C:/Users/kenis/OneDrive/Desktop/RAVDESS\data\raw\Audio_Speech_Actors_01-24_16k (1) - Copy\Audio_Speech_Actors_01-24_16k\Actor_01\03-01-06-02-02-02-01.wav,3,1,6,fearful,2,2,2,1
03-01-07-01-01-01-01.wav,C:/Users/kenis/OneDrive/Desktop/RAVDESS\data\raw\Audio_Speech_Actors_01-24_16k (1) - Copy\Audio_Speech_Actors_01-24_16k\Actor_01\03-01-07-01-01-01-01.wav,3,1,7,disgust,1,1,1,1
03-01-07-01-01-02-01.wav,C:/Users/kenis/OneDrive/Desktop/RAVDESS\data\raw\Audio_Speech_Actors_01-24_16k (1) - Copy\Audio_Speech_Actors_01-24_16k\Actor_01\03-01-07-01-01-02-01.wav,3,1,7,disgust,1,1,2,1
03-01-07-01-02-01-01.wav,C:/Users/kenis/OneDrive/Desktop/RAVDESS\data\raw\Audio_Speech_Actors_01-24_16k (1) - Copy\Audio_Speech_Actors_01-24_16k\Actor_01\03-01-07-01-02-01-01.wav,3,1,7,disgust,1,2,1,1
03-01-07-01-02-02-01.wav,C:/Users/kenis/OneDrive/Desktop/RAVDESS\data\raw\Audio_Speech_Actors_01-24_16k (1) - Copy\Audio_Speech_Actors_01-24_16k\Actor_01\03-01-07-01-02-02-01.wav,3,1,7,disgust,1,2,2,1
03-01-07-02-01-01-01.wav,C:/Users/kenis/OneDrive/Desktop/RAVDESS\data\raw\Audio_Speech_Actors_01-24_16k (1) - Copy\Audio_Speech_Actors_01-24_16k\Actor_01\03-01-07-02-01-01-01.wav,3,1,7,disgust,2,1,1,1
03-01-07-02-01-02-01.wav,C:/Users/kenis/OneDrive/Desktop/RAVDESS\data\raw\Audio_Speech_Actors_01-24_16k (1) - Copy\Audio_Speech_Actors_01-24_16k\Actor_01\03-01-07-02-01-02-01.wav,3,1,7,disgust,2,1,2,1
03-01-07-02-02-01-01.wav,C:/Users/kenis/OneDrive/Desktop/RAVDESS\data\raw\Audio_Speech_Actors_01-24_16k (1) - Copy\Audio_Speech_Actors_01-24_16k\Actor_01\03-01-07-02-02-01-01.wav,3,1,7,disgust,2,2,1,1
03-01-07-02-02-02-01.wav,C:/Users/kenis/OneDrive/Desktop/RAVDESS\data\raw\Audio_Speech_Actors_01-24_16k (1) - Copy\Audio_Speech_Actors_01-24_16k\Actor_01\03-01-07-02-02-02-01.wav,3,1,7,disgust,2,2,2,1
03-01-08-01-01-01-01.wav,C:/Users/kenis/OneDrive/Desktop/RAVDESS\data\raw\Audio_Speech_Actors_01-24_16k (1) - Copy\Audio_Speech_Actors_01-24_16k\Actor_01\03-01-08-01-01-01-01.wav,3,1,8,surprised,1,1,1,1
03-01-08-01-01-02-01.wav,C:/Users/kenis/OneDrive/Desktop/RAVDESS\data\raw\Audio_Speech_Actors_01-24_16k (1) - Copy\Audio_Speech_Actors_01-24_16k\Actor_01\03-01-08-01-01-02-01.wav,3,1,8,surprised,1,1,2,1
03-01-08-01-02-01-01.wav,C:/Users/kenis/OneDrive/Desktop/RAVDESS\data\raw\Audio_Speech_Actors_01-24_16k (1) - Copy\Audio_Speech_Actors_01-24_16k\Actor_01\03-01-08-01-02-01-01.wav,3,1,8,surprised,1,2,1,1
03-01-08-01-02-02-01.wav,C:/Users/kenis/OneDrive/Desktop/RAVDESS\data\raw\Audio_Speech_Actors_01-24_16k (1) - Copy\Audio_Speech_Actors_01-24_16k\Actor_01\03-01-08-01-02-02-01.wav,3,1,8,surprised,1,2,2,1
03-01-08-02-01-01-01.wav,C:/Users/kenis/OneDrive/Desktop/RAVDESS\data\raw\Audio_Speech_Actors_01-24_16k (1) - Copy\Audio_Speech_Actors_01-24_16k\Actor_01\03-01-08-02-01-01-01.wav,3,1,8,surprised,2,1,1,1
03-01-08-02-01-02-01.wav,C:/Users/kenis/OneDrive/Desktop/RAVDESS\data\raw\Audio_Speech_Actors_01-24_16k (1) - Copy\Audio_Speech_Actors_01-24_16k\Actor_01\03-01-08-02-01-02-01.wav,3,1,8,surprised,2,1,2,1
03-01-08-02-02-01-01.wav,C:/Users/kenis/OneDrive/Desktop/RAVDESS\data\raw\Audio_Speech_Actors_01-24_16k (1) - Copy\Audio_Speech_Actors_01-24_16k\Actor_01\03-01-08-02-02-01-01.wav,3,1,8,surprised,2,2,1,1
03-01-08-02-02-02-01.wav,C:/Users/kenis/OneDrive/Desktop/RAVDESS\data\raw\Audio_Speech_Actors_01-24_16k (1) - Copy\Audio_Speech_Actors_01-24_16k\Actor_01\03-01-08-02-02-02-01.wav,3,1,8,surprised,2,2,2,1
03-01-01-01-01-01-02.wav,C:/Users/kenis/OneDrive/Desktop/RAVDESS\data\raw\Audio_Speech_Actors_01-24_16k (1) - Copy\Audio_Speech_Actors_01-24_16k\Actor_02\03-01-01-01-01-01-02.wav,3,1,1,neutral,1,1,1,2
03-01-01-01-01-02-02.wav,C:/Users/kenis/OneDrive/Desktop/RAVDESS\data\raw\Audio_Speech_Actors_01-24_16k (1) - Copy\Audio_Speech_Actors_01-24_16k\Actor_02\03-01-01-01-01-02-02.wav,3,1,1,neutral,1,1,2,2
03-01-01-01-02-01-02.wav,C:/Users/kenis/OneDrive/Desktop/RAVDESS\data\raw\Audio_Speech_Actors_01-24_16k (1) - Copy\Audio_Speech_Actors_01-24_16k\Actor_02\03-01-01-01-02-01-02.wav,3,1,1,neutral,1,2,1,2
03-01-01-01-02-02-02.wav,C:/Users/kenis/OneDrive/Desktop/RAVDESS\data\raw\Audio_Speech_Actors_01-24_16k (1) - Copy\Audio_Speech_Actors_01-24_16k\Actor_02\03-01-01-01-02-02-02.wav,3,1,1,neutral,1,2,2,2
03-01-02-01-01-01-02.wav,C:/Users/kenis/OneDrive/Desktop/RAVDESS\data\raw\Audio_Speech_Actors_01-24_16k (1) - Copy\Audio_Speech_Actors_01-24_16k\Actor_02\03-01-02-01-01-01-02.wav,3,1,2,calm,1,1,1,2
03-01-02-01-01-02-02.wav,C:/Users/kenis/OneDrive/Desktop/RAVDESS\data\raw\Audio_Speech_Actors_01-24_16k (1) - Copy\Audio_Speech_Actors_01-24_16k\Actor_02\03-01-02-01-01-02-02.wav,3,1,2,calm,1,1,2,2
03-01-02-01-02-01-02.wav,C:/Users/kenis/OneDrive/Desktop/RAVDESS\data\raw\Audio_Speech_Actors_01-24_16k (1) - Copy\Audio_Speech_Actors_01-24_16k\Actor_02\03-01-02-01-02-01-02.wav,3,1,2,calm,1,2,1,2
03-01-02-01-02-02-02.wav,C:/Users/kenis/OneDrive/Desktop/RAVDESS\data\raw\Audio_Speech_Actors_01-24_16k (1) - Copy\Audio_Speech_Actors_01-24_16k\Actor_02\03-01-02-01-02-02-02.wav,3,1,2,calm,1,2,2,2
03-01-02-02-01-01-02.wav,C:/Users/kenis/OneDrive/Desktop/RAVDESS\data\raw\Audio_Speech_Actors_01-24_16k (1) - Copy\Audio_Speech_Actors_01-24_16k\Actor_02\03-01-02-02-01-01-02.wav,3,1,2,calm,2,1,1,2
03-01-02-02-01-02-02.wav,C:/Users/kenis/OneDrive/Desktop/RAVDESS\data\raw\Audio_Speech_Actors_01-24_16k (1) - Copy\Audio_Speech_Actors_01-24_16k\Actor_02\03-01-02-02-01-02-02.wav,3,1,2,calm,2,1,2,2
03-01-02-02-02-01-02.wav,C:/Users/kenis/OneDrive/Desktop/RAVDESS\data\raw\Audio_Speech_Actors_01-24_16k (1) - Copy\Audio_Speech_Actors_01-24_16k\Actor_02\03-01-02-02-02-01-02.wav,3,1,2,calm,2,2,1,2
03-01-02-02-02-02-02.wav,C:/Users/kenis/OneDrive/Desktop/RAVDESS\data\raw\Audio_Speech_Actors_01-24_16k (1) - Copy\Audio_Speech_Actors_01-24_16k\Actor_02\03-01-02-02-02-02-02.wav,3,1,2,calm,2,2,2,2
03-01-03-01-01-01-02.wav,C:/Users/kenis/OneDrive/Desktop/RAVDESS\data\raw\Audio_Speech_Actors_01-24_16k (1) - Copy\Audio_Speech_Actors_01-24_16k\Actor_02\03-01-03-01-01-01-02.wav,3,1,3,happy,1,1,1,2
03-01-03-01-01-02-02.wav,C:/Users/kenis/OneDrive/Desktop/RAVDESS\data\raw\Audio_Speech_Actors_01-24_16k (1) - Copy\Audio_Speech_Actors_01-24_16k\Actor_02\03-01-03-01-01-02-02.wav,3,1,3,happy,1,1,2,2
03-01-03-01-02-01-02.wav,C:/Users/kenis/OneDrive/Desktop/RAVDESS\data\raw\Audio_Speech_Actors_01-24_16k (1) - Copy\Audio_Speech_Actors_01-24_16k\Actor_02\03-01-03-01-02-01-02.wav,3,1,3,happy,1,2,1,2
03-01-03-01-02-02-02.wav,C:/Users/kenis/OneDrive/Desktop/RAVDESS\data\raw\Audio_Speech_Actors_01-24_16k (1) - Copy\Audio_Speech_Actors_01-24_16k\Actor_02\03-01-03-01-02-02-02.wav,3,1,3,happy,1,2,2,2
03-01-03-02-01-01-02.wav,C:/Users/kenis/OneDrive/Desktop/RAVDESS\data\raw\Audio_Speech_Actors_01-24_16k (1) - Copy\Audio_Speech_Actors_01-24_16k\Actor_02\03-01-03-02-01-01-02.wav,3,1,3,happy,2,1,1,2
03-01-03-02-01-02-02.wav,C:/Users/kenis/OneDrive/Desktop/RAVDESS\data\raw\Audio_Speech_Actors_01-24_16k (1) - Copy\Audio_Speech_Actors_01-24_16k\Actor_02\03-01-03-02-01-02-02.wav,3,1,3,happy,2,1,2,2
03-01-03-02-02-01-02.wav,C:/Users/kenis/OneDrive/Desktop/RAVDESS\data\raw\Audio_Speech_Actors_01-24_16k (1) - Copy\Audio_Speech_Actors_01-24_16k\Actor_02\03-01-03-02-02-01-02.wav,3,1,3,happy,2,2,1,2
03-01-03-02-02-02-02.wav,C:/Users/kenis/OneDrive/Desktop/RAVDESS\data\raw\Audio_Speech_Actors_01-24_16k (1) - Copy\Audio_Speech_Actors_01-24_16k\Actor_02\03-01-03-02-02-02-02.wav,3,1,3,happy,2,2,2,2
03-01-04-01-01-01-02.wav,C:/Users/kenis/OneDrive/Desktop/RAVDESS\data\raw\Audio_Speech_Actors_01-24_16k (1) - Copy\Audio_Speech_Actors_01-24_16k\Actor_02\03-01-04-01-01-01-02.wav,3,1,4,sad,1,1,1,2
03-01-04-01-01-02-02.wav,C:/Users/kenis/OneDrive/Desktop/RAVDESS\data\raw\Audio_Speech_Actors_01-24_16k (1) - Copy\Audio_Speech_Actors_01-24_16k\Actor_02\03-01-04-01-01-02-02.wav,3,1,4,sad,1,1,2,2
03-01-04-01-02-01-02.wav,C:/Users/kenis/OneDrive/Desktop/RAVDESS\data\raw\Audio_Speech_Actors_01-24_16k (1) - Copy\Audio_Speech_Actors_01-24_16k\Actor_02\03-01-04-01-02-01-02.wav,3,1,4,sad,1,2,1,2
03-01-04-01-02-02-02.wav,C:/Users/kenis/OneDrive/Desktop/RAVDESS\data\raw\Audio_Speech_Actors_01-24_16k (1) - Copy\Audio_Speech_Actors_01-24_16k\Actor_02\03-01-04-01-02-02-02.wav,3,1,4,sad,1,2,2,2
03-01-04-02-01-01-02.wav,C:/Users/kenis/OneDrive/Desktop/RAVDESS\data\raw\Audio_Speech_Actors_01-24_16k (1) - Copy\Audio_Speech_Actors_01-24_16k\Actor_02\03-01-04-02-01-01-02.wav,3,1,4,sad,2,1,1,2
03-01-04-02-01-02-02.wav,C:/Users/kenis/OneDrive/Desktop/RAVDESS\data\raw\Audio_Speech_Actors_01-24_16k (1) - Copy\Audio_Speech_Actors_01-24_16k\Actor_02\03-01-04-02-01-02-02.wav,3,1,4,sad,2,1,2,2
03-01-04-02-02-01-02.wav,C:/Users/kenis/OneDrive/Desktop/RAVDESS\data\raw\Audio_Speech_Actors_01-24_16k (1) - Copy\Audio_Speech_Actors_01-24_16k\Actor_02\03-01-04-02-02-01-02.wav,3,1,4,sad,2,2,1,2
03-01-04-02-02-02-02.wav,C:/Users/kenis/OneDrive/Desktop/RAVDESS\data\raw\Audio_Speech_Actors_01-24_16k (1) - Copy\Audio_Speech_Actors_01-24_16k\Actor_02\03-01-04-02-02-02-02.wav,3,1,4,sad,2,2,2,2
03-01-05-01-01-01-02.wav,C:/Users/kenis/OneDrive/Desktop/RAVDESS\data\raw\Audio_Speech_Actors_01-24_16k (1) - Copy\Audio_Speech_Actors_01-24_16k\Actor_02\03-01-05-01-01-01-02.wav,3,1,5,angry,1,1,1,2
03-01-05-01-01-02-02.wav,C:/Users/kenis/OneDrive/Desktop/RAVDESS\data\raw\Audio_Speech_Actors_01-24_16k (1) - Copy\Audio_Speech_Actors_01-24_16k\Actor_02\03-01-05-01-01-02-02.wav,3,1,5,angry,1,1,2,2
03-01-05-01-02-01-02.wav,C:/Users/kenis/OneDrive/Desktop/RAVDESS\data\raw\Audio_Speech_Actors_01-24_16k (1) - Copy\Audio_Speech_Actors_01-24_16k\Actor_02\03-01-05-01-02-01-02.wav,3,1,5,angry,1,2,1,2
03-01-05-01-02-02-02.wav,C:/Users/kenis/OneDrive/Desktop/RAVDESS\data\raw\Audio_Speech_Actors_01-24_16k (1) - Copy\Audio_Speech_Actors_01-24_16k\Actor_02\03-01-05-01-02-02-02.wav,3,1,5,angry,1,2,2,2
03-01-05-02-01-01-02.wav,C:/Users/kenis/OneDrive/Desktop/RAVDESS\data\raw\Audio_Speech_Actors_01-24_16k (1) - Copy\Audio_Speech_Actors_01-24_16k\Actor_02\03-01-05-02-01-01-02.wav,3,1,5,angry,2,1,1,2
03-01-05-02-01-02-02.wav,C:/Users/kenis/OneDrive/Desktop/RAVDESS\data\raw\Audio_Speech_Actors_01-24_16k (1) - Copy\Audio_Speech_Actors_01-24_16k\Actor_02\03-01-05-02-01-02-02.wav,3,1,5,angry,2,1,2,2
03-01-05-02-02-01-02.wav,C:/Users/kenis/OneDrive/Desktop/RAVDESS\data\raw\Audio_Speech_Actors_01-24_16k (1) - Copy\Audio_Speech_Actors_01-24_16k\Actor_02\03-01-05-02-02-01-02.wav,3,1,5,angry,2,2,1,2
03-01-05-02-02-02-02.wav,C:/Users/kenis/OneDrive/Desktop/RAVDESS\data\raw\Audio_Speech_Actors_01-24_16k (1) - Copy\Audio_Speech_Actors_01-24_16k\Actor_02\03-01-05-02-02-02-02.wav,3,1,5,angry,2,2,2,2
03-01-06-01-01-01-02.wav,C:/Users/kenis/OneDrive/Desktop/RAVDESS\data\raw\Audio_Speech_Actors_01-24_16k (1) - Copy\Audio_Speech_Actors_01-24_16k\Actor_02\03-01-06-01-01-01-02.wav,3,1,6,fearful,1,1,1,2
03-01-06-01-01-02-02.wav,C:/Users/kenis/OneDrive/Desktop/RAVDESS\data\raw\Audio_Speech_Actors_01-24_16k (1) - Copy\Audio_Speech_Actors_01-24_16k\Actor_02\03-01-06-01-01-02-02.wav,3,1,6,fearful,1,1,2,2
03-01-06-01-02-01-02.wav,C:/Users/kenis/OneDrive/Desktop/RAVDESS\data\raw\Audio_Speech_Actors_01-24_16k (1) - Copy\Audio_Speech_Actors_01-24_16k\Actor_02\03-01-06-01-02-01-02.wav,3,1,6,fearful,1,2,1,2
03-01-06-01-02-02-02.wav,C:/Users/kenis/OneDrive/Desktop/RAVDESS\data\raw\Audio_Speech_Actors_01-24_16k (1) - Copy\Audio_Speech_Actors_01-24_16k\Actor_02\03-01-06-01-02-02-02.wav,3,1,6,fearful,1,2,2,2
03-01-06-02-01-01-02.wav,C:/Users/kenis/OneDrive/Desktop/RAVDESS\data\raw\Audio_Speech_Actors_01-24_16k (1) - Copy\Audio_Speech_Actors_01-24_16k\Actor_02\03-01-06-02-01-01-02.wav,3,1,6,fearful,2,1,1,2
03-01-06-02-01-02-02.wav,C:/Users/kenis/OneDrive/Desktop/RAVDESS\data\raw\Audio_Speech_Actors_01-24_16k (1) - Copy\Audio_Speech_Actors_01-24_16k\Actor_02\03-01-06-02-01-02-02.wav,3,1,6,fearful,2,1,2,2
03-01-06-02-02-01-02.wav,C:/Users/kenis/OneDrive/Desktop/RAVDESS\data\raw\Audio_Speech_Actors_01-24_16k (1) - Copy\Audio_Speech_Actors_01-24_16k\Actor_02\03-01-06-02-02-01-02.wav,3,1,6,fearful,2,2,1,2
03-01-06-02-02-02-02.wav,C:/Users/kenis/OneDrive/Desktop/RAVDESS\data\raw\Audio_Speech_Actors_01-24_16k (1) - Copy\Audio_Speech_Actors_01-24_16k\Actor_02\03-01-06-02-02-02-02.wav,3,1,6,fearful,2,2,2,2
03-01-07-01-01-01-02.wav,C:/Users/kenis/OneDrive/Desktop/RAVDESS\data\raw\Audio_Speech_Actors_01-24_16k (1) - Copy\Audio_Speech_Actors_01-24_16k\Actor_02\03-01-07-01-01-01-02.wav,3,1,7,disgust,1,1,1,2
03-01-07-01-01-02-02.wav,C:/Users/kenis/OneDrive/Desktop/RAVDESS\data\raw\Audio_Speech_Actors_01-24_16k (1) - Copy\Audio_Speech_Actors_01-24_16k\Actor_02\03-01-07-01-01-02-02.wav,3,1,7,disgust,1,1,2,2
03-01-07-01-02-01-02.wav,C:/Users/kenis/OneDrive/Desktop/RAVDESS\data\raw\Audio_Speech_Actors_01-24_16k (1) - Copy\Audio_Speech_Actors_01-24_16k\Actor_02\03-01-07-01-02-01-02.wav,3,1,7,disgust,1,2,1,2
03-01-07-01-02-02-02.wav,C:/Users/kenis/OneDrive/Desktop/RAVDESS\data\raw\Audio_Speech_Actors_01-24_16k (1) - Copy\Audio_Speech_Actors_01-24_16k\Actor_02\03-01-07-01-02-02-02.wav,3,1,7,disgust,1,2,2,2
03-01-07-02-01-01-02.wav,C:/Users/kenis/OneDrive/Desktop/RAVDESS\data\raw\Audio_Speech_Actors_01-24_16k (1) - Copy\Audio_Speech_Actors_01-24_16k\Actor_02\03-01-07-02-01-01-02.wav,3,1,7,disgust,2,1,1,2
03-01-07-02-01-02-02.wav,C:/Users/kenis/OneDrive/Desktop/RAVDESS\data\raw\Audio_Speech_Actors_01-24_16k (1) - Copy\Audio_Speech_Actors_01-24_16k\Actor_02\03-01-07-02-01-02-02.wav,3,1,7,disgust,2,1,2,2
03-01-07-02-02-01-02.wav,C:/Users/kenis/OneDrive/Desktop/RAVDESS\data\raw\Audio_Speech_Actors_01-24_16k (1) - Copy\Audio_Speech_Actors_01-24_16k\Actor_02\03-01-07-02-02-01-02.wav,3,1,7,disgust,2,2,1,2
03-01-07-02-02-02-02.wav,C:/Users/kenis/OneDrive/Desktop/RAVDESS\data\raw\Audio_Speech_Actors_01-24_16k (1) - Copy\Audio_Speech_Actors_01-24_16k\Actor_02\03-01-07-02-02-02-02.wav,3,1,7,disgust,2,2,2,2
03-01-08-01-01-01-02.wav,C:/Users/kenis/OneDrive/Desktop/RAVDESS\data\raw\Audio_Speech_Actors_01-24_16k (1) - Copy\Audio_Speech_Actors_01-24_16k\Actor_02\03-01-08-01-01-01-02.wav,3,1,8,surprised,1,1,1,2
03-01-08-01-01-02-02.wav,C:/Users/kenis/OneDrive/Desktop/RAVDESS\data\raw\Audio_Speech_Actors_01-24_16k (1) - Copy\Audio_Speech_Actors_01-24_16k\Actor_02\03-01-08-01-01-02-02.wav,3,1,8,surprised,1,1,2,2
03-01-08-01-02-01-02.wav,C:/Users/kenis/OneDrive/Desktop/RAVDESS\data\raw\Audio_Speech_Actors_01-24_16k (1) - Copy\Audio_Speech_Actors_01-24_16k\Actor_02\03-01-08-01-02-01-02.wav,3,1,8,surprised,1,2,1,2
03-01-08-01-02-02-02.wav,C:/Users/kenis/OneDrive/Desktop/RAVDESS\data\raw\Audio_Speech_Actors_01-24_16k (1) - Copy\Audio_Speech_Actors_01-24_16k\Actor_02\03-01-08-01-02-02-02.wav,3,1,8,surprised,1,2,2,2
03-01-08-02-01-01-02.wav,C:/Users/kenis/OneDrive/Desktop/RAVDESS\data\raw\Audio_Speech_Actors_01-24_16k (1) - Copy\Audio_Speech_Actors_01-24_16k\Actor_02\03-01-08-02-01-01-02.wav,3,1,8,surprised,2,1,1,2
03-01-08-02-01-02-02.wav,C:/Users/kenis/OneDrive/Desktop/RAVDESS\data\raw\Audio_Speech_Actors_01-24_16k (1) - Copy\Audio_Speech_Actors_01-24_16k\Actor_02\03-01-08-02-01-02-02.wav,3,1,8,surprised,2,1,2,2
03-01-08-02-02-01-02.wav,C:/Users/kenis/OneDrive/Desktop/RAVDESS\data\raw\Audio_Speech_Actors_01-24_16k (1) - Copy\Audio_Speech_Actors_01-24_16k\Actor_02\03-01-08-02-02-01-02.wav,3,1,8,surprised,2,2,1,2
03-01-08-02-02-02-02.wav,C:/Users/kenis/OneDrive/Desktop/RAVDESS\data\raw\Audio_Speech_Actors_01-24_16k (1) - Copy\Audio_Speech_Actors_01-24_16k\Actor_02\03-01-08-02-02-02-02.wav,3,1,8,surprised,2,2,2,2
03-01-01-01-01-01-03.wav,C:/Users/kenis/OneDrive/Desktop/RAVDESS\data\raw\Audio_Speech_Actors_01-24_16k (1) - Copy\Audio_Speech_Actors_01-24_16k\Actor_03\03-01-01-01-01-01-03.wav,3,1,1,neutral,1,1,1,3
03-01-01-01-01-02-03.wav,C:/Users/kenis/OneDrive/Desktop/RAVDESS\data\raw\Audio_Speech_Actors_01-24_16k (1) - Copy\Audio_Speech_Actors_01-24_16k\Actor_03\03-01-01-01-01-02-03.wav,3,1,1,neutral,1,1,2,3
03-01-01-01-02-01-03.wav,C:/Users/kenis/OneDrive/Desktop/RAVDESS\data\raw\Audio_Speech_Actors_01-24_16k (1) - Copy\Audio_Speech_Actors_01-24_16k\Actor_03\03-01-01-01-02-01-03.wav,3,1,1,neutral,1,2,1,3
03-01-01-01-02-02-03.wav,C:/Users/kenis/OneDrive/Desktop/RAVDESS\data\raw\Audio_Speech_Actors_01-24_16k (1) - Copy\Audio_Speech_Actors_01-24_16k\Actor_03\03-01-01-01-02-02-03.wav,3,1,1,neutral,1,2,2,3
03-01-02-01-01-01-03.wav,C:/Users/kenis/OneDrive/Desktop/RAVDESS\data\raw\Audio_Speech_Actors_01-24_16k (1) - Copy\Audio_Speech_Actors_01-24_16k\Actor_03\03-01-02-01-01-01-03.wav,3,1,2,calm,1,1,1,3
03-01-02-01-01-02-03.wav,C:/Users/kenis/OneDrive/Desktop/RAVDESS\data\raw\Audio_Speech_Actors_01-24_16k (1) - Copy\Audio_Speech_Actors_01-24_16k\Actor_03\03-01-02-01-01-02-03.wav,3,1,2,calm,1,1,2,3
03-01-02-01-02-01-03.wav,C:/Users/kenis/OneDrive/Desktop/RAVDESS\data\raw\Audio_Speech_Actors_01-24_16k (1) - Copy\Audio_Speech_Actors_01-24_16k\Actor_03\03-01-02-01-02-01-03.wav,3,1,2,calm,1,2,1,3
03-01-02-01-02-02-03.wav,C:/Users/kenis/OneDrive/Desktop/RAVDESS\data\raw\Audio_Speech_Actors_01-24_16k (1) - Copy\Audio_Speech_Actors_01-24_16k\Actor_03\03-01-02-01-02-02-03.wav,3,1,2,calm,1,2,2,3
03-01-02-02-01-01-03.wav,C:/Users/kenis/OneDrive/Desktop/RAVDESS\data\raw\Audio_Speech_Actors_01-24_16k (1) - Copy\Audio_Speech_Actors_01-24_16k\Actor_03\03-01-02-02-01-01-03.wav,3,1,2,calm,2,1,1,3
03-01-02-02-01-02-03.wav,C:/Users/kenis/OneDrive/Desktop/RAVDESS\data\raw\Audio_Speech_Actors_01-24_16k (1) - Copy\Audio_Speech_Actors_01-24_16k\Actor_03\03-01-02-02-01-02-03.wav,3,1,2,calm,2,1,2,3
03-01-02-02-02-01-03.wav,C:/Users/kenis/OneDrive/Desktop/RAVDESS\data\raw\Audio_Speech_Actors_01-24_16k (1) - Copy\Audio_Speech_Actors_01-24_16k\Actor_03\03-01-02-02-02-01-03.wav,3,1,2,calm,2,2,1,3
03-01-02-02-02-02-03.wav,C:/Users/kenis/OneDrive/Desktop/RAVDESS\data\raw\Audio_Speech_Actors_01-24_16k (1) - Copy\Audio_Speech_Actors_01-24_16k\Actor_03\03-01-02-02-02-02-03.wav,3,1,2,calm,2,2,2,3
03-01-03-01-01-01-03.wav,C:/Users/kenis/OneDrive/Desktop/RAVDESS\data\raw\Audio_Speech_Actors_01-24_16k (1) - Copy\Audio_Speech_Actors_01-24_16k\Actor_03\03-01-03-01-01-01-03.wav,3,1,3,happy,1,1,1,3
03-01-03-01-01-02-03.wav,C:/Users/kenis/OneDrive/Desktop/RAVDESS\data\raw\Audio_Speech_Actors_01-24_16k (1) - Copy\Audio_Speech_Actors_01-24_16k\Actor_03\03-01-03-01-01-02-03.wav,3,1,3,happy,1,1,2,3
03-01-03-01-02-01-03.wav,C:/Users/kenis/OneDrive/Desktop/RAVDESS\data\raw\Audio_Speech_Actors_01-24_16k (1) - Copy\Audio_Speech_Actors_01-24_16k\Actor_03\03-01-03-01-02-01-03.wav,3,1,3,happy,1,2,1,3
03-01-03-01-02-02-03.wav,C:/Users/kenis/OneDrive/Desktop/RAVDESS\data\raw\Audio_Speech_Actors_01-24_16k (1) - Copy\Audio_Speech_Actors_01-24_16k\Actor_03\03-01-03-01-02-02-03.wav,3,1,3,happy,1,2,2,3
03-01-03-02-01-01-03.wav,C:/Users/kenis/OneDrive/Desktop/RAVDESS\data\raw\Audio_Speech_Actors_01-24_16k (1) - Copy\Audio_Speech_Actors_01-24_16k\Actor_03\03-01-03-02-01-01-03.wav,3,1,3,happy,2,1,1,3
03-01-03-02-01-02-03.wav,C:/Users/kenis/OneDrive/Desktop/RAVDESS\data\raw\Audio_Speech_Actors_01-24_16k (1) - Copy\Audio_Speech_Actors_01-24_16k\Actor_03\03-01-03-02-01-02-03.wav,3,1,3,happy,2,1,2,3
03-01-03-02-02-01-03.wav,C:/Users/kenis/OneDrive/Desktop/RAVDESS\data\raw\Audio_Speech_Actors_01-24_16k (1) - Copy\Audio_Speech_Actors_01-24_16k\Actor_03\03-01-03-02-02-01-03.wav,3,1,3,happy,2,2,1,3
03-01-03-02-02-02-03.wav,C:/Users/kenis/OneDrive/Desktop/RAVDESS\data\raw\Audio_Speech_Actors_01-24_16k (1) - Copy\Audio_Speech_Actors_01-24_16k\Actor_03\03-01-03-02-02-02-03.wav,3,1,3,happy,2,2,2,3
03-01-04-01-01-01-03.wav,C:/Users/kenis/OneDrive/Desktop/RAVDESS\data\raw\Audio_Speech_Actors_01-24_16k (1) - Copy\Audio_Speech_Actors_01-24_16k\Actor_03\03-01-04-01-01-01-03.wav,3,1,4,sad,1,1,1,3
03-01-04-01-01-02-03.wav,C:/Users/kenis/OneDrive/Desktop/RAVDESS\data\raw\Audio_Speech_Actors_01-24_16k (1) - Copy\Audio_Speech_Actors_01-24_16k\Actor_03\03-01-04-01-01-02-03.wav,3,1,4,sad,1,1,2,3
03-01-04-01-02-01-03.wav,C:/Users/kenis/OneDrive/Desktop/RAVDESS\data\raw\Audio_Speech_Actors_01-24_16k (1) - Copy\Audio_Speech_Actors_01-24_16k\Actor_03\03-01-04-01-02-01-03.wav,3,1,4,sad,1,2,1,3
03-01-04-01-02-02-03.wav,C:/Users/kenis/OneDrive/Desktop/RAVDESS\data\raw\Audio_Speech_Actors_01-24_16k (1) - Copy\Audio_Speech_Actors_01-24_16k\Actor_03\03-01-04-01-02-02-03.wav,3,1,4,sad,1,2,2,3
03-01-04-02-01-01-03.wav,C:/Users/kenis/OneDrive/Desktop/RAVDESS\data\raw\Audio_Speech_Actors_01-24_16k (1) - Copy\Audio_Speech_Actors_01-24_16k\Actor_03\03-01-04-02-01-01-03.wav,3,1,4,sad,2,1,1,3
03-01-04-02-01-02-03.wav,C:/Users/kenis/OneDrive/Desktop/RAVDESS\data\raw\Audio_Speech_Actors_01-24_16k (1) - Copy\Audio_Speech_Actors_01-24_16k\Actor_03\03-01-04-02-01-02-03.wav,3,1,4,sad,2,1,2,3
03-01-04-02-02-01-03.wav,C:/Users/kenis/OneDrive/Desktop/RAVDESS\data\raw\Audio_Speech_Actors_01-24_16k (1) - Copy\Audio_Speech_Actors_01-24_16k\Actor_03\03-01-04-02-02-01-03.wav,3,1,4,sad,2,2,1,3
03-01-04-02-02-02-03.wav,C:/Users/kenis/OneDrive/Desktop/RAVDESS\data\raw\Audio_Speech_Actors_01-24_16k (1) - Copy\Audio_Speech_Actors_01-24_16k\Actor_03\03-01-04-02-02-02-03.wav,3,1,4,sad,2,2,2,3
03-01-05-01-01-01-03.wav,C:/Users/kenis/OneDrive/Desktop/RAVDESS\data\raw\Audio_Speech_Actors_01-24_16k (1) - Copy\Audio_Speech_Actors_01-24_16k\Actor_03\03-01-05-01-01-01-03.wav,3,1,5,angry,1,1,1,3
03-01-05-01-01-02-03.wav,C:/Users/kenis/OneDrive/Desktop/RAVDESS\data\raw\Audio_Speech_Actors_01-24_16k (1) - Copy\Audio_Speech_Actors_01-24_16k\Actor_03\03-01-05-01-01-02-03.wav,3,1,5,angry,1,1,2,3
03-01-05-01-02-01-03.wav,C:/Users/kenis/OneDrive/Desktop/RAVDESS\data\raw\Audio_Speech_Actors_01-24_16k (1) - Copy\Audio_Speech_Actors_01-24_16k\Actor_03\03-01-05-01-02-01-03.wav,3,1,5,angry,1,2,1,3
03-01-05-01-02-02-03.wav,C:/Users/kenis/OneDrive/Desktop/RAVDESS\data\raw\Audio_Speech_Actors_01-24_16k (1) - Copy\Audio_Speech_Actors_01-24_16k\Actor_03\03-01-05-01-02-02-03.wav,3,1,5,angry,1,2,2,3
03-01-05-02-01-01-03.wav,C:/Users/kenis/OneDrive/Desktop/RAVDESS\data\raw\Audio_Speech_Actors_01-24_16k (1) - Copy\Audio_Speech_Actors_01-24_16k\Actor_03\03-01-05-02-01-01-03.wav,3,1,5,angry,2,1,1,3
03-01-05-02-01-02-03.wav,C:/Users/kenis/OneDrive/Desktop/RAVDESS\data\raw\Audio_Speech_Actors_01-24_16k (1) - Copy\Audio_Speech_Actors_01-24_16k\Actor_03\03-01-05-02-01-02-03.wav,3,1,5,angry,2,1,2,3
03-01-05-02-02-01-03.wav,C:/Users/kenis/OneDrive/Desktop/RAVDESS\data\raw\Audio_Speech_Actors_01-24_16k (1) - Copy\Audio_Speech_Actors_01-24_16k\Actor_03\03-01-05-02-02-01-03.wav,3,1,5,angry,2,2,1,3
03-01-05-02-02-02-03.wav,C:/Users/kenis/OneDrive/Desktop/RAVDESS\data\raw\Audio_Speech_Actors_01-24_16k (1) - Copy\Audio_Speech_Actors_01-24_16k\Actor_03\03-01-05-02-02-02-03.wav,3,1,5,angry,2,2,2,3
03-01-06-01-01-01-03.wav,C:/Users/kenis/OneDrive/Desktop/RAVDESS\data\raw\Audio_Speech_Actors_01-24_16k (1) - Copy\Audio_Speech_Actors_01-24_16k\Actor_03\03-01-06-01-01-01-03.wav,3,1,6,fearful,1,1,1,3
03-01-06-01-01-02-03.wav,C:/Users/kenis/OneDrive/Desktop/RAVDESS\data\raw\Audio_Speech_Actors_01-24_16k (1) - Copy\Audio_Speech_Actors_01-24_16k\Actor_03\03-01-06-01-01-02-03.wav,3,1,6,fearful,1,1,2,3
03-01-06-01-02-01-03.wav,C:/Users/kenis/OneDrive/Desktop/RAVDESS\data\raw\Audio_Speech_Actors_01-24_16k (1) - Copy\Audio_Speech_Actors_01-24_16k\Actor_03\03-01-06-01-02-01-03.wav,3,1,6,fearful,1,2,1,3
03-01-06-01-02-02-03.wav,C:/Users/kenis/OneDrive/Desktop/RAVDESS\data\raw\Audio_Speech_Actors_01-24_16k (1) - Copy\Audio_Speech_Actors_01-24_16k\Actor_03\03-01-06-01-02-02-03.wav,3,1,6,fearful,1,2,2,3
03-01-06-02-01-01-03.wav,C:/Users/kenis/OneDrive/Desktop/RAVDESS\data\raw\Audio_Speech_Actors_01-24_16k (1) - Copy\Audio_Speech_Actors_01-24_16k\Actor_03\03-01-06-02-01-01-03.wav,3,1,6,fearful,2,1,1,3
03-01-06-02-01-02-03.wav,C:/Users/kenis/OneDrive/Desktop/RAVDESS\data\raw\Audio_Speech_Actors_01-24_16k (1) - Copy\Audio_Speech_Actors_01-24_16k\Actor_03\03-01-06-02-01-02-03.wav,3,1,6,fearful,2,1,2,3
03-01-06-02-02-01-03.wav,C:/Users/kenis/OneDrive/Desktop/RAVDESS\data\raw\Audio_Speech_Actors_01-24_16k (1) - Copy\Audio_Speech_Actors_01-24_16k\Actor_03\03-01-06-02-02-01-03.wav,3,1,6,fearful,2,2,1,3
03-01-06-02-02-02-03.wav,C:/Users/kenis/OneDrive/Desktop/RAVDESS\data\raw\Audio_Speech_Actors_01-24_16k (1) - Copy\Audio_Speech_Actors_01-24_16k\Actor_03\03-01-06-02-02-02-03.wav,3,1,6,fearful,2,2,2,3
03-01-07-01-01-01-03.wav,C:/Users/kenis/OneDrive/Desktop/RAVDESS\data\raw\Audio_Speech_Actors_01-24_16k (1) - Copy\Audio_Speech_Actors_01-24_16k\Actor_03\03-01-07-01-01-01-03.wav,3,1,7,disgust,1,1,1,3
03-01-07-01-01-02-03.wav,C:/Users/kenis/OneDrive/Desktop/RAVDESS\data\raw\Audio_Speech_Actors_01-24_16k (1) - Copy\Audio_Speech_Actors_01-24_16k\Actor_03\03-01-07-01-01-02-03.wav,3,1,7,disgust,1,1,2,3
03-01-07-01-02-01-03.wav,C:/Users/kenis/OneDrive/Desktop/RAVDESS\data\raw\Audio_Speech_Actors_01-24_16k (1) - Copy\Audio_Speech_Actors_01-24_16k\Actor_03\03-01-07-01-02-01-03.wav,3,1,7,disgust,1,2,1,3
03-01-07-01-02-02-03.wav,C:/Users/kenis/OneDrive/Desktop/RAVDESS\data\raw\Audio_Speech_Actors_01-24_16k (1) - Copy\Audio_Speech_Actors_01-24_16k\Actor_03\03-01-07-01-02-02-03.wav,3,1,7,disgust,1,2,2,3
03-01-07-02-01-01-03.wav,C:/Users/kenis/OneDrive/Desktop/RAVDESS\data\raw\Audio_Speech_Actors_01-24_16k (1) - Copy\Audio_Speech_Actors_01-24_16k\Actor_03\03-01-07-02-01-01-03.wav,3,1,7,disgust,2,1,1,3
03-01-07-02-01-02-03.wav,C:/Users/kenis/OneDrive/Desktop/RAVDESS\data\raw\Audio_Speech_Actors_01-24_16k (1) - Copy\Audio_Speech_Actors_01-24_16k\Actor_03\03-01-07-02-01-02-03.wav,3,1,7,disgust,2,1,2,3
03-01-07-02-02-01-03.wav,C:/Users/kenis/OneDrive/Desktop/RAVDESS\data\raw\Audio_Speech_Actors_01-24_16k (1) - Copy\Audio_Speech_Actors_01-24_16k\Actor_03\03-01-07-02-02-01-03.wav,3,1,7,disgust,2,2,1,3
03-01-07-02-02-02-03.wav,C:/Users/kenis/OneDrive/Desktop/RAVDESS\data\raw\Audio_Speech_Actors_01-24_16k (1) - Copy\Audio_Speech_Actors_01-24_16k\Actor_03\03-01-07-02-02-02-03.wav,3,1,7,disgust,2,2,2,3
03-01-08-01-01-01-03.wav,C:/Users/kenis/OneDrive/Desktop/RAVDESS\data\raw\Audio_Speech_Actors_01-24_16k (1) - Copy\Audio_Speech_Actors_01-24_16k\Actor_03\03-01-08-01-01-01-03.wav,3,1,8,surprised,1,1,1,3
03-01-08-01-01-02-03.wav,C:/Users/kenis/OneDrive/Desktop/RAVDESS\data\raw\Audio_Speech_Actors_01-24_16k (1) - Copy\Audio_Speech_Actors_01-24_16k\Actor_03\03-01-08-01-01-02-03.wav,3,1,8,surprised,1,1,2,3
03-01-08-01-02-01-03.wav,C:/Users/kenis/OneDrive/Desktop/RAVDESS\data\raw\Audio_Speech_Actors_01-24_16k (1) - Copy\Audio_Speech_Actors_01-24_16k\Actor_03\03-01-08-01-02-01-03.wav,3,1,8,surprised,1,2,1,3
03-01-08-01-02-02-03.wav,C:/Users/kenis/OneDrive/Desktop/RAVDESS\data\raw\Audio_Speech_Actors_01-24_16k (1) - Copy\Audio_Speech_Actors_01-24_16k\Actor_03\03-01-08-01-02-02-03.wav,3,1,8,surprised,1,2,2,3
03-01-08-02-01-01-03.wav,C:/Users/kenis/OneDrive/Desktop/RAVDESS\data\raw\Audio_Speech_Actors_01-24_16k (1) - Copy\Audio_Speech_Actors_01-24_16k\Actor_03\03-01-08-02-01-01-03.wav,3,1,8,surprised,2,1,1,3
03-01-08-02-01-02-03.wav,C:/Users/kenis/OneDrive/Desktop/RAVDESS\data\raw\Audio_Speech_Actors_01-24_16k (1) - Copy\Audio_Speech_Actors_01-24_16k\Actor_03\03-01-08-02-01-02-03.wav,3,1,8,surprised,2,1,2,3
03-01-08-02-02-01-03.wav,C:/Users/kenis/OneDrive/Desktop/RAVDESS\data\raw\Audio_Speech_Actors_01-24_16k (1) - Copy\Audio_Speech_Actors_01-24_16k\Actor_03\03-01-08-02-02-01-03.wav,3,1,8,surprised,2,2,1,3
03-01-08-02-02-02-03.wav,C:/Users/kenis/OneDrive/Desktop/RAVDESS\data\raw\Audio_Speech_Actors_01-24_16k (1) - Copy\Audio_Speech_Actors_01-24_16k\Actor_03\03-01-08-02-02-02-03.wav,3,1,8,surprised,2,2,2,3
03-01-01-01-01-01-04.wav,C:/Users/kenis/OneDrive/Desktop/RAVDESS\data\raw\Audio_Speech_Actors_01-24_16k (1) - Copy\Audio_Speech_Actors_01-24_16k\Actor_04\03-01-01-01-01-01-04.wav,3,1,1,neutral,1,1,1,4
03-01-01-01-01-02-04.wav,C:/Users/kenis/OneDrive/Desktop/RAVDESS\data\raw\Audio_Speech_Actors_01-24_16k (1) - Copy\Audio_Speech_Actors_01-24_16k\Actor_04\03-01-01-01-01-02-04.wav,3,1,1,neutral,1,1,2,4
03-01-01-01-02-01-04.wav,C:/Users/kenis/OneDrive/Desktop/RAVDESS\data\raw\Audio_Speech_Actors_01-24_16k (1) - Copy\Audio_Speech_Actors_01-24_16k\Actor_04\03-01-01-01-02-01-04.wav,3,1,1,neutral,1,2,1,4
03-01-01-01-02-02-04.wav,C:/Users/kenis/OneDrive/Desktop/RAVDESS\data\raw\Audio_Speech_Actors_01-24_16k (1) - Copy\Audio_Speech_Actors_01-24_16k\Actor_04\03-01-01-01-02-02-04.wav,3,1,1,neutral,1,2,2,4
03-01-02-01-01-01-04.wav,C:/Users/kenis/OneDrive/Desktop/RAVDESS\data\raw\Audio_Speech_Actors_01-24_16k (1) - Copy\Audio_Speech_Actors_01-24_16k\Actor_04\03-01-02-01-01-01-04.wav,3,1,2,calm,1,1,1,4
03-01-02-01-01-02-04.wav,C:/Users/kenis/OneDrive/Desktop/RAVDESS\data\raw\Audio_Speech_Actors_01-24_16k (1) - Copy\Audio_Speech_Actors_01-24_16k\Actor_04\03-01-02-01-01-02-04.wav,3,1,2,calm,1,1,2,4
03-01-02-01-02-01-04.wav,C:/Users/kenis/OneDrive/Desktop/RAVDESS\data\raw\Audio_Speech_Actors_01-24_16k (1) - Copy\Audio_Speech_Actors_01-24_16k\Actor_04\03-01-02-01-02-01-04.wav,3,1,2,calm,1,2,1,4
03-01-02-01-02-02-04.wav,C:/Users/kenis/OneDrive/Desktop/RAVDESS\data\raw\Audio_Speech_Actors_01-24_16k (1) - Copy\Audio_Speech_Actors_01-24_16k\Actor_04\03-01-02-01-02-02-04.wav,3,1,2,calm,1,2,2,4
03-01-02-02-01-01-04.wav,C:/Users/kenis/OneDrive/Desktop/RAVDESS\data\raw\Audio_Speech_Actors_01-24_16k (1) - Copy\Audio_Speech_Actors_01-24_16k\Actor_04\03-01-02-02-01-01-04.wav,3,1,2,calm,2,1,1,4
03-01-02-02-01-02-04.wav,C:/Users/kenis/OneDrive/Desktop/RAVDESS\data\raw\Audio_Speech_Actors_01-24_16k (1) - Copy\Audio_Speech_Actors_01-24_16k\Actor_04\03-01-02-02-01-02-04.wav,3,1,2,calm,2,1,2,4
03-01-02-02-02-01-04.wav,C:/Users/kenis/OneDrive/Desktop/RAVDESS\data\raw\Audio_Speech_Actors_01-24_16k (1) - Copy\Audio_Speech_Actors_01-24_16k\Actor_04\03-01-02-02-02-01-04.wav,3,1,2,calm,2,2,1,4
03-01-02-02-02-02-04.wav,C:/Users/kenis/OneDrive/Desktop/RAVDESS\data\raw\Audio_Speech_Actors_01-24_16k (1) - Copy\Audio_Speech_Actors_01-24_16k\Actor_04\03-01-02-02-02-02-04.wav,3,1,2,calm,2,2,2,4
03-01-03-01-01-01-04.wav,C:/Users/kenis/OneDrive/Desktop/RAVDESS\data\raw\Audio_Speech_Actors_01-24_16k (1) - Copy\Audio_Speech_Actors_01-24_16k\Actor_04\03-01-03-01-01-01-04.wav,3,1,3,happy,1,1,1,4
03-01-03-01-01-02-04.wav,C:/Users/kenis/OneDrive/Desktop/RAVDESS\data\raw\Audio_Speech_Actors_01-24_16k (1) - Copy\Audio_Speech_Actors_01-24_16k\Actor_04\03-01-03-01-01-02-04.wav,3,1,3,happy,1,1,2,4
03-01-03-01-02-01-04.wav,C:/Users/kenis/OneDrive/Desktop/RAVDESS\data\raw\Audio_Speech_Actors_01-24_16k (1) - Copy\Audio_Speech_Actors_01-24_16k\Actor_04\03-01-03-01-02-01-04.wav,3,1,3,happy,1,2,1,4
03-01-03-01-02-02-04.wav,C:/Users/kenis/OneDrive/Desktop/RAVDESS\data\raw\Audio_Speech_Actors_01-24_16k (1) - Copy\Audio_Speech_Actors_01-24_16k\Actor_04\03-01-03-01-02-02-04.wav,3,1,3,happy,1,2,2,4
03-01-03-02-01-01-04.wav,C:/Users/kenis/OneDrive/Desktop/RAVDESS\data\raw\Audio_Speech_Actors_01-24_16k (1) - Copy\Audio_Speech_Actors_01-24_16k\Actor_04\03-01-03-02-01-01-04.wav,3,1,3,happy,2,1,1,4
03-01-03-02-01-02-04.wav,C:/Users/kenis/OneDrive/Desktop/RAVDESS\data\raw\Audio_Speech_Actors_01-24_16k (1) - Copy\Audio_Speech_Actors_01-24_16k\Actor_04\03-01-03-02-01-02-04.wav,3,1,3,happy,2,1,2,4
03-01-03-02-02-01-04.wav,C:/Users/kenis/OneDrive/Desktop/RAVDESS\data\raw\Audio_Speech_Actors_01-24_16k (1) - Copy\Audio_Speech_Actors_01-24_16k\Actor_04\03-01-03-02-02-01-04.wav,3,1,3,happy,2,2,1,4
03-01-03-02-02-02-04.wav,C:/Users/kenis/OneDrive/Desktop/RAVDESS\data\raw\Audio_Speech_Actors_01-24_16k (1) - Copy\Audio_Speech_Actors_01-24_16k\Actor_04\03-01-03-02-02-02-04.wav,3,1,3,happy,2,2,2,4
03-01-04-01-01-01-04.wav,C:/Users/kenis/OneDrive/Desktop/RAVDESS\data\raw\Audio_Speech_Actors_01-24_16k (1) - Copy\Audio_Speech_Actors_01-24_16k\Actor_04\03-01-04-01-01-01-04.wav,3,1,4,sad,1,1,1,4
03-01-04-01-01-02-04.wav,C:/Users/kenis/OneDrive/Desktop/RAVDESS\data\raw\Audio_Speech_Actors_01-24_16k (1) - Copy\Audio_Speech_Actors_01-24_16k\Actor_04\03-01-04-01-01-02-04.wav,3,1,4,sad,1,1,2,4
03-01-04-01-02-01-04.wav,C:/Users/kenis/OneDrive/Desktop/RAVDESS\data\raw\Audio_Speech_Actors_01-24_16k (1) - Copy\Audio_Speech_Actors_01-24_16k\Actor_04\03-01-04-01-02-01-04.wav,3,1,4,sad,1,2,1,4
03-01-04-01-02-02-04.wav,C:/Users/kenis/OneDrive/Desktop/RAVDESS\data\raw\Audio_Speech_Actors_01-24_16k (1) - Copy\Audio_Speech_Actors_01-24_16k\Actor_04\03-01-04-01-02-02-04.wav,3,1,4,sad,1,2,2,4
03-01-04-02-01-01-04.wav,C:/Users/kenis/OneDrive/Desktop/RAVDESS\data\raw\Audio_Speech_Actors_01-24_16k (1) - Copy\Audio_Speech_Actors_01-24_16k\Actor_04\03-01-04-02-01-01-04.wav,3,1,4,sad,2,1,1,4
03-01-04-02-01-02-04.wav,C:/Users/kenis/OneDrive/Desktop/RAVDESS\data\raw\Audio_Speech_Actors_01-24_16k (1) - Copy\Audio_Speech_Actors_01-24_16k\Actor_04\03-01-04-02-01-02-04.wav,3,1,4,sad,2,1,2,4
03-01-04-02-02-01-04.wav,C:/Users/kenis/OneDrive/Desktop/RAVDESS\data\raw\Audio_Speech_Actors_01-24_16k (1) - Copy\Audio_Speech_Actors_01-24_16k\Actor_04\03-01-04-02-02-01-04.wav,3,1,4,sad,2,2,1,4
03-01-04-02-02-02-04.wav,C:/Users/kenis/OneDrive/Desktop/RAVDESS\data\raw\Audio_Speech_Actors_01-24_16k (1) - Copy\Audio_Speech_Actors_01-24_16k\Actor_04\03-01-04-02-02-02-04.wav,3,1,4,sad,2,2,2,4
03-01-05-01-01-01-04.wav,C:/Users/kenis/OneDrive/Desktop/RAVDESS\data\raw\Audio_Speech_Actors_01-24_16k (1) - Copy\Audio_Speech_Actors_01-24_16k\Actor_04\03-01-05-01-01-01-04.wav,3,1,5,angry,1,1,1,4
03-01-05-01-01-02-04.wav,C:/Users/kenis/OneDrive/Desktop/RAVDESS\data\raw\Audio_Speech_Actors_01-24_16k (1) - Copy\Audio_Speech_Actors_01-24_16k\Actor_04\03-01-05-01-01-02-04.wav,3,1,5,angry,1,1,2,4
03-01-05-01-02-01-04.wav,C:/Users/kenis/OneDrive/Desktop/RAVDESS\data\raw\Audio_Speech_Actors_01-24_16k (1) - Copy\Audio_Speech_Actors_01-24_16k\Actor_04\03-01-05-01-02-01-04.wav,3,1,5,angry,1,2,1,4
03-01-05-01-02-02-04.wav,C:/Users/kenis/OneDrive/Desktop/RAVDESS\data\raw\Audio_Speech_Actors_01-24_16k (1) - Copy\Audio_Speech_Actors_01-24_16k\Actor_04\03-01-05-01-02-02-04.wav,3,1,5,angry,1,2,2,4
03-01-05-02-01-01-04.wav,C:/Users/kenis/OneDrive/Desktop/RAVDESS\data\raw\Audio_Speech_Actors_01-24_16k (1) - Copy\Audio_Speech_Actors_01-24_16k\Actor_04\03-01-05-02-01-01-04.wav,3,1,5,angry,2,1,1,4
03-01-05-02-01-02-04.wav,C:/Users/kenis/OneDrive/Desktop/RAVDESS\data\raw\Audio_Speech_Actors_01-24_16k (1) - Copy\Audio_Speech_Actors_01-24_16k\Actor_04\03-01-05-02-01-02-04.wav,3,1,5,angry,2,1,2,4
03-01-05-02-02-01-04.wav,C:/Users/kenis/OneDrive/Desktop/RAVDESS\data\raw\Audio_Speech_Actors_01-24_16k (1) - Copy\Audio_Speech_Actors_01-24_16k\Actor_04\03-01-05-02-02-01-04.wav,3,1,5,angry,2,2,1,4
03-01-05-02-02-02-04.wav,C:/Users/kenis/OneDrive/Desktop/RAVDESS\data\raw\Audio_Speech_Actors_01-24_16k (1) - Copy\Audio_Speech_Actors_01-24_16k\Actor_04\03-01-05-02-02-02-04.wav,3,1,5,angry,2,2,2,4
03-01-06-01-01-01-04.wav,C:/Users/kenis/OneDrive/Desktop/RAVDESS\data\raw\Audio_Speech_Actors_01-24_16k (1) - Copy\Audio_Speech_Actors_01-24_16k\Actor_04\03-01-06-01-01-01-04.wav,3,1,6,fearful,1,1,1,4
03-01-06-01-01-02-04.wav,C:/Users/kenis/OneDrive/Desktop/RAVDESS\data\raw\Audio_Speech_Actors_01-24_16k (1) - Copy\Audio_Speech_Actors_01-24_16k\Actor_04\03-01-06-01-01-02-04.wav,3,1,6,fearful,1,1,2,4
03-01-06-01-02-01-04.wav,C:/Users/kenis/OneDrive/Desktop/RAVDESS\data\raw\Audio_Speech_Actors_01-24_16k (1) - Copy\Audio_Speech_Actors_01-24_16k\Actor_04\03-01-06-01-02-01-04.wav,3,1,6,fearful,1,2,1,4
03-01-06-01-02-02-04.wav,C:/Users/kenis/OneDrive/Desktop/RAVDESS\data\raw\Audio_Speech_Actors_01-24_16k (1) - Copy\Audio_Speech_Actors_01-24_16k\Actor_04\03-01-06-01-02-02-04.wav,3,1,6,fearful,1,2,2,4
03-01-06-02-01-01-04.wav,C:/Users/kenis/OneDrive/Desktop/RAVDESS\data\raw\Audio_Speech_Actors_01-24_16k (1) - Copy\Audio_Speech_Actors_01-24_16k\Actor_04\03-01-06-02-01-01-04.wav,3,1,6,fearful,2,1,1,4
03-01-06-02-01-02-04.wav,C:/Users/kenis/OneDrive/Desktop/RAVDESS\data\raw\Audio_Speech_Actors_01-24_16k (1) - Copy\Audio_Speech_Actors_01-24_16k\Actor_04\03-01-06-02-01-02-04.wav,3,1,6,fearful,2,1,2,4
03-01-06-02-02-01-04.wav,C:/Users/kenis/OneDrive/Desktop/RAVDESS\data\raw\Audio_Speech_Actors_01-24_16k (1) - Copy\Audio_Speech_Actors_01-24_16k\Actor_04\03-01-06-02-02-01-04.wav,3,1,6,fearful,2,2,1,4
03-01-06-02-02-02-04.wav,C:/Users/kenis/OneDrive/Desktop/RAVDESS\data\raw\Audio_Speech_Actors_01-24_16k (1) - Copy\Audio_Speech_Actors_01-24_16k\Actor_04\03-01-06-02-02-02-04.wav,3,1,6,fearful,2,2,2,4
03-01-07-01-01-01-04.wav,C:/Users/kenis/OneDrive/Desktop/RAVDESS\data\raw\Audio_Speech_Actors_01-24_16k (1) - Copy\Audio_Speech_Actors_01-24_16k\Actor_04\03-01-07-01-01-01-04.wav,3,1,7,disgust,1,1,1,4
03-01-07-01-01-02-04.wav,C:/Users/kenis/OneDrive/Desktop/RAVDESS\data\raw\Audio_Speech_Actors_01-24_16k (1) - Copy\Audio_Speech_Actors_01-24_16k\Actor_04\03-01-07-01-01-02-04.wav,3,1,7,disgust,1,1,2,4
03-01-07-01-02-01-04.wav,C:/Users/kenis/OneDrive/Desktop/RAVDESS\data\raw\Audio_Speech_Actors_01-24_16k (1) - Copy\Audio_Speech_Actors_01-24_16k\Actor_04\03-01-07-01-02-01-04.wav,3,1,7,disgust,1,2,1,4
03-01-07-01-02-02-04.wav,C:/Users/kenis/OneDrive/Desktop/RAVDESS\data\raw\Audio_Speech_Actors_01-24_16k (1) - Copy\Audio_Speech_Actors_01-24_16k\Actor_04\03-01-07-01-02-02-04.wav,3,1,7,disgust,1,2,2,4
03-01-07-02-01-01-04.wav,C:/Users/kenis/OneDrive/Desktop/RAVDESS\data\raw\Audio_Speech_Actors_01-24_16k (1) - Copy\Audio_Speech_Actors_01-24_16k\Actor_04\03-01-07-02-01-01-04.wav,3,1,7,disgust,2,1,1,4
03-01-07-02-01-02-04.wav,C:/Users/kenis/OneDrive/Desktop/RAVDESS\data\raw\Audio_Speech_Actors_01-24_16k (1) - Copy\Audio_Speech_Actors_01-24_16k\Actor_04\03-01-07-02-01-02-04.wav,3,1,7,disgust,2,1,2,4
03-01-07-02-02-01-04.wav,C:/Users/kenis/OneDrive/Desktop/RAVDESS\data\raw\Audio_Speech_Actors_01-24_16k (1) - Copy\Audio_Speech_Actors_01-24_16k\Actor_04\03-01-07-02-02-01-04.wav,3,1,7,disgust,2,2,1,4
03-01-07-02-02-02-04.wav,C:/Users/kenis/OneDrive/Desktop/RAVDESS\data\raw\Audio_Speech_Actors_01-24_16k (1) - Copy\Audio_Speech_Actors_01-24_16k\Actor_04\03-01-07-02-02-02-04.wav,3,1,7,disgust,2,2,2,4
03-01-08-01-01-01-04.wav,C:/Users/kenis/OneDrive/Desktop/RAVDESS\data\raw\Audio_Speech_Actors_01-24_16k (1) - Copy\Audio_Speech_Actors_01-24_16k\Actor_04\03-01-08-01-01-01-04.wav,3,1,8,surprised,1,1,1,4
03-01-08-01-01-02-04.wav,C:/Users/kenis/OneDrive/Desktop/RAVDESS\data\raw\Audio_Speech_Actors_01-24_16k (1) - Copy\Audio_Speech_Actors_01-24_16k\Actor_04\03-01-08-01-01-02-04.wav,3,1,8,surprised,1,1,2,4
03-01-08-01-02-01-04.wav,C:/Users/kenis/OneDrive/Desktop/RAVDESS\data\raw\Audio_Speech_Actors_01-24_16k (1) - Copy\Audio_Speech_Actors_01-24_16k\Actor_04\03-01-08-01-02-01-04.wav,3,1,8,surprised,1,2,1,4
03-01-08-01-02-02-04.wav,C:/Users/kenis/OneDrive/Desktop/RAVDESS\data\raw\Audio_Speech_Actors_01-24_16k (1) - Copy\Audio_Speech_Actors_01-24_16k\Actor_04\03-01-08-01-02-02-04.wav,3,1,8,surprised,1,2,2,4
03-01-08-02-01-01-04.wav,C:/Users/kenis/OneDrive/Desktop/RAVDESS\data\raw\Audio_Speech_Actors_01-24_16k (1) - Copy\Audio_Speech_Actors_01-24_16k\Actor_04\03-01-08-02-01-01-04.wav,3,1,8,surprised,2,1,1,4
03-01-08-02-01-02-04.wav,C:/Users/kenis/OneDrive/Desktop/RAVDESS\data\raw\Audio_Speech_Actors_01-24_16k (1) - Copy\Audio_Speech_Actors_01-24_16k\Actor_04\03-01-08-02-01-02-04.wav,3,1,8,surprised,2,1,2,4
03-01-08-02-02-01-04.wav,C:/Users/kenis/OneDrive/Desktop/RAVDESS\data\raw\Audio_Speech_Actors_01-24_16k (1) - Copy\Audio_Speech_Actors_01-24_16k\Actor_04\03-01-08-02-02-01-04.wav,3,1,8,surprised,2,2,1,4
03-01-08-02-02-02-04.wav,C:/Users/kenis/OneDrive/Desktop/RAVDESS\data\raw\Audio_Speech_Actors_01-24_16k (1) - Copy\Audio_Speech_Actors_01-24_16k\Actor_04\03-01-08-02-02-02-04.wav,3,1,8,surprised,2,2,2,4
03-01-01-01-01-01-05.wav,C:/Users/kenis/OneDrive/Desktop/RAVDESS\data\raw\Audio_Speech_Actors_01-24_16k (1) - Copy\Audio_Speech_Actors_01-24_16k\Actor_05\03-01-01-01-01-01-05.wav,3,1,1,neutral,1,1,1,5
03-01-01-01-01-02-05.wav,C:/Users/kenis/OneDrive/Desktop/RAVDESS\data\raw\Audio_Speech_Actors_01-24_16k (1) - Copy\Audio_Speech_Actors_01-24_16k\Actor_05\03-01-01-01-01-02-05.wav,3,1,1,neutral,1,1,2,5
03-01-01-01-02-01-05.wav,C:/Users/kenis/OneDrive/Desktop/RAVDESS\data\raw\Audio_Speech_Actors_01-24_16k (1) - Copy\Audio_Speech_Actors_01-24_16k\Actor_05\03-01-01-01-02-01-05.wav,3,1,1,neutral,1,2,1,5
03-01-01-01-02-02-05.wav,C:/Users/kenis/OneDrive/Desktop/RAVDESS\data\raw\Audio_Speech_Actors_01-24_16k (1) - Copy\Audio_Speech_Actors_01-24_16k\Actor_05\03-01-01-01-02-02-05.wav,3,1,1,neutral,1,2,2,5
03-01-02-01-01-01-05.wav,C:/Users/kenis/OneDrive/Desktop/RAVDESS\data\raw\Audio_Speech_Actors_01-24_16k (1) - Copy\Audio_Speech_Actors_01-24_16k\Actor_05\03-01-02-01-01-01-05.wav,3,1,2,calm,1,1,1,5
03-01-02-01-01-02-05.wav,C:/Users/kenis/OneDrive/Desktop/RAVDESS\data\raw\Audio_Speech_Actors_01-24_16k (1) - Copy\Audio_Speech_Actors_01-24_16k\Actor_05\03-01-02-01-01-02-05.wav,3,1,2,calm,1,1,2,5
03-01-02-01-02-01-05.wav,C:/Users/kenis/OneDrive/Desktop/RAVDESS\data\raw\Audio_Speech_Actors_01-24_16k (1) - Copy\Audio_Speech_Actors_01-24_16k\Actor_05\03-01-02-01-02-01-05.wav,3,1,2,calm,1,2,1,5
03-01-02-01-02-02-05.wav,C:/Users/kenis/OneDrive/Desktop/RAVDESS\data\raw\Audio_Speech_Actors_01-24_16k (1) - Copy\Audio_Speech_Actors_01-24_16k\Actor_05\03-01-02-01-02-02-05.wav,3,1,2,calm,1,2,2,5
03-01-02-02-01-01-05.wav,C:/Users/kenis/OneDrive/Desktop/RAVDESS\data\raw\Audio_Speech_Actors_01-24_16k (1) - Copy\Audio_Speech_Actors_01-24_16k\Actor_05\03-01-02-02-01-01-05.wav,3,1,2,calm,2,1,1,5
03-01-02-02-01-02-05.wav,C:/Users/kenis/OneDrive/Desktop/RAVDESS\data\raw\Audio_Speech_Actors_01-24_16k (1) - Copy\Audio_Speech_Actors_01-24_16k\Actor_05\03-01-02-02-01-02-05.wav,3,1,2,calm,2,1,2,5
03-01-02-02-02-01-05.wav,C:/Users/kenis/OneDrive/Desktop/RAVDESS\data\raw\Audio_Speech_Actors_01-24_16k (1) - Copy\Audio_Speech_Actors_01-24_16k\Actor_05\03-01-02-02-02-01-05.wav,3,1,2,calm,2,2,1,5
03-01-02-02-02-02-05.wav,C:/Users/kenis/OneDrive/Desktop/RAVDESS\data\raw\Audio_Speech_Actors_01-24_16k (1) - Copy\Audio_Speech_Actors_01-24_16k\Actor_05\03-01-02-02-02-02-05.wav,3,1,2,calm,2,2,2,5
03-01-03-01-01-01-05.wav,C:/Users/kenis/OneDrive/Desktop/RAVDESS\data\raw\Audio_Speech_Actors_01-24_16k (1) - Copy\Audio_Speech_Actors_01-24_16k\Actor_05\03-01-03-01-01-01-05.wav,3,1,3,happy,1,1,1,5
03-01-03-01-01-02-05.wav,C:/Users/kenis/OneDrive/Desktop/RAVDESS\data\raw\Audio_Speech_Actors_01-24_16k (1) - Copy\Audio_Speech_Actors_01-24_16k\Actor_05\03-01-03-01-01-02-05.wav,3,1,3,happy,1,1,2,5
03-01-03-01-02-01-05.wav,C:/Users/kenis/OneDrive/Desktop/RAVDESS\data\raw\Audio_Speech_Actors_01-24_16k (1) - Copy\Audio_Speech_Actors_01-24_16k\Actor_05\03-01-03-01-02-01-05.wav,3,1,3,happy,1,2,1,5
03-01-03-01-02-02-05.wav,C:/Users/kenis/OneDrive/Desktop/RAVDESS\data\raw\Audio_Speech_Actors_01-24_16k (1) - Copy\Audio_Speech_Actors_01-24_16k\Actor_05\03-01-03-01-02-02-05.wav,3,1,3,happy,1,2,2,5
03-01-03-02-01-01-05.wav,C:/Users/kenis/OneDrive/Desktop/RAVDESS\data\raw\Audio_Speech_Actors_01-24_16k (1) - Copy\Audio_Speech_Actors_01-24_16k\Actor_05\03-01-03-02-01-01-05.wav,3,1,3,happy,2,1,1,5
03-01-03-02-01-02-05.wav,C:/Users/kenis/OneDrive/Desktop/RAVDESS\data\raw\Audio_Speech_Actors_01-24_16k (1) - Copy\Audio_Speech_Actors_01-24_16k\Actor_05\03-01-03-02-01-02-05.wav,3,1,3,happy,2,1,2,5
03-01-03-02-02-01-05.wav,C:/Users/kenis/OneDrive/Desktop/RAVDESS\data\raw\Audio_Speech_Actors_01-24_16k (1) - Copy\Audio_Speech_Actors_01-24_16k\Actor_05\03-01-03-02-02-01-05.wav,3,1,3,happy,2,2,1,5
03-01-03-02-02-02-05.wav,C:/Users/kenis/OneDrive/Desktop/RAVDESS\data\raw\Audio_Speech_Actors_01-24_16k (1) - Copy\Audio_Speech_Actors_01-24_16k\Actor_05\03-01-03-02-02-02-05.wav,3,1,3,happy,2,2,2,5
03-01-04-01-01-01-05.wav,C:/Users/kenis/OneDrive/Desktop/RAVDESS\data\raw\Audio_Speech_Actors_01-24_16k (1) - Copy\Audio_Speech_Actors_01-24_16k\Actor_05\03-01-04-01-01-01-05.wav,3,1,4,sad,1,1,1,5
03-01-04-01-01-02-05.wav,C:/Users/kenis/OneDrive/Desktop/RAVDESS\data\raw\Audio_Speech_Actors_01-24_16k (1) - Copy\Audio_Speech_Actors_01-24_16k\Actor_05\03-01-04-01-01-02-05.wav,3,1,4,sad,1,1,2,5
03-01-04-01-02-01-05.wav,C:/Users/kenis/OneDrive/Desktop/RAVDESS\data\raw\Audio_Speech_Actors_01-24_16k (1) - Copy\Audio_Speech_Actors_01-24_16k\Actor_05\03-01-04-01-02-01-05.wav,3,1,4,sad,1,2,1,5
03-01-04-01-02-02-05.wav,C:/Users/kenis/OneDrive/Desktop/RAVDESS\data\raw\Audio_Speech_Actors_01-24_16k (1) - Copy\Audio_Speech_Actors_01-24_16k\Actor_05\03-01-04-01-02-02-05.wav,3,1,4,sad,1,2,2,5
03-01-04-02-01-01-05.wav,C:/Users/kenis/OneDrive/Desktop/RAVDESS\data\raw\Audio_Speech_Actors_01-24_16k (1) - Copy\Audio_Speech_Actors_01-24_16k\Actor_05\03-01-04-02-01-01-05.wav,3,1,4,sad,2,1,1,5
03-01-04-02-01-02-05.wav,C:/Users/kenis/OneDrive/Desktop/RAVDESS\data\raw\Audio_Speech_Actors_01-24_16k (1) - Copy\Audio_Speech_Actors_01-24_16k\Actor_05\03-01-04-02-01-02-05.wav,3,1,4,sad,2,1,2,5
03-01-04-02-02-01-05.wav,C:/Users/kenis/OneDrive/Desktop/RAVDESS\data\raw\Audio_Speech_Actors_01-24_16k (1) - Copy\Audio_Speech_Actors_01-24_16k\Actor_05\03-01-04-02-02-01-05.wav,3,1,4,sad,2,2,1,5
03-01-04-02-02-02-05.wav,C:/Users/kenis/OneDrive/Desktop/RAVDESS\data\raw\Audio_Speech_Actors_01-24_16k (1) - Copy\Audio_Speech_Actors_01-24_16k\Actor_05\03-01-04-02-02-02-05.wav,3,1,4,sad,2,2,2,5
03-01-05-01-01-01-05.wav,C:/Users/kenis/OneDrive/Desktop/RAVDESS\data\raw\Audio_Speech_Actors_01-24_16k (1) - Copy\Audio_Speech_Actors_01-24_16k\Actor_05\03-01-05-01-01-01-05.wav,3,1,5,angry,1,1,1,5
03-01-05-01-01-02-05.wav,C:/Users/kenis/OneDrive/Desktop/RAVDESS\data\raw\Audio_Speech_Actors_01-24_16k (1) - Copy\Audio_Speech_Actors_01-24_16k\Actor_05\03-01-05-01-01-02-05.wav,3,1,5,angry,1,1,2,5
03-01-05-01-02-01-05.wav,C:/Users/kenis/OneDrive/Desktop/RAVDESS\data\raw\Audio_Speech_Actors_01-24_16k (1) - Copy\Audio_Speech_Actors_01-24_16k\Actor_05\03-01-05-01-02-01-05.wav,3,1,5,angry,1,2,1,5
03-01-05-01-02-02-05.wav,C:/Users/kenis/OneDrive/Desktop/RAVDESS\data\raw\Audio_Speech_Actors_01-24_16k (1) - Copy\Audio_Speech_Actors_01-24_16k\Actor_05\03-01-05-01-02-02-05.wav,3,1,5,angry,1,2,2,5
03-01-05-02-01-01-05.wav,C:/Users/kenis/OneDrive/Desktop/RAVDESS\data\raw\Audio_Speech_Actors_01-24_16k (1) - Copy\Audio_Speech_Actors_01-24_16k\Actor_05\03-01-05-02-01-01-05.wav,3,1,5,angry,2,1,1,5
03-01-05-02-01-02-05.wav,C:/Users/kenis/OneDrive/Desktop/RAVDESS\data\raw\Audio_Speech_Actors_01-24_16k (1) - Copy\Audio_Speech_Actors_01-24_16k\Actor_05\03-01-05-02-01-02-05.wav,3,1,5,angry,2,1,2,5
03-01-05-02-02-01-05.wav,C:/Users/kenis/OneDrive/Desktop/RAVDESS\data\raw\Audio_Speech_Actors_01-24_16k (1) - Copy\Audio_Speech_Actors_01-24_16k\Actor_05\03-01-05-02-02-01-05.wav,3,1,5,angry,2,2,1,5
03-01-05-02-02-02-05.wav,C:/Users/kenis/OneDrive/Desktop/RAVDESS\data\raw\Audio_Speech_Actors_01-24_16k (1) - Copy\Audio_Speech_Actors_01-24_16k\Actor_05\03-01-05-02-02-02-05.wav,3,1,5,angry,2,2,2,5
03-01-06-01-01-01-05.wav,C:/Users/kenis/OneDrive/Desktop/RAVDESS\data\raw\Audio_Speech_Actors_01-24_16k (1) - Copy\Audio_Speech_Actors_01-24_16k\Actor_05\03-01-06-01-01-01-05.wav,3,1,6,fearful,1,1,1,5
03-01-06-01-01-02-05.wav,C:/Users/kenis/OneDrive/Desktop/RAVDESS\data\raw\Audio_Speech_Actors_01-24_16k (1) - Copy\Audio_Speech_Actors_01-24_16k\Actor_05\03-01-06-01-01-02-05.wav,3,1,6,fearful,1,1,2,5
03-01-06-01-02-01-05.wav,C:/Users/kenis/OneDrive/Desktop/RAVDESS\data\raw\Audio_Speech_Actors_01-24_16k (1) - Copy\Audio_Speech_Actors_01-24_16k\Actor_05\03-01-06-01-02-01-05.wav,3,1,6,fearful,1,2,1,5
03-01-06-01-02-02-05.wav,C:/Users/kenis/OneDrive/Desktop/RAVDESS\data\raw\Audio_Speech_Actors_01-24_16k (1) - Copy\Audio_Speech_Actors_01-24_16k\Actor_05\03-01-06-01-02-02-05.wav,3,1,6,fearful,1,2,2,5
03-01-06-02-01-01-05.wav,C:/Users/kenis/OneDrive/Desktop/RAVDESS\data\raw\Audio_Speech_Actors_01-24_16k (1) - Copy\Audio_Speech_Actors_01-24_16k\Actor_05\03-01-06-02-01-01-05.wav,3,1,6,fearful,2,1,1,5
03-01-06-02-01-02-05.wav,C:/Users/kenis/OneDrive/Desktop/RAVDESS\data\raw\Audio_Speech_Actors_01-24_16k (1) - Copy\Audio_Speech_Actors_01-24_16k\Actor_05\03-01-06-02-01-02-05.wav,3,1,6,fearful,2,1,2,5
03-01-06-02-02-01-05.wav,C:/Users/kenis/OneDrive/Desktop/RAVDESS\data\raw\Audio_Speech_Actors_01-24_16k (1) - Copy\Audio_Speech_Actors_01-24_16k\Actor_05\03-01-06-02-02-01-05.wav,3,1,6,fearful,2,2,1,5
03-01-06-02-02-02-05.wav,C:/Users/kenis/OneDrive/Desktop/RAVDESS\data\raw\Audio_Speech_Actors_01-24_16k (1) - Copy\Audio_Speech_Actors_01-24_16k\Actor_05\03-01-06-02-02-02-05.wav,3,1,6,fearful,2,2,2,5
03-01-07-01-01-01-05.wav,C:/Users/kenis/OneDrive/Desktop/RAVDESS\data\raw\Audio_Speech_Actors_01-24_16k (1) - Copy\Audio_Speech_Actors_01-24_16k\Actor_05\03-01-07-01-01-01-05.wav,3,1,7,disgust,1,1,1,5
03-01-07-01-01-02-05.wav,C:/Users/kenis/OneDrive/Desktop/RAVDESS\data\raw\Audio_Speech_Actors_01-24_16k (1) - Copy\Audio_Speech_Actors_01-24_16k\Actor_05\03-01-07-01-01-02-05.wav,3,1,7,disgust,1,1,2,5
03-01-07-01-02-01-05.wav,C:/Users/kenis/OneDrive/Desktop/RAVDESS\data\raw\Audio_Speech_Actors_01-24_16k (1) - Copy\Audio_Speech_Actors_01-24_16k\Actor_05\03-01-07-01-02-01-05.wav,3,1,7,disgust,1,2,1,5
03-01-07-01-02-02-05.wav,C:/Users/kenis/OneDrive/Desktop/RAVDESS\data\raw\Audio_Speech_Actors_01-24_16k (1) - Copy\Audio_Speech_Actors_01-24_16k\Actor_05\03-01-07-01-02-02-05.wav,3,1,7,disgust,1,2,2,5
03-01-07-02-01-01-05.wav,C:/Users/kenis/OneDrive/Desktop/RAVDESS\data\raw\Audio_Speech_Actors_01-24_16k (1) - Copy\Audio_Speech_Actors_01-24_16k\Actor_05\03-01-07-02-01-01-05.wav,3,1,7,disgust,2,1,1,5
03-01-07-02-01-02-05.wav,C:/Users/kenis/OneDrive/Desktop/RAVDESS\data\raw\Audio_Speech_Actors_01-24_16k (1) - Copy\Audio_Speech_Actors_01-24_16k\Actor_05\03-01-07-02-01-02-05.wav,3,1,7,disgust,2,1,2,5
03-01-07-02-02-01-05.wav,C:/Users/kenis/OneDrive/Desktop/RAVDESS\data\raw\Audio_Speech_Actors_01-24_16k (1) - Copy\Audio_Speech_Actors_01-24_16k\Actor_05\03-01-07-02-02-01-05.wav,3,1,7,disgust,2,2,1,5
03-01-07-02-02-02-05.wav,C:/Users/kenis/OneDrive/Desktop/RAVDESS\data\raw\Audio_Speech_Actors_01-24_16k (1) - Copy\Audio_Speech_Actors_01-24_16k\Actor_05\03-01-07-02-02-02-05.wav,3,1,7,disgust,2,2,2,5
03-01-08-01-01-01-05.wav,C:/Users/kenis/OneDrive/Desktop/RAVDESS\data\raw\Audio_Speech_Actors_01-24_16k (1) - Copy\Audio_Speech_Actors_01-24_16k\Actor_05\03-01-08-01-01-01-05.wav,3,1,8,surprised,1,1,1,5
03-01-08-01-01-02-05.wav,C:/Users/kenis/OneDrive/Desktop/RAVDESS\data\raw\Audio_Speech_Actors_01-24_16k (1) - Copy\Audio_Speech_Actors_01-24_16k\Actor_05\03-01-08-01-01-02-05.wav,3,1,8,surprised,1,1,2,5
03-01-08-01-02-01-05.wav,C:/Users/kenis/OneDrive/Desktop/RAVDESS\data\raw\Audio_Speech_Actors_01-24_16k (1) - Copy\Audio_Speech_Actors_01-24_16k\Actor_05\03-01-08-01-02-01-05.wav,3,1,8,surprised,1,2,1,5
03-01-08-01-02-02-05.wav,C:/Users/kenis/OneDrive/Desktop/RAVDESS\data\raw\Audio_Speech_Actors_01-24_16k (1) - Copy\Audio_Speech_Actors_01-24_16k\Actor_05\03-01-08-01-02-02-05.wav,3,1,8,surprised,1,2,2,5
03-01-08-02-01-01-05.wav,C:/Users/kenis/OneDrive/Desktop/RAVDESS\data\raw\Audio_Speech_Actors_01-24_16k (1) - Copy\Audio_Speech_Actors_01-24_16k\Actor_05\03-01-08-02-01-01-05.wav,3,1,8,surprised,2,1,1,5
03-01-08-02-01-02-05.wav,C:/Users/kenis/OneDrive/Desktop/RAVDESS\data\raw\Audio_Speech_Actors_01-24_16k (1) - Copy\Audio_Speech_Actors_01-24_16k\Actor_05\03-01-08-02-01-02-05.wav,3,1,8,surprised,2,1,2,5
03-01-08-02-02-01-05.wav,C:/Users/kenis/OneDrive/Desktop/RAVDESS\data\raw\Audio_Speech_Actors_01-24_16k (1) - Copy\Audio_Speech_Actors_01-24_16k\Actor_05\03-01-08-02-02-01-05.wav,3,1,8,surprised,2,2,1,5
03-01-08-02-02-02-05.wav,C:/Users/kenis/OneDrive/Desktop/RAVDESS\data\raw\Audio_Speech_Actors_01-24_16k (1) - Copy\Audio_Speech_Actors_01-24_16k\Actor_05\03-01-08-02-02-02-05.wav,3,1,8,surprised,2,2,2,5
03-01-01-01-01-01-06.wav,C:/Users/kenis/OneDrive/Desktop/RAVDESS\data\raw\Audio_Speech_Actors_01-24_16k (1) - Copy\Audio_Speech_Actors_01-24_16k\Actor_06\03-01-01-01-01-01-06.wav,3,1,1,neutral,1,1,1,6
03-01-01-01-01-02-06.wav,C:/Users/kenis/OneDrive/Desktop/RAVDESS\data\raw\Audio_Speech_Actors_01-24_16k (1) - Copy\Audio_Speech_Actors_01-24_16k\Actor_06\03-01-01-01-01-02-06.wav,3,1,1,neutral,1,1,2,6
03-01-01-01-02-01-06.wav,C:/Users/kenis/OneDrive/Desktop/RAVDESS\data\raw\Audio_Speech_Actors_01-24_16k (1) - Copy\Audio_Speech_Actors_01-24_16k\Actor_06\03-01-01-01-02-01-06.wav,3,1,1,neutral,1,2,1,6
03-01-01-01-02-02-06.wav,C:/Users/kenis/OneDrive/Desktop/RAVDESS\data\raw\Audio_Speech_Actors_01-24_16k (1) - Copy\Audio_Speech_Actors_01-24_16k\Actor_06\03-01-01-01-02-02-06.wav,3,1,1,neutral,1,2,2,6
03-01-02-01-01-01-06.wav,C:/Users/kenis/OneDrive/Desktop/RAVDESS\data\raw\Audio_Speech_Actors_01-24_16k (1) - Copy\Audio_Speech_Actors_01-24_16k\Actor_06\03-01-02-01-01-01-06.wav,3,1,2,calm,1,1,1,6
03-01-02-01-01-02-06.wav,C:/Users/kenis/OneDrive/Desktop/RAVDESS\data\raw\Audio_Speech_Actors_01-24_16k (1) - Copy\Audio_Speech_Actors_01-24_16k\Actor_06\03-01-02-01-01-02-06.wav,3,1,2,calm,1,1,2,6
03-01-02-01-02-01-06.wav,C:/Users/kenis/OneDrive/Desktop/RAVDESS\data\raw\Audio_Speech_Actors_01-24_16k (1) - Copy\Audio_Speech_Actors_01-24_16k\Actor_06\03-01-02-01-02-01-06.wav,3,1,2,calm,1,2,1,6
03-01-02-01-02-02-06.wav,C:/Users/kenis/OneDrive/Desktop/RAVDESS\data\raw\Audio_Speech_Actors_01-24_16k (1) - Copy\Audio_Speech_Actors_01-24_16k\Actor_06\03-01-02-01-02-02-06.wav,3,1,2,calm,1,2,2,6
03-01-02-02-01-01-06.wav,C:/Users/kenis/OneDrive/Desktop/RAVDESS\data\raw\Audio_Speech_Actors_01-24_16k (1) - Copy\Audio_Speech_Actors_01-24_16k\Actor_06\03-01-02-02-01-01-06.wav,3,1,2,calm,2,1,1,6
03-01-02-02-01-02-06.wav,C:/Users/kenis/OneDrive/Desktop/RAVDESS\data\raw\Audio_Speech_Actors_01-24_16k (1) - Copy\Audio_Speech_Actors_01-24_16k\Actor_06\03-01-02-02-01-02-06.wav,3,1,2,calm,2,1,2,6
03-01-02-02-02-01-06.wav,C:/Users/kenis/OneDrive/Desktop/RAVDESS\data\raw\Audio_Speech_Actors_01-24_16k (1) - Copy\Audio_Speech_Actors_01-24_16k\Actor_06\03-01-02-02-02-01-06.wav,3,1,2,calm,2,2,1,6
03-01-02-02-02-02-06.wav,C:/Users/kenis/OneDrive/Desktop/RAVDESS\data\raw\Audio_Speech_Actors_01-24_16k (1) - Copy\Audio_Speech_Actors_01-24_16k\Actor_06\03-01-02-02-02-02-06.wav,3,1,2,calm,2,2,2,6
03-01-03-01-01-01-06.wav,C:/Users/kenis/OneDrive/Desktop/RAVDESS\data\raw\Audio_Speech_Actors_01-24_16k (1) - Copy\Audio_Speech_Actors_01-24_16k\Actor_06\03-01-03-01-01-01-06.wav,3,1,3,happy,1,1,1,6
03-01-03-01-01-02-06.wav,C:/Users/kenis/OneDrive/Desktop/RAVDESS\data\raw\Audio_Speech_Actors_01-24_16k (1) - Copy\Audio_Speech_Actors_01-24_16k\Actor_06\03-01-03-01-01-02-06.wav,3,1,3,happy,1,1,2,6
03-01-03-01-02-01-06.wav,C:/Users/kenis/OneDrive/Desktop/RAVDESS\data\raw\Audio_Speech_Actors_01-24_16k (1) - Copy\Audio_Speech_Actors_01-24_16k\Actor_06\03-01-03-01-02-01-06.wav,3,1,3,happy,1,2,1,6
03-01-03-01-02-02-06.wav,C:/Users/kenis/OneDrive/Desktop/RAVDESS\data\raw\Audio_Speech_Actors_01-24_16k (1) - Copy\Audio_Speech_Actors_01-24_16k\Actor_06\03-01-03-01-02-02-06.wav,3,1,3,happy,1,2,2,6
03-01-03-02-01-01-06.wav,C:/Users/kenis/OneDrive/Desktop/RAVDESS\data\raw\Audio_Speech_Actors_01-24_16k (1) - Copy\Audio_Speech_Actors_01-24_16k\Actor_06\03-01-03-02-01-01-06.wav,3,1,3,happy,2,1,1,6
03-01-03-02-01-02-06.wav,C:/Users/kenis/OneDrive/Desktop/RAVDESS\data\raw\Audio_Speech_Actors_01-24_16k (1) - Copy\Audio_Speech_Actors_01-24_16k\Actor_06\03-01-03-02-01-02-06.wav,3,1,3,happy,2,1,2,6
03-01-03-02-02-01-06.wav,C:/Users/kenis/OneDrive/Desktop/RAVDESS\data\raw\Audio_Speech_Actors_01-24_16k (1) - Copy\Audio_Speech_Actors_01-24_16k\Actor_06\03-01-03-02-02-01-06.wav,3,1,3,happy,2,2,1,6
03-01-03-02-02-02-06.wav,C:/Users/kenis/OneDrive/Desktop/RAVDESS\data\raw\Audio_Speech_Actors_01-24_16k (1) - Copy\Audio_Speech_Actors_01-24_16k\Actor_06\03-01-03-02-02-02-06.wav,3,1,3,happy,2,2,2,6
03-01-04-01-01-01-06.wav,C:/Users/kenis/OneDrive/Desktop/RAVDESS\data\raw\Audio_Speech_Actors_01-24_16k (1) - Copy\Audio_Speech_Actors_01-24_16k\Actor_06\03-01-04-01-01-01-06.wav,3,1,4,sad,1,1,1,6
03-01-04-01-01-02-06.wav,C:/Users/kenis/OneDrive/Desktop/RAVDESS\data\raw\Audio_Speech_Actors_01-24_16k (1) - Copy\Audio_Speech_Actors_01-24_16k\Actor_06\03-01-04-01-01-02-06.wav,3,1,4,sad,1,1,2,6
03-01-04-01-02-01-06.wav,C:/Users/kenis/OneDrive/Desktop/RAVDESS\data\raw\Audio_Speech_Actors_01-24_16k (1) - Copy\Audio_Speech_Actors_01-24_16k\Actor_06\03-01-04-01-02-01-06.wav,3,1,4,sad,1,2,1,6
03-01-04-01-02-02-06.wav,C:/Users/kenis/OneDrive/Desktop/RAVDESS\data\raw\Audio_Speech_Actors_01-24_16k (1) - Copy\Audio_Speech_Actors_01-24_16k\Actor_06\03-01-04-01-02-02-06.wav,3,1,4,sad,1,2,2,6
03-01-04-02-01-01-06.wav,C:/Users/kenis/OneDrive/Desktop/RAVDESS\data\raw\Audio_Speech_Actors_01-24_16k (1) - Copy\Audio_Speech_Actors_01-24_16k\Actor_06\03-01-04-02-01-01-06.wav,3,1,4,sad,2,1,1,6
03-01-04-02-01-02-06.wav,C:/Users/kenis/OneDrive/Desktop/RAVDESS\data\raw\Audio_Speech_Actors_01-24_16k (1) - Copy\Audio_Speech_Actors_01-24_16k\Actor_06\03-01-04-02-01-02-06.wav,3,1,4,sad,2,1,2,6
03-01-04-02-02-01-06.wav,C:/Users/kenis/OneDrive/Desktop/RAVDESS\data\raw\Audio_Speech_Actors_01-24_16k (1) - Copy\Audio_Speech_Actors_01-24_16k\Actor_06\03-01-04-02-02-01-06.wav,3,1,4,sad,2,2,1,6
03-01-04-02-02-02-06.wav,C:/Users/kenis/OneDrive/Desktop/RAVDESS\data\raw\Audio_Speech_Actors_01-24_16k (1) - Copy\Audio_Speech_Actors_01-24_16k\Actor_06\03-01-04-02-02-02-06.wav,3,1,4,sad,2,2,2,6
03-01-05-01-01-01-06.wav,C:/Users/kenis/OneDrive/Desktop/RAVDESS\data\raw\Audio_Speech_Actors_01-24_16k (1) - Copy\Audio_Speech_Actors_01-24_16k\Actor_06\03-01-05-01-01-01-06.wav,3,1,5,angry,1,1,1,6
03-01-05-01-01-02-06.wav,C:/Users/kenis/OneDrive/Desktop/RAVDESS\data\raw\Audio_Speech_Actors_01-24_16k (1) - Copy\Audio_Speech_Actors_01-24_16k\Actor_06\03-01-05-01-01-02-06.wav,3,1,5,angry,1,1,2,6
03-01-05-01-02-01-06.wav,C:/Users/kenis/OneDrive/Desktop/RAVDESS\data\raw\Audio_Speech_Actors_01-24_16k (1) - Copy\Audio_Speech_Actors_01-24_16k\Actor_06\03-01-05-01-02-01-06.wav,3,1,5,angry,1,2,1,6
03-01-05-01-02-02-06.wav,C:/Users/kenis/OneDrive/Desktop/RAVDESS\data\raw\Audio_Speech_Actors_01-24_16k (1) - Copy\Audio_Speech_Actors_01-24_16k\Actor_06\03-01-05-01-02-02-06.wav,3,1,5,angry,1,2,2,6
03-01-05-02-01-01-06.wav,C:/Users/kenis/OneDrive/Desktop/RAVDESS\data\raw\Audio_Speech_Actors_01-24_16k (1) - Copy\Audio_Speech_Actors_01-24_16k\Actor_06\03-01-05-02-01-01-06.wav,3,1,5,angry,2,1,1,6
03-01-05-02-01-02-06.wav,C:/Users/kenis/OneDrive/Desktop/RAVDESS\data\raw\Audio_Speech_Actors_01-24_16k (1) - Copy\Audio_Speech_Actors_01-24_16k\Actor_06\03-01-05-02-01-02-06.wav,3,1,5,angry,2,1,2,6
03-01-05-02-02-01-06.wav,C:/Users/kenis/OneDrive/Desktop/RAVDESS\data\raw\Audio_Speech_Actors_01-24_16k (1) - Copy\Audio_Speech_Actors_01-24_16k\Actor_06\03-01-05-02-02-01-06.wav,3,1,5,angry,2,2,1,6
03-01-05-02-02-02-06.wav,C:/Users/kenis/OneDrive/Desktop/RAVDESS\data\raw\Audio_Speech_Actors_01-24_16k (1) - Copy\Audio_Speech_Actors_01-24_16k\Actor_06\03-01-05-02-02-02-06.wav,3,1,5,angry,2,2,2,6
03-01-06-01-01-01-06.wav,C:/Users/kenis/OneDrive/Desktop/RAVDESS\data\raw\Audio_Speech_Actors_01-24_16k (1) - Copy\Audio_Speech_Actors_01-24_16k\Actor_06\03-01-06-01-01-01-06.wav,3,1,6,fearful,1,1,1,6
03-01-06-01-01-02-06.wav,C:/Users/kenis/OneDrive/Desktop/RAVDESS\data\raw\Audio_Speech_Actors_01-24_16k (1) - Copy\Audio_Speech_Actors_01-24_16k\Actor_06\03-01-06-01-01-02-06.wav,3,1,6,fearful,1,1,2,6
03-01-06-01-02-01-06.wav,C:/Users/kenis/OneDrive/Desktop/RAVDESS\data\raw\Audio_Speech_Actors_01-24_16k (1) - Copy\Audio_Speech_Actors_01-24_16k\Actor_06\03-01-06-01-02-01-06.wav,3,1,6,fearful,1,2,1,6
03-01-06-01-02-02-06.wav,C:/Users/kenis/OneDrive/Desktop/RAVDESS\data\raw\Audio_Speech_Actors_01-24_16k (1) - Copy\Audio_Speech_Actors_01-24_16k\Actor_06\03-01-06-01-02-02-06.wav,3,1,6,fearful,1,2,2,6
03-01-06-02-01-01-06.wav,C:/Users/kenis/OneDrive/Desktop/RAVDESS\data\raw\Audio_Speech_Actors_01-24_16k (1) - Copy\Audio_Speech_Actors_01-24_16k\Actor_06\03-01-06-02-01-01-06.wav,3,1,6,fearful,2,1,1,6
03-01-06-02-01-02-06.wav,C:/Users/kenis/OneDrive/Desktop/RAVDESS\data\raw\Audio_Speech_Actors_01-24_16k (1) - Copy\Audio_Speech_Actors_01-24_16k\Actor_06\03-01-06-02-01-02-06.wav,3,1,6,fearful,2,1,2,6
03-01-06-02-02-01-06.wav,C:/Users/kenis/OneDrive/Desktop/RAVDESS\data\raw\Audio_Speech_Actors_01-24_16k (1) - Copy\Audio_Speech_Actors_01-24_16k\Actor_06\03-01-06-02-02-01-06.wav,3,1,6,fearful,2,2,1,6
03-01-06-02-02-02-06.wav,C:/Users/kenis/OneDrive/Desktop/RAVDESS\data\raw\Audio_Speech_Actors_01-24_16k (1) - Copy\Audio_Speech_Actors_01-24_16k\Actor_06\03-01-06-02-02-02-06.wav,3,1,6,fearful,2,2,2,6
03-01-07-01-01-01-06.wav,C:/Users/kenis/OneDrive/Desktop/RAVDESS\data\raw\Audio_Speech_Actors_01-24_16k (1) - Copy\Audio_Speech_Actors_01-24_16k\Actor_06\03-01-07-01-01-01-06.wav,3,1,7,disgust,1,1,1,6
03-01-07-01-01-02-06.wav,C:/Users/kenis/OneDrive/Desktop/RAVDESS\data\raw\Audio_Speech_Actors_01-24_16k (1) - Copy\Audio_Speech_Actors_01-24_16k\Actor_06\03-01-07-01-01-02-06.wav,3,1,7,disgust,1,1,2,6
03-01-07-01-02-01-06.wav,C:/Users/kenis/OneDrive/Desktop/RAVDESS\data\raw\Audio_Speech_Actors_01-24_16k (1) - Copy\Audio_Speech_Actors_01-24_16k\Actor_06\03-01-07-01-02-01-06.wav,3,1,7,disgust,1,2,1,6
03-01-07-01-02-02-06.wav,C:/Users/kenis/OneDrive/Desktop/RAVDESS\data\raw\Audio_Speech_Actors_01-24_16k (1) - Copy\Audio_Speech_Actors_01-24_16k\Actor_06\03-01-07-01-02-02-06.wav,3,1,7,disgust,1,2,2,6
03-01-07-02-01-01-06.wav,C:/Users/kenis/OneDrive/Desktop/RAVDESS\data\raw\Audio_Speech_Actors_01-24_16k (1) - Copy\Audio_Speech_Actors_01-24_16k\Actor_06\03-01-07-02-01-01-06.wav,3,1,7,disgust,2,1,1,6
03-01-07-02-01-02-06.wav,C:/Users/kenis/OneDrive/Desktop/RAVDESS\data\raw\Audio_Speech_Actors_01-24_16k (1) - Copy\Audio_Speech_Actors_01-24_16k\Actor_06\03-01-07-02-01-02-06.wav,3,1,7,disgust,2,1,2,6
03-01-07-02-02-01-06.wav,C:/Users/kenis/OneDrive/Desktop/RAVDESS\data\raw\Audio_Speech_Actors_01-24_16k (1) - Copy\Audio_Speech_Actors_01-24_16k\Actor_06\03-01-07-02-02-01-06.wav,3,1,7,disgust,2,2,1,6
03-01-07-02-02-02-06.wav,C:/Users/kenis/OneDrive/Desktop/RAVDESS\data\raw\Audio_Speech_Actors_01-24_16k (1) - Copy\Audio_Speech_Actors_01-24_16k\Actor_06\03-01-07-02-02-02-06.wav,3,1,7,disgust,2,2,2,6
03-01-08-01-01-01-06.wav,C:/Users/kenis/OneDrive/Desktop/RAVDESS\data\raw\Audio_Speech_Actors_01-24_16k (1) - Copy\Audio_Speech_Actors_01-24_16k\Actor_06\03-01-08-01-01-01-06.wav,3,1,8,surprised,1,1,1,6
03-01-08-01-01-02-06.wav,C:/Users/kenis/OneDrive/Desktop/RAVDESS\data\raw\Audio_Speech_Actors_01-24_16k (1) - Copy\Audio_Speech_Actors_01-24_16k\Actor_06\03-01-08-01-01-02-06.wav,3,1,8,surprised,1,1,2,6
03-01-08-01-02-01-06.wav,C:/Users/kenis/OneDrive/Desktop/RAVDESS\data\raw\Audio_Speech_Actors_01-24_16k (1) - Copy\Audio_Speech_Actors_01-24_16k\Actor_06\03-01-08-01-02-01-06.wav,3,1,8,surprised,1,2,1,6
03-01-08-01-02-02-06.wav,C:/Users/kenis/OneDrive/Desktop/RAVDESS\data\raw\Audio_Speech_Actors_01-24_16k (1) - Copy\Audio_Speech_Actors_01-24_16k\Actor_06\03-01-08-01-02-02-06.wav,3,1,8,surprised,1,2,2,6
03-01-08-02-01-01-06.wav,C:/Users/kenis/OneDrive/Desktop/RAVDESS\data\raw\Audio_Speech_Actors_01-24_16k (1) - Copy\Audio_Speech_Actors_01-24_16k\Actor_06\03-01-08-02-01-01-06.wav,3,1,8,surprised,2,1,1,6
03-01-08-02-01-02-06.wav,C:/Users/kenis/OneDrive/Desktop/RAVDESS\data\raw\Audio_Speech_Actors_01-24_16k (1) - Copy\Audio_Speech_Actors_01-24_16k\Actor_06\03-01-08-02-01-02-06.wav,3,1,8,surprised,2,1,2,6
03-01-08-02-02-01-06.wav,C:/Users/kenis/OneDrive/Desktop/RAVDESS\data\raw\Audio_Speech_Actors_01-24_16k (1) - Copy\Audio_Speech_Actors_01-24_16k\Actor_06\03-01-08-02-02-01-06.wav,3,1,8,surprised,2,2,1,6
03-01-08-02-02-02-06.wav,C:/Users/kenis/OneDrive/Desktop/RAVDESS\data\raw\Audio_Speech_Actors_01-24_16k (1) - Copy\Audio_Speech_Actors_01-24_16k\Actor_06\03-01-08-02-02-02-06.wav,3,1,8,surprised,2,2,2,6
03-01-01-01-01-01-07.wav,C:/Users/kenis/OneDrive/Desktop/RAVDESS\data\raw\Audio_Speech_Actors_01-24_16k (1) - Copy\Audio_Speech_Actors_01-24_16k\Actor_07\03-01-01-01-01-01-07.wav,3,1,1,neutral,1,1,1,7
03-01-01-01-01-02-07.wav,C:/Users/kenis/OneDrive/Desktop/RAVDESS\data\raw\Audio_Speech_Actors_01-24_16k (1) - Copy\Audio_Speech_Actors_01-24_16k\Actor_07\03-01-01-01-01-02-07.wav,3,1,1,neutral,1,1,2,7
03-01-01-01-02-01-07.wav,C:/Users/kenis/OneDrive/Desktop/RAVDESS\data\raw\Audio_Speech_Actors_01-24_16k (1) - Copy\Audio_Speech_Actors_01-24_16k\Actor_07\03-01-01-01-02-01-07.wav,3,1,1,neutral,1,2,1,7
03-01-01-01-02-02-07.wav,C:/Users/kenis/OneDrive/Desktop/RAVDESS\data\raw\Audio_Speech_Actors_01-24_16k (1) - Copy\Audio_Speech_Actors_01-24_16k\Actor_07\03-01-01-01-02-02-07.wav,3,1,1,neutral,1,2,2,7
03-01-02-01-01-01-07.wav,C:/Users/kenis/OneDrive/Desktop/RAVDESS\data\raw\Audio_Speech_Actors_01-24_16k (1) - Copy\Audio_Speech_Actors_01-24_16k\Actor_07\03-01-02-01-01-01-07.wav,3,1,2,calm,1,1,1,7
03-01-02-01-01-02-07.wav,C:/Users/kenis/OneDrive/Desktop/RAVDESS\data\raw\Audio_Speech_Actors_01-24_16k (1) - Copy\Audio_Speech_Actors_01-24_16k\Actor_07\03-01-02-01-01-02-07.wav,3,1,2,calm,1,1,2,7
03-01-02-01-02-01-07.wav,C:/Users/kenis/OneDrive/Desktop/RAVDESS\data\raw\Audio_Speech_Actors_01-24_16k (1) - Copy\Audio_Speech_Actors_01-24_16k\Actor_07\03-01-02-01-02-01-07.wav,3,1,2,calm,1,2,1,7
03-01-02-01-02-02-07.wav,C:/Users/kenis/OneDrive/Desktop/RAVDESS\data\raw\Audio_Speech_Actors_01-24_16k (1) - Copy\Audio_Speech_Actors_01-24_16k\Actor_07\03-01-02-01-02-02-07.wav,3,1,2,calm,1,2,2,7
03-01-02-02-01-01-07.wav,C:/Users/kenis/OneDrive/Desktop/RAVDESS\data\raw\Audio_Speech_Actors_01-24_16k (1) - Copy\Audio_Speech_Actors_01-24_16k\Actor_07\03-01-02-02-01-01-07.wav,3,1,2,calm,2,1,1,7
03-01-02-02-01-02-07.wav,C:/Users/kenis/OneDrive/Desktop/RAVDESS\data\raw\Audio_Speech_Actors_01-24_16k (1) - Copy\Audio_Speech_Actors_01-24_16k\Actor_07\03-01-02-02-01-02-07.wav,3,1,2,calm,2,1,2,7
03-01-02-02-02-01-07.wav,C:/Users/kenis/OneDrive/Desktop/RAVDESS\data\raw\Audio_Speech_Actors_01-24_16k (1) - Copy\Audio_Speech_Actors_01-24_16k\Actor_07\03-01-02-02-02-01-07.wav,3,1,2,calm,2,2,1,7
03-01-02-02-02-02-07.wav,C:/Users/kenis/OneDrive/Desktop/RAVDESS\data\raw\Audio_Speech_Actors_01-24_16k (1) - Copy\Audio_Speech_Actors_01-24_16k\Actor_07\03-01-02-02-02-02-07.wav,3,1,2,calm,2,2,2,7
03-01-03-01-01-01-07.wav,C:/Users/kenis/OneDrive/Desktop/RAVDESS\data\raw\Audio_Speech_Actors_01-24_16k (1) - Copy\Audio_Speech_Actors_01-24_16k\Actor_07\03-01-03-01-01-01-07.wav,3,1,3,happy,1,1,1,7
03-01-03-01-01-02-07.wav,C:/Users/kenis/OneDrive/Desktop/RAVDESS\data\raw\Audio_Speech_Actors_01-24_16k (1) - Copy\Audio_Speech_Actors_01-24_16k\Actor_07\03-01-03-01-01-02-07.wav,3,1,3,happy,1,1,2,7
03-01-03-01-02-01-07.wav,C:/Users/kenis/OneDrive/Desktop/RAVDESS\data\raw\Audio_Speech_Actors_01-24_16k (1) - Copy\Audio_Speech_Actors_01-24_16k\Actor_07\03-01-03-01-02-01-07.wav,3,1,3,happy,1,2,1,7
03-01-03-01-02-02-07.wav,C:/Users/kenis/OneDrive/Desktop/RAVDESS\data\raw\Audio_Speech_Actors_01-24_16k (1) - Copy\Audio_Speech_Actors_01-24_16k\Actor_07\03-01-03-01-02-02-07.wav,3,1,3,happy,1,2,2,7
03-01-03-02-01-01-07.wav,C:/Users/kenis/OneDrive/Desktop/RAVDESS\data\raw\Audio_Speech_Actors_01-24_16k (1) - Copy\Audio_Speech_Actors_01-24_16k\Actor_07\03-01-03-02-01-01-07.wav,3,1,3,happy,2,1,1,7
03-01-03-02-01-02-07.wav,C:/Users/kenis/OneDrive/Desktop/RAVDESS\data\raw\Audio_Speech_Actors_01-24_16k (1) - Copy\Audio_Speech_Actors_01-24_16k\Actor_07\03-01-03-02-01-02-07.wav,3,1,3,happy,2,1,2,7
03-01-03-02-02-01-07.wav,C:/Users/kenis/OneDrive/Desktop/RAVDESS\data\raw\Audio_Speech_Actors_01-24_16k (1) - Copy\Audio_Speech_Actors_01-24_16k\Actor_07\03-01-03-02-02-01-07.wav,3,1,3,happy,2,2,1,7
03-01-03-02-02-02-07.wav,C:/Users/kenis/OneDrive/Desktop/RAVDESS\data\raw\Audio_Speech_Actors_01-24_16k (1) - Copy\Audio_Speech_Actors_01-24_16k\Actor_07\03-01-03-02-02-02-07.wav,3,1,3,happy,2,2,2,7
03-01-04-01-01-01-07.wav,C:/Users/kenis/OneDrive/Desktop/RAVDESS\data\raw\Audio_Speech_Actors_01-24_16k (1) - Copy\Audio_Speech_Actors_01-24_16k\Actor_07\03-01-04-01-01-01-07.wav,3,1,4,sad,1,1,1,7
03-01-04-01-01-02-07.wav,C:/Users/kenis/OneDrive/Desktop/RAVDESS\data\raw\Audio_Speech_Actors_01-24_16k (1) - Copy\Audio_Speech_Actors_01-24_16k\Actor_07\03-01-04-01-01-02-07.wav,3,1,4,sad,1,1,2,7
03-01-04-01-02-01-07.wav,C:/Users/kenis/OneDrive/Desktop/RAVDESS\data\raw\Audio_Speech_Actors_01-24_16k (1) - Copy\Audio_Speech_Actors_01-24_16k\Actor_07\03-01-04-01-02-01-07.wav,3,1,4,sad,1,2,1,7
03-01-04-01-02-02-07.wav,C:/Users/kenis/OneDrive/Desktop/RAVDESS\data\raw\Audio_Speech_Actors_01-24_16k (1) - Copy\Audio_Speech_Actors_01-24_16k\Actor_07\03-01-04-01-02-02-07.wav,3,1,4,sad,1,2,2,7
03-01-04-02-01-01-07.wav,C:/Users/kenis/OneDrive/Desktop/RAVDESS\data\raw\Audio_Speech_Actors_01-24_16k (1) - Copy\Audio_Speech_Actors_01-24_16k\Actor_07\03-01-04-02-01-01-07.wav,3,1,4,sad,2,1,1,7
03-01-04-02-01-02-07.wav,C:/Users/kenis/OneDrive/Desktop/RAVDESS\data\raw\Audio_Speech_Actors_01-24_16k (1) - Copy\Audio_Speech_Actors_01-24_16k\Actor_07\03-01-04-02-01-02-07.wav,3,1,4,sad,2,1,2,7
03-01-04-02-02-01-07.wav,C:/Users/kenis/OneDrive/Desktop/RAVDESS\data\raw\Audio_Speech_Actors_01-24_16k (1) - Copy\Audio_Speech_Actors_01-24_16k\Actor_07\03-01-04-02-02-01-07.wav,3,1,4,sad,2,2,1,7
03-01-04-02-02-02-07.wav,C:/Users/kenis/OneDrive/Desktop/RAVDESS\data\raw\Audio_Speech_Actors_01-24_16k (1) - Copy\Audio_Speech_Actors_01-24_16k\Actor_07\03-01-04-02-02-02-07.wav,3,1,4,sad,2,2,2,7
03-01-05-01-01-01-07.wav,C:/Users/kenis/OneDrive/Desktop/RAVDESS\data\raw\Audio_Speech_Actors_01-24_16k (1) - Copy\Audio_Speech_Actors_01-24_16k\Actor_07\03-01-05-01-01-01-07.wav,3,1,5,angry,1,1,1,7
03-01-05-01-01-02-07.wav,C:/Users/kenis/OneDrive/Desktop/RAVDESS\data\raw\Audio_Speech_Actors_01-24_16k (1) - Copy\Audio_Speech_Actors_01-24_16k\Actor_07\03-01-05-01-01-02-07.wav,3,1,5,angry,1,1,2,7
03-01-05-01-02-01-07.wav,C:/Users/kenis/OneDrive/Desktop/RAVDESS\data\raw\Audio_Speech_Actors_01-24_16k (1) - Copy\Audio_Speech_Actors_01-24_16k\Actor_07\03-01-05-01-02-01-07.wav,3,1,5,angry,1,2,1,7
03-01-05-01-02-02-07.wav,C:/Users/kenis/OneDrive/Desktop/RAVDESS\data\raw\Audio_Speech_Actors_01-24_16k (1) - Copy\Audio_Speech_Actors_01-24_16k\Actor_07\03-01-05-01-02-02-07.wav,3,1,5,angry,1,2,2,7
03-01-05-02-01-01-07.wav,C:/Users/kenis/OneDrive/Desktop/RAVDESS\data\raw\Audio_Speech_Actors_01-24_16k (1) - Copy\Audio_Speech_Actors_01-24_16k\Actor_07\03-01-05-02-01-01-07.wav,3,1,5,angry,2,1,1,7
03-01-05-02-01-02-07.wav,C:/Users/kenis/OneDrive/Desktop/RAVDESS\data\raw\Audio_Speech_Actors_01-24_16k (1) - Copy\Audio_Speech_Actors_01-24_16k\Actor_07\03-01-05-02-01-02-07.wav,3,1,5,angry,2,1,2,7
03-01-05-02-02-01-07.wav,C:/Users/kenis/OneDrive/Desktop/RAVDESS\data\raw\Audio_Speech_Actors_01-24_16k (1) - Copy\Audio_Speech_Actors_01-24_16k\Actor_07\03-01-05-02-02-01-07.wav,3,1,5,angry,2,2,1,7
03-01-05-02-02-02-07.wav,C:/Users/kenis/OneDrive/Desktop/RAVDESS\data\raw\Audio_Speech_Actors_01-24_16k (1) - Copy\Audio_Speech_Actors_01-24_16k\Actor_07\03-01-05-02-02-02-07.wav,3,1,5,angry,2,2,2,7
03-01-06-01-01-01-07.wav,C:/Users/kenis/OneDrive/Desktop/RAVDESS\data\raw\Audio_Speech_Actors_01-24_16k (1) - Copy\Audio_Speech_Actors_01-24_16k\Actor_07\03-01-06-01-01-01-07.wav,3,1,6,fearful,1,1,1,7
03-01-06-01-01-02-07.wav,C:/Users/kenis/OneDrive/Desktop/RAVDESS\data\raw\Audio_Speech_Actors_01-24_16k (1) - Copy\Audio_Speech_Actors_01-24_16k\Actor_07\03-01-06-01-01-02-07.wav,3,1,6,fearful,1,1,2,7
03-01-06-01-02-01-07.wav,C:/Users/kenis/OneDrive/Desktop/RAVDESS\data\raw\Audio_Speech_Actors_01-24_16k (1) - Copy\Audio_Speech_Actors_01-24_16k\Actor_07\03-01-06-01-02-01-07.wav,3,1,6,fearful,1,2,1,7
03-01-06-01-02-02-07.wav,C:/Users/kenis/OneDrive/Desktop/RAVDESS\data\raw\Audio_Speech_Actors_01-24_16k (1) - Copy\Audio_Speech_Actors_01-24_16k\Actor_07\03-01-06-01-02-02-07.wav,3,1,6,fearful,1,2,2,7
03-01-06-02-01-01-07.wav,C:/Users/kenis/OneDrive/Desktop/RAVDESS\data\raw\Audio_Speech_Actors_01-24_16k (1) - Copy\Audio_Speech_Actors_01-24_16k\Actor_07\03-01-06-02-01-01-07.wav,3,1,6,fearful,2,1,1,7
03-01-06-02-01-02-07.wav,C:/Users/kenis/OneDrive/Desktop/RAVDESS\data\raw\Audio_Speech_Actors_01-24_16k (1) - Copy\Audio_Speech_Actors_01-24_16k\Actor_07\03-01-06-02-01-02-07.wav,3,1,6,fearful,2,1,2,7
03-01-06-02-02-01-07.wav,C:/Users/kenis/OneDrive/Desktop/RAVDESS\data\raw\Audio_Speech_Actors_01-24_16k (1) - Copy\Audio_Speech_Actors_01-24_16k\Actor_07\03-01-06-02-02-01-07.wav,3,1,6,fearful,2,2,1,7
03-01-06-02-02-02-07.wav,C:/Users/kenis/OneDrive/Desktop/RAVDESS\data\raw\Audio_Speech_Actors_01-24_16k (1) - Copy\Audio_Speech_Actors_01-24_16k\Actor_07\03-01-06-02-02-02-07.wav,3,1,6,fearful,2,2,2,7
03-01-07-01-01-01-07.wav,C:/Users/kenis/OneDrive/Desktop/RAVDESS\data\raw\Audio_Speech_Actors_01-24_16k (1) - Copy\Audio_Speech_Actors_01-24_16k\Actor_07\03-01-07-01-01-01-07.wav,3,1,7,disgust,1,1,1,7
03-01-07-01-01-02-07.wav,C:/Users/kenis/OneDrive/Desktop/RAVDESS\data\raw\Audio_Speech_Actors_01-24_16k (1) - Copy\Audio_Speech_Actors_01-24_16k\Actor_07\03-01-07-01-01-02-07.wav,3,1,7,disgust,1,1,2,7
03-01-07-01-02-01-07.wav,C:/Users/kenis/OneDrive/Desktop/RAVDESS\data\raw\Audio_Speech_Actors_01-24_16k (1) - Copy\Audio_Speech_Actors_01-24_16k\Actor_07\03-01-07-01-02-01-07.wav,3,1,7,disgust,1,2,1,7
03-01-07-01-02-02-07.wav,C:/Users/kenis/OneDrive/Desktop/RAVDESS\data\raw\Audio_Speech_Actors_01-24_16k (1) - Copy\Audio_Speech_Actors_01-24_16k\Actor_07\03-01-07-01-02-02-07.wav,3,1,7,disgust,1,2,2,7
03-01-07-02-01-01-07.wav,C:/Users/kenis/OneDrive/Desktop/RAVDESS\data\raw\Audio_Speech_Actors_01-24_16k (1) - Copy\Audio_Speech_Actors_01-24_16k\Actor_07\03-01-07-02-01-01-07.wav,3,1,7,disgust,2,1,1,7
03-01-07-02-01-02-07.wav,C:/Users/kenis/OneDrive/Desktop/RAVDESS\data\raw\Audio_Speech_Actors_01-24_16k (1) - Copy\Audio_Speech_Actors_01-24_16k\Actor_07\03-01-07-02-01-02-07.wav,3,1,7,disgust,2,1,2,7
03-01-07-02-02-01-07.wav,C:/Users/kenis/OneDrive/Desktop/RAVDESS\data\raw\Audio_Speech_Actors_01-24_16k (1) - Copy\Audio_Speech_Actors_01-24_16k\Actor_07\03-01-07-02-02-01-07.wav,3,1,7,disgust,2,2,1,7
03-01-07-02-02-02-07.wav,C:/Users/kenis/OneDrive/Desktop/RAVDESS\data\raw\Audio_Speech_Actors_01-24_16k (1) - Copy\Audio_Speech_Actors_01-24_16k\Actor_07\03-01-07-02-02-02-07.wav,3,1,7,disgust,2,2,2,7
03-01-08-01-01-01-07.wav,C:/Users/kenis/OneDrive/Desktop/RAVDESS\data\raw\Audio_Speech_Actors_01-24_16k (1) - Copy\Audio_Speech_Actors_01-24_16k\Actor_07\03-01-08-01-01-01-07.wav,3,1,8,surprised,1,1,1,7
03-01-08-01-01-02-07.wav,C:/Users/kenis/OneDrive/Desktop/RAVDESS\data\raw\Audio_Speech_Actors_01-24_16k (1) - Copy\Audio_Speech_Actors_01-24_16k\Actor_07\03-01-08-01-01-02-07.wav,3,1,8,surprised,1,1,2,7
03-01-08-01-02-01-07.wav,C:/Users/kenis/OneDrive/Desktop/RAVDESS\data\raw\Audio_Speech_Actors_01-24_16k (1) - Copy\Audio_Speech_Actors_01-24_16k\Actor_07\03-01-08-01-02-01-07.wav,3,1,8,surprised,1,2,1,7
03-01-08-01-02-02-07.wav,C:/Users/kenis/OneDrive/Desktop/RAVDESS\data\raw\Audio_Speech_Actors_01-24_16k (1) - Copy\Audio_Speech_Actors_01-24_16k\Actor_07\03-01-08-01-02-02-07.wav,3,1,8,surprised,1,2,2,7
03-01-08-02-01-01-07.wav,C:/Users/kenis/OneDrive/Desktop/RAVDESS\data\raw\Audio_Speech_Actors_01-24_16k (1) - Copy\Audio_Speech_Actors_01-24_16k\Actor_07\03-01-08-02-01-01-07.wav,3,1,8,surprised,2,1,1,7
03-01-08-02-01-02-07.wav,C:/Users/kenis/OneDrive/Desktop/RAVDESS\data\raw\Audio_Speech_Actors_01-24_16k (1) - Copy\Audio_Speech_Actors_01-24_16k\Actor_07\03-01-08-02-01-02-07.wav,3,1,8,surprised,2,1,2,7
03-01-08-02-02-01-07.wav,C:/Users/kenis/OneDrive/Desktop/RAVDESS\data\raw\Audio_Speech_Actors_01-24_16k (1) - Copy\Audio_Speech_Actors_01-24_16k\Actor_07\03-01-08-02-02-01-07.wav,3,1,8,surprised,2,2,1,7
03-01-08-02-02-02-07.wav,C:/Users/kenis/OneDrive/Desktop/RAVDESS\data\raw\Audio_Speech_Actors_01-24_16k (1) - Copy\Audio_Speech_Actors_01-24_16k\Actor_07\03-01-08-02-02-02-07.wav,3,1,8,surprised,2,2,2,7
03-01-01-01-01-01-08.wav,C:/Users/kenis/OneDrive/Desktop/RAVDESS\data\raw\Audio_Speech_Actors_01-24_16k (1) - Copy\Audio_Speech_Actors_01-24_16k\Actor_08\03-01-01-01-01-01-08.wav,3,1,1,neutral,1,1,1,8
03-01-01-01-01-02-08.wav,C:/Users/kenis/OneDrive/Desktop/RAVDESS\data\raw\Audio_Speech_Actors_01-24_16k (1) - Copy\Audio_Speech_Actors_01-24_16k\Actor_08\03-01-01-01-01-02-08.wav,3,1,1,neutral,1,1,2,8
03-01-01-01-02-01-08.wav,C:/Users/kenis/OneDrive/Desktop/RAVDESS\data\raw\Audio_Speech_Actors_01-24_16k (1) - Copy\Audio_Speech_Actors_01-24_16k\Actor_08\03-01-01-01-02-01-08.wav,3,1,1,neutral,1,2,1,8
03-01-01-01-02-02-08.wav,C:/Users/kenis/OneDrive/Desktop/RAVDESS\data\raw\Audio_Speech_Actors_01-24_16k (1) - Copy\Audio_Speech_Actors_01-24_16k\Actor_08\03-01-01-01-02-02-08.wav,3,1,1,neutral,1,2,2,8
03-01-02-01-01-01-08.wav,C:/Users/kenis/OneDrive/Desktop/RAVDESS\data\raw\Audio_Speech_Actors_01-24_16k (1) - Copy\Audio_Speech_Actors_01-24_16k\Actor_08\03-01-02-01-01-01-08.wav,3,1,2,calm,1,1,1,8
03-01-02-01-01-02-08.wav,C:/Users/kenis/OneDrive/Desktop/RAVDESS\data\raw\Audio_Speech_Actors_01-24_16k (1) - Copy\Audio_Speech_Actors_01-24_16k\Actor_08\03-01-02-01-01-02-08.wav,3,1,2,calm,1,1,2,8
03-01-02-01-02-01-08.wav,C:/Users/kenis/OneDrive/Desktop/RAVDESS\data\raw\Audio_Speech_Actors_01-24_16k (1) - Copy\Audio_Speech_Actors_01-24_16k\Actor_08\03-01-02-01-02-01-08.wav,3,1,2,calm,1,2,1,8
03-01-02-01-02-02-08.wav,C:/Users/kenis/OneDrive/Desktop/RAVDESS\data\raw\Audio_Speech_Actors_01-24_16k (1) - Copy\Audio_Speech_Actors_01-24_16k\Actor_08\03-01-02-01-02-02-08.wav,3,1,2,calm,1,2,2,8
03-01-02-02-01-01-08.wav,C:/Users/kenis/OneDrive/Desktop/RAVDESS\data\raw\Audio_Speech_Actors_01-24_16k (1) - Copy\Audio_Speech_Actors_01-24_16k\Actor_08\03-01-02-02-01-01-08.wav,3,1,2,calm,2,1,1,8
03-01-02-02-01-02-08.wav,C:/Users/kenis/OneDrive/Desktop/RAVDESS\data\raw\Audio_Speech_Actors_01-24_16k (1) - Copy\Audio_Speech_Actors_01-24_16k\Actor_08\03-01-02-02-01-02-08.wav,3,1,2,calm,2,1,2,8
03-01-02-02-02-01-08.wav,C:/Users/kenis/OneDrive/Desktop/RAVDESS\data\raw\Audio_Speech_Actors_01-24_16k (1) - Copy\Audio_Speech_Actors_01-24_16k\Actor_08\03-01-02-02-02-01-08.wav,3,1,2,calm,2,2,1,8
03-01-02-02-02-02-08.wav,C:/Users/kenis/OneDrive/Desktop/RAVDESS\data\raw\Audio_Speech_Actors_01-24_16k (1) - Copy\Audio_Speech_Actors_01-24_16k\Actor_08\03-01-02-02-02-02-08.wav,3,1,2,calm,2,2,2,8
03-01-03-01-01-01-08.wav,C:/Users/kenis/OneDrive/Desktop/RAVDESS\data\raw\Audio_Speech_Actors_01-24_16k (1) - Copy\Audio_Speech_Actors_01-24_16k\Actor_08\03-01-03-01-01-01-08.wav,3,1,3,happy,1,1,1,8
03-01-03-01-01-02-08.wav,C:/Users/kenis/OneDrive/Desktop/RAVDESS\data\raw\Audio_Speech_Actors_01-24_16k (1) - Copy\Audio_Speech_Actors_01-24_16k\Actor_08\03-01-03-01-01-02-08.wav,3,1,3,happy,1,1,2,8
03-01-03-01-02-01-08.wav,C:/Users/kenis/OneDrive/Desktop/RAVDESS\data\raw\Audio_Speech_Actors_01-24_16k (1) - Copy\Audio_Speech_Actors_01-24_16k\Actor_08\03-01-03-01-02-01-08.wav,3,1,3,happy,1,2,1,8
03-01-03-01-02-02-08.wav,C:/Users/kenis/OneDrive/Desktop/RAVDESS\data\raw\Audio_Speech_Actors_01-24_16k (1) - Copy\Audio_Speech_Actors_01-24_16k\Actor_08\03-01-03-01-02-02-08.wav,3,1,3,happy,1,2,2,8
03-01-03-02-01-01-08.wav,C:/Users/kenis/OneDrive/Desktop/RAVDESS\data\raw\Audio_Speech_Actors_01-24_16k (1) - Copy\Audio_Speech_Actors_01-24_16k\Actor_08\03-01-03-02-01-01-08.wav,3,1,3,happy,2,1,1,8
03-01-03-02-01-02-08.wav,C:/Users/kenis/OneDrive/Desktop/RAVDESS\data\raw\Audio_Speech_Actors_01-24_16k (1) - Copy\Audio_Speech_Actors_01-24_16k\Actor_08\03-01-03-02-01-02-08.wav,3,1,3,happy,2,1,2,8
03-01-03-02-02-01-08.wav,C:/Users/kenis/OneDrive/Desktop/RAVDESS\data\raw\Audio_Speech_Actors_01-24_16k (1) - Copy\Audio_Speech_Actors_01-24_16k\Actor_08\03-01-03-02-02-01-08.wav,3,1,3,happy,2,2,1,8
03-01-03-02-02-02-08.wav,C:/Users/kenis/OneDrive/Desktop/RAVDESS\data\raw\Audio_Speech_Actors_01-24_16k (1) - Copy\Audio_Speech_Actors_01-24_16k\Actor_08\03-01-03-02-02-02-08.wav,3,1,3,happy,2,2,2,8
03-01-04-01-01-01-08.wav,C:/Users/kenis/OneDrive/Desktop/RAVDESS\data\raw\Audio_Speech_Actors_01-24_16k (1) - Copy\Audio_Speech_Actors_01-24_16k\Actor_08\03-01-04-01-01-01-08.wav,3,1,4,sad,1,1,1,8
03-01-04-01-01-02-08.wav,C:/Users/kenis/OneDrive/Desktop/RAVDESS\data\raw\Audio_Speech_Actors_01-24_16k (1) - Copy\Audio_Speech_Actors_01-24_16k\Actor_08\03-01-04-01-01-02-08.wav,3,1,4,sad,1,1,2,8
03-01-04-01-02-01-08.wav,C:/Users/kenis/OneDrive/Desktop/RAVDESS\data\raw\Audio_Speech_Actors_01-24_16k (1) - Copy\Audio_Speech_Actors_01-24_16k\Actor_08\03-01-04-01-02-01-08.wav,3,1,4,sad,1,2,1,8
03-01-04-01-02-02-08.wav,C:/Users/kenis/OneDrive/Desktop/RAVDESS\data\raw\Audio_Speech_Actors_01-24_16k (1) - Copy\Audio_Speech_Actors_01-24_16k\Actor_08\03-01-04-01-02-02-08.wav,3,1,4,sad,1,2,2,8
03-01-04-02-01-01-08.wav,C:/Users/kenis/OneDrive/Desktop/RAVDESS\data\raw\Audio_Speech_Actors_01-24_16k (1) - Copy\Audio_Speech_Actors_01-24_16k\Actor_08\03-01-04-02-01-01-08.wav,3,1,4,sad,2,1,1,8
03-01-04-02-01-02-08.wav,C:/Users/kenis/OneDrive/Desktop/RAVDESS\data\raw\Audio_Speech_Actors_01-24_16k (1) - Copy\Audio_Speech_Actors_01-24_16k\Actor_08\03-01-04-02-01-02-08.wav,3,1,4,sad,2,1,2,8
03-01-04-02-02-01-08.wav,C:/Users/kenis/OneDrive/Desktop/RAVDESS\data\raw\Audio_Speech_Actors_01-24_16k (1) - Copy\Audio_Speech_Actors_01-24_16k\Actor_08\03-01-04-02-02-01-08.wav,3,1,4,sad,2,2,1,8
03-01-04-02-02-02-08.wav,C:/Users/kenis/OneDrive/Desktop/RAVDESS\data\raw\Audio_Speech_Actors_01-24_16k (1) - Copy\Audio_Speech_Actors_01-24_16k\Actor_08\03-01-04-02-02-02-08.wav,3,1,4,sad,2,2,2,8
03-01-05-01-01-01-08.wav,C:/Users/kenis/OneDrive/Desktop/RAVDESS\data\raw\Audio_Speech_Actors_01-24_16k (1) - Copy\Audio_Speech_Actors_01-24_16k\Actor_08\03-01-05-01-01-01-08.wav,3,1,5,angry,1,1,1,8
03-01-05-01-01-02-08.wav,C:/Users/kenis/OneDrive/Desktop/RAVDESS\data\raw\Audio_Speech_Actors_01-24_16k (1) - Copy\Audio_Speech_Actors_01-24_16k\Actor_08\03-01-05-01-01-02-08.wav,3,1,5,angry,1,1,2,8
03-01-05-01-02-01-08.wav,C:/Users/kenis/OneDrive/Desktop/RAVDESS\data\raw\Audio_Speech_Actors_01-24_16k (1) - Copy\Audio_Speech_Actors_01-24_16k\Actor_08\03-01-05-01-02-01-08.wav,3,1,5,angry,1,2,1,8
03-01-05-01-02-02-08.wav,C:/Users/kenis/OneDrive/Desktop/RAVDESS\data\raw\Audio_Speech_Actors_01-24_16k (1) - Copy\Audio_Speech_Actors_01-24_16k\Actor_08\03-01-05-01-02-02-08.wav,3,1,5,angry,1,2,2,8
03-01-05-02-01-01-08.wav,C:/Users/kenis/OneDrive/Desktop/RAVDESS\data\raw\Audio_Speech_Actors_01-24_16k (1) - Copy\Audio_Speech_Actors_01-24_16k\Actor_08\03-01-05-02-01-01-08.wav,3,1,5,angry,2,1,1,8
03-01-05-02-01-02-08.wav,C:/Users/kenis/OneDrive/Desktop/RAVDESS\data\raw\Audio_Speech_Actors_01-24_16k (1) - Copy\Audio_Speech_Actors_01-24_16k\Actor_08\03-01-05-02-01-02-08.wav,3,1,5,angry,2,1,2,8
03-01-05-02-02-01-08.wav,C:/Users/kenis/OneDrive/Desktop/RAVDESS\data\raw\Audio_Speech_Actors_01-24_16k (1) - Copy\Audio_Speech_Actors_01-24_16k\Actor_08\03-01-05-02-02-01-08.wav,3,1,5,angry,2,2,1,8
03-01-05-02-02-02-08.wav,C:/Users/kenis/OneDrive/Desktop/RAVDESS\data\raw\Audio_Speech_Actors_01-24_16k (1) - Copy\Audio_Speech_Actors_01-24_16k\Actor_08\03-01-05-02-02-02-08.wav,3,1,5,angry,2,2,2,8
03-01-06-01-01-01-08.wav,C:/Users/kenis/OneDrive/Desktop/RAVDESS\data\raw\Audio_Speech_Actors_01-24_16k (1) - Copy\Audio_Speech_Actors_01-24_16k\Actor_08\03-01-06-01-01-01-08.wav,3,1,6,fearful,1,1,1,8
03-01-06-01-01-02-08.wav,C:/Users/kenis/OneDrive/Desktop/RAVDESS\data\raw\Audio_Speech_Actors_01-24_16k (1) - Copy\Audio_Speech_Actors_01-24_16k\Actor_08\03-01-06-01-01-02-08.wav,3,1,6,fearful,1,1,2,8
03-01-06-01-02-01-08.wav,C:/Users/kenis/OneDrive/Desktop/RAVDESS\data\raw\Audio_Speech_Actors_01-24_16k (1) - Copy\Audio_Speech_Actors_01-24_16k\Actor_08\03-01-06-01-02-01-08.wav,3,1,6,fearful,1,2,1,8
03-01-06-01-02-02-08.wav,C:/Users/kenis/OneDrive/Desktop/RAVDESS\data\raw\Audio_Speech_Actors_01-24_16k (1) - Copy\Audio_Speech_Actors_01-24_16k\Actor_08\03-01-06-01-02-02-08.wav,3,1,6,fearful,1,2,2,8
03-01-06-02-01-01-08.wav,C:/Users/kenis/OneDrive/Desktop/RAVDESS\data\raw\Audio_Speech_Actors_01-24_16k (1) - Copy\Audio_Speech_Actors_01-24_16k\Actor_08\03-01-06-02-01-01-08.wav,3,1,6,fearful,2,1,1,8
03-01-06-02-01-02-08.wav,C:/Users/kenis/OneDrive/Desktop/RAVDESS\data\raw\Audio_Speech_Actors_01-24_16k (1) - Copy\Audio_Speech_Actors_01-24_16k\Actor_08\03-01-06-02-01-02-08.wav,3,1,6,fearful,2,1,2,8
03-01-06-02-02-01-08.wav,C:/Users/kenis/OneDrive/Desktop/RAVDESS\data\raw\Audio_Speech_Actors_01-24_16k (1) - Copy\Audio_Speech_Actors_01-24_16k\Actor_08\03-01-06-02-02-01-08.wav,3,1,6,fearful,2,2,1,8
03-01-06-02-02-02-08.wav,C:/Users/kenis/OneDrive/Desktop/RAVDESS\data\raw\Audio_Speech_Actors_01-24_16k (1) - Copy\Audio_Speech_Actors_01-24_16k\Actor_08\03-01-06-02-02-02-08.wav,3,1,6,fearful,2,2,2,8
03-01-07-01-01-01-08.wav,C:/Users/kenis/OneDrive/Desktop/RAVDESS\data\raw\Audio_Speech_Actors_01-24_16k (1) - Copy\Audio_Speech_Actors_01-24_16k\Actor_08\03-01-07-01-01-01-08.wav,3,1,7,disgust,1,1,1,8
03-01-07-01-01-02-08.wav,C:/Users/kenis/OneDrive/Desktop/RAVDESS\data\raw\Audio_Speech_Actors_01-24_16k (1) - Copy\Audio_Speech_Actors_01-24_16k\Actor_08\03-01-07-01-01-02-08.wav,3,1,7,disgust,1,1,2,8
03-01-07-01-02-01-08.wav,C:/Users/kenis/OneDrive/Desktop/RAVDESS\data\raw\Audio_Speech_Actors_01-24_16k (1) - Copy\Audio_Speech_Actors_01-24_16k\Actor_08\03-01-07-01-02-01-08.wav,3,1,7,disgust,1,2,1,8
03-01-07-01-02-02-08.wav,C:/Users/kenis/OneDrive/Desktop/RAVDESS\data\raw\Audio_Speech_Actors_01-24_16k (1) - Copy\Audio_Speech_Actors_01-24_16k\Actor_08\03-01-07-01-02-02-08.wav,3,1,7,disgust,1,2,2,8
03-01-07-02-01-01-08.wav,C:/Users/kenis/OneDrive/Desktop/RAVDESS\data\raw\Audio_Speech_Actors_01-24_16k (1) - Copy\Audio_Speech_Actors_01-24_16k\Actor_08\03-01-07-02-01-01-08.wav,3,1,7,disgust,2,1,1,8
03-01-07-02-01-02-08.wav,C:/Users/kenis/OneDrive/Desktop/RAVDESS\data\raw\Audio_Speech_Actors_01-24_16k (1) - Copy\Audio_Speech_Actors_01-24_16k\Actor_08\03-01-07-02-01-02-08.wav,3,1,7,disgust,2,1,2,8
03-01-07-02-02-01-08.wav,C:/Users/kenis/OneDrive/Desktop/RAVDESS\data\raw\Audio_Speech_Actors_01-24_16k (1) - Copy\Audio_Speech_Actors_01-24_16k\Actor_08\03-01-07-02-02-01-08.wav,3,1,7,disgust,2,2,1,8
03-01-07-02-02-02-08.wav,C:/Users/kenis/OneDrive/Desktop/RAVDESS\data\raw\Audio_Speech_Actors_01-24_16k (1) - Copy\Audio_Speech_Actors_01-24_16k\Actor_08\03-01-07-02-02-02-08.wav,3,1,7,disgust,2,2,2,8
03-01-08-01-01-01-08.wav,C:/Users/kenis/OneDrive/Desktop/RAVDESS\data\raw\Audio_Speech_Actors_01-24_16k (1) - Copy\Audio_Speech_Actors_01-24_16k\Actor_08\03-01-08-01-01-01-08.wav,3,1,8,surprised,1,1,1,8
03-01-08-01-01-02-08.wav,C:/Users/kenis/OneDrive/Desktop/RAVDESS\data\raw\Audio_Speech_Actors_01-24_16k (1) - Copy\Audio_Speech_Actors_01-24_16k\Actor_08\03-01-08-01-01-02-08.wav,3,1,8,surprised,1,1,2,8
03-01-08-01-02-01-08.wav,C:/Users/kenis/OneDrive/Desktop/RAVDESS\data\raw\Audio_Speech_Actors_01-24_16k (1) - Copy\Audio_Speech_Actors_01-24_16k\Actor_08\03-01-08-01-02-01-08.wav,3,1,8,surprised,1,2,1,8
03-01-08-01-02-02-08.wav,C:/Users/kenis/OneDrive/Desktop/RAVDESS\data\raw\Audio_Speech_Actors_01-24_16k (1) - Copy\Audio_Speech_Actors_01-24_16k\Actor_08\03-01-08-01-02-02-08.wav,3,1,8,surprised,1,2,2,8
03-01-08-02-01-01-08.wav,C:/Users/kenis/OneDrive/Desktop/RAVDESS\data\raw\Audio_Speech_Actors_01-24_16k (1) - Copy\Audio_Speech_Actors_01-24_16k\Actor_08\03-01-08-02-01-01-08.wav,3,1,8,surprised,2,1,1,8
03-01-08-02-01-02-08.wav,C:/Users/kenis/OneDrive/Desktop/RAVDESS\data\raw\Audio_Speech_Actors_01-24_16k (1) - Copy\Audio_Speech_Actors_01-24_16k\Actor_08\03-01-08-02-01-02-08.wav,3,1,8,surprised,2,1,2,8
03-01-08-02-02-01-08.wav,C:/Users/kenis/OneDrive/Desktop/RAVDESS\data\raw\Audio_Speech_Actors_01-24_16k (1) - Copy\Audio_Speech_Actors_01-24_16k\Actor_08\03-01-08-02-02-01-08.wav,3,1,8,surprised,2,2,1,8
03-01-08-02-02-02-08.wav,C:/Users/kenis/OneDrive/Desktop/RAVDESS\data\raw\Audio_Speech_Actors_01-24_16k (1) - Copy\Audio_Speech_Actors_01-24_16k\Actor_08\03-01-08-02-02-02-08.wav,3,1,8,surprised,2,2,2,8
03-01-01-01-01-01-09.wav,C:/Users/kenis/OneDrive/Desktop/RAVDESS\data\raw\Audio_Speech_Actors_01-24_16k (1) - Copy\Audio_Speech_Actors_01-24_16k\Actor_09\03-01-01-01-01-01-09.wav,3,1,1,neutral,1,1,1,9
03-01-01-01-01-02-09.wav,C:/Users/kenis/OneDrive/Desktop/RAVDESS\data\raw\Audio_Speech_Actors_01-24_16k (1) - Copy\Audio_Speech_Actors_01-24_16k\Actor_09\03-01-01-01-01-02-09.wav,3,1,1,neutral,1,1,2,9
03-01-01-01-02-01-09.wav,C:/Users/kenis/OneDrive/Desktop/RAVDESS\data\raw\Audio_Speech_Actors_01-24_16k (1) - Copy\Audio_Speech_Actors_01-24_16k\Actor_09\03-01-01-01-02-01-09.wav,3,1,1,neutral,1,2,1,9
03-01-01-01-02-02-09.wav,C:/Users/kenis/OneDrive/Desktop/RAVDESS\data\raw\Audio_Speech_Actors_01-24_16k (1) - Copy\Audio_Speech_Actors_01-24_16k\Actor_09\03-01-01-01-02-02-09.wav,3,1,1,neutral,1,2,2,9
03-01-02-01-01-01-09.wav,C:/Users/kenis/OneDrive/Desktop/RAVDESS\data\raw\Audio_Speech_Actors_01-24_16k (1) - Copy\Audio_Speech_Actors_01-24_16k\Actor_09\03-01-02-01-01-01-09.wav,3,1,2,calm,1,1,1,9
03-01-02-01-01-02-09.wav,C:/Users/kenis/OneDrive/Desktop/RAVDESS\data\raw\Audio_Speech_Actors_01-24_16k (1) - Copy\Audio_Speech_Actors_01-24_16k\Actor_09\03-01-02-01-01-02-09.wav,3,1,2,calm,1,1,2,9
03-01-02-01-02-01-09.wav,C:/Users/kenis/OneDrive/Desktop/RAVDESS\data\raw\Audio_Speech_Actors_01-24_16k (1) - Copy\Audio_Speech_Actors_01-24_16k\Actor_09\03-01-02-01-02-01-09.wav,3,1,2,calm,1,2,1,9
03-01-02-01-02-02-09.wav,C:/Users/kenis/OneDrive/Desktop/RAVDESS\data\raw\Audio_Speech_Actors_01-24_16k (1) - Copy\Audio_Speech_Actors_01-24_16k\Actor_09\03-01-02-01-02-02-09.wav,3,1,2,calm,1,2,2,9
03-01-02-02-01-01-09.wav,C:/Users/kenis/OneDrive/Desktop/RAVDESS\data\raw\Audio_Speech_Actors_01-24_16k (1) - Copy\Audio_Speech_Actors_01-24_16k\Actor_09\03-01-02-02-01-01-09.wav,3,1,2,calm,2,1,1,9
03-01-02-02-01-02-09.wav,C:/Users/kenis/OneDrive/Desktop/RAVDESS\data\raw\Audio_Speech_Actors_01-24_16k (1) - Copy\Audio_Speech_Actors_01-24_16k\Actor_09\03-01-02-02-01-02-09.wav,3,1,2,calm,2,1,2,9
03-01-02-02-02-01-09.wav,C:/Users/kenis/OneDrive/Desktop/RAVDESS\data\raw\Audio_Speech_Actors_01-24_16k (1) - Copy\Audio_Speech_Actors_01-24_16k\Actor_09\03-01-02-02-02-01-09.wav,3,1,2,calm,2,2,1,9
03-01-02-02-02-02-09.wav,C:/Users/kenis/OneDrive/Desktop/RAVDESS\data\raw\Audio_Speech_Actors_01-24_16k (1) - Copy\Audio_Speech_Actors_01-24_16k\Actor_09\03-01-02-02-02-02-09.wav,3,1,2,calm,2,2,2,9
03-01-03-01-01-01-09.wav,C:/Users/kenis/OneDrive/Desktop/RAVDESS\data\raw\Audio_Speech_Actors_01-24_16k (1) - Copy\Audio_Speech_Actors_01-24_16k\Actor_09\03-01-03-01-01-01-09.wav,3,1,3,happy,1,1,1,9
03-01-03-01-01-02-09.wav,C:/Users/kenis/OneDrive/Desktop/RAVDESS\data\raw\Audio_Speech_Actors_01-24_16k (1) - Copy\Audio_Speech_Actors_01-24_16k\Actor_09\03-01-03-01-01-02-09.wav,3,1,3,happy,1,1,2,9
03-01-03-01-02-01-09.wav,C:/Users/kenis/OneDrive/Desktop/RAVDESS\data\raw\Audio_Speech_Actors_01-24_16k (1) - Copy\Audio_Speech_Actors_01-24_16k\Actor_09\03-01-03-01-02-01-09.wav,3,1,3,happy,1,2,1,9
03-01-03-01-02-02-09.wav,C:/Users/kenis/OneDrive/Desktop/RAVDESS\data\raw\Audio_Speech_Actors_01-24_16k (1) - Copy\Audio_Speech_Actors_01-24_16k\Actor_09\03-01-03-01-02-02-09.wav,3,1,3,happy,1,2,2,9
03-01-03-02-01-01-09.wav,C:/Users/kenis/OneDrive/Desktop/RAVDESS\data\raw\Audio_Speech_Actors_01-24_16k (1) - Copy\Audio_Speech_Actors_01-24_16k\Actor_09\03-01-03-02-01-01-09.wav,3,1,3,happy,2,1,1,9
03-01-03-02-01-02-09.wav,C:/Users/kenis/OneDrive/Desktop/RAVDESS\data\raw\Audio_Speech_Actors_01-24_16k (1) - Copy\Audio_Speech_Actors_01-24_16k\Actor_09\03-01-03-02-01-02-09.wav,3,1,3,happy,2,1,2,9
03-01-03-02-02-01-09.wav,C:/Users/kenis/OneDrive/Desktop/RAVDESS\data\raw\Audio_Speech_Actors_01-24_16k (1) - Copy\Audio_Speech_Actors_01-24_16k\Actor_09\03-01-03-02-02-01-09.wav,3,1,3,happy,2,2,1,9
03-01-03-02-02-02-09.wav,C:/Users/kenis/OneDrive/Desktop/RAVDESS\data\raw\Audio_Speech_Actors_01-24_16k (1) - Copy\Audio_Speech_Actors_01-24_16k\Actor_09\03-01-03-02-02-02-09.wav,3,1,3,happy,2,2,2,9
03-01-04-01-01-01-09.wav,C:/Users/kenis/OneDrive/Desktop/RAVDESS\data\raw\Audio_Speech_Actors_01-24_16k (1) - Copy\Audio_Speech_Actors_01-24_16k\Actor_09\03-01-04-01-01-01-09.wav,3,1,4,sad,1,1,1,9
03-01-04-01-01-02-09.wav,C:/Users/kenis/OneDrive/Desktop/RAVDESS\data\raw\Audio_Speech_Actors_01-24_16k (1) - Copy\Audio_Speech_Actors_01-24_16k\Actor_09\03-01-04-01-01-02-09.wav,3,1,4,sad,1,1,2,9
03-01-04-01-02-01-09.wav,C:/Users/kenis/OneDrive/Desktop/RAVDESS\data\raw\Audio_Speech_Actors_01-24_16k (1) - Copy\Audio_Speech_Actors_01-24_16k\Actor_09\03-01-04-01-02-01-09.wav,3,1,4,sad,1,2,1,9
03-01-04-01-02-02-09.wav,C:/Users/kenis/OneDrive/Desktop/RAVDESS\data\raw\Audio_Speech_Actors_01-24_16k (1) - Copy\Audio_Speech_Actors_01-24_16k\Actor_09\03-01-04-01-02-02-09.wav,3,1,4,sad,1,2,2,9
03-01-04-02-01-01-09.wav,C:/Users/kenis/OneDrive/Desktop/RAVDESS\data\raw\Audio_Speech_Actors_01-24_16k (1) - Copy\Audio_Speech_Actors_01-24_16k\Actor_09\03-01-04-02-01-01-09.wav,3,1,4,sad,2,1,1,9
03-01-04-02-01-02-09.wav,C:/Users/kenis/OneDrive/Desktop/RAVDESS\data\raw\Audio_Speech_Actors_01-24_16k (1) - Copy\Audio_Speech_Actors_01-24_16k\Actor_09\03-01-04-02-01-02-09.wav,3,1,4,sad,2,1,2,9
03-01-04-02-02-01-09.wav,C:/Users/kenis/OneDrive/Desktop/RAVDESS\data\raw\Audio_Speech_Actors_01-24_16k (1) - Copy\Audio_Speech_Actors_01-24_16k\Actor_09\03-01-04-02-02-01-09.wav,3,1,4,sad,2,2,1,9
03-01-04-02-02-02-09.wav,C:/Users/kenis/OneDrive/Desktop/RAVDESS\data\raw\Audio_Speech_Actors_01-24_16k (1) - Copy\Audio_Speech_Actors_01-24_16k\Actor_09\03-01-04-02-02-02-09.wav,3,1,4,sad,2,2,2,9
03-01-05-01-01-01-09.wav,C:/Users/kenis/OneDrive/Desktop/RAVDESS\data\raw\Audio_Speech_Actors_01-24_16k (1) - Copy\Audio_Speech_Actors_01-24_16k\Actor_09\03-01-05-01-01-01-09.wav,3,1,5,angry,1,1,1,9
03-01-05-01-01-02-09.wav,C:/Users/kenis/OneDrive/Desktop/RAVDESS\data\raw\Audio_Speech_Actors_01-24_16k (1) - Copy\Audio_Speech_Actors_01-24_16k\Actor_09\03-01-05-01-01-02-09.wav,3,1,5,angry,1,1,2,9
03-01-05-01-02-01-09.wav,C:/Users/kenis/OneDrive/Desktop/RAVDESS\data\raw\Audio_Speech_Actors_01-24_16k (1) - Copy\Audio_Speech_Actors_01-24_16k\Actor_09\03-01-05-01-02-01-09.wav,3,1,5,angry,1,2,1,9
03-01-05-01-02-02-09.wav,C:/Users/kenis/OneDrive/Desktop/RAVDESS\data\raw\Audio_Speech_Actors_01-24_16k (1) - Copy\Audio_Speech_Actors_01-24_16k\Actor_09\03-01-05-01-02-02-09.wav,3,1,5,angry,1,2,2,9
03-01-05-02-01-01-09.wav,C:/Users/kenis/OneDrive/Desktop/RAVDESS\data\raw\Audio_Speech_Actors_01-24_16k (1) - Copy\Audio_Speech_Actors_01-24_16k\Actor_09\03-01-05-02-01-01-09.wav,3,1,5,angry,2,1,1,9
03-01-05-02-01-02-09.wav,C:/Users/kenis/OneDrive/Desktop/RAVDESS\data\raw\Audio_Speech_Actors_01-24_16k (1) - Copy\Audio_Speech_Actors_01-24_16k\Actor_09\03-01-05-02-01-02-09.wav,3,1,5,angry,2,1,2,9
03-01-05-02-02-01-09.wav,C:/Users/kenis/OneDrive/Desktop/RAVDESS\data\raw\Audio_Speech_Actors_01-24_16k (1) - Copy\Audio_Speech_Actors_01-24_16k\Actor_09\03-01-05-02-02-01-09.wav,3,1,5,angry,2,2,1,9
03-01-05-02-02-02-09.wav,C:/Users/kenis/OneDrive/Desktop/RAVDESS\data\raw\Audio_Speech_Actors_01-24_16k (1) - Copy\Audio_Speech_Actors_01-24_16k\Actor_09\03-01-05-02-02-02-09.wav,3,1,5,angry,2,2,2,9
03-01-06-01-01-01-09.wav,C:/Users/kenis/OneDrive/Desktop/RAVDESS\data\raw\Audio_Speech_Actors_01-24_16k (1) - Copy\Audio_Speech_Actors_01-24_16k\Actor_09\03-01-06-01-01-01-09.wav,3,1,6,fearful,1,1,1,9
03-01-06-01-01-02-09.wav,C:/Users/kenis/OneDrive/Desktop/RAVDESS\data\raw\Audio_Speech_Actors_01-24_16k (1) - Copy\Audio_Speech_Actors_01-24_16k\Actor_09\03-01-06-01-01-02-09.wav,3,1,6,fearful,1,1,2,9
03-01-06-01-02-01-09.wav,C:/Users/kenis/OneDrive/Desktop/RAVDESS\data\raw\Audio_Speech_Actors_01-24_16k (1) - Copy\Audio_Speech_Actors_01-24_16k\Actor_09\03-01-06-01-02-01-09.wav,3,1,6,fearful,1,2,1,9
03-01-06-01-02-02-09.wav,C:/Users/kenis/OneDrive/Desktop/RAVDESS\data\raw\Audio_Speech_Actors_01-24_16k (1) - Copy\Audio_Speech_Actors_01-24_16k\Actor_09\03-01-06-01-02-02-09.wav,3,1,6,fearful,1,2,2,9
03-01-06-02-01-01-09.wav,C:/Users/kenis/OneDrive/Desktop/RAVDESS\data\raw\Audio_Speech_Actors_01-24_16k (1) - Copy\Audio_Speech_Actors_01-24_16k\Actor_09\03-01-06-02-01-01-09.wav,3,1,6,fearful,2,1,1,9
03-01-06-02-01-02-09.wav,C:/Users/kenis/OneDrive/Desktop/RAVDESS\data\raw\Audio_Speech_Actors_01-24_16k (1) - Copy\Audio_Speech_Actors_01-24_16k\Actor_09\03-01-06-02-01-02-09.wav,3,1,6,fearful,2,1,2,9
03-01-06-02-02-01-09.wav,C:/Users/kenis/OneDrive/Desktop/RAVDESS\data\raw\Audio_Speech_Actors_01-24_16k (1) - Copy\Audio_Speech_Actors_01-24_16k\Actor_09\03-01-06-02-02-01-09.wav,3,1,6,fearful,2,2,1,9
03-01-06-02-02-02-09.wav,C:/Users/kenis/OneDrive/Desktop/RAVDESS\data\raw\Audio_Speech_Actors_01-24_16k (1) - Copy\Audio_Speech_Actors_01-24_16k\Actor_09\03-01-06-02-02-02-09.wav,3,1,6,fearful,2,2,2,9
03-01-07-01-01-01-09.wav,C:/Users/kenis/OneDrive/Desktop/RAVDESS\data\raw\Audio_Speech_Actors_01-24_16k (1) - Copy\Audio_Speech_Actors_01-24_16k\Actor_09\03-01-07-01-01-01-09.wav,3,1,7,disgust,1,1,1,9
03-01-07-01-01-02-09.wav,C:/Users/kenis/OneDrive/Desktop/RAVDESS\data\raw\Audio_Speech_Actors_01-24_16k (1) - Copy\Audio_Speech_Actors_01-24_16k\Actor_09\03-01-07-01-01-02-09.wav,3,1,7,disgust,1,1,2,9
03-01-07-01-02-01-09.wav,C:/Users/kenis/OneDrive/Desktop/RAVDESS\data\raw\Audio_Speech_Actors_01-24_16k (1) - Copy\Audio_Speech_Actors_01-24_16k\Actor_09\03-01-07-01-02-01-09.wav,3,1,7,disgust,1,2,1,9
03-01-07-01-02-02-09.wav,C:/Users/kenis/OneDrive/Desktop/RAVDESS\data\raw\Audio_Speech_Actors_01-24_16k (1) - Copy\Audio_Speech_Actors_01-24_16k\Actor_09\03-01-07-01-02-02-09.wav,3,1,7,disgust,1,2,2,9
03-01-07-02-01-01-09.wav,C:/Users/kenis/OneDrive/Desktop/RAVDESS\data\raw\Audio_Speech_Actors_01-24_16k (1) - Copy\Audio_Speech_Actors_01-24_16k\Actor_09\03-01-07-02-01-01-09.wav,3,1,7,disgust,2,1,1,9
03-01-07-02-01-02-09.wav,C:/Users/kenis/OneDrive/Desktop/RAVDESS\data\raw\Audio_Speech_Actors_01-24_16k (1) - Copy\Audio_Speech_Actors_01-24_16k\Actor_09\03-01-07-02-01-02-09.wav,3,1,7,disgust,2,1,2,9
03-01-07-02-02-01-09.wav,C:/Users/kenis/OneDrive/Desktop/RAVDESS\data\raw\Audio_Speech_Actors_01-24_16k (1) - Copy\Audio_Speech_Actors_01-24_16k\Actor_09\03-01-07-02-02-01-09.wav,3,1,7,disgust,2,2,1,9
03-01-07-02-02-02-09.wav,C:/Users/kenis/OneDrive/Desktop/RAVDESS\data\raw\Audio_Speech_Actors_01-24_16k (1) - Copy\Audio_Speech_Actors_01-24_16k\Actor_09\03-01-07-02-02-02-09.wav,3,1,7,disgust,2,2,2,9
03-01-08-01-01-01-09.wav,C:/Users/kenis/OneDrive/Desktop/RAVDESS\data\raw\Audio_Speech_Actors_01-24_16k (1) - Copy\Audio_Speech_Actors_01-24_16k\Actor_09\03-01-08-01-01-01-09.wav,3,1,8,surprised,1,1,1,9
03-01-08-01-01-02-09.wav,C:/Users/kenis/OneDrive/Desktop/RAVDESS\data\raw\Audio_Speech_Actors_01-24_16k (1) - Copy\Audio_Speech_Actors_01-24_16k\Actor_09\03-01-08-01-01-02-09.wav,3,1,8,surprised,1,1,2,9
03-01-08-01-02-01-09.wav,C:/Users/kenis/OneDrive/Desktop/RAVDESS\data\raw\Audio_Speech_Actors_01-24_16k (1) - Copy\Audio_Speech_Actors_01-24_16k\Actor_09\03-01-08-01-02-01-09.wav,3,1,8,surprised,1,2,1,9
03-01-08-01-02-02-09.wav,C:/Users/kenis/OneDrive/Desktop/RAVDESS\data\raw\Audio_Speech_Actors_01-24_16k (1) - Copy\Audio_Speech_Actors_01-24_16k\Actor_09\03-01-08-01-02-02-09.wav,3,1,8,surprised,1,2,2,9
03-01-08-02-01-01-09.wav,C:/Users/kenis/OneDrive/Desktop/RAVDESS\data\raw\Audio_Speech_Actors_01-24_16k (1) - Copy\Audio_Speech_Actors_01-24_16k\Actor_09\03-01-08-02-01-01-09.wav,3,1,8,surprised,2,1,1,9
03-01-08-02-01-02-09.wav,C:/Users/kenis/OneDrive/Desktop/RAVDESS\data\raw\Audio_Speech_Actors_01-24_16k (1) - Copy\Audio_Speech_Actors_01-24_16k\Actor_09\03-01-08-02-01-02-09.wav,3,1,8,surprised,2,1,2,9
03-01-08-02-02-01-09.wav,C:/Users/kenis/OneDrive/Desktop/RAVDESS\data\raw\Audio_Speech_Actors_01-24_16k (1) - Copy\Audio_Speech_Actors_01-24_16k\Actor_09\03-01-08-02-02-01-09.wav,3,1,8,surprised,2,2,1,9
03-01-08-02-02-02-09.wav,C:/Users/kenis/OneDrive/Desktop/RAVDESS\data\raw\Audio_Speech_Actors_01-24_16k (1) - Copy\Audio_Speech_Actors_01-24_16k\Actor_09\03-01-08-02-02-02-09.wav,3,1,8,surprised,2,2,2,9
03-01-01-01-01-01-10.wav,C:/Users/kenis/OneDrive/Desktop/RAVDESS\data\raw\Audio_Speech_Actors_01-24_16k (1) - Copy\Audio_Speech_Actors_01-24_16k\Actor_10\03-01-01-01-01-01-10.wav,3,1,1,neutral,1,1,1,10
03-01-01-01-01-02-10.wav,C:/Users/kenis/OneDrive/Desktop/RAVDESS\data\raw\Audio_Speech_Actors_01-24_16k (1) - Copy\Audio_Speech_Actors_01-24_16k\Actor_10\03-01-01-01-01-02-10.wav,3,1,1,neutral,1,1,2,10
03-01-01-01-02-01-10.wav,C:/Users/kenis/OneDrive/Desktop/RAVDESS\data\raw\Audio_Speech_Actors_01-24_16k (1) - Copy\Audio_Speech_Actors_01-24_16k\Actor_10\03-01-01-01-02-01-10.wav,3,1,1,neutral,1,2,1,10
03-01-01-01-02-02-10.wav,C:/Users/kenis/OneDrive/Desktop/RAVDESS\data\raw\Audio_Speech_Actors_01-24_16k (1) - Copy\Audio_Speech_Actors_01-24_16k\Actor_10\03-01-01-01-02-02-10.wav,3,1,1,neutral,1,2,2,10
03-01-02-01-01-01-10.wav,C:/Users/kenis/OneDrive/Desktop/RAVDESS\data\raw\Audio_Speech_Actors_01-24_16k (1) - Copy\Audio_Speech_Actors_01-24_16k\Actor_10\03-01-02-01-01-01-10.wav,3,1,2,calm,1,1,1,10
03-01-02-01-01-02-10.wav,C:/Users/kenis/OneDrive/Desktop/RAVDESS\data\raw\Audio_Speech_Actors_01-24_16k (1) - Copy\Audio_Speech_Actors_01-24_16k\Actor_10\03-01-02-01-01-02-10.wav,3,1,2,calm,1,1,2,10
03-01-02-01-02-01-10.wav,C:/Users/kenis/OneDrive/Desktop/RAVDESS\data\raw\Audio_Speech_Actors_01-24_16k (1) - Copy\Audio_Speech_Actors_01-24_16k\Actor_10\03-01-02-01-02-01-10.wav,3,1,2,calm,1,2,1,10
03-01-02-01-02-02-10.wav,C:/Users/kenis/OneDrive/Desktop/RAVDESS\data\raw\Audio_Speech_Actors_01-24_16k (1) - Copy\Audio_Speech_Actors_01-24_16k\Actor_10\03-01-02-01-02-02-10.wav,3,1,2,calm,1,2,2,10
03-01-02-02-01-01-10.wav,C:/Users/kenis/OneDrive/Desktop/RAVDESS\data\raw\Audio_Speech_Actors_01-24_16k (1) - Copy\Audio_Speech_Actors_01-24_16k\Actor_10\03-01-02-02-01-01-10.wav,3,1,2,calm,2,1,1,10
03-01-02-02-01-02-10.wav,C:/Users/kenis/OneDrive/Desktop/RAVDESS\data\raw\Audio_Speech_Actors_01-24_16k (1) - Copy\Audio_Speech_Actors_01-24_16k\Actor_10\03-01-02-02-01-02-10.wav,3,1,2,calm,2,1,2,10
03-01-02-02-02-01-10.wav,C:/Users/kenis/OneDrive/Desktop/RAVDESS\data\raw\Audio_Speech_Actors_01-24_16k (1) - Copy\Audio_Speech_Actors_01-24_16k\Actor_10\03-01-02-02-02-01-10.wav,3,1,2,calm,2,2,1,10
03-01-02-02-02-02-10.wav,C:/Users/kenis/OneDrive/Desktop/RAVDESS\data\raw\Audio_Speech_Actors_01-24_16k (1) - Copy\Audio_Speech_Actors_01-24_16k\Actor_10\03-01-02-02-02-02-10.wav,3,1,2,calm,2,2,2,10
03-01-03-01-01-01-10.wav,C:/Users/kenis/OneDrive/Desktop/RAVDESS\data\raw\Audio_Speech_Actors_01-24_16k (1) - Copy\Audio_Speech_Actors_01-24_16k\Actor_10\03-01-03-01-01-01-10.wav,3,1,3,happy,1,1,1,10
03-01-03-01-01-02-10.wav,C:/Users/kenis/OneDrive/Desktop/RAVDESS\data\raw\Audio_Speech_Actors_01-24_16k (1) - Copy\Audio_Speech_Actors_01-24_16k\Actor_10\03-01-03-01-01-02-10.wav,3,1,3,happy,1,1,2,10
03-01-03-01-02-01-10.wav,C:/Users/kenis/OneDrive/Desktop/RAVDESS\data\raw\Audio_Speech_Actors_01-24_16k (1) - Copy\Audio_Speech_Actors_01-24_16k\Actor_10\03-01-03-01-02-01-10.wav,3,1,3,happy,1,2,1,10
03-01-03-01-02-02-10.wav,C:/Users/kenis/OneDrive/Desktop/RAVDESS\data\raw\Audio_Speech_Actors_01-24_16k (1) - Copy\Audio_Speech_Actors_01-24_16k\Actor_10\03-01-03-01-02-02-10.wav,3,1,3,happy,1,2,2,10
03-01-03-02-01-01-10.wav,C:/Users/kenis/OneDrive/Desktop/RAVDESS\data\raw\Audio_Speech_Actors_01-24_16k (1) - Copy\Audio_Speech_Actors_01-24_16k\Actor_10\03-01-03-02-01-01-10.wav,3,1,3,happy,2,1,1,10
03-01-03-02-01-02-10.wav,C:/Users/kenis/OneDrive/Desktop/RAVDESS\data\raw\Audio_Speech_Actors_01-24_16k (1) - Copy\Audio_Speech_Actors_01-24_16k\Actor_10\03-01-03-02-01-02-10.wav,3,1,3,happy,2,1,2,10
03-01-03-02-02-01-10.wav,C:/Users/kenis/OneDrive/Desktop/RAVDESS\data\raw\Audio_Speech_Actors_01-24_16k (1) - Copy\Audio_Speech_Actors_01-24_16k\Actor_10\03-01-03-02-02-01-10.wav,3,1,3,happy,2,2,1,10
03-01-03-02-02-02-10.wav,C:/Users/kenis/OneDrive/Desktop/RAVDESS\data\raw\Audio_Speech_Actors_01-24_16k (1) - Copy\Audio_Speech_Actors_01-24_16k\Actor_10\03-01-03-02-02-02-10.wav,3,1,3,happy,2,2,2,10
03-01-04-01-01-01-10.wav,C:/Users/kenis/OneDrive/Desktop/RAVDESS\data\raw\Audio_Speech_Actors_01-24_16k (1) - Copy\Audio_Speech_Actors_01-24_16k\Actor_10\03-01-04-01-01-01-10.wav,3,1,4,sad,1,1,1,10
03-01-04-01-01-02-10.wav,C:/Users/kenis/OneDrive/Desktop/RAVDESS\data\raw\Audio_Speech_Actors_01-24_16k (1) - Copy\Audio_Speech_Actors_01-24_16k\Actor_10\03-01-04-01-01-02-10.wav,3,1,4,sad,1,1,2,10
03-01-04-01-02-01-10.wav,C:/Users/kenis/OneDrive/Desktop/RAVDESS\data\raw\Audio_Speech_Actors_01-24_16k (1) - Copy\Audio_Speech_Actors_01-24_16k\Actor_10\03-01-04-01-02-01-10.wav,3,1,4,sad,1,2,1,10
03-01-04-01-02-02-10.wav,C:/Users/kenis/OneDrive/Desktop/RAVDESS\data\raw\Audio_Speech_Actors_01-24_16k (1) - Copy\Audio_Speech_Actors_01-24_16k\Actor_10\03-01-04-01-02-02-10.wav,3,1,4,sad,1,2,2,10
03-01-04-02-01-01-10.wav,C:/Users/kenis/OneDrive/Desktop/RAVDESS\data\raw\Audio_Speech_Actors_01-24_16k (1) - Copy\Audio_Speech_Actors_01-24_16k\Actor_10\03-01-04-02-01-01-10.wav,3,1,4,sad,2,1,1,10
03-01-04-02-01-02-10.wav,C:/Users/kenis/OneDrive/Desktop/RAVDESS\data\raw\Audio_Speech_Actors_01-24_16k (1) - Copy\Audio_Speech_Actors_01-24_16k\Actor_10\03-01-04-02-01-02-10.wav,3,1,4,sad,2,1,2,10
03-01-04-02-02-01-10.wav,C:/Users/kenis/OneDrive/Desktop/RAVDESS\data\raw\Audio_Speech_Actors_01-24_16k (1) - Copy\Audio_Speech_Actors_01-24_16k\Actor_10\03-01-04-02-02-01-10.wav,3,1,4,sad,2,2,1,10
03-01-04-02-02-02-10.wav,C:/Users/kenis/OneDrive/Desktop/RAVDESS\data\raw\Audio_Speech_Actors_01-24_16k (1) - Copy\Audio_Speech_Actors_01-24_16k\Actor_10\03-01-04-02-02-02-10.wav,3,1,4,sad,2,2,2,10
03-01-05-01-01-01-10.wav,C:/Users/kenis/OneDrive/Desktop/RAVDESS\data\raw\Audio_Speech_Actors_01-24_16k (1) - Copy\Audio_Speech_Actors_01-24_16k\Actor_10\03-01-05-01-01-01-10.wav,3,1,5,angry,1,1,1,10
03-01-05-01-01-02-10.wav,C:/Users/kenis/OneDrive/Desktop/RAVDESS\data\raw\Audio_Speech_Actors_01-24_16k (1) - Copy\Audio_Speech_Actors_01-24_16k\Actor_10\03-01-05-01-01-02-10.wav,3,1,5,angry,1,1,2,10
03-01-05-01-02-01-10.wav,C:/Users/kenis/OneDrive/Desktop/RAVDESS\data\raw\Audio_Speech_Actors_01-24_16k (1) - Copy\Audio_Speech_Actors_01-24_16k\Actor_10\03-01-05-01-02-01-10.wav,3,1,5,angry,1,2,1,10
03-01-05-01-02-02-10.wav,C:/Users/kenis/OneDrive/Desktop/RAVDESS\data\raw\Audio_Speech_Actors_01-24_16k (1) - Copy\Audio_Speech_Actors_01-24_16k\Actor_10\03-01-05-01-02-02-10.wav,3,1,5,angry,1,2,2,10
03-01-05-02-01-01-10.wav,C:/Users/kenis/OneDrive/Desktop/RAVDESS\data\raw\Audio_Speech_Actors_01-24_16k (1) - Copy\Audio_Speech_Actors_01-24_16k\Actor_10\03-01-05-02-01-01-10.wav,3,1,5,angry,2,1,1,10
03-01-05-02-01-02-10.wav,C:/Users/kenis/OneDrive/Desktop/RAVDESS\data\raw\Audio_Speech_Actors_01-24_16k (1) - Copy\Audio_Speech_Actors_01-24_16k\Actor_10\03-01-05-02-01-02-10.wav,3,1,5,angry,2,1,2,10
03-01-05-02-02-01-10.wav,C:/Users/kenis/OneDrive/Desktop/RAVDESS\data\raw\Audio_Speech_Actors_01-24_16k (1) - Copy\Audio_Speech_Actors_01-24_16k\Actor_10\03-01-05-02-02-01-10.wav,3,1,5,angry,2,2,1,10
03-01-05-02-02-02-10.wav,C:/Users/kenis/OneDrive/Desktop/RAVDESS\data\raw\Audio_Speech_Actors_01-24_16k (1) - Copy\Audio_Speech_Actors_01-24_16k\Actor_10\03-01-05-02-02-02-10.wav,3,1,5,angry,2,2,2,10
03-01-06-01-01-01-10.wav,C:/Users/kenis/OneDrive/Desktop/RAVDESS\data\raw\Audio_Speech_Actors_01-24_16k (1) - Copy\Audio_Speech_Actors_01-24_16k\Actor_10\03-01-06-01-01-01-10.wav,3,1,6,fearful,1,1,1,10
03-01-06-01-01-02-10.wav,C:/Users/kenis/OneDrive/Desktop/RAVDESS\data\raw\Audio_Speech_Actors_01-24_16k (1) - Copy\Audio_Speech_Actors_01-24_16k\Actor_10\03-01-06-01-01-02-10.wav,3,1,6,fearful,1,1,2,10
03-01-06-01-02-01-10.wav,C:/Users/kenis/OneDrive/Desktop/RAVDESS\data\raw\Audio_Speech_Actors_01-24_16k (1) - Copy\Audio_Speech_Actors_01-24_16k\Actor_10\03-01-06-01-02-01-10.wav,3,1,6,fearful,1,2,1,10
03-01-06-01-02-02-10.wav,C:/Users/kenis/OneDrive/Desktop/RAVDESS\data\raw\Audio_Speech_Actors_01-24_16k (1) - Copy\Audio_Speech_Actors_01-24_16k\Actor_10\03-01-06-01-02-02-10.wav,3,1,6,fearful,1,2,2,10
03-01-06-02-01-01-10.wav,C:/Users/kenis/OneDrive/Desktop/RAVDESS\data\raw\Audio_Speech_Actors_01-24_16k (1) - Copy\Audio_Speech_Actors_01-24_16k\Actor_10\03-01-06-02-01-01-10.wav,3,1,6,fearful,2,1,1,10
03-01-06-02-01-02-10.wav,C:/Users/kenis/OneDrive/Desktop/RAVDESS\data\raw\Audio_Speech_Actors_01-24_16k (1) - Copy\Audio_Speech_Actors_01-24_16k\Actor_10\03-01-06-02-01-02-10.wav,3,1,6,fearful,2,1,2,10
03-01-06-02-02-01-10.wav,C:/Users/kenis/OneDrive/Desktop/RAVDESS\data\raw\Audio_Speech_Actors_01-24_16k (1) - Copy\Audio_Speech_Actors_01-24_16k\Actor_10\03-01-06-02-02-01-10.wav,3,1,6,fearful,2,2,1,10
03-01-06-02-02-02-10.wav,C:/Users/kenis/OneDrive/Desktop/RAVDESS\data\raw\Audio_Speech_Actors_01-24_16k (1) - Copy\Audio_Speech_Actors_01-24_16k\Actor_10\03-01-06-02-02-02-10.wav,3,1,6,fearful,2,2,2,10
03-01-07-01-01-01-10.wav,C:/Users/kenis/OneDrive/Desktop/RAVDESS\data\raw\Audio_Speech_Actors_01-24_16k (1) - Copy\Audio_Speech_Actors_01-24_16k\Actor_10\03-01-07-01-01-01-10.wav,3,1,7,disgust,1,1,1,10
03-01-07-01-01-02-10.wav,C:/Users/kenis/OneDrive/Desktop/RAVDESS\data\raw\Audio_Speech_Actors_01-24_16k (1) - Copy\Audio_Speech_Actors_01-24_16k\Actor_10\03-01-07-01-01-02-10.wav,3,1,7,disgust,1,1,2,10
03-01-07-01-02-01-10.wav,C:/Users/kenis/OneDrive/Desktop/RAVDESS\data\raw\Audio_Speech_Actors_01-24_16k (1) - Copy\Audio_Speech_Actors_01-24_16k\Actor_10\03-01-07-01-02-01-10.wav,3,1,7,disgust,1,2,1,10
03-01-07-01-02-02-10.wav,C:/Users/kenis/OneDrive/Desktop/RAVDESS\data\raw\Audio_Speech_Actors_01-24_16k (1) - Copy\Audio_Speech_Actors_01-24_16k\Actor_10\03-01-07-01-02-02-10.wav,3,1,7,disgust,1,2,2,10
03-01-07-02-01-01-10.wav,C:/Users/kenis/OneDrive/Desktop/RAVDESS\data\raw\Audio_Speech_Actors_01-24_16k (1) - Copy\Audio_Speech_Actors_01-24_16k\Actor_10\03-01-07-02-01-01-10.wav,3,1,7,disgust,2,1,1,10
03-01-07-02-01-02-10.wav,C:/Users/kenis/OneDrive/Desktop/RAVDESS\data\raw\Audio_Speech_Actors_01-24_16k (1) - Copy\Audio_Speech_Actors_01-24_16k\Actor_10\03-01-07-02-01-02-10.wav,3,1,7,disgust,2,1,2,10
03-01-07-02-02-01-10.wav,C:/Users/kenis/OneDrive/Desktop/RAVDESS\data\raw\Audio_Speech_Actors_01-24_16k (1) - Copy\Audio_Speech_Actors_01-24_16k\Actor_10\03-01-07-02-02-01-10.wav,3,1,7,disgust,2,2,1,10
03-01-07-02-02-02-10.wav,C:/Users/kenis/OneDrive/Desktop/RAVDESS\data\raw\Audio_Speech_Actors_01-24_16k (1) - Copy\Audio_Speech_Actors_01-24_16k\Actor_10\03-01-07-02-02-02-10.wav,3,1,7,disgust,2,2,2,10
03-01-08-01-01-01-10.wav,C:/Users/kenis/OneDrive/Desktop/RAVDESS\data\raw\Audio_Speech_Actors_01-24_16k (1) - Copy\Audio_Speech_Actors_01-24_16k\Actor_10\03-01-08-01-01-01-10.wav,3,1,8,surprised,1,1,1,10
03-01-08-01-01-02-10.wav,C:/Users/kenis/OneDrive/Desktop/RAVDESS\data\raw\Audio_Speech_Actors_01-24_16k (1) - Copy\Audio_Speech_Actors_01-24_16k\Actor_10\03-01-08-01-01-02-10.wav,3,1,8,surprised,1,1,2,10
03-01-08-01-02-01-10.wav,C:/Users/kenis/OneDrive/Desktop/RAVDESS\data\raw\Audio_Speech_Actors_01-24_16k (1) - Copy\Audio_Speech_Actors_01-24_16k\Actor_10\03-01-08-01-02-01-10.wav,3,1,8,surprised,1,2,1,10
03-01-08-01-02-02-10.wav,C:/Users/kenis/OneDrive/Desktop/RAVDESS\data\raw\Audio_Speech_Actors_01-24_16k (1) - Copy\Audio_Speech_Actors_01-24_16k\Actor_10\03-01-08-01-02-02-10.wav,3,1,8,surprised,1,2,2,10
03-01-08-02-01-01-10.wav,C:/Users/kenis/OneDrive/Desktop/RAVDESS\data\raw\Audio_Speech_Actors_01-24_16k (1) - Copy\Audio_Speech_Actors_01-24_16k\Actor_10\03-01-08-02-01-01-10.wav,3,1,8,surprised,2,1,1,10
03-01-08-02-01-02-10.wav,C:/Users/kenis/OneDrive/Desktop/RAVDESS\data\raw\Audio_Speech_Actors_01-24_16k (1) - Copy\Audio_Speech_Actors_01-24_16k\Actor_10\03-01-08-02-01-02-10.wav,3,1,8,surprised,2,1,2,10
03-01-08-02-02-01-10.wav,C:/Users/kenis/OneDrive/Desktop/RAVDESS\data\raw\Audio_Speech_Actors_01-24_16k (1) - Copy\Audio_Speech_Actors_01-24_16k\Actor_10\03-01-08-02-02-01-10.wav,3,1,8,surprised,2,2,1,10
03-01-08-02-02-02-10.wav,C:/Users/kenis/OneDrive/Desktop/RAVDESS\data\raw\Audio_Speech_Actors_01-24_16k (1) - Copy\Audio_Speech_Actors_01-24_16k\Actor_10\03-01-08-02-02-02-10.wav,3,1,8,surprised,2,2,2,10
03-01-01-01-01-01-11.wav,C:/Users/kenis/OneDrive/Desktop/RAVDESS\data\raw\Audio_Speech_Actors_01-24_16k (1) - Copy\Audio_Speech_Actors_01-24_16k\Actor_11\03-01-01-01-01-01-11.wav,3,1,1,neutral,1,1,1,11
03-01-01-01-01-02-11.wav,C:/Users/kenis/OneDrive/Desktop/RAVDESS\data\raw\Audio_Speech_Actors_01-24_16k (1) - Copy\Audio_Speech_Actors_01-24_16k\Actor_11\03-01-01-01-01-02-11.wav,3,1,1,neutral,1,1,2,11
03-01-01-01-02-01-11.wav,C:/Users/kenis/OneDrive/Desktop/RAVDESS\data\raw\Audio_Speech_Actors_01-24_16k (1) - Copy\Audio_Speech_Actors_01-24_16k\Actor_11\03-01-01-01-02-01-11.wav,3,1,1,neutral,1,2,1,11
03-01-01-01-02-02-11.wav,C:/Users/kenis/OneDrive/Desktop/RAVDESS\data\raw\Audio_Speech_Actors_01-24_16k (1) - Copy\Audio_Speech_Actors_01-24_16k\Actor_11\03-01-01-01-02-02-11.wav,3,1,1,neutral,1,2,2,11
03-01-02-01-01-01-11.wav,C:/Users/kenis/OneDrive/Desktop/RAVDESS\data\raw\Audio_Speech_Actors_01-24_16k (1) - Copy\Audio_Speech_Actors_01-24_16k\Actor_11\03-01-02-01-01-01-11.wav,3,1,2,calm,1,1,1,11
03-01-02-01-01-02-11.wav,C:/Users/kenis/OneDrive/Desktop/RAVDESS\data\raw\Audio_Speech_Actors_01-24_16k (1) - Copy\Audio_Speech_Actors_01-24_16k\Actor_11\03-01-02-01-01-02-11.wav,3,1,2,calm,1,1,2,11
03-01-02-01-02-01-11.wav,C:/Users/kenis/OneDrive/Desktop/RAVDESS\data\raw\Audio_Speech_Actors_01-24_16k (1) - Copy\Audio_Speech_Actors_01-24_16k\Actor_11\03-01-02-01-02-01-11.wav,3,1,2,calm,1,2,1,11
03-01-02-01-02-02-11.wav,C:/Users/kenis/OneDrive/Desktop/RAVDESS\data\raw\Audio_Speech_Actors_01-24_16k (1) - Copy\Audio_Speech_Actors_01-24_16k\Actor_11\03-01-02-01-02-02-11.wav,3,1,2,calm,1,2,2,11
03-01-02-02-01-01-11.wav,C:/Users/kenis/OneDrive/Desktop/RAVDESS\data\raw\Audio_Speech_Actors_01-24_16k (1) - Copy\Audio_Speech_Actors_01-24_16k\Actor_11\03-01-02-02-01-01-11.wav,3,1,2,calm,2,1,1,11
03-01-02-02-01-02-11.wav,C:/Users/kenis/OneDrive/Desktop/RAVDESS\data\raw\Audio_Speech_Actors_01-24_16k (1) - Copy\Audio_Speech_Actors_01-24_16k\Actor_11\03-01-02-02-01-02-11.wav,3,1,2,calm,2,1,2,11
03-01-02-02-02-01-11.wav,C:/Users/kenis/OneDrive/Desktop/RAVDESS\data\raw\Audio_Speech_Actors_01-24_16k (1) - Copy\Audio_Speech_Actors_01-24_16k\Actor_11\03-01-02-02-02-01-11.wav,3,1,2,calm,2,2,1,11
03-01-02-02-02-02-11.wav,C:/Users/kenis/OneDrive/Desktop/RAVDESS\data\raw\Audio_Speech_Actors_01-24_16k (1) - Copy\Audio_Speech_Actors_01-24_16k\Actor_11\03-01-02-02-02-02-11.wav,3,1,2,calm,2,2,2,11
03-01-03-01-01-01-11.wav,C:/Users/kenis/OneDrive/Desktop/RAVDESS\data\raw\Audio_Speech_Actors_01-24_16k (1) - Copy\Audio_Speech_Actors_01-24_16k\Actor_11\03-01-03-01-01-01-11.wav,3,1,3,happy,1,1,1,11
03-01-03-01-01-02-11.wav,C:/Users/kenis/OneDrive/Desktop/RAVDESS\data\raw\Audio_Speech_Actors_01-24_16k (1) - Copy\Audio_Speech_Actors_01-24_16k\Actor_11\03-01-03-01-01-02-11.wav,3,1,3,happy,1,1,2,11
03-01-03-01-02-01-11.wav,C:/Users/kenis/OneDrive/Desktop/RAVDESS\data\raw\Audio_Speech_Actors_01-24_16k (1) - Copy\Audio_Speech_Actors_01-24_16k\Actor_11\03-01-03-01-02-01-11.wav,3,1,3,happy,1,2,1,11
03-01-03-01-02-02-11.wav,C:/Users/kenis/OneDrive/Desktop/RAVDESS\data\raw\Audio_Speech_Actors_01-24_16k (1) - Copy\Audio_Speech_Actors_01-24_16k\Actor_11\03-01-03-01-02-02-11.wav,3,1,3,happy,1,2,2,11
03-01-03-02-01-01-11.wav,C:/Users/kenis/OneDrive/Desktop/RAVDESS\data\raw\Audio_Speech_Actors_01-24_16k (1) - Copy\Audio_Speech_Actors_01-24_16k\Actor_11\03-01-03-02-01-01-11.wav,3,1,3,happy,2,1,1,11
03-01-03-02-01-02-11.wav,C:/Users/kenis/OneDrive/Desktop/RAVDESS\data\raw\Audio_Speech_Actors_01-24_16k (1) - Copy\Audio_Speech_Actors_01-24_16k\Actor_11\03-01-03-02-01-02-11.wav,3,1,3,happy,2,1,2,11
03-01-03-02-02-01-11.wav,C:/Users/kenis/OneDrive/Desktop/RAVDESS\data\raw\Audio_Speech_Actors_01-24_16k (1) - Copy\Audio_Speech_Actors_01-24_16k\Actor_11\03-01-03-02-02-01-11.wav,3,1,3,happy,2,2,1,11
03-01-03-02-02-02-11.wav,C:/Users/kenis/OneDrive/Desktop/RAVDESS\data\raw\Audio_Speech_Actors_01-24_16k (1) - Copy\Audio_Speech_Actors_01-24_16k\Actor_11\03-01-03-02-02-02-11.wav,3,1,3,happy,2,2,2,11
03-01-04-01-01-01-11.wav,C:/Users/kenis/OneDrive/Desktop/RAVDESS\data\raw\Audio_Speech_Actors_01-24_16k (1) - Copy\Audio_Speech_Actors_01-24_16k\Actor_11\03-01-04-01-01-01-11.wav,3,1,4,sad,1,1,1,11
03-01-04-01-01-02-11.wav,C:/Users/kenis/OneDrive/Desktop/RAVDESS\data\raw\Audio_Speech_Actors_01-24_16k (1) - Copy\Audio_Speech_Actors_01-24_16k\Actor_11\03-01-04-01-01-02-11.wav,3,1,4,sad,1,1,2,11
03-01-04-01-02-01-11.wav,C:/Users/kenis/OneDrive/Desktop/RAVDESS\data\raw\Audio_Speech_Actors_01-24_16k (1) - Copy\Audio_Speech_Actors_01-24_16k\Actor_11\03-01-04-01-02-01-11.wav,3,1,4,sad,1,2,1,11
03-01-04-01-02-02-11.wav,C:/Users/kenis/OneDrive/Desktop/RAVDESS\data\raw\Audio_Speech_Actors_01-24_16k (1) - Copy\Audio_Speech_Actors_01-24_16k\Actor_11\03-01-04-01-02-02-11.wav,3,1,4,sad,1,2,2,11
03-01-04-02-01-01-11.wav,C:/Users/kenis/OneDrive/Desktop/RAVDESS\data\raw\Audio_Speech_Actors_01-24_16k (1) - Copy\Audio_Speech_Actors_01-24_16k\Actor_11\03-01-04-02-01-01-11.wav,3,1,4,sad,2,1,1,11
03-01-04-02-01-02-11.wav,C:/Users/kenis/OneDrive/Desktop/RAVDESS\data\raw\Audio_Speech_Actors_01-24_16k (1) - Copy\Audio_Speech_Actors_01-24_16k\Actor_11\03-01-04-02-01-02-11.wav,3,1,4,sad,2,1,2,11
03-01-04-02-02-01-11.wav,C:/Users/kenis/OneDrive/Desktop/RAVDESS\data\raw\Audio_Speech_Actors_01-24_16k (1) - Copy\Audio_Speech_Actors_01-24_16k\Actor_11\03-01-04-02-02-01-11.wav,3,1,4,sad,2,2,1,11
03-01-04-02-02-02-11.wav,C:/Users/kenis/OneDrive/Desktop/RAVDESS\data\raw\Audio_Speech_Actors_01-24_16k (1) - Copy\Audio_Speech_Actors_01-24_16k\Actor_11\03-01-04-02-02-02-11.wav,3,1,4,sad,2,2,2,11
03-01-05-01-01-01-11.wav,C:/Users/kenis/OneDrive/Desktop/RAVDESS\data\raw\Audio_Speech_Actors_01-24_16k (1) - Copy\Audio_Speech_Actors_01-24_16k\Actor_11\03-01-05-01-01-01-11.wav,3,1,5,angry,1,1,1,11
03-01-05-01-01-02-11.wav,C:/Users/kenis/OneDrive/Desktop/RAVDESS\data\raw\Audio_Speech_Actors_01-24_16k (1) - Copy\Audio_Speech_Actors_01-24_16k\Actor_11\03-01-05-01-01-02-11.wav,3,1,5,angry,1,1,2,11
03-01-05-01-02-01-11.wav,C:/Users/kenis/OneDrive/Desktop/RAVDESS\data\raw\Audio_Speech_Actors_01-24_16k (1) - Copy\Audio_Speech_Actors_01-24_16k\Actor_11\03-01-05-01-02-01-11.wav,3,1,5,angry,1,2,1,11
03-01-05-01-02-02-11.wav,C:/Users/kenis/OneDrive/Desktop/RAVDESS\data\raw\Audio_Speech_Actors_01-24_16k (1) - Copy\Audio_Speech_Actors_01-24_16k\Actor_11\03-01-05-01-02-02-11.wav,3,1,5,angry,1,2,2,11
03-01-05-02-01-01-11.wav,C:/Users/kenis/OneDrive/Desktop/RAVDESS\data\raw\Audio_Speech_Actors_01-24_16k (1) - Copy\Audio_Speech_Actors_01-24_16k\Actor_11\03-01-05-02-01-01-11.wav,3,1,5,angry,2,1,1,11
03-01-05-02-01-02-11.wav,C:/Users/kenis/OneDrive/Desktop/RAVDESS\data\raw\Audio_Speech_Actors_01-24_16k (1) - Copy\Audio_Speech_Actors_01-24_16k\Actor_11\03-01-05-02-01-02-11.wav,3,1,5,angry,2,1,2,11
03-01-05-02-02-01-11.wav,C:/Users/kenis/OneDrive/Desktop/RAVDESS\data\raw\Audio_Speech_Actors_01-24_16k (1) - Copy\Audio_Speech_Actors_01-24_16k\Actor_11\03-01-05-02-02-01-11.wav,3,1,5,angry,2,2,1,11
03-01-05-02-02-02-11.wav,C:/Users/kenis/OneDrive/Desktop/RAVDESS\data\raw\Audio_Speech_Actors_01-24_16k (1) - Copy\Audio_Speech_Actors_01-24_16k\Actor_11\03-01-05-02-02-02-11.wav,3,1,5,angry,2,2,2,11
03-01-06-01-01-01-11.wav,C:/Users/kenis/OneDrive/Desktop/RAVDESS\data\raw\Audio_Speech_Actors_01-24_16k (1) - Copy\Audio_Speech_Actors_01-24_16k\Actor_11\03-01-06-01-01-01-11.wav,3,1,6,fearful,1,1,1,11
03-01-06-01-01-02-11.wav,C:/Users/kenis/OneDrive/Desktop/RAVDESS\data\raw\Audio_Speech_Actors_01-24_16k (1) - Copy\Audio_Speech_Actors_01-24_16k\Actor_11\03-01-06-01-01-02-11.wav,3,1,6,fearful,1,1,2,11
03-01-06-01-02-01-11.wav,C:/Users/kenis/OneDrive/Desktop/RAVDESS\data\raw\Audio_Speech_Actors_01-24_16k (1) - Copy\Audio_Speech_Actors_01-24_16k\Actor_11\03-01-06-01-02-01-11.wav,3,1,6,fearful,1,2,1,11
03-01-06-01-02-02-11.wav,C:/Users/kenis/OneDrive/Desktop/RAVDESS\data\raw\Audio_Speech_Actors_01-24_16k (1) - Copy\Audio_Speech_Actors_01-24_16k\Actor_11\03-01-06-01-02-02-11.wav,3,1,6,fearful,1,2,2,11
03-01-06-02-01-01-11.wav,C:/Users/kenis/OneDrive/Desktop/RAVDESS\data\raw\Audio_Speech_Actors_01-24_16k (1) - Copy\Audio_Speech_Actors_01-24_16k\Actor_11\03-01-06-02-01-01-11.wav,3,1,6,fearful,2,1,1,11
03-01-06-02-01-02-11.wav,C:/Users/kenis/OneDrive/Desktop/RAVDESS\data\raw\Audio_Speech_Actors_01-24_16k (1) - Copy\Audio_Speech_Actors_01-24_16k\Actor_11\03-01-06-02-01-02-11.wav,3,1,6,fearful,2,1,2,11
03-01-06-02-02-01-11.wav,C:/Users/kenis/OneDrive/Desktop/RAVDESS\data\raw\Audio_Speech_Actors_01-24_16k (1) - Copy\Audio_Speech_Actors_01-24_16k\Actor_11\03-01-06-02-02-01-11.wav,3,1,6,fearful,2,2,1,11
03-01-06-02-02-02-11.wav,C:/Users/kenis/OneDrive/Desktop/RAVDESS\data\raw\Audio_Speech_Actors_01-24_16k (1) - Copy\Audio_Speech_Actors_01-24_16k\Actor_11\03-01-06-02-02-02-11.wav,3,1,6,fearful,2,2,2,11
03-01-07-01-01-01-11.wav,C:/Users/kenis/OneDrive/Desktop/RAVDESS\data\raw\Audio_Speech_Actors_01-24_16k (1) - Copy\Audio_Speech_Actors_01-24_16k\Actor_11\03-01-07-01-01-01-11.wav,3,1,7,disgust,1,1,1,11
03-01-07-01-01-02-11.wav,C:/Users/kenis/OneDrive/Desktop/RAVDESS\data\raw\Audio_Speech_Actors_01-24_16k (1) - Copy\Audio_Speech_Actors_01-24_16k\Actor_11\03-01-07-01-01-02-11.wav,3,1,7,disgust,1,1,2,11
03-01-07-01-02-01-11.wav,C:/Users/kenis/OneDrive/Desktop/RAVDESS\data\raw\Audio_Speech_Actors_01-24_16k (1) - Copy\Audio_Speech_Actors_01-24_16k\Actor_11\03-01-07-01-02-01-11.wav,3,1,7,disgust,1,2,1,11
03-01-07-01-02-02-11.wav,C:/Users/kenis/OneDrive/Desktop/RAVDESS\data\raw\Audio_Speech_Actors_01-24_16k (1) - Copy\Audio_Speech_Actors_01-24_16k\Actor_11\03-01-07-01-02-02-11.wav,3,1,7,disgust,1,2,2,11
03-01-07-02-01-01-11.wav,C:/Users/kenis/OneDrive/Desktop/RAVDESS\data\raw\Audio_Speech_Actors_01-24_16k (1) - Copy\Audio_Speech_Actors_01-24_16k\Actor_11\03-01-07-02-01-01-11.wav,3,1,7,disgust,2,1,1,11
03-01-07-02-01-02-11.wav,C:/Users/kenis/OneDrive/Desktop/RAVDESS\data\raw\Audio_Speech_Actors_01-24_16k (1) - Copy\Audio_Speech_Actors_01-24_16k\Actor_11\03-01-07-02-01-02-11.wav,3,1,7,disgust,2,1,2,11
03-01-07-02-02-01-11.wav,C:/Users/kenis/OneDrive/Desktop/RAVDESS\data\raw\Audio_Speech_Actors_01-24_16k (1) - Copy\Audio_Speech_Actors_01-24_16k\Actor_11\03-01-07-02-02-01-11.wav,3,1,7,disgust,2,2,1,11
03-01-07-02-02-02-11.wav,C:/Users/kenis/OneDrive/Desktop/RAVDESS\data\raw\Audio_Speech_Actors_01-24_16k (1) - Copy\Audio_Speech_Actors_01-24_16k\Actor_11\03-01-07-02-02-02-11.wav,3,1,7,disgust,2,2,2,11
03-01-08-01-01-01-11.wav,C:/Users/kenis/OneDrive/Desktop/RAVDESS\data\raw\Audio_Speech_Actors_01-24_16k (1) - Copy\Audio_Speech_Actors_01-24_16k\Actor_11\03-01-08-01-01-01-11.wav,3,1,8,surprised,1,1,1,11
03-01-08-01-01-02-11.wav,C:/Users/kenis/OneDrive/Desktop/RAVDESS\data\raw\Audio_Speech_Actors_01-24_16k (1) - Copy\Audio_Speech_Actors_01-24_16k\Actor_11\03-01-08-01-01-02-11.wav,3,1,8,surprised,1,1,2,11
03-01-08-01-02-01-11.wav,C:/Users/kenis/OneDrive/Desktop/RAVDESS\data\raw\Audio_Speech_Actors_01-24_16k (1) - Copy\Audio_Speech_Actors_01-24_16k\Actor_11\03-01-08-01-02-01-11.wav,3,1,8,surprised,1,2,1,11
03-01-08-01-02-02-11.wav,C:/Users/kenis/OneDrive/Desktop/RAVDESS\data\raw\Audio_Speech_Actors_01-24_16k (1) - Copy\Audio_Speech_Actors_01-24_16k\Actor_11\03-01-08-01-02-02-11.wav,3,1,8,surprised,1,2,2,11
03-01-08-02-01-01-11.wav,C:/Users/kenis/OneDrive/Desktop/RAVDESS\data\raw\Audio_Speech_Actors_01-24_16k (1) - Copy\Audio_Speech_Actors_01-24_16k\Actor_11\03-01-08-02-01-01-11.wav,3,1,8,surprised,2,1,1,11
03-01-08-02-01-02-11.wav,C:/Users/kenis/OneDrive/Desktop/RAVDESS\data\raw\Audio_Speech_Actors_01-24_16k (1) - Copy\Audio_Speech_Actors_01-24_16k\Actor_11\03-01-08-02-01-02-11.wav,3,1,8,surprised,2,1,2,11
03-01-08-02-02-01-11.wav,C:/Users/kenis/OneDrive/Desktop/RAVDESS\data\raw\Audio_Speech_Actors_01-24_16k (1) - Copy\Audio_Speech_Actors_01-24_16k\Actor_11\03-01-08-02-02-01-11.wav,3,1,8,surprised,2,2,1,11
03-01-08-02-02-02-11.wav,C:/Users/kenis/OneDrive/Desktop/RAVDESS\data\raw\Audio_Speech_Actors_01-24_16k (1) - Copy\Audio_Speech_Actors_01-24_16k\Actor_11\03-01-08-02-02-02-11.wav,3,1,8,surprised,2,2,2,11
03-01-01-01-01-01-12.wav,C:/Users/kenis/OneDrive/Desktop/RAVDESS\data\raw\Audio_Speech_Actors_01-24_16k (1) - Copy\Audio_Speech_Actors_01-24_16k\Actor_12\03-01-01-01-01-01-12.wav,3,1,1,neutral,1,1,1,12
03-01-01-01-01-02-12.wav,C:/Users/kenis/OneDrive/Desktop/RAVDESS\data\raw\Audio_Speech_Actors_01-24_16k (1) - Copy\Audio_Speech_Actors_01-24_16k\Actor_12\03-01-01-01-01-02-12.wav,3,1,1,neutral,1,1,2,12
03-01-01-01-02-01-12.wav,C:/Users/kenis/OneDrive/Desktop/RAVDESS\data\raw\Audio_Speech_Actors_01-24_16k (1) - Copy\Audio_Speech_Actors_01-24_16k\Actor_12\03-01-01-01-02-01-12.wav,3,1,1,neutral,1,2,1,12
03-01-01-01-02-02-12.wav,C:/Users/kenis/OneDrive/Desktop/RAVDESS\data\raw\Audio_Speech_Actors_01-24_16k (1) - Copy\Audio_Speech_Actors_01-24_16k\Actor_12\03-01-01-01-02-02-12.wav,3,1,1,neutral,1,2,2,12
03-01-02-01-01-01-12.wav,C:/Users/kenis/OneDrive/Desktop/RAVDESS\data\raw\Audio_Speech_Actors_01-24_16k (1) - Copy\Audio_Speech_Actors_01-24_16k\Actor_12\03-01-02-01-01-01-12.wav,3,1,2,calm,1,1,1,12
03-01-02-01-01-02-12.wav,C:/Users/kenis/OneDrive/Desktop/RAVDESS\data\raw\Audio_Speech_Actors_01-24_16k (1) - Copy\Audio_Speech_Actors_01-24_16k\Actor_12\03-01-02-01-01-02-12.wav,3,1,2,calm,1,1,2,12
03-01-02-01-02-01-12.wav,C:/Users/kenis/OneDrive/Desktop/RAVDESS\data\raw\Audio_Speech_Actors_01-24_16k (1) - Copy\Audio_Speech_Actors_01-24_16k\Actor_12\03-01-02-01-02-01-12.wav,3,1,2,calm,1,2,1,12
03-01-02-01-02-02-12.wav,C:/Users/kenis/OneDrive/Desktop/RAVDESS\data\raw\Audio_Speech_Actors_01-24_16k (1) - Copy\Audio_Speech_Actors_01-24_16k\Actor_12\03-01-02-01-02-02-12.wav,3,1,2,calm,1,2,2,12
03-01-02-02-01-01-12.wav,C:/Users/kenis/OneDrive/Desktop/RAVDESS\data\raw\Audio_Speech_Actors_01-24_16k (1) - Copy\Audio_Speech_Actors_01-24_16k\Actor_12\03-01-02-02-01-01-12.wav,3,1,2,calm,2,1,1,12
03-01-02-02-01-02-12.wav,C:/Users/kenis/OneDrive/Desktop/RAVDESS\data\raw\Audio_Speech_Actors_01-24_16k (1) - Copy\Audio_Speech_Actors_01-24_16k\Actor_12\03-01-02-02-01-02-12.wav,3,1,2,calm,2,1,2,12
03-01-02-02-02-01-12.wav,C:/Users/kenis/OneDrive/Desktop/RAVDESS\data\raw\Audio_Speech_Actors_01-24_16k (1) - Copy\Audio_Speech_Actors_01-24_16k\Actor_12\03-01-02-02-02-01-12.wav,3,1,2,calm,2,2,1,12
03-01-02-02-02-02-12.wav,C:/Users/kenis/OneDrive/Desktop/RAVDESS\data\raw\Audio_Speech_Actors_01-24_16k (1) - Copy\Audio_Speech_Actors_01-24_16k\Actor_12\03-01-02-02-02-02-12.wav,3,1,2,calm,2,2,2,12
03-01-03-01-01-01-12.wav,C:/Users/kenis/OneDrive/Desktop/RAVDESS\data\raw\Audio_Speech_Actors_01-24_16k (1) - Copy\Audio_Speech_Actors_01-24_16k\Actor_12\03-01-03-01-01-01-12.wav,3,1,3,happy,1,1,1,12
03-01-03-01-01-02-12.wav,C:/Users/kenis/OneDrive/Desktop/RAVDESS\data\raw\Audio_Speech_Actors_01-24_16k (1) - Copy\Audio_Speech_Actors_01-24_16k\Actor_12\03-01-03-01-01-02-12.wav,3,1,3,happy,1,1,2,12
03-01-03-01-02-01-12.wav,C:/Users/kenis/OneDrive/Desktop/RAVDESS\data\raw\Audio_Speech_Actors_01-24_16k (1) - Copy\Audio_Speech_Actors_01-24_16k\Actor_12\03-01-03-01-02-01-12.wav,3,1,3,happy,1,2,1,12
03-01-03-01-02-02-12.wav,C:/Users/kenis/OneDrive/Desktop/RAVDESS\data\raw\Audio_Speech_Actors_01-24_16k (1) - Copy\Audio_Speech_Actors_01-24_16k\Actor_12\03-01-03-01-02-02-12.wav,3,1,3,happy,1,2,2,12
03-01-03-02-01-01-12.wav,C:/Users/kenis/OneDrive/Desktop/RAVDESS\data\raw\Audio_Speech_Actors_01-24_16k (1) - Copy\Audio_Speech_Actors_01-24_16k\Actor_12\03-01-03-02-01-01-12.wav,3,1,3,happy,2,1,1,12
03-01-03-02-01-02-12.wav,C:/Users/kenis/OneDrive/Desktop/RAVDESS\data\raw\Audio_Speech_Actors_01-24_16k (1) - Copy\Audio_Speech_Actors_01-24_16k\Actor_12\03-01-03-02-01-02-12.wav,3,1,3,happy,2,1,2,12
03-01-03-02-02-01-12.wav,C:/Users/kenis/OneDrive/Desktop/RAVDESS\data\raw\Audio_Speech_Actors_01-24_16k (1) - Copy\Audio_Speech_Actors_01-24_16k\Actor_12\03-01-03-02-02-01-12.wav,3,1,3,happy,2,2,1,12
03-01-03-02-02-02-12.wav,C:/Users/kenis/OneDrive/Desktop/RAVDESS\data\raw\Audio_Speech_Actors_01-24_16k (1) - Copy\Audio_Speech_Actors_01-24_16k\Actor_12\03-01-03-02-02-02-12.wav,3,1,3,happy,2,2,2,12
03-01-04-01-01-01-12.wav,C:/Users/kenis/OneDrive/Desktop/RAVDESS\data\raw\Audio_Speech_Actors_01-24_16k (1) - Copy\Audio_Speech_Actors_01-24_16k\Actor_12\03-01-04-01-01-01-12.wav,3,1,4,sad,1,1,1,12
03-01-04-01-01-02-12.wav,C:/Users/kenis/OneDrive/Desktop/RAVDESS\data\raw\Audio_Speech_Actors_01-24_16k (1) - Copy\Audio_Speech_Actors_01-24_16k\Actor_12\03-01-04-01-01-02-12.wav,3,1,4,sad,1,1,2,12
03-01-04-01-02-01-12.wav,C:/Users/kenis/OneDrive/Desktop/RAVDESS\data\raw\Audio_Speech_Actors_01-24_16k (1) - Copy\Audio_Speech_Actors_01-24_16k\Actor_12\03-01-04-01-02-01-12.wav,3,1,4,sad,1,2,1,12
03-01-04-01-02-02-12.wav,C:/Users/kenis/OneDrive/Desktop/RAVDESS\data\raw\Audio_Speech_Actors_01-24_16k (1) - Copy\Audio_Speech_Actors_01-24_16k\Actor_12\03-01-04-01-02-02-12.wav,3,1,4,sad,1,2,2,12
03-01-04-02-01-01-12.wav,C:/Users/kenis/OneDrive/Desktop/RAVDESS\data\raw\Audio_Speech_Actors_01-24_16k (1) - Copy\Audio_Speech_Actors_01-24_16k\Actor_12\03-01-04-02-01-01-12.wav,3,1,4,sad,2,1,1,12
03-01-04-02-01-02-12.wav,C:/Users/kenis/OneDrive/Desktop/RAVDESS\data\raw\Audio_Speech_Actors_01-24_16k (1) - Copy\Audio_Speech_Actors_01-24_16k\Actor_12\03-01-04-02-01-02-12.wav,3,1,4,sad,2,1,2,12
03-01-04-02-02-01-12.wav,C:/Users/kenis/OneDrive/Desktop/RAVDESS\data\raw\Audio_Speech_Actors_01-24_16k (1) - Copy\Audio_Speech_Actors_01-24_16k\Actor_12\03-01-04-02-02-01-12.wav,3,1,4,sad,2,2,1,12
03-01-04-02-02-02-12.wav,C:/Users/kenis/OneDrive/Desktop/RAVDESS\data\raw\Audio_Speech_Actors_01-24_16k (1) - Copy\Audio_Speech_Actors_01-24_16k\Actor_12\03-01-04-02-02-02-12.wav,3,1,4,sad,2,2,2,12
03-01-05-01-01-01-12.wav,C:/Users/kenis/OneDrive/Desktop/RAVDESS\data\raw\Audio_Speech_Actors_01-24_16k (1) - Copy\Audio_Speech_Actors_01-24_16k\Actor_12\03-01-05-01-01-01-12.wav,3,1,5,angry,1,1,1,12
03-01-05-01-01-02-12.wav,C:/Users/kenis/OneDrive/Desktop/RAVDESS\data\raw\Audio_Speech_Actors_01-24_16k (1) - Copy\Audio_Speech_Actors_01-24_16k\Actor_12\03-01-05-01-01-02-12.wav,3,1,5,angry,1,1,2,12
03-01-05-01-02-01-12.wav,C:/Users/kenis/OneDrive/Desktop/RAVDESS\data\raw\Audio_Speech_Actors_01-24_16k (1) - Copy\Audio_Speech_Actors_01-24_16k\Actor_12\03-01-05-01-02-01-12.wav,3,1,5,angry,1,2,1,12
03-01-05-01-02-02-12.wav,C:/Users/kenis/OneDrive/Desktop/RAVDESS\data\raw\Audio_Speech_Actors_01-24_16k (1) - Copy\Audio_Speech_Actors_01-24_16k\Actor_12\03-01-05-01-02-02-12.wav,3,1,5,angry,1,2,2,12
03-01-05-02-01-01-12.wav,C:/Users/kenis/OneDrive/Desktop/RAVDESS\data\raw\Audio_Speech_Actors_01-24_16k (1) - Copy\Audio_Speech_Actors_01-24_16k\Actor_12\03-01-05-02-01-01-12.wav,3,1,5,angry,2,1,1,12
03-01-05-02-01-02-12.wav,C:/Users/kenis/OneDrive/Desktop/RAVDESS\data\raw\Audio_Speech_Actors_01-24_16k (1) - Copy\Audio_Speech_Actors_01-24_16k\Actor_12\03-01-05-02-01-02-12.wav,3,1,5,angry,2,1,2,12
03-01-05-02-02-01-12.wav,C:/Users/kenis/OneDrive/Desktop/RAVDESS\data\raw\Audio_Speech_Actors_01-24_16k (1) - Copy\Audio_Speech_Actors_01-24_16k\Actor_12\03-01-05-02-02-01-12.wav,3,1,5,angry,2,2,1,12
03-01-05-02-02-02-12.wav,C:/Users/kenis/OneDrive/Desktop/RAVDESS\data\raw\Audio_Speech_Actors_01-24_16k (1) - Copy\Audio_Speech_Actors_01-24_16k\Actor_12\03-01-05-02-02-02-12.wav,3,1,5,angry,2,2,2,12
03-01-06-01-01-01-12.wav,C:/Users/kenis/OneDrive/Desktop/RAVDESS\data\raw\Audio_Speech_Actors_01-24_16k (1) - Copy\Audio_Speech_Actors_01-24_16k\Actor_12\03-01-06-01-01-01-12.wav,3,1,6,fearful,1,1,1,12
03-01-06-01-01-02-12.wav,C:/Users/kenis/OneDrive/Desktop/RAVDESS\data\raw\Audio_Speech_Actors_01-24_16k (1) - Copy\Audio_Speech_Actors_01-24_16k\Actor_12\03-01-06-01-01-02-12.wav,3,1,6,fearful,1,1,2,12
03-01-06-01-02-01-12.wav,C:/Users/kenis/OneDrive/Desktop/RAVDESS\data\raw\Audio_Speech_Actors_01-24_16k (1) - Copy\Audio_Speech_Actors_01-24_16k\Actor_12\03-01-06-01-02-01-12.wav,3,1,6,fearful,1,2,1,12
03-01-06-01-02-02-12.wav,C:/Users/kenis/OneDrive/Desktop/RAVDESS\data\raw\Audio_Speech_Actors_01-24_16k (1) - Copy\Audio_Speech_Actors_01-24_16k\Actor_12\03-01-06-01-02-02-12.wav,3,1,6,fearful,1,2,2,12
03-01-06-02-01-01-12.wav,C:/Users/kenis/OneDrive/Desktop/RAVDESS\data\raw\Audio_Speech_Actors_01-24_16k (1) - Copy\Audio_Speech_Actors_01-24_16k\Actor_12\03-01-06-02-01-01-12.wav,3,1,6,fearful,2,1,1,12
03-01-06-02-01-02-12.wav,C:/Users/kenis/OneDrive/Desktop/RAVDESS\data\raw\Audio_Speech_Actors_01-24_16k (1) - Copy\Audio_Speech_Actors_01-24_16k\Actor_12\03-01-06-02-01-02-12.wav,3,1,6,fearful,2,1,2,12
03-01-06-02-02-01-12.wav,C:/Users/kenis/OneDrive/Desktop/RAVDESS\data\raw\Audio_Speech_Actors_01-24_16k (1) - Copy\Audio_Speech_Actors_01-24_16k\Actor_12\03-01-06-02-02-01-12.wav,3,1,6,fearful,2,2,1,12
03-01-06-02-02-02-12.wav,C:/Users/kenis/OneDrive/Desktop/RAVDESS\data\raw\Audio_Speech_Actors_01-24_16k (1) - Copy\Audio_Speech_Actors_01-24_16k\Actor_12\03-01-06-02-02-02-12.wav,3,1,6,fearful,2,2,2,12
03-01-07-01-01-01-12.wav,C:/Users/kenis/OneDrive/Desktop/RAVDESS\data\raw\Audio_Speech_Actors_01-24_16k (1) - Copy\Audio_Speech_Actors_01-24_16k\Actor_12\03-01-07-01-01-01-12.wav,3,1,7,disgust,1,1,1,12
03-01-07-01-01-02-12.wav,C:/Users/kenis/OneDrive/Desktop/RAVDESS\data\raw\Audio_Speech_Actors_01-24_16k (1) - Copy\Audio_Speech_Actors_01-24_16k\Actor_12\03-01-07-01-01-02-12.wav,3,1,7,disgust,1,1,2,12
03-01-07-01-02-01-12.wav,C:/Users/kenis/OneDrive/Desktop/RAVDESS\data\raw\Audio_Speech_Actors_01-24_16k (1) - Copy\Audio_Speech_Actors_01-24_16k\Actor_12\03-01-07-01-02-01-12.wav,3,1,7,disgust,1,2,1,12
03-01-07-01-02-02-12.wav,C:/Users/kenis/OneDrive/Desktop/RAVDESS\data\raw\Audio_Speech_Actors_01-24_16k (1) - Copy\Audio_Speech_Actors_01-24_16k\Actor_12\03-01-07-01-02-02-12.wav,3,1,7,disgust,1,2,2,12
03-01-07-02-01-01-12.wav,C:/Users/kenis/OneDrive/Desktop/RAVDESS\data\raw\Audio_Speech_Actors_01-24_16k (1) - Copy\Audio_Speech_Actors_01-24_16k\Actor_12\03-01-07-02-01-01-12.wav,3,1,7,disgust,2,1,1,12
03-01-07-02-01-02-12.wav,C:/Users/kenis/OneDrive/Desktop/RAVDESS\data\raw\Audio_Speech_Actors_01-24_16k (1) - Copy\Audio_Speech_Actors_01-24_16k\Actor_12\03-01-07-02-01-02-12.wav,3,1,7,disgust,2,1,2,12
03-01-07-02-02-01-12.wav,C:/Users/kenis/OneDrive/Desktop/RAVDESS\data\raw\Audio_Speech_Actors_01-24_16k (1) - Copy\Audio_Speech_Actors_01-24_16k\Actor_12\03-01-07-02-02-01-12.wav,3,1,7,disgust,2,2,1,12
03-01-07-02-02-02-12.wav,C:/Users/kenis/OneDrive/Desktop/RAVDESS\data\raw\Audio_Speech_Actors_01-24_16k (1) - Copy\Audio_Speech_Actors_01-24_16k\Actor_12\03-01-07-02-02-02-12.wav,3,1,7,disgust,2,2,2,12
03-01-08-01-01-01-12.wav,C:/Users/kenis/OneDrive/Desktop/RAVDESS\data\raw\Audio_Speech_Actors_01-24_16k (1) - Copy\Audio_Speech_Actors_01-24_16k\Actor_12\03-01-08-01-01-01-12.wav,3,1,8,surprised,1,1,1,12
03-01-08-01-01-02-12.wav,C:/Users/kenis/OneDrive/Desktop/RAVDESS\data\raw\Audio_Speech_Actors_01-24_16k (1) - Copy\Audio_Speech_Actors_01-24_16k\Actor_12\03-01-08-01-01-02-12.wav,3,1,8,surprised,1,1,2,12
03-01-08-01-02-01-12.wav,C:/Users/kenis/OneDrive/Desktop/RAVDESS\data\raw\Audio_Speech_Actors_01-24_16k (1) - Copy\Audio_Speech_Actors_01-24_16k\Actor_12\03-01-08-01-02-01-12.wav,3,1,8,surprised,1,2,1,12
03-01-08-01-02-02-12.wav,C:/Users/kenis/OneDrive/Desktop/RAVDESS\data\raw\Audio_Speech_Actors_01-24_16k (1) - Copy\Audio_Speech_Actors_01-24_16k\Actor_12\03-01-08-01-02-02-12.wav,3,1,8,surprised,1,2,2,12
03-01-08-02-01-01-12.wav,C:/Users/kenis/OneDrive/Desktop/RAVDESS\data\raw\Audio_Speech_Actors_01-24_16k (1) - Copy\Audio_Speech_Actors_01-24_16k\Actor_12\03-01-08-02-01-01-12.wav,3,1,8,surprised,2,1,1,12
03-01-08-02-01-02-12.wav,C:/Users/kenis/OneDrive/Desktop/RAVDESS\data\raw\Audio_Speech_Actors_01-24_16k (1) - Copy\Audio_Speech_Actors_01-24_16k\Actor_12\03-01-08-02-01-02-12.wav,3,1,8,surprised,2,1,2,12
03-01-08-02-02-01-12.wav,C:/Users/kenis/OneDrive/Desktop/RAVDESS\data\raw\Audio_Speech_Actors_01-24_16k (1) - Copy\Audio_Speech_Actors_01-24_16k\Actor_12\03-01-08-02-02-01-12.wav,3,1,8,surprised,2,2,1,12
03-01-08-02-02-02-12.wav,C:/Users/kenis/OneDrive/Desktop/RAVDESS\data\raw\Audio_Speech_Actors_01-24_16k (1) - Copy\Audio_Speech_Actors_01-24_16k\Actor_12\03-01-08-02-02-02-12.wav,3,1,8,surprised,2,2,2,12
03-01-01-01-01-01-13.wav,C:/Users/kenis/OneDrive/Desktop/RAVDESS\data\raw\Audio_Speech_Actors_01-24_16k (1) - Copy\Audio_Speech_Actors_01-24_16k\Actor_13\03-01-01-01-01-01-13.wav,3,1,1,neutral,1,1,1,13
03-01-01-01-01-02-13.wav,C:/Users/kenis/OneDrive/Desktop/RAVDESS\data\raw\Audio_Speech_Actors_01-24_16k (1) - Copy\Audio_Speech_Actors_01-24_16k\Actor_13\03-01-01-01-01-02-13.wav,3,1,1,neutral,1,1,2,13
03-01-01-01-02-01-13.wav,C:/Users/kenis/OneDrive/Desktop/RAVDESS\data\raw\Audio_Speech_Actors_01-24_16k (1) - Copy\Audio_Speech_Actors_01-24_16k\Actor_13\03-01-01-01-02-01-13.wav,3,1,1,neutral,1,2,1,13
03-01-01-01-02-02-13.wav,C:/Users/kenis/OneDrive/Desktop/RAVDESS\data\raw\Audio_Speech_Actors_01-24_16k (1) - Copy\Audio_Speech_Actors_01-24_16k\Actor_13\03-01-01-01-02-02-13.wav,3,1,1,neutral,1,2,2,13
03-01-02-01-01-01-13.wav,C:/Users/kenis/OneDrive/Desktop/RAVDESS\data\raw\Audio_Speech_Actors_01-24_16k (1) - Copy\Audio_Speech_Actors_01-24_16k\Actor_13\03-01-02-01-01-01-13.wav,3,1,2,calm,1,1,1,13
03-01-02-01-01-02-13.wav,C:/Users/kenis/OneDrive/Desktop/RAVDESS\data\raw\Audio_Speech_Actors_01-24_16k (1) - Copy\Audio_Speech_Actors_01-24_16k\Actor_13\03-01-02-01-01-02-13.wav,3,1,2,calm,1,1,2,13
03-01-02-01-02-01-13.wav,C:/Users/kenis/OneDrive/Desktop/RAVDESS\data\raw\Audio_Speech_Actors_01-24_16k (1) - Copy\Audio_Speech_Actors_01-24_16k\Actor_13\03-01-02-01-02-01-13.wav,3,1,2,calm,1,2,1,13
03-01-02-01-02-02-13.wav,C:/Users/kenis/OneDrive/Desktop/RAVDESS\data\raw\Audio_Speech_Actors_01-24_16k (1) - Copy\Audio_Speech_Actors_01-24_16k\Actor_13\03-01-02-01-02-02-13.wav,3,1,2,calm,1,2,2,13
03-01-02-02-01-01-13.wav,C:/Users/kenis/OneDrive/Desktop/RAVDESS\data\raw\Audio_Speech_Actors_01-24_16k (1) - Copy\Audio_Speech_Actors_01-24_16k\Actor_13\03-01-02-02-01-01-13.wav,3,1,2,calm,2,1,1,13
03-01-02-02-01-02-13.wav,C:/Users/kenis/OneDrive/Desktop/RAVDESS\data\raw\Audio_Speech_Actors_01-24_16k (1) - Copy\Audio_Speech_Actors_01-24_16k\Actor_13\03-01-02-02-01-02-13.wav,3,1,2,calm,2,1,2,13
03-01-02-02-02-01-13.wav,C:/Users/kenis/OneDrive/Desktop/RAVDESS\data\raw\Audio_Speech_Actors_01-24_16k (1) - Copy\Audio_Speech_Actors_01-24_16k\Actor_13\03-01-02-02-02-01-13.wav,3,1,2,calm,2,2,1,13
03-01-02-02-02-02-13.wav,C:/Users/kenis/OneDrive/Desktop/RAVDESS\data\raw\Audio_Speech_Actors_01-24_16k (1) - Copy\Audio_Speech_Actors_01-24_16k\Actor_13\03-01-02-02-02-02-13.wav,3,1,2,calm,2,2,2,13
03-01-03-01-01-01-13.wav,C:/Users/kenis/OneDrive/Desktop/RAVDESS\data\raw\Audio_Speech_Actors_01-24_16k (1) - Copy\Audio_Speech_Actors_01-24_16k\Actor_13\03-01-03-01-01-01-13.wav,3,1,3,happy,1,1,1,13
03-01-03-01-01-02-13.wav,C:/Users/kenis/OneDrive/Desktop/RAVDESS\data\raw\Audio_Speech_Actors_01-24_16k (1) - Copy\Audio_Speech_Actors_01-24_16k\Actor_13\03-01-03-01-01-02-13.wav,3,1,3,happy,1,1,2,13
03-01-03-01-02-01-13.wav,C:/Users/kenis/OneDrive/Desktop/RAVDESS\data\raw\Audio_Speech_Actors_01-24_16k (1) - Copy\Audio_Speech_Actors_01-24_16k\Actor_13\03-01-03-01-02-01-13.wav,3,1,3,happy,1,2,1,13
03-01-03-01-02-02-13.wav,C:/Users/kenis/OneDrive/Desktop/RAVDESS\data\raw\Audio_Speech_Actors_01-24_16k (1) - Copy\Audio_Speech_Actors_01-24_16k\Actor_13\03-01-03-01-02-02-13.wav,3,1,3,happy,1,2,2,13
03-01-03-02-01-01-13.wav,C:/Users/kenis/OneDrive/Desktop/RAVDESS\data\raw\Audio_Speech_Actors_01-24_16k (1) - Copy\Audio_Speech_Actors_01-24_16k\Actor_13\03-01-03-02-01-01-13.wav,3,1,3,happy,2,1,1,13
03-01-03-02-01-02-13.wav,C:/Users/kenis/OneDrive/Desktop/RAVDESS\data\raw\Audio_Speech_Actors_01-24_16k (1) - Copy\Audio_Speech_Actors_01-24_16k\Actor_13\03-01-03-02-01-02-13.wav,3,1,3,happy,2,1,2,13
03-01-03-02-02-01-13.wav,C:/Users/kenis/OneDrive/Desktop/RAVDESS\data\raw\Audio_Speech_Actors_01-24_16k (1) - Copy\Audio_Speech_Actors_01-24_16k\Actor_13\03-01-03-02-02-01-13.wav,3,1,3,happy,2,2,1,13
03-01-03-02-02-02-13.wav,C:/Users/kenis/OneDrive/Desktop/RAVDESS\data\raw\Audio_Speech_Actors_01-24_16k (1) - Copy\Audio_Speech_Actors_01-24_16k\Actor_13\03-01-03-02-02-02-13.wav,3,1,3,happy,2,2,2,13
03-01-04-01-01-01-13.wav,C:/Users/kenis/OneDrive/Desktop/RAVDESS\data\raw\Audio_Speech_Actors_01-24_16k (1) - Copy\Audio_Speech_Actors_01-24_16k\Actor_13\03-01-04-01-01-01-13.wav,3,1,4,sad,1,1,1,13
03-01-04-01-01-02-13.wav,C:/Users/kenis/OneDrive/Desktop/RAVDESS\data\raw\Audio_Speech_Actors_01-24_16k (1) - Copy\Audio_Speech_Actors_01-24_16k\Actor_13\03-01-04-01-01-02-13.wav,3,1,4,sad,1,1,2,13
03-01-04-01-02-01-13.wav,C:/Users/kenis/OneDrive/Desktop/RAVDESS\data\raw\Audio_Speech_Actors_01-24_16k (1) - Copy\Audio_Speech_Actors_01-24_16k\Actor_13\03-01-04-01-02-01-13.wav,3,1,4,sad,1,2,1,13
03-01-04-01-02-02-13.wav,C:/Users/kenis/OneDrive/Desktop/RAVDESS\data\raw\Audio_Speech_Actors_01-24_16k (1) - Copy\Audio_Speech_Actors_01-24_16k\Actor_13\03-01-04-01-02-02-13.wav,3,1,4,sad,1,2,2,13
03-01-04-02-01-01-13.wav,C:/Users/kenis/OneDrive/Desktop/RAVDESS\data\raw\Audio_Speech_Actors_01-24_16k (1) - Copy\Audio_Speech_Actors_01-24_16k\Actor_13\03-01-04-02-01-01-13.wav,3,1,4,sad,2,1,1,13
03-01-04-02-01-02-13.wav,C:/Users/kenis/OneDrive/Desktop/RAVDESS\data\raw\Audio_Speech_Actors_01-24_16k (1) - Copy\Audio_Speech_Actors_01-24_16k\Actor_13\03-01-04-02-01-02-13.wav,3,1,4,sad,2,1,2,13
03-01-04-02-02-01-13.wav,C:/Users/kenis/OneDrive/Desktop/RAVDESS\data\raw\Audio_Speech_Actors_01-24_16k (1) - Copy\Audio_Speech_Actors_01-24_16k\Actor_13\03-01-04-02-02-01-13.wav,3,1,4,sad,2,2,1,13
03-01-04-02-02-02-13.wav,C:/Users/kenis/OneDrive/Desktop/RAVDESS\data\raw\Audio_Speech_Actors_01-24_16k (1) - Copy\Audio_Speech_Actors_01-24_16k\Actor_13\03-01-04-02-02-02-13.wav,3,1,4,sad,2,2,2,13
03-01-05-01-01-01-13.wav,C:/Users/kenis/OneDrive/Desktop/RAVDESS\data\raw\Audio_Speech_Actors_01-24_16k (1) - Copy\Audio_Speech_Actors_01-24_16k\Actor_13\03-01-05-01-01-01-13.wav,3,1,5,angry,1,1,1,13
03-01-05-01-01-02-13.wav,C:/Users/kenis/OneDrive/Desktop/RAVDESS\data\raw\Audio_Speech_Actors_01-24_16k (1) - Copy\Audio_Speech_Actors_01-24_16k\Actor_13\03-01-05-01-01-02-13.wav,3,1,5,angry,1,1,2,13
03-01-05-01-02-01-13.wav,C:/Users/kenis/OneDrive/Desktop/RAVDESS\data\raw\Audio_Speech_Actors_01-24_16k (1) - Copy\Audio_Speech_Actors_01-24_16k\Actor_13\03-01-05-01-02-01-13.wav,3,1,5,angry,1,2,1,13
03-01-05-01-02-02-13.wav,C:/Users/kenis/OneDrive/Desktop/RAVDESS\data\raw\Audio_Speech_Actors_01-24_16k (1) - Copy\Audio_Speech_Actors_01-24_16k\Actor_13\03-01-05-01-02-02-13.wav,3,1,5,angry,1,2,2,13
03-01-05-02-01-01-13.wav,C:/Users/kenis/OneDrive/Desktop/RAVDESS\data\raw\Audio_Speech_Actors_01-24_16k (1) - Copy\Audio_Speech_Actors_01-24_16k\Actor_13\03-01-05-02-01-01-13.wav,3,1,5,angry,2,1,1,13
03-01-05-02-01-02-13.wav,C:/Users/kenis/OneDrive/Desktop/RAVDESS\data\raw\Audio_Speech_Actors_01-24_16k (1) - Copy\Audio_Speech_Actors_01-24_16k\Actor_13\03-01-05-02-01-02-13.wav,3,1,5,angry,2,1,2,13
03-01-05-02-02-01-13.wav,C:/Users/kenis/OneDrive/Desktop/RAVDESS\data\raw\Audio_Speech_Actors_01-24_16k (1) - Copy\Audio_Speech_Actors_01-24_16k\Actor_13\03-01-05-02-02-01-13.wav,3,1,5,angry,2,2,1,13
03-01-05-02-02-02-13.wav,C:/Users/kenis/OneDrive/Desktop/RAVDESS\data\raw\Audio_Speech_Actors_01-24_16k (1) - Copy\Audio_Speech_Actors_01-24_16k\Actor_13\03-01-05-02-02-02-13.wav,3,1,5,angry,2,2,2,13
03-01-06-01-01-01-13.wav,C:/Users/kenis/OneDrive/Desktop/RAVDESS\data\raw\Audio_Speech_Actors_01-24_16k (1) - Copy\Audio_Speech_Actors_01-24_16k\Actor_13\03-01-06-01-01-01-13.wav,3,1,6,fearful,1,1,1,13
03-01-06-01-01-02-13.wav,C:/Users/kenis/OneDrive/Desktop/RAVDESS\data\raw\Audio_Speech_Actors_01-24_16k (1) - Copy\Audio_Speech_Actors_01-24_16k\Actor_13\03-01-06-01-01-02-13.wav,3,1,6,fearful,1,1,2,13
03-01-06-01-02-01-13.wav,C:/Users/kenis/OneDrive/Desktop/RAVDESS\data\raw\Audio_Speech_Actors_01-24_16k (1) - Copy\Audio_Speech_Actors_01-24_16k\Actor_13\03-01-06-01-02-01-13.wav,3,1,6,fearful,1,2,1,13
03-01-06-01-02-02-13.wav,C:/Users/kenis/OneDrive/Desktop/RAVDESS\data\raw\Audio_Speech_Actors_01-24_16k (1) - Copy\Audio_Speech_Actors_01-24_16k\Actor_13\03-01-06-01-02-02-13.wav,3,1,6,fearful,1,2,2,13
03-01-06-02-01-01-13.wav,C:/Users/kenis/OneDrive/Desktop/RAVDESS\data\raw\Audio_Speech_Actors_01-24_16k (1) - Copy\Audio_Speech_Actors_01-24_16k\Actor_13\03-01-06-02-01-01-13.wav,3,1,6,fearful,2,1,1,13
03-01-06-02-01-02-13.wav,C:/Users/kenis/OneDrive/Desktop/RAVDESS\data\raw\Audio_Speech_Actors_01-24_16k (1) - Copy\Audio_Speech_Actors_01-24_16k\Actor_13\03-01-06-02-01-02-13.wav,3,1,6,fearful,2,1,2,13
03-01-06-02-02-01-13.wav,C:/Users/kenis/OneDrive/Desktop/RAVDESS\data\raw\Audio_Speech_Actors_01-24_16k (1) - Copy\Audio_Speech_Actors_01-24_16k\Actor_13\03-01-06-02-02-01-13.wav,3,1,6,fearful,2,2,1,13
03-01-06-02-02-02-13.wav,C:/Users/kenis/OneDrive/Desktop/RAVDESS\data\raw\Audio_Speech_Actors_01-24_16k (1) - Copy\Audio_Speech_Actors_01-24_16k\Actor_13\03-01-06-02-02-02-13.wav,3,1,6,fearful,2,2,2,13
03-01-07-01-01-01-13.wav,C:/Users/kenis/OneDrive/Desktop/RAVDESS\data\raw\Audio_Speech_Actors_01-24_16k (1) - Copy\Audio_Speech_Actors_01-24_16k\Actor_13\03-01-07-01-01-01-13.wav,3,1,7,disgust,1,1,1,13
03-01-07-01-01-02-13.wav,C:/Users/kenis/OneDrive/Desktop/RAVDESS\data\raw\Audio_Speech_Actors_01-24_16k (1) - Copy\Audio_Speech_Actors_01-24_16k\Actor_13\03-01-07-01-01-02-13.wav,3,1,7,disgust,1,1,2,13
03-01-07-01-02-01-13.wav,C:/Users/kenis/OneDrive/Desktop/RAVDESS\data\raw\Audio_Speech_Actors_01-24_16k (1) - Copy\Audio_Speech_Actors_01-24_16k\Actor_13\03-01-07-01-02-01-13.wav,3,1,7,disgust,1,2,1,13
03-01-07-01-02-02-13.wav,C:/Users/kenis/OneDrive/Desktop/RAVDESS\data\raw\Audio_Speech_Actors_01-24_16k (1) - Copy\Audio_Speech_Actors_01-24_16k\Actor_13\03-01-07-01-02-02-13.wav,3,1,7,disgust,1,2,2,13
03-01-07-02-01-01-13.wav,C:/Users/kenis/OneDrive/Desktop/RAVDESS\data\raw\Audio_Speech_Actors_01-24_16k (1) - Copy\Audio_Speech_Actors_01-24_16k\Actor_13\03-01-07-02-01-01-13.wav,3,1,7,disgust,2,1,1,13
03-01-07-02-01-02-13.wav,C:/Users/kenis/OneDrive/Desktop/RAVDESS\data\raw\Audio_Speech_Actors_01-24_16k (1) - Copy\Audio_Speech_Actors_01-24_16k\Actor_13\03-01-07-02-01-02-13.wav,3,1,7,disgust,2,1,2,13
03-01-07-02-02-01-13.wav,C:/Users/kenis/OneDrive/Desktop/RAVDESS\data\raw\Audio_Speech_Actors_01-24_16k (1) - Copy\Audio_Speech_Actors_01-24_16k\Actor_13\03-01-07-02-02-01-13.wav,3,1,7,disgust,2,2,1,13
03-01-07-02-02-02-13.wav,C:/Users/kenis/OneDrive/Desktop/RAVDESS\data\raw\Audio_Speech_Actors_01-24_16k (1) - Copy\Audio_Speech_Actors_01-24_16k\Actor_13\03-01-07-02-02-02-13.wav,3,1,7,disgust,2,2,2,13
03-01-08-01-01-01-13.wav,C:/Users/kenis/OneDrive/Desktop/RAVDESS\data\raw\Audio_Speech_Actors_01-24_16k (1) - Copy\Audio_Speech_Actors_01-24_16k\Actor_13\03-01-08-01-01-01-13.wav,3,1,8,surprised,1,1,1,13
03-01-08-01-01-02-13.wav,C:/Users/kenis/OneDrive/Desktop/RAVDESS\data\raw\Audio_Speech_Actors_01-24_16k (1) - Copy\Audio_Speech_Actors_01-24_16k\Actor_13\03-01-08-01-01-02-13.wav,3,1,8,surprised,1,1,2,13
03-01-08-01-02-01-13.wav,C:/Users/kenis/OneDrive/Desktop/RAVDESS\data\raw\Audio_Speech_Actors_01-24_16k (1) - Copy\Audio_Speech_Actors_01-24_16k\Actor_13\03-01-08-01-02-01-13.wav,3,1,8,surprised,1,2,1,13
03-01-08-01-02-02-13.wav,C:/Users/kenis/OneDrive/Desktop/RAVDESS\data\raw\Audio_Speech_Actors_01-24_16k (1) - Copy\Audio_Speech_Actors_01-24_16k\Actor_13\03-01-08-01-02-02-13.wav,3,1,8,surprised,1,2,2,13
03-01-08-02-01-01-13.wav,C:/Users/kenis/OneDrive/Desktop/RAVDESS\data\raw\Audio_Speech_Actors_01-24_16k (1) - Copy\Audio_Speech_Actors_01-24_16k\Actor_13\03-01-08-02-01-01-13.wav,3,1,8,surprised,2,1,1,13
03-01-08-02-01-02-13.wav,C:/Users/kenis/OneDrive/Desktop/RAVDESS\data\raw\Audio_Speech_Actors_01-24_16k (1) - Copy\Audio_Speech_Actors_01-24_16k\Actor_13\03-01-08-02-01-02-13.wav,3,1,8,surprised,2,1,2,13
03-01-08-02-02-01-13.wav,C:/Users/kenis/OneDrive/Desktop/RAVDESS\data\raw\Audio_Speech_Actors_01-24_16k (1) - Copy\Audio_Speech_Actors_01-24_16k\Actor_13\03-01-08-02-02-01-13.wav,3,1,8,surprised,2,2,1,13
03-01-08-02-02-02-13.wav,C:/Users/kenis/OneDrive/Desktop/RAVDESS\data\raw\Audio_Speech_Actors_01-24_16k (1) - Copy\Audio_Speech_Actors_01-24_16k\Actor_13\03-01-08-02-02-02-13.wav,3,1,8,surprised,2,2,2,13
03-01-01-01-01-01-14.wav,C:/Users/kenis/OneDrive/Desktop/RAVDESS\data\raw\Audio_Speech_Actors_01-24_16k (1) - Copy\Audio_Speech_Actors_01-24_16k\Actor_14\03-01-01-01-01-01-14.wav,3,1,1,neutral,1,1,1,14
03-01-01-01-01-02-14.wav,C:/Users/kenis/OneDrive/Desktop/RAVDESS\data\raw\Audio_Speech_Actors_01-24_16k (1) - Copy\Audio_Speech_Actors_01-24_16k\Actor_14\03-01-01-01-01-02-14.wav,3,1,1,neutral,1,1,2,14
03-01-01-01-02-01-14.wav,C:/Users/kenis/OneDrive/Desktop/RAVDESS\data\raw\Audio_Speech_Actors_01-24_16k (1) - Copy\Audio_Speech_Actors_01-24_16k\Actor_14\03-01-01-01-02-01-14.wav,3,1,1,neutral,1,2,1,14
03-01-01-01-02-02-14.wav,C:/Users/kenis/OneDrive/Desktop/RAVDESS\data\raw\Audio_Speech_Actors_01-24_16k (1) - Copy\Audio_Speech_Actors_01-24_16k\Actor_14\03-01-01-01-02-02-14.wav,3,1,1,neutral,1,2,2,14
03-01-02-01-01-01-14.wav,C:/Users/kenis/OneDrive/Desktop/RAVDESS\data\raw\Audio_Speech_Actors_01-24_16k (1) - Copy\Audio_Speech_Actors_01-24_16k\Actor_14\03-01-02-01-01-01-14.wav,3,1,2,calm,1,1,1,14
03-01-02-01-01-02-14.wav,C:/Users/kenis/OneDrive/Desktop/RAVDESS\data\raw\Audio_Speech_Actors_01-24_16k (1) - Copy\Audio_Speech_Actors_01-24_16k\Actor_14\03-01-02-01-01-02-14.wav,3,1,2,calm,1,1,2,14
03-01-02-01-02-01-14.wav,C:/Users/kenis/OneDrive/Desktop/RAVDESS\data\raw\Audio_Speech_Actors_01-24_16k (1) - Copy\Audio_Speech_Actors_01-24_16k\Actor_14\03-01-02-01-02-01-14.wav,3,1,2,calm,1,2,1,14
03-01-02-01-02-02-14.wav,C:/Users/kenis/OneDrive/Desktop/RAVDESS\data\raw\Audio_Speech_Actors_01-24_16k (1) - Copy\Audio_Speech_Actors_01-24_16k\Actor_14\03-01-02-01-02-02-14.wav,3,1,2,calm,1,2,2,14
03-01-02-02-01-01-14.wav,C:/Users/kenis/OneDrive/Desktop/RAVDESS\data\raw\Audio_Speech_Actors_01-24_16k (1) - Copy\Audio_Speech_Actors_01-24_16k\Actor_14\03-01-02-02-01-01-14.wav,3,1,2,calm,2,1,1,14
03-01-02-02-01-02-14.wav,C:/Users/kenis/OneDrive/Desktop/RAVDESS\data\raw\Audio_Speech_Actors_01-24_16k (1) - Copy\Audio_Speech_Actors_01-24_16k\Actor_14\03-01-02-02-01-02-14.wav,3,1,2,calm,2,1,2,14
03-01-02-02-02-01-14.wav,C:/Users/kenis/OneDrive/Desktop/RAVDESS\data\raw\Audio_Speech_Actors_01-24_16k (1) - Copy\Audio_Speech_Actors_01-24_16k\Actor_14\03-01-02-02-02-01-14.wav,3,1,2,calm,2,2,1,14
03-01-02-02-02-02-14.wav,C:/Users/kenis/OneDrive/Desktop/RAVDESS\data\raw\Audio_Speech_Actors_01-24_16k (1) - Copy\Audio_Speech_Actors_01-24_16k\Actor_14\03-01-02-02-02-02-14.wav,3,1,2,calm,2,2,2,14
03-01-03-01-01-01-14.wav,C:/Users/kenis/OneDrive/Desktop/RAVDESS\data\raw\Audio_Speech_Actors_01-24_16k (1) - Copy\Audio_Speech_Actors_01-24_16k\Actor_14\03-01-03-01-01-01-14.wav,3,1,3,happy,1,1,1,14
03-01-03-01-01-02-14.wav,C:/Users/kenis/OneDrive/Desktop/RAVDESS\data\raw\Audio_Speech_Actors_01-24_16k (1) - Copy\Audio_Speech_Actors_01-24_16k\Actor_14\03-01-03-01-01-02-14.wav,3,1,3,happy,1,1,2,14
03-01-03-01-02-01-14.wav,C:/Users/kenis/OneDrive/Desktop/RAVDESS\data\raw\Audio_Speech_Actors_01-24_16k (1) - Copy\Audio_Speech_Actors_01-24_16k\Actor_14\03-01-03-01-02-01-14.wav,3,1,3,happy,1,2,1,14
03-01-03-01-02-02-14.wav,C:/Users/kenis/OneDrive/Desktop/RAVDESS\data\raw\Audio_Speech_Actors_01-24_16k (1) - Copy\Audio_Speech_Actors_01-24_16k\Actor_14\03-01-03-01-02-02-14.wav,3,1,3,happy,1,2,2,14
03-01-03-02-01-01-14.wav,C:/Users/kenis/OneDrive/Desktop/RAVDESS\data\raw\Audio_Speech_Actors_01-24_16k (1) - Copy\Audio_Speech_Actors_01-24_16k\Actor_14\03-01-03-02-01-01-14.wav,3,1,3,happy,2,1,1,14
03-01-03-02-01-02-14.wav,C:/Users/kenis/OneDrive/Desktop/RAVDESS\data\raw\Audio_Speech_Actors_01-24_16k (1) - Copy\Audio_Speech_Actors_01-24_16k\Actor_14\03-01-03-02-01-02-14.wav,3,1,3,happy,2,1,2,14
03-01-03-02-02-01-14.wav,C:/Users/kenis/OneDrive/Desktop/RAVDESS\data\raw\Audio_Speech_Actors_01-24_16k (1) - Copy\Audio_Speech_Actors_01-24_16k\Actor_14\03-01-03-02-02-01-14.wav,3,1,3,happy,2,2,1,14
03-01-03-02-02-02-14.wav,C:/Users/kenis/OneDrive/Desktop/RAVDESS\data\raw\Audio_Speech_Actors_01-24_16k (1) - Copy\Audio_Speech_Actors_01-24_16k\Actor_14\03-01-03-02-02-02-14.wav,3,1,3,happy,2,2,2,14
03-01-04-01-01-01-14.wav,C:/Users/kenis/OneDrive/Desktop/RAVDESS\data\raw\Audio_Speech_Actors_01-24_16k (1) - Copy\Audio_Speech_Actors_01-24_16k\Actor_14\03-01-04-01-01-01-14.wav,3,1,4,sad,1,1,1,14
03-01-04-01-01-02-14.wav,C:/Users/kenis/OneDrive/Desktop/RAVDESS\data\raw\Audio_Speech_Actors_01-24_16k (1) - Copy\Audio_Speech_Actors_01-24_16k\Actor_14\03-01-04-01-01-02-14.wav,3,1,4,sad,1,1,2,14
03-01-04-01-02-01-14.wav,C:/Users/kenis/OneDrive/Desktop/RAVDESS\data\raw\Audio_Speech_Actors_01-24_16k (1) - Copy\Audio_Speech_Actors_01-24_16k\Actor_14\03-01-04-01-02-01-14.wav,3,1,4,sad,1,2,1,14
03-01-04-01-02-02-14.wav,C:/Users/kenis/OneDrive/Desktop/RAVDESS\data\raw\Audio_Speech_Actors_01-24_16k (1) - Copy\Audio_Speech_Actors_01-24_16k\Actor_14\03-01-04-01-02-02-14.wav,3,1,4,sad,1,2,2,14
03-01-04-02-01-01-14.wav,C:/Users/kenis/OneDrive/Desktop/RAVDESS\data\raw\Audio_Speech_Actors_01-24_16k (1) - Copy\Audio_Speech_Actors_01-24_16k\Actor_14\03-01-04-02-01-01-14.wav,3,1,4,sad,2,1,1,14
03-01-04-02-01-02-14.wav,C:/Users/kenis/OneDrive/Desktop/RAVDESS\data\raw\Audio_Speech_Actors_01-24_16k (1) - Copy\Audio_Speech_Actors_01-24_16k\Actor_14\03-01-04-02-01-02-14.wav,3,1,4,sad,2,1,2,14
03-01-04-02-02-01-14.wav,C:/Users/kenis/OneDrive/Desktop/RAVDESS\data\raw\Audio_Speech_Actors_01-24_16k (1) - Copy\Audio_Speech_Actors_01-24_16k\Actor_14\03-01-04-02-02-01-14.wav,3,1,4,sad,2,2,1,14
03-01-04-02-02-02-14.wav,C:/Users/kenis/OneDrive/Desktop/RAVDESS\data\raw\Audio_Speech_Actors_01-24_16k (1) - Copy\Audio_Speech_Actors_01-24_16k\Actor_14\03-01-04-02-02-02-14.wav,3,1,4,sad,2,2,2,14
03-01-05-01-01-01-14.wav,C:/Users/kenis/OneDrive/Desktop/RAVDESS\data\raw\Audio_Speech_Actors_01-24_16k (1) - Copy\Audio_Speech_Actors_01-24_16k\Actor_14\03-01-05-01-01-01-14.wav,3,1,5,angry,1,1,1,14
03-01-05-01-01-02-14.wav,C:/Users/kenis/OneDrive/Desktop/RAVDESS\data\raw\Audio_Speech_Actors_01-24_16k (1) - Copy\Audio_Speech_Actors_01-24_16k\Actor_14\03-01-05-01-01-02-14.wav,3,1,5,angry,1,1,2,14
03-01-05-01-02-01-14.wav,C:/Users/kenis/OneDrive/Desktop/RAVDESS\data\raw\Audio_Speech_Actors_01-24_16k (1) - Copy\Audio_Speech_Actors_01-24_16k\Actor_14\03-01-05-01-02-01-14.wav,3,1,5,angry,1,2,1,14
03-01-05-01-02-02-14.wav,C:/Users/kenis/OneDrive/Desktop/RAVDESS\data\raw\Audio_Speech_Actors_01-24_16k (1) - Copy\Audio_Speech_Actors_01-24_16k\Actor_14\03-01-05-01-02-02-14.wav,3,1,5,angry,1,2,2,14
03-01-05-02-01-01-14.wav,C:/Users/kenis/OneDrive/Desktop/RAVDESS\data\raw\Audio_Speech_Actors_01-24_16k (1) - Copy\Audio_Speech_Actors_01-24_16k\Actor_14\03-01-05-02-01-01-14.wav,3,1,5,angry,2,1,1,14
03-01-05-02-01-02-14.wav,C:/Users/kenis/OneDrive/Desktop/RAVDESS\data\raw\Audio_Speech_Actors_01-24_16k (1) - Copy\Audio_Speech_Actors_01-24_16k\Actor_14\03-01-05-02-01-02-14.wav,3,1,5,angry,2,1,2,14
03-01-05-02-02-01-14.wav,C:/Users/kenis/OneDrive/Desktop/RAVDESS\data\raw\Audio_Speech_Actors_01-24_16k (1) - Copy\Audio_Speech_Actors_01-24_16k\Actor_14\03-01-05-02-02-01-14.wav,3,1,5,angry,2,2,1,14
03-01-05-02-02-02-14.wav,C:/Users/kenis/OneDrive/Desktop/RAVDESS\data\raw\Audio_Speech_Actors_01-24_16k (1) - Copy\Audio_Speech_Actors_01-24_16k\Actor_14\03-01-05-02-02-02-14.wav,3,1,5,angry,2,2,2,14
03-01-06-01-01-01-14.wav,C:/Users/kenis/OneDrive/Desktop/RAVDESS\data\raw\Audio_Speech_Actors_01-24_16k (1) - Copy\Audio_Speech_Actors_01-24_16k\Actor_14\03-01-06-01-01-01-14.wav,3,1,6,fearful,1,1,1,14
03-01-06-01-01-02-14.wav,C:/Users/kenis/OneDrive/Desktop/RAVDESS\data\raw\Audio_Speech_Actors_01-24_16k (1) - Copy\Audio_Speech_Actors_01-24_16k\Actor_14\03-01-06-01-01-02-14.wav,3,1,6,fearful,1,1,2,14
03-01-06-01-02-01-14.wav,C:/Users/kenis/OneDrive/Desktop/RAVDESS\data\raw\Audio_Speech_Actors_01-24_16k (1) - Copy\Audio_Speech_Actors_01-24_16k\Actor_14\03-01-06-01-02-01-14.wav,3,1,6,fearful,1,2,1,14
03-01-06-01-02-02-14.wav,C:/Users/kenis/OneDrive/Desktop/RAVDESS\data\raw\Audio_Speech_Actors_01-24_16k (1) - Copy\Audio_Speech_Actors_01-24_16k\Actor_14\03-01-06-01-02-02-14.wav,3,1,6,fearful,1,2,2,14
03-01-06-02-01-01-14.wav,C:/Users/kenis/OneDrive/Desktop/RAVDESS\data\raw\Audio_Speech_Actors_01-24_16k (1) - Copy\Audio_Speech_Actors_01-24_16k\Actor_14\03-01-06-02-01-01-14.wav,3,1,6,fearful,2,1,1,14
03-01-06-02-01-02-14.wav,C:/Users/kenis/OneDrive/Desktop/RAVDESS\data\raw\Audio_Speech_Actors_01-24_16k (1) - Copy\Audio_Speech_Actors_01-24_16k\Actor_14\03-01-06-02-01-02-14.wav,3,1,6,fearful,2,1,2,14
03-01-06-02-02-01-14.wav,C:/Users/kenis/OneDrive/Desktop/RAVDESS\data\raw\Audio_Speech_Actors_01-24_16k (1) - Copy\Audio_Speech_Actors_01-24_16k\Actor_14\03-01-06-02-02-01-14.wav,3,1,6,fearful,2,2,1,14
03-01-06-02-02-02-14.wav,C:/Users/kenis/OneDrive/Desktop/RAVDESS\data\raw\Audio_Speech_Actors_01-24_16k (1) - Copy\Audio_Speech_Actors_01-24_16k\Actor_14\03-01-06-02-02-02-14.wav,3,1,6,fearful,2,2,2,14
03-01-07-01-01-01-14.wav,C:/Users/kenis/OneDrive/Desktop/RAVDESS\data\raw\Audio_Speech_Actors_01-24_16k (1) - Copy\Audio_Speech_Actors_01-24_16k\Actor_14\03-01-07-01-01-01-14.wav,3,1,7,disgust,1,1,1,14
03-01-07-01-01-02-14.wav,C:/Users/kenis/OneDrive/Desktop/RAVDESS\data\raw\Audio_Speech_Actors_01-24_16k (1) - Copy\Audio_Speech_Actors_01-24_16k\Actor_14\03-01-07-01-01-02-14.wav,3,1,7,disgust,1,1,2,14
03-01-07-01-02-01-14.wav,C:/Users/kenis/OneDrive/Desktop/RAVDESS\data\raw\Audio_Speech_Actors_01-24_16k (1) - Copy\Audio_Speech_Actors_01-24_16k\Actor_14\03-01-07-01-02-01-14.wav,3,1,7,disgust,1,2,1,14
03-01-07-01-02-02-14.wav,C:/Users/kenis/OneDrive/Desktop/RAVDESS\data\raw\Audio_Speech_Actors_01-24_16k (1) - Copy\Audio_Speech_Actors_01-24_16k\Actor_14\03-01-07-01-02-02-14.wav,3,1,7,disgust,1,2,2,14
03-01-07-02-01-01-14.wav,C:/Users/kenis/OneDrive/Desktop/RAVDESS\data\raw\Audio_Speech_Actors_01-24_16k (1) - Copy\Audio_Speech_Actors_01-24_16k\Actor_14\03-01-07-02-01-01-14.wav,3,1,7,disgust,2,1,1,14
03-01-07-02-01-02-14.wav,C:/Users/kenis/OneDrive/Desktop/RAVDESS\data\raw\Audio_Speech_Actors_01-24_16k (1) - Copy\Audio_Speech_Actors_01-24_16k\Actor_14\03-01-07-02-01-02-14.wav,3,1,7,disgust,2,1,2,14
03-01-07-02-02-01-14.wav,C:/Users/kenis/OneDrive/Desktop/RAVDESS\data\raw\Audio_Speech_Actors_01-24_16k (1) - Copy\Audio_Speech_Actors_01-24_16k\Actor_14\03-01-07-02-02-01-14.wav,3,1,7,disgust,2,2,1,14
03-01-07-02-02-02-14.wav,C:/Users/kenis/OneDrive/Desktop/RAVDESS\data\raw\Audio_Speech_Actors_01-24_16k (1) - Copy\Audio_Speech_Actors_01-24_16k\Actor_14\03-01-07-02-02-02-14.wav,3,1,7,disgust,2,2,2,14
03-01-08-01-01-01-14.wav,C:/Users/kenis/OneDrive/Desktop/RAVDESS\data\raw\Audio_Speech_Actors_01-24_16k (1) - Copy\Audio_Speech_Actors_01-24_16k\Actor_14\03-01-08-01-01-01-14.wav,3,1,8,surprised,1,1,1,14
03-01-08-01-01-02-14.wav,C:/Users/kenis/OneDrive/Desktop/RAVDESS\data\raw\Audio_Speech_Actors_01-24_16k (1) - Copy\Audio_Speech_Actors_01-24_16k\Actor_14\03-01-08-01-01-02-14.wav,3,1,8,surprised,1,1,2,14
03-01-08-01-02-01-14.wav,C:/Users/kenis/OneDrive/Desktop/RAVDESS\data\raw\Audio_Speech_Actors_01-24_16k (1) - Copy\Audio_Speech_Actors_01-24_16k\Actor_14\03-01-08-01-02-01-14.wav,3,1,8,surprised,1,2,1,14
03-01-08-01-02-02-14.wav,C:/Users/kenis/OneDrive/Desktop/RAVDESS\data\raw\Audio_Speech_Actors_01-24_16k (1) - Copy\Audio_Speech_Actors_01-24_16k\Actor_14\03-01-08-01-02-02-14.wav,3,1,8,surprised,1,2,2,14
03-01-08-02-01-01-14.wav,C:/Users/kenis/OneDrive/Desktop/RAVDESS\data\raw\Audio_Speech_Actors_01-24_16k (1) - Copy\Audio_Speech_Actors_01-24_16k\Actor_14\03-01-08-02-01-01-14.wav,3,1,8,surprised,2,1,1,14
03-01-08-02-01-02-14.wav,C:/Users/kenis/OneDrive/Desktop/RAVDESS\data\raw\Audio_Speech_Actors_01-24_16k (1) - Copy\Audio_Speech_Actors_01-24_16k\Actor_14\03-01-08-02-01-02-14.wav,3,1,8,surprised,2,1,2,14
03-01-08-02-02-01-14.wav,C:/Users/kenis/OneDrive/Desktop/RAVDESS\data\raw\Audio_Speech_Actors_01-24_16k (1) - Copy\Audio_Speech_Actors_01-24_16k\Actor_14\03-01-08-02-02-01-14.wav,3,1,8,surprised,2,2,1,14
03-01-08-02-02-02-14.wav,C:/Users/kenis/OneDrive/Desktop/RAVDESS\data\raw\Audio_Speech_Actors_01-24_16k (1) - Copy\Audio_Speech_Actors_01-24_16k\Actor_14\03-01-08-02-02-02-14.wav,3,1,8,surprised,2,2,2,14
03-01-01-01-01-01-15.wav,C:/Users/kenis/OneDrive/Desktop/RAVDESS\data\raw\Audio_Speech_Actors_01-24_16k (1) - Copy\Audio_Speech_Actors_01-24_16k\Actor_15\03-01-01-01-01-01-15.wav,3,1,1,neutral,1,1,1,15
03-01-01-01-01-02-15.wav,C:/Users/kenis/OneDrive/Desktop/RAVDESS\data\raw\Audio_Speech_Actors_01-24_16k (1) - Copy\Audio_Speech_Actors_01-24_16k\Actor_15\03-01-01-01-01-02-15.wav,3,1,1,neutral,1,1,2,15
03-01-01-01-02-01-15.wav,C:/Users/kenis/OneDrive/Desktop/RAVDESS\data\raw\Audio_Speech_Actors_01-24_16k (1) - Copy\Audio_Speech_Actors_01-24_16k\Actor_15\03-01-01-01-02-01-15.wav,3,1,1,neutral,1,2,1,15
03-01-01-01-02-02-15.wav,C:/Users/kenis/OneDrive/Desktop/RAVDESS\data\raw\Audio_Speech_Actors_01-24_16k (1) - Copy\Audio_Speech_Actors_01-24_16k\Actor_15\03-01-01-01-02-02-15.wav,3,1,1,neutral,1,2,2,15
03-01-02-01-01-01-15.wav,C:/Users/kenis/OneDrive/Desktop/RAVDESS\data\raw\Audio_Speech_Actors_01-24_16k (1) - Copy\Audio_Speech_Actors_01-24_16k\Actor_15\03-01-02-01-01-01-15.wav,3,1,2,calm,1,1,1,15
03-01-02-01-01-02-15.wav,C:/Users/kenis/OneDrive/Desktop/RAVDESS\data\raw\Audio_Speech_Actors_01-24_16k (1) - Copy\Audio_Speech_Actors_01-24_16k\Actor_15\03-01-02-01-01-02-15.wav,3,1,2,calm,1,1,2,15
03-01-02-01-02-01-15.wav,C:/Users/kenis/OneDrive/Desktop/RAVDESS\data\raw\Audio_Speech_Actors_01-24_16k (1) - Copy\Audio_Speech_Actors_01-24_16k\Actor_15\03-01-02-01-02-01-15.wav,3,1,2,calm,1,2,1,15
03-01-02-01-02-02-15.wav,C:/Users/kenis/OneDrive/Desktop/RAVDESS\data\raw\Audio_Speech_Actors_01-24_16k (1) - Copy\Audio_Speech_Actors_01-24_16k\Actor_15\03-01-02-01-02-02-15.wav,3,1,2,calm,1,2,2,15
03-01-02-02-01-01-15.wav,C:/Users/kenis/OneDrive/Desktop/RAVDESS\data\raw\Audio_Speech_Actors_01-24_16k (1) - Copy\Audio_Speech_Actors_01-24_16k\Actor_15\03-01-02-02-01-01-15.wav,3,1,2,calm,2,1,1,15
03-01-02-02-01-02-15.wav,C:/Users/kenis/OneDrive/Desktop/RAVDESS\data\raw\Audio_Speech_Actors_01-24_16k (1) - Copy\Audio_Speech_Actors_01-24_16k\Actor_15\03-01-02-02-01-02-15.wav,3,1,2,calm,2,1,2,15
03-01-02-02-02-01-15.wav,C:/Users/kenis/OneDrive/Desktop/RAVDESS\data\raw\Audio_Speech_Actors_01-24_16k (1) - Copy\Audio_Speech_Actors_01-24_16k\Actor_15\03-01-02-02-02-01-15.wav,3,1,2,calm,2,2,1,15
03-01-02-02-02-02-15.wav,C:/Users/kenis/OneDrive/Desktop/RAVDESS\data\raw\Audio_Speech_Actors_01-24_16k (1) - Copy\Audio_Speech_Actors_01-24_16k\Actor_15\03-01-02-02-02-02-15.wav,3,1,2,calm,2,2,2,15
03-01-03-01-01-01-15.wav,C:/Users/kenis/OneDrive/Desktop/RAVDESS\data\raw\Audio_Speech_Actors_01-24_16k (1) - Copy\Audio_Speech_Actors_01-24_16k\Actor_15\03-01-03-01-01-01-15.wav,3,1,3,happy,1,1,1,15
03-01-03-01-01-02-15.wav,C:/Users/kenis/OneDrive/Desktop/RAVDESS\data\raw\Audio_Speech_Actors_01-24_16k (1) - Copy\Audio_Speech_Actors_01-24_16k\Actor_15\03-01-03-01-01-02-15.wav,3,1,3,happy,1,1,2,15
03-01-03-01-02-01-15.wav,C:/Users/kenis/OneDrive/Desktop/RAVDESS\data\raw\Audio_Speech_Actors_01-24_16k (1) - Copy\Audio_Speech_Actors_01-24_16k\Actor_15\03-01-03-01-02-01-15.wav,3,1,3,happy,1,2,1,15
03-01-03-01-02-02-15.wav,C:/Users/kenis/OneDrive/Desktop/RAVDESS\data\raw\Audio_Speech_Actors_01-24_16k (1) - Copy\Audio_Speech_Actors_01-24_16k\Actor_15\03-01-03-01-02-02-15.wav,3,1,3,happy,1,2,2,15
03-01-03-02-01-01-15.wav,C:/Users/kenis/OneDrive/Desktop/RAVDESS\data\raw\Audio_Speech_Actors_01-24_16k (1) - Copy\Audio_Speech_Actors_01-24_16k\Actor_15\03-01-03-02-01-01-15.wav,3,1,3,happy,2,1,1,15
03-01-03-02-01-02-15.wav,C:/Users/kenis/OneDrive/Desktop/RAVDESS\data\raw\Audio_Speech_Actors_01-24_16k (1) - Copy\Audio_Speech_Actors_01-24_16k\Actor_15\03-01-03-02-01-02-15.wav,3,1,3,happy,2,1,2,15
03-01-03-02-02-01-15.wav,C:/Users/kenis/OneDrive/Desktop/RAVDESS\data\raw\Audio_Speech_Actors_01-24_16k (1) - Copy\Audio_Speech_Actors_01-24_16k\Actor_15\03-01-03-02-02-01-15.wav,3,1,3,happy,2,2,1,15
03-01-03-02-02-02-15.wav,C:/Users/kenis/OneDrive/Desktop/RAVDESS\data\raw\Audio_Speech_Actors_01-24_16k (1) - Copy\Audio_Speech_Actors_01-24_16k\Actor_15\03-01-03-02-02-02-15.wav,3,1,3,happy,2,2,2,15
03-01-04-01-01-01-15.wav,C:/Users/kenis/OneDrive/Desktop/RAVDESS\data\raw\Audio_Speech_Actors_01-24_16k (1) - Copy\Audio_Speech_Actors_01-24_16k\Actor_15\03-01-04-01-01-01-15.wav,3,1,4,sad,1,1,1,15
03-01-04-01-01-02-15.wav,C:/Users/kenis/OneDrive/Desktop/RAVDESS\data\raw\Audio_Speech_Actors_01-24_16k (1) - Copy\Audio_Speech_Actors_01-24_16k\Actor_15\03-01-04-01-01-02-15.wav,3,1,4,sad,1,1,2,15
03-01-04-01-02-01-15.wav,C:/Users/kenis/OneDrive/Desktop/RAVDESS\data\raw\Audio_Speech_Actors_01-24_16k (1) - Copy\Audio_Speech_Actors_01-24_16k\Actor_15\03-01-04-01-02-01-15.wav,3,1,4,sad,1,2,1,15
03-01-04-01-02-02-15.wav,C:/Users/kenis/OneDrive/Desktop/RAVDESS\data\raw\Audio_Speech_Actors_01-24_16k (1) - Copy\Audio_Speech_Actors_01-24_16k\Actor_15\03-01-04-01-02-02-15.wav,3,1,4,sad,1,2,2,15
03-01-04-02-01-01-15.wav,C:/Users/kenis/OneDrive/Desktop/RAVDESS\data\raw\Audio_Speech_Actors_01-24_16k (1) - Copy\Audio_Speech_Actors_01-24_16k\Actor_15\03-01-04-02-01-01-15.wav,3,1,4,sad,2,1,1,15
03-01-04-02-01-02-15.wav,C:/Users/kenis/OneDrive/Desktop/RAVDESS\data\raw\Audio_Speech_Actors_01-24_16k (1) - Copy\Audio_Speech_Actors_01-24_16k\Actor_15\03-01-04-02-01-02-15.wav,3,1,4,sad,2,1,2,15
03-01-04-02-02-01-15.wav,C:/Users/kenis/OneDrive/Desktop/RAVDESS\data\raw\Audio_Speech_Actors_01-24_16k (1) - Copy\Audio_Speech_Actors_01-24_16k\Actor_15\03-01-04-02-02-01-15.wav,3,1,4,sad,2,2,1,15
03-01-04-02-02-02-15.wav,C:/Users/kenis/OneDrive/Desktop/RAVDESS\data\raw\Audio_Speech_Actors_01-24_16k (1) - Copy\Audio_Speech_Actors_01-24_16k\Actor_15\03-01-04-02-02-02-15.wav,3,1,4,sad,2,2,2,15
03-01-05-01-01-01-15.wav,C:/Users/kenis/OneDrive/Desktop/RAVDESS\data\raw\Audio_Speech_Actors_01-24_16k (1) - Copy\Audio_Speech_Actors_01-24_16k\Actor_15\03-01-05-01-01-01-15.wav,3,1,5,angry,1,1,1,15
03-01-05-01-01-02-15.wav,C:/Users/kenis/OneDrive/Desktop/RAVDESS\data\raw\Audio_Speech_Actors_01-24_16k (1) - Copy\Audio_Speech_Actors_01-24_16k\Actor_15\03-01-05-01-01-02-15.wav,3,1,5,angry,1,1,2,15
03-01-05-01-02-01-15.wav,C:/Users/kenis/OneDrive/Desktop/RAVDESS\data\raw\Audio_Speech_Actors_01-24_16k (1) - Copy\Audio_Speech_Actors_01-24_16k\Actor_15\03-01-05-01-02-01-15.wav,3,1,5,angry,1,2,1,15
03-01-05-01-02-02-15.wav,C:/Users/kenis/OneDrive/Desktop/RAVDESS\data\raw\Audio_Speech_Actors_01-24_16k (1) - Copy\Audio_Speech_Actors_01-24_16k\Actor_15\03-01-05-01-02-02-15.wav,3,1,5,angry,1,2,2,15
03-01-05-02-01-01-15.wav,C:/Users/kenis/OneDrive/Desktop/RAVDESS\data\raw\Audio_Speech_Actors_01-24_16k (1) - Copy\Audio_Speech_Actors_01-24_16k\Actor_15\03-01-05-02-01-01-15.wav,3,1,5,angry,2,1,1,15
03-01-05-02-01-02-15.wav,C:/Users/kenis/OneDrive/Desktop/RAVDESS\data\raw\Audio_Speech_Actors_01-24_16k (1) - Copy\Audio_Speech_Actors_01-24_16k\Actor_15\03-01-05-02-01-02-15.wav,3,1,5,angry,2,1,2,15
03-01-05-02-02-01-15.wav,C:/Users/kenis/OneDrive/Desktop/RAVDESS\data\raw\Audio_Speech_Actors_01-24_16k (1) - Copy\Audio_Speech_Actors_01-24_16k\Actor_15\03-01-05-02-02-01-15.wav,3,1,5,angry,2,2,1,15
03-01-05-02-02-02-15.wav,C:/Users/kenis/OneDrive/Desktop/RAVDESS\data\raw\Audio_Speech_Actors_01-24_16k (1) - Copy\Audio_Speech_Actors_01-24_16k\Actor_15\03-01-05-02-02-02-15.wav,3,1,5,angry,2,2,2,15
03-01-06-01-01-01-15.wav,C:/Users/kenis/OneDrive/Desktop/RAVDESS\data\raw\Audio_Speech_Actors_01-24_16k (1) - Copy\Audio_Speech_Actors_01-24_16k\Actor_15\03-01-06-01-01-01-15.wav,3,1,6,fearful,1,1,1,15
03-01-06-01-01-02-15.wav,C:/Users/kenis/OneDrive/Desktop/RAVDESS\data\raw\Audio_Speech_Actors_01-24_16k (1) - Copy\Audio_Speech_Actors_01-24_16k\Actor_15\03-01-06-01-01-02-15.wav,3,1,6,fearful,1,1,2,15
03-01-06-01-02-01-15.wav,C:/Users/kenis/OneDrive/Desktop/RAVDESS\data\raw\Audio_Speech_Actors_01-24_16k (1) - Copy\Audio_Speech_Actors_01-24_16k\Actor_15\03-01-06-01-02-01-15.wav,3,1,6,fearful,1,2,1,15
03-01-06-01-02-02-15.wav,C:/Users/kenis/OneDrive/Desktop/RAVDESS\data\raw\Audio_Speech_Actors_01-24_16k (1) - Copy\Audio_Speech_Actors_01-24_16k\Actor_15\03-01-06-01-02-02-15.wav,3,1,6,fearful,1,2,2,15
03-01-06-02-01-01-15.wav,C:/Users/kenis/OneDrive/Desktop/RAVDESS\data\raw\Audio_Speech_Actors_01-24_16k (1) - Copy\Audio_Speech_Actors_01-24_16k\Actor_15\03-01-06-02-01-01-15.wav,3,1,6,fearful,2,1,1,15
03-01-06-02-01-02-15.wav,C:/Users/kenis/OneDrive/Desktop/RAVDESS\data\raw\Audio_Speech_Actors_01-24_16k (1) - Copy\Audio_Speech_Actors_01-24_16k\Actor_15\03-01-06-02-01-02-15.wav,3,1,6,fearful,2,1,2,15
03-01-06-02-02-01-15.wav,C:/Users/kenis/OneDrive/Desktop/RAVDESS\data\raw\Audio_Speech_Actors_01-24_16k (1) - Copy\Audio_Speech_Actors_01-24_16k\Actor_15\03-01-06-02-02-01-15.wav,3,1,6,fearful,2,2,1,15
03-01-06-02-02-02-15.wav,C:/Users/kenis/OneDrive/Desktop/RAVDESS\data\raw\Audio_Speech_Actors_01-24_16k (1) - Copy\Audio_Speech_Actors_01-24_16k\Actor_15\03-01-06-02-02-02-15.wav,3,1,6,fearful,2,2,2,15
03-01-07-01-01-01-15.wav,C:/Users/kenis/OneDrive/Desktop/RAVDESS\data\raw\Audio_Speech_Actors_01-24_16k (1) - Copy\Audio_Speech_Actors_01-24_16k\Actor_15\03-01-07-01-01-01-15.wav,3,1,7,disgust,1,1,1,15
03-01-07-01-01-02-15.wav,C:/Users/kenis/OneDrive/Desktop/RAVDESS\data\raw\Audio_Speech_Actors_01-24_16k (1) - Copy\Audio_Speech_Actors_01-24_16k\Actor_15\03-01-07-01-01-02-15.wav,3,1,7,disgust,1,1,2,15
03-01-07-01-02-01-15.wav,C:/Users/kenis/OneDrive/Desktop/RAVDESS\data\raw\Audio_Speech_Actors_01-24_16k (1) - Copy\Audio_Speech_Actors_01-24_16k\Actor_15\03-01-07-01-02-01-15.wav,3,1,7,disgust,1,2,1,15
03-01-07-01-02-02-15.wav,C:/Users/kenis/OneDrive/Desktop/RAVDESS\data\raw\Audio_Speech_Actors_01-24_16k (1) - Copy\Audio_Speech_Actors_01-24_16k\Actor_15\03-01-07-01-02-02-15.wav,3,1,7,disgust,1,2,2,15
03-01-07-02-01-01-15.wav,C:/Users/kenis/OneDrive/Desktop/RAVDESS\data\raw\Audio_Speech_Actors_01-24_16k (1) - Copy\Audio_Speech_Actors_01-24_16k\Actor_15\03-01-07-02-01-01-15.wav,3,1,7,disgust,2,1,1,15
03-01-07-02-01-02-15.wav,C:/Users/kenis/OneDrive/Desktop/RAVDESS\data\raw\Audio_Speech_Actors_01-24_16k (1) - Copy\Audio_Speech_Actors_01-24_16k\Actor_15\03-01-07-02-01-02-15.wav,3,1,7,disgust,2,1,2,15
03-01-07-02-02-01-15.wav,C:/Users/kenis/OneDrive/Desktop/RAVDESS\data\raw\Audio_Speech_Actors_01-24_16k (1) - Copy\Audio_Speech_Actors_01-24_16k\Actor_15\03-01-07-02-02-01-15.wav,3,1,7,disgust,2,2,1,15
03-01-07-02-02-02-15.wav,C:/Users/kenis/OneDrive/Desktop/RAVDESS\data\raw\Audio_Speech_Actors_01-24_16k (1) - Copy\Audio_Speech_Actors_01-24_16k\Actor_15\03-01-07-02-02-02-15.wav,3,1,7,disgust,2,2,2,15
03-01-08-01-01-01-15.wav,C:/Users/kenis/OneDrive/Desktop/RAVDESS\data\raw\Audio_Speech_Actors_01-24_16k (1) - Copy\Audio_Speech_Actors_01-24_16k\Actor_15\03-01-08-01-01-01-15.wav,3,1,8,surprised,1,1,1,15
03-01-08-01-01-02-15.wav,C:/Users/kenis/OneDrive/Desktop/RAVDESS\data\raw\Audio_Speech_Actors_01-24_16k (1) - Copy\Audio_Speech_Actors_01-24_16k\Actor_15\03-01-08-01-01-02-15.wav,3,1,8,surprised,1,1,2,15
03-01-08-01-02-01-15.wav,C:/Users/kenis/OneDrive/Desktop/RAVDESS\data\raw\Audio_Speech_Actors_01-24_16k (1) - Copy\Audio_Speech_Actors_01-24_16k\Actor_15\03-01-08-01-02-01-15.wav,3,1,8,surprised,1,2,1,15
03-01-08-01-02-02-15.wav,C:/Users/kenis/OneDrive/Desktop/RAVDESS\data\raw\Audio_Speech_Actors_01-24_16k (1) - Copy\Audio_Speech_Actors_01-24_16k\Actor_15\03-01-08-01-02-02-15.wav,3,1,8,surprised,1,2,2,15
03-01-08-02-01-01-15.wav,C:/Users/kenis/OneDrive/Desktop/RAVDESS\data\raw\Audio_Speech_Actors_01-24_16k (1) - Copy\Audio_Speech_Actors_01-24_16k\Actor_15\03-01-08-02-01-01-15.wav,3,1,8,surprised,2,1,1,15
03-01-08-02-01-02-15.wav,C:/Users/kenis/OneDrive/Desktop/RAVDESS\data\raw\Audio_Speech_Actors_01-24_16k (1) - Copy\Audio_Speech_Actors_01-24_16k\Actor_15\03-01-08-02-01-02-15.wav,3,1,8,surprised,2,1,2,15
03-01-08-02-02-01-15.wav,C:/Users/kenis/OneDrive/Desktop/RAVDESS\data\raw\Audio_Speech_Actors_01-24_16k (1) - Copy\Audio_Speech_Actors_01-24_16k\Actor_15\03-01-08-02-02-01-15.wav,3,1,8,surprised,2,2,1,15
03-01-08-02-02-02-15.wav,C:/Users/kenis/OneDrive/Desktop/RAVDESS\data\raw\Audio_Speech_Actors_01-24_16k (1) - Copy\Audio_Speech_Actors_01-24_16k\Actor_15\03-01-08-02-02-02-15.wav,3,1,8,surprised,2,2,2,15
03-01-01-01-01-01-16.wav,C:/Users/kenis/OneDrive/Desktop/RAVDESS\data\raw\Audio_Speech_Actors_01-24_16k (1) - Copy\Audio_Speech_Actors_01-24_16k\Actor_16\03-01-01-01-01-01-16.wav,3,1,1,neutral,1,1,1,16
03-01-01-01-01-02-16.wav,C:/Users/kenis/OneDrive/Desktop/RAVDESS\data\raw\Audio_Speech_Actors_01-24_16k (1) - Copy\Audio_Speech_Actors_01-24_16k\Actor_16\03-01-01-01-01-02-16.wav,3,1,1,neutral,1,1,2,16
03-01-01-01-02-01-16.wav,C:/Users/kenis/OneDrive/Desktop/RAVDESS\data\raw\Audio_Speech_Actors_01-24_16k (1) - Copy\Audio_Speech_Actors_01-24_16k\Actor_16\03-01-01-01-02-01-16.wav,3,1,1,neutral,1,2,1,16
03-01-01-01-02-02-16.wav,C:/Users/kenis/OneDrive/Desktop/RAVDESS\data\raw\Audio_Speech_Actors_01-24_16k (1) - Copy\Audio_Speech_Actors_01-24_16k\Actor_16\03-01-01-01-02-02-16.wav,3,1,1,neutral,1,2,2,16
03-01-02-01-01-01-16.wav,C:/Users/kenis/OneDrive/Desktop/RAVDESS\data\raw\Audio_Speech_Actors_01-24_16k (1) - Copy\Audio_Speech_Actors_01-24_16k\Actor_16\03-01-02-01-01-01-16.wav,3,1,2,calm,1,1,1,16
03-01-02-01-01-02-16.wav,C:/Users/kenis/OneDrive/Desktop/RAVDESS\data\raw\Audio_Speech_Actors_01-24_16k (1) - Copy\Audio_Speech_Actors_01-24_16k\Actor_16\03-01-02-01-01-02-16.wav,3,1,2,calm,1,1,2,16
03-01-02-01-02-01-16.wav,C:/Users/kenis/OneDrive/Desktop/RAVDESS\data\raw\Audio_Speech_Actors_01-24_16k (1) - Copy\Audio_Speech_Actors_01-24_16k\Actor_16\03-01-02-01-02-01-16.wav,3,1,2,calm,1,2,1,16
03-01-02-01-02-02-16.wav,C:/Users/kenis/OneDrive/Desktop/RAVDESS\data\raw\Audio_Speech_Actors_01-24_16k (1) - Copy\Audio_Speech_Actors_01-24_16k\Actor_16\03-01-02-01-02-02-16.wav,3,1,2,calm,1,2,2,16
03-01-02-02-01-01-16.wav,C:/Users/kenis/OneDrive/Desktop/RAVDESS\data\raw\Audio_Speech_Actors_01-24_16k (1) - Copy\Audio_Speech_Actors_01-24_16k\Actor_16\03-01-02-02-01-01-16.wav,3,1,2,calm,2,1,1,16
03-01-02-02-01-02-16.wav,C:/Users/kenis/OneDrive/Desktop/RAVDESS\data\raw\Audio_Speech_Actors_01-24_16k (1) - Copy\Audio_Speech_Actors_01-24_16k\Actor_16\03-01-02-02-01-02-16.wav,3,1,2,calm,2,1,2,16
03-01-02-02-02-01-16.wav,C:/Users/kenis/OneDrive/Desktop/RAVDESS\data\raw\Audio_Speech_Actors_01-24_16k (1) - Copy\Audio_Speech_Actors_01-24_16k\Actor_16\03-01-02-02-02-01-16.wav,3,1,2,calm,2,2,1,16
03-01-02-02-02-02-16.wav,C:/Users/kenis/OneDrive/Desktop/RAVDESS\data\raw\Audio_Speech_Actors_01-24_16k (1) - Copy\Audio_Speech_Actors_01-24_16k\Actor_16\03-01-02-02-02-02-16.wav,3,1,2,calm,2,2,2,16
03-01-03-01-01-01-16.wav,C:/Users/kenis/OneDrive/Desktop/RAVDESS\data\raw\Audio_Speech_Actors_01-24_16k (1) - Copy\Audio_Speech_Actors_01-24_16k\Actor_16\03-01-03-01-01-01-16.wav,3,1,3,happy,1,1,1,16
03-01-03-01-01-02-16.wav,C:/Users/kenis/OneDrive/Desktop/RAVDESS\data\raw\Audio_Speech_Actors_01-24_16k (1) - Copy\Audio_Speech_Actors_01-24_16k\Actor_16\03-01-03-01-01-02-16.wav,3,1,3,happy,1,1,2,16
03-01-03-01-02-01-16.wav,C:/Users/kenis/OneDrive/Desktop/RAVDESS\data\raw\Audio_Speech_Actors_01-24_16k (1) - Copy\Audio_Speech_Actors_01-24_16k\Actor_16\03-01-03-01-02-01-16.wav,3,1,3,happy,1,2,1,16
03-01-03-01-02-02-16.wav,C:/Users/kenis/OneDrive/Desktop/RAVDESS\data\raw\Audio_Speech_Actors_01-24_16k (1) - Copy\Audio_Speech_Actors_01-24_16k\Actor_16\03-01-03-01-02-02-16.wav,3,1,3,happy,1,2,2,16
03-01-03-02-01-01-16.wav,C:/Users/kenis/OneDrive/Desktop/RAVDESS\data\raw\Audio_Speech_Actors_01-24_16k (1) - Copy\Audio_Speech_Actors_01-24_16k\Actor_16\03-01-03-02-01-01-16.wav,3,1,3,happy,2,1,1,16
03-01-03-02-01-02-16.wav,C:/Users/kenis/OneDrive/Desktop/RAVDESS\data\raw\Audio_Speech_Actors_01-24_16k (1) - Copy\Audio_Speech_Actors_01-24_16k\Actor_16\03-01-03-02-01-02-16.wav,3,1,3,happy,2,1,2,16
03-01-03-02-02-01-16.wav,C:/Users/kenis/OneDrive/Desktop/RAVDESS\data\raw\Audio_Speech_Actors_01-24_16k (1) - Copy\Audio_Speech_Actors_01-24_16k\Actor_16\03-01-03-02-02-01-16.wav,3,1,3,happy,2,2,1,16
03-01-03-02-02-02-16.wav,C:/Users/kenis/OneDrive/Desktop/RAVDESS\data\raw\Audio_Speech_Actors_01-24_16k (1) - Copy\Audio_Speech_Actors_01-24_16k\Actor_16\03-01-03-02-02-02-16.wav,3,1,3,happy,2,2,2,16
03-01-04-01-01-01-16.wav,C:/Users/kenis/OneDrive/Desktop/RAVDESS\data\raw\Audio_Speech_Actors_01-24_16k (1) - Copy\Audio_Speech_Actors_01-24_16k\Actor_16\03-01-04-01-01-01-16.wav,3,1,4,sad,1,1,1,16
03-01-04-01-01-02-16.wav,C:/Users/kenis/OneDrive/Desktop/RAVDESS\data\raw\Audio_Speech_Actors_01-24_16k (1) - Copy\Audio_Speech_Actors_01-24_16k\Actor_16\03-01-04-01-01-02-16.wav,3,1,4,sad,1,1,2,16
03-01-04-01-02-01-16.wav,C:/Users/kenis/OneDrive/Desktop/RAVDESS\data\raw\Audio_Speech_Actors_01-24_16k (1) - Copy\Audio_Speech_Actors_01-24_16k\Actor_16\03-01-04-01-02-01-16.wav,3,1,4,sad,1,2,1,16
03-01-04-01-02-02-16.wav,C:/Users/kenis/OneDrive/Desktop/RAVDESS\data\raw\Audio_Speech_Actors_01-24_16k (1) - Copy\Audio_Speech_Actors_01-24_16k\Actor_16\03-01-04-01-02-02-16.wav,3,1,4,sad,1,2,2,16
03-01-04-02-01-01-16.wav,C:/Users/kenis/OneDrive/Desktop/RAVDESS\data\raw\Audio_Speech_Actors_01-24_16k (1) - Copy\Audio_Speech_Actors_01-24_16k\Actor_16\03-01-04-02-01-01-16.wav,3,1,4,sad,2,1,1,16
03-01-04-02-01-02-16.wav,C:/Users/kenis/OneDrive/Desktop/RAVDESS\data\raw\Audio_Speech_Actors_01-24_16k (1) - Copy\Audio_Speech_Actors_01-24_16k\Actor_16\03-01-04-02-01-02-16.wav,3,1,4,sad,2,1,2,16
03-01-04-02-02-01-16.wav,C:/Users/kenis/OneDrive/Desktop/RAVDESS\data\raw\Audio_Speech_Actors_01-24_16k (1) - Copy\Audio_Speech_Actors_01-24_16k\Actor_16\03-01-04-02-02-01-16.wav,3,1,4,sad,2,2,1,16
03-01-04-02-02-02-16.wav,C:/Users/kenis/OneDrive/Desktop/RAVDESS\data\raw\Audio_Speech_Actors_01-24_16k (1) - Copy\Audio_Speech_Actors_01-24_16k\Actor_16\03-01-04-02-02-02-16.wav,3,1,4,sad,2,2,2,16
03-01-05-01-01-01-16.wav,C:/Users/kenis/OneDrive/Desktop/RAVDESS\data\raw\Audio_Speech_Actors_01-24_16k (1) - Copy\Audio_Speech_Actors_01-24_16k\Actor_16\03-01-05-01-01-01-16.wav,3,1,5,angry,1,1,1,16
03-01-05-01-01-02-16.wav,C:/Users/kenis/OneDrive/Desktop/RAVDESS\data\raw\Audio_Speech_Actors_01-24_16k (1) - Copy\Audio_Speech_Actors_01-24_16k\Actor_16\03-01-05-01-01-02-16.wav,3,1,5,angry,1,1,2,16
03-01-05-01-02-01-16.wav,C:/Users/kenis/OneDrive/Desktop/RAVDESS\data\raw\Audio_Speech_Actors_01-24_16k (1) - Copy\Audio_Speech_Actors_01-24_16k\Actor_16\03-01-05-01-02-01-16.wav,3,1,5,angry,1,2,1,16
03-01-05-01-02-02-16.wav,C:/Users/kenis/OneDrive/Desktop/RAVDESS\data\raw\Audio_Speech_Actors_01-24_16k (1) - Copy\Audio_Speech_Actors_01-24_16k\Actor_16\03-01-05-01-02-02-16.wav,3,1,5,angry,1,2,2,16
03-01-05-02-01-01-16.wav,C:/Users/kenis/OneDrive/Desktop/RAVDESS\data\raw\Audio_Speech_Actors_01-24_16k (1) - Copy\Audio_Speech_Actors_01-24_16k\Actor_16\03-01-05-02-01-01-16.wav,3,1,5,angry,2,1,1,16
03-01-05-02-01-02-16.wav,C:/Users/kenis/OneDrive/Desktop/RAVDESS\data\raw\Audio_Speech_Actors_01-24_16k (1) - Copy\Audio_Speech_Actors_01-24_16k\Actor_16\03-01-05-02-01-02-16.wav,3,1,5,angry,2,1,2,16
03-01-05-02-02-01-16.wav,C:/Users/kenis/OneDrive/Desktop/RAVDESS\data\raw\Audio_Speech_Actors_01-24_16k (1) - Copy\Audio_Speech_Actors_01-24_16k\Actor_16\03-01-05-02-02-01-16.wav,3,1,5,angry,2,2,1,16
03-01-05-02-02-02-16.wav,C:/Users/kenis/OneDrive/Desktop/RAVDESS\data\raw\Audio_Speech_Actors_01-24_16k (1) - Copy\Audio_Speech_Actors_01-24_16k\Actor_16\03-01-05-02-02-02-16.wav,3,1,5,angry,2,2,2,16
03-01-06-01-01-01-16.wav,C:/Users/kenis/OneDrive/Desktop/RAVDESS\data\raw\Audio_Speech_Actors_01-24_16k (1) - Copy\Audio_Speech_Actors_01-24_16k\Actor_16\03-01-06-01-01-01-16.wav,3,1,6,fearful,1,1,1,16
03-01-06-01-01-02-16.wav,C:/Users/kenis/OneDrive/Desktop/RAVDESS\data\raw\Audio_Speech_Actors_01-24_16k (1) - Copy\Audio_Speech_Actors_01-24_16k\Actor_16\03-01-06-01-01-02-16.wav,3,1,6,fearful,1,1,2,16
03-01-06-01-02-01-16.wav,C:/Users/kenis/OneDrive/Desktop/RAVDESS\data\raw\Audio_Speech_Actors_01-24_16k (1) - Copy\Audio_Speech_Actors_01-24_16k\Actor_16\03-01-06-01-02-01-16.wav,3,1,6,fearful,1,2,1,16
03-01-06-01-02-02-16.wav,C:/Users/kenis/OneDrive/Desktop/RAVDESS\data\raw\Audio_Speech_Actors_01-24_16k (1) - Copy\Audio_Speech_Actors_01-24_16k\Actor_16\03-01-06-01-02-02-16.wav,3,1,6,fearful,1,2,2,16
03-01-06-02-01-01-16.wav,C:/Users/kenis/OneDrive/Desktop/RAVDESS\data\raw\Audio_Speech_Actors_01-24_16k (1) - Copy\Audio_Speech_Actors_01-24_16k\Actor_16\03-01-06-02-01-01-16.wav,3,1,6,fearful,2,1,1,16
03-01-06-02-01-02-16.wav,C:/Users/kenis/OneDrive/Desktop/RAVDESS\data\raw\Audio_Speech_Actors_01-24_16k (1) - Copy\Audio_Speech_Actors_01-24_16k\Actor_16\03-01-06-02-01-02-16.wav,3,1,6,fearful,2,1,2,16
03-01-06-02-02-01-16.wav,C:/Users/kenis/OneDrive/Desktop/RAVDESS\data\raw\Audio_Speech_Actors_01-24_16k (1) - Copy\Audio_Speech_Actors_01-24_16k\Actor_16\03-01-06-02-02-01-16.wav,3,1,6,fearful,2,2,1,16
03-01-06-02-02-02-16.wav,C:/Users/kenis/OneDrive/Desktop/RAVDESS\data\raw\Audio_Speech_Actors_01-24_16k (1) - Copy\Audio_Speech_Actors_01-24_16k\Actor_16\03-01-06-02-02-02-16.wav,3,1,6,fearful,2,2,2,16
03-01-07-01-01-01-16.wav,C:/Users/kenis/OneDrive/Desktop/RAVDESS\data\raw\Audio_Speech_Actors_01-24_16k (1) - Copy\Audio_Speech_Actors_01-24_16k\Actor_16\03-01-07-01-01-01-16.wav,3,1,7,disgust,1,1,1,16
03-01-07-01-01-02-16.wav,C:/Users/kenis/OneDrive/Desktop/RAVDESS\data\raw\Audio_Speech_Actors_01-24_16k (1) - Copy\Audio_Speech_Actors_01-24_16k\Actor_16\03-01-07-01-01-02-16.wav,3,1,7,disgust,1,1,2,16
03-01-07-01-02-01-16.wav,C:/Users/kenis/OneDrive/Desktop/RAVDESS\data\raw\Audio_Speech_Actors_01-24_16k (1) - Copy\Audio_Speech_Actors_01-24_16k\Actor_16\03-01-07-01-02-01-16.wav,3,1,7,disgust,1,2,1,16
03-01-07-01-02-02-16.wav,C:/Users/kenis/OneDrive/Desktop/RAVDESS\data\raw\Audio_Speech_Actors_01-24_16k (1) - Copy\Audio_Speech_Actors_01-24_16k\Actor_16\03-01-07-01-02-02-16.wav,3,1,7,disgust,1,2,2,16
03-01-07-02-01-01-16.wav,C:/Users/kenis/OneDrive/Desktop/RAVDESS\data\raw\Audio_Speech_Actors_01-24_16k (1) - Copy\Audio_Speech_Actors_01-24_16k\Actor_16\03-01-07-02-01-01-16.wav,3,1,7,disgust,2,1,1,16
03-01-07-02-01-02-16.wav,C:/Users/kenis/OneDrive/Desktop/RAVDESS\data\raw\Audio_Speech_Actors_01-24_16k (1) - Copy\Audio_Speech_Actors_01-24_16k\Actor_16\03-01-07-02-01-02-16.wav,3,1,7,disgust,2,1,2,16
03-01-07-02-02-01-16.wav,C:/Users/kenis/OneDrive/Desktop/RAVDESS\data\raw\Audio_Speech_Actors_01-24_16k (1) - Copy\Audio_Speech_Actors_01-24_16k\Actor_16\03-01-07-02-02-01-16.wav,3,1,7,disgust,2,2,1,16
03-01-07-02-02-02-16.wav,C:/Users/kenis/OneDrive/Desktop/RAVDESS\data\raw\Audio_Speech_Actors_01-24_16k (1) - Copy\Audio_Speech_Actors_01-24_16k\Actor_16\03-01-07-02-02-02-16.wav,3,1,7,disgust,2,2,2,16
03-01-08-01-01-01-16.wav,C:/Users/kenis/OneDrive/Desktop/RAVDESS\data\raw\Audio_Speech_Actors_01-24_16k (1) - Copy\Audio_Speech_Actors_01-24_16k\Actor_16\03-01-08-01-01-01-16.wav,3,1,8,surprised,1,1,1,16
03-01-08-01-01-02-16.wav,C:/Users/kenis/OneDrive/Desktop/RAVDESS\data\raw\Audio_Speech_Actors_01-24_16k (1) - Copy\Audio_Speech_Actors_01-24_16k\Actor_16\03-01-08-01-01-02-16.wav,3,1,8,surprised,1,1,2,16
03-01-08-01-02-01-16.wav,C:/Users/kenis/OneDrive/Desktop/RAVDESS\data\raw\Audio_Speech_Actors_01-24_16k (1) - Copy\Audio_Speech_Actors_01-24_16k\Actor_16\03-01-08-01-02-01-16.wav,3,1,8,surprised,1,2,1,16
03-01-08-01-02-02-16.wav,C:/Users/kenis/OneDrive/Desktop/RAVDESS\data\raw\Audio_Speech_Actors_01-24_16k (1) - Copy\Audio_Speech_Actors_01-24_16k\Actor_16\03-01-08-01-02-02-16.wav,3,1,8,surprised,1,2,2,16
03-01-08-02-01-01-16.wav,C:/Users/kenis/OneDrive/Desktop/RAVDESS\data\raw\Audio_Speech_Actors_01-24_16k (1) - Copy\Audio_Speech_Actors_01-24_16k\Actor_16\03-01-08-02-01-01-16.wav,3,1,8,surprised,2,1,1,16
03-01-08-02-01-02-16.wav,C:/Users/kenis/OneDrive/Desktop/RAVDESS\data\raw\Audio_Speech_Actors_01-24_16k (1) - Copy\Audio_Speech_Actors_01-24_16k\Actor_16\03-01-08-02-01-02-16.wav,3,1,8,surprised,2,1,2,16
03-01-08-02-02-01-16.wav,C:/Users/kenis/OneDrive/Desktop/RAVDESS\data\raw\Audio_Speech_Actors_01-24_16k (1) - Copy\Audio_Speech_Actors_01-24_16k\Actor_16\03-01-08-02-02-01-16.wav,3,1,8,surprised,2,2,1,16
03-01-08-02-02-02-16.wav,C:/Users/kenis/OneDrive/Desktop/RAVDESS\data\raw\Audio_Speech_Actors_01-24_16k (1) - Copy\Audio_Speech_Actors_01-24_16k\Actor_16\03-01-08-02-02-02-16.wav,3,1,8,surprised,2,2,2,16
03-01-01-01-01-01-17.wav,C:/Users/kenis/OneDrive/Desktop/RAVDESS\data\raw\Audio_Speech_Actors_01-24_16k (1) - Copy\Audio_Speech_Actors_01-24_16k\Actor_17\03-01-01-01-01-01-17.wav,3,1,1,neutral,1,1,1,17
03-01-01-01-01-02-17.wav,C:/Users/kenis/OneDrive/Desktop/RAVDESS\data\raw\Audio_Speech_Actors_01-24_16k (1) - Copy\Audio_Speech_Actors_01-24_16k\Actor_17\03-01-01-01-01-02-17.wav,3,1,1,neutral,1,1,2,17
03-01-01-01-02-01-17.wav,C:/Users/kenis/OneDrive/Desktop/RAVDESS\data\raw\Audio_Speech_Actors_01-24_16k (1) - Copy\Audio_Speech_Actors_01-24_16k\Actor_17\03-01-01-01-02-01-17.wav,3,1,1,neutral,1,2,1,17
03-01-01-01-02-02-17.wav,C:/Users/kenis/OneDrive/Desktop/RAVDESS\data\raw\Audio_Speech_Actors_01-24_16k (1) - Copy\Audio_Speech_Actors_01-24_16k\Actor_17\03-01-01-01-02-02-17.wav,3,1,1,neutral,1,2,2,17
03-01-02-01-01-01-17.wav,C:/Users/kenis/OneDrive/Desktop/RAVDESS\data\raw\Audio_Speech_Actors_01-24_16k (1) - Copy\Audio_Speech_Actors_01-24_16k\Actor_17\03-01-02-01-01-01-17.wav,3,1,2,calm,1,1,1,17
03-01-02-01-01-02-17.wav,C:/Users/kenis/OneDrive/Desktop/RAVDESS\data\raw\Audio_Speech_Actors_01-24_16k (1) - Copy\Audio_Speech_Actors_01-24_16k\Actor_17\03-01-02-01-01-02-17.wav,3,1,2,calm,1,1,2,17
03-01-02-01-02-01-17.wav,C:/Users/kenis/OneDrive/Desktop/RAVDESS\data\raw\Audio_Speech_Actors_01-24_16k (1) - Copy\Audio_Speech_Actors_01-24_16k\Actor_17\03-01-02-01-02-01-17.wav,3,1,2,calm,1,2,1,17
03-01-02-01-02-02-17.wav,C:/Users/kenis/OneDrive/Desktop/RAVDESS\data\raw\Audio_Speech_Actors_01-24_16k (1) - Copy\Audio_Speech_Actors_01-24_16k\Actor_17\03-01-02-01-02-02-17.wav,3,1,2,calm,1,2,2,17
03-01-02-02-01-01-17.wav,C:/Users/kenis/OneDrive/Desktop/RAVDESS\data\raw\Audio_Speech_Actors_01-24_16k (1) - Copy\Audio_Speech_Actors_01-24_16k\Actor_17\03-01-02-02-01-01-17.wav,3,1,2,calm,2,1,1,17
03-01-02-02-01-02-17.wav,C:/Users/kenis/OneDrive/Desktop/RAVDESS\data\raw\Audio_Speech_Actors_01-24_16k (1) - Copy\Audio_Speech_Actors_01-24_16k\Actor_17\03-01-02-02-01-02-17.wav,3,1,2,calm,2,1,2,17
03-01-02-02-02-01-17.wav,C:/Users/kenis/OneDrive/Desktop/RAVDESS\data\raw\Audio_Speech_Actors_01-24_16k (1) - Copy\Audio_Speech_Actors_01-24_16k\Actor_17\03-01-02-02-02-01-17.wav,3,1,2,calm,2,2,1,17
03-01-02-02-02-02-17.wav,C:/Users/kenis/OneDrive/Desktop/RAVDESS\data\raw\Audio_Speech_Actors_01-24_16k (1) - Copy\Audio_Speech_Actors_01-24_16k\Actor_17\03-01-02-02-02-02-17.wav,3,1,2,calm,2,2,2,17
03-01-03-01-01-01-17.wav,C:/Users/kenis/OneDrive/Desktop/RAVDESS\data\raw\Audio_Speech_Actors_01-24_16k (1) - Copy\Audio_Speech_Actors_01-24_16k\Actor_17\03-01-03-01-01-01-17.wav,3,1,3,happy,1,1,1,17
03-01-03-01-01-02-17.wav,C:/Users/kenis/OneDrive/Desktop/RAVDESS\data\raw\Audio_Speech_Actors_01-24_16k (1) - Copy\Audio_Speech_Actors_01-24_16k\Actor_17\03-01-03-01-01-02-17.wav,3,1,3,happy,1,1,2,17
03-01-03-01-02-01-17.wav,C:/Users/kenis/OneDrive/Desktop/RAVDESS\data\raw\Audio_Speech_Actors_01-24_16k (1) - Copy\Audio_Speech_Actors_01-24_16k\Actor_17\03-01-03-01-02-01-17.wav,3,1,3,happy,1,2,1,17
03-01-03-01-02-02-17.wav,C:/Users/kenis/OneDrive/Desktop/RAVDESS\data\raw\Audio_Speech_Actors_01-24_16k (1) - Copy\Audio_Speech_Actors_01-24_16k\Actor_17\03-01-03-01-02-02-17.wav,3,1,3,happy,1,2,2,17
03-01-03-02-01-01-17.wav,C:/Users/kenis/OneDrive/Desktop/RAVDESS\data\raw\Audio_Speech_Actors_01-24_16k (1) - Copy\Audio_Speech_Actors_01-24_16k\Actor_17\03-01-03-02-01-01-17.wav,3,1,3,happy,2,1,1,17
03-01-03-02-01-02-17.wav,C:/Users/kenis/OneDrive/Desktop/RAVDESS\data\raw\Audio_Speech_Actors_01-24_16k (1) - Copy\Audio_Speech_Actors_01-24_16k\Actor_17\03-01-03-02-01-02-17.wav,3,1,3,happy,2,1,2,17
03-01-03-02-02-01-17.wav,C:/Users/kenis/OneDrive/Desktop/RAVDESS\data\raw\Audio_Speech_Actors_01-24_16k (1) - Copy\Audio_Speech_Actors_01-24_16k\Actor_17\03-01-03-02-02-01-17.wav,3,1,3,happy,2,2,1,17
03-01-03-02-02-02-17.wav,C:/Users/kenis/OneDrive/Desktop/RAVDESS\data\raw\Audio_Speech_Actors_01-24_16k (1) - Copy\Audio_Speech_Actors_01-24_16k\Actor_17\03-01-03-02-02-02-17.wav,3,1,3,happy,2,2,2,17
03-01-04-01-01-01-17.wav,C:/Users/kenis/OneDrive/Desktop/RAVDESS\data\raw\Audio_Speech_Actors_01-24_16k (1) - Copy\Audio_Speech_Actors_01-24_16k\Actor_17\03-01-04-01-01-01-17.wav,3,1,4,sad,1,1,1,17
03-01-04-01-01-02-17.wav,C:/Users/kenis/OneDrive/Desktop/RAVDESS\data\raw\Audio_Speech_Actors_01-24_16k (1) - Copy\Audio_Speech_Actors_01-24_16k\Actor_17\03-01-04-01-01-02-17.wav,3,1,4,sad,1,1,2,17
03-01-04-01-02-01-17.wav,C:/Users/kenis/OneDrive/Desktop/RAVDESS\data\raw\Audio_Speech_Actors_01-24_16k (1) - Copy\Audio_Speech_Actors_01-24_16k\Actor_17\03-01-04-01-02-01-17.wav,3,1,4,sad,1,2,1,17
03-01-04-01-02-02-17.wav,C:/Users/kenis/OneDrive/Desktop/RAVDESS\data\raw\Audio_Speech_Actors_01-24_16k (1) - Copy\Audio_Speech_Actors_01-24_16k\Actor_17\03-01-04-01-02-02-17.wav,3,1,4,sad,1,2,2,17
03-01-04-02-01-01-17.wav,C:/Users/kenis/OneDrive/Desktop/RAVDESS\data\raw\Audio_Speech_Actors_01-24_16k (1) - Copy\Audio_Speech_Actors_01-24_16k\Actor_17\03-01-04-02-01-01-17.wav,3,1,4,sad,2,1,1,17
03-01-04-02-01-02-17.wav,C:/Users/kenis/OneDrive/Desktop/RAVDESS\data\raw\Audio_Speech_Actors_01-24_16k (1) - Copy\Audio_Speech_Actors_01-24_16k\Actor_17\03-01-04-02-01-02-17.wav,3,1,4,sad,2,1,2,17
03-01-04-02-02-01-17.wav,C:/Users/kenis/OneDrive/Desktop/RAVDESS\data\raw\Audio_Speech_Actors_01-24_16k (1) - Copy\Audio_Speech_Actors_01-24_16k\Actor_17\03-01-04-02-02-01-17.wav,3,1,4,sad,2,2,1,17
03-01-04-02-02-02-17.wav,C:/Users/kenis/OneDrive/Desktop/RAVDESS\data\raw\Audio_Speech_Actors_01-24_16k (1) - Copy\Audio_Speech_Actors_01-24_16k\Actor_17\03-01-04-02-02-02-17.wav,3,1,4,sad,2,2,2,17
03-01-05-01-01-01-17.wav,C:/Users/kenis/OneDrive/Desktop/RAVDESS\data\raw\Audio_Speech_Actors_01-24_16k (1) - Copy\Audio_Speech_Actors_01-24_16k\Actor_17\03-01-05-01-01-01-17.wav,3,1,5,angry,1,1,1,17
03-01-05-01-01-02-17.wav,C:/Users/kenis/OneDrive/Desktop/RAVDESS\data\raw\Audio_Speech_Actors_01-24_16k (1) - Copy\Audio_Speech_Actors_01-24_16k\Actor_17\03-01-05-01-01-02-17.wav,3,1,5,angry,1,1,2,17
03-01-05-01-02-01-17.wav,C:/Users/kenis/OneDrive/Desktop/RAVDESS\data\raw\Audio_Speech_Actors_01-24_16k (1) - Copy\Audio_Speech_Actors_01-24_16k\Actor_17\03-01-05-01-02-01-17.wav,3,1,5,angry,1,2,1,17
03-01-05-01-02-02-17.wav,C:/Users/kenis/OneDrive/Desktop/RAVDESS\data\raw\Audio_Speech_Actors_01-24_16k (1) - Copy\Audio_Speech_Actors_01-24_16k\Actor_17\03-01-05-01-02-02-17.wav,3,1,5,angry,1,2,2,17
03-01-05-02-01-01-17.wav,C:/Users/kenis/OneDrive/Desktop/RAVDESS\data\raw\Audio_Speech_Actors_01-24_16k (1) - Copy\Audio_Speech_Actors_01-24_16k\Actor_17\03-01-05-02-01-01-17.wav,3,1,5,angry,2,1,1,17
03-01-05-02-01-02-17.wav,C:/Users/kenis/OneDrive/Desktop/RAVDESS\data\raw\Audio_Speech_Actors_01-24_16k (1) - Copy\Audio_Speech_Actors_01-24_16k\Actor_17\03-01-05-02-01-02-17.wav,3,1,5,angry,2,1,2,17
03-01-05-02-02-01-17.wav,C:/Users/kenis/OneDrive/Desktop/RAVDESS\data\raw\Audio_Speech_Actors_01-24_16k (1) - Copy\Audio_Speech_Actors_01-24_16k\Actor_17\03-01-05-02-02-01-17.wav,3,1,5,angry,2,2,1,17
03-01-05-02-02-02-17.wav,C:/Users/kenis/OneDrive/Desktop/RAVDESS\data\raw\Audio_Speech_Actors_01-24_16k (1) - Copy\Audio_Speech_Actors_01-24_16k\Actor_17\03-01-05-02-02-02-17.wav,3,1,5,angry,2,2,2,17
03-01-06-01-01-01-17.wav,C:/Users/kenis/OneDrive/Desktop/RAVDESS\data\raw\Audio_Speech_Actors_01-24_16k (1) - Copy\Audio_Speech_Actors_01-24_16k\Actor_17\03-01-06-01-01-01-17.wav,3,1,6,fearful,1,1,1,17
03-01-06-01-01-02-17.wav,C:/Users/kenis/OneDrive/Desktop/RAVDESS\data\raw\Audio_Speech_Actors_01-24_16k (1) - Copy\Audio_Speech_Actors_01-24_16k\Actor_17\03-01-06-01-01-02-17.wav,3,1,6,fearful,1,1,2,17
03-01-06-01-02-01-17.wav,C:/Users/kenis/OneDrive/Desktop/RAVDESS\data\raw\Audio_Speech_Actors_01-24_16k (1) - Copy\Audio_Speech_Actors_01-24_16k\Actor_17\03-01-06-01-02-01-17.wav,3,1,6,fearful,1,2,1,17
03-01-06-01-02-02-17.wav,C:/Users/kenis/OneDrive/Desktop/RAVDESS\data\raw\Audio_Speech_Actors_01-24_16k (1) - Copy\Audio_Speech_Actors_01-24_16k\Actor_17\03-01-06-01-02-02-17.wav,3,1,6,fearful,1,2,2,17
03-01-06-02-01-01-17.wav,C:/Users/kenis/OneDrive/Desktop/RAVDESS\data\raw\Audio_Speech_Actors_01-24_16k (1) - Copy\Audio_Speech_Actors_01-24_16k\Actor_17\03-01-06-02-01-01-17.wav,3,1,6,fearful,2,1,1,17
03-01-06-02-01-02-17.wav,C:/Users/kenis/OneDrive/Desktop/RAVDESS\data\raw\Audio_Speech_Actors_01-24_16k (1) - Copy\Audio_Speech_Actors_01-24_16k\Actor_17\03-01-06-02-01-02-17.wav,3,1,6,fearful,2,1,2,17
03-01-06-02-02-01-17.wav,C:/Users/kenis/OneDrive/Desktop/RAVDESS\data\raw\Audio_Speech_Actors_01-24_16k (1) - Copy\Audio_Speech_Actors_01-24_16k\Actor_17\03-01-06-02-02-01-17.wav,3,1,6,fearful,2,2,1,17
03-01-06-02-02-02-17.wav,C:/Users/kenis/OneDrive/Desktop/RAVDESS\data\raw\Audio_Speech_Actors_01-24_16k (1) - Copy\Audio_Speech_Actors_01-24_16k\Actor_17\03-01-06-02-02-02-17.wav,3,1,6,fearful,2,2,2,17
03-01-07-01-01-01-17.wav,C:/Users/kenis/OneDrive/Desktop/RAVDESS\data\raw\Audio_Speech_Actors_01-24_16k (1) - Copy\Audio_Speech_Actors_01-24_16k\Actor_17\03-01-07-01-01-01-17.wav,3,1,7,disgust,1,1,1,17
03-01-07-01-01-02-17.wav,C:/Users/kenis/OneDrive/Desktop/RAVDESS\data\raw\Audio_Speech_Actors_01-24_16k (1) - Copy\Audio_Speech_Actors_01-24_16k\Actor_17\03-01-07-01-01-02-17.wav,3,1,7,disgust,1,1,2,17
03-01-07-01-02-01-17.wav,C:/Users/kenis/OneDrive/Desktop/RAVDESS\data\raw\Audio_Speech_Actors_01-24_16k (1) - Copy\Audio_Speech_Actors_01-24_16k\Actor_17\03-01-07-01-02-01-17.wav,3,1,7,disgust,1,2,1,17
03-01-07-01-02-02-17.wav,C:/Users/kenis/OneDrive/Desktop/RAVDESS\data\raw\Audio_Speech_Actors_01-24_16k (1) - Copy\Audio_Speech_Actors_01-24_16k\Actor_17\03-01-07-01-02-02-17.wav,3,1,7,disgust,1,2,2,17
03-01-07-02-01-01-17.wav,C:/Users/kenis/OneDrive/Desktop/RAVDESS\data\raw\Audio_Speech_Actors_01-24_16k (1) - Copy\Audio_Speech_Actors_01-24_16k\Actor_17\03-01-07-02-01-01-17.wav,3,1,7,disgust,2,1,1,17
03-01-07-02-01-02-17.wav,C:/Users/kenis/OneDrive/Desktop/RAVDESS\data\raw\Audio_Speech_Actors_01-24_16k (1) - Copy\Audio_Speech_Actors_01-24_16k\Actor_17\03-01-07-02-01-02-17.wav,3,1,7,disgust,2,1,2,17
03-01-07-02-02-01-17.wav,C:/Users/kenis/OneDrive/Desktop/RAVDESS\data\raw\Audio_Speech_Actors_01-24_16k (1) - Copy\Audio_Speech_Actors_01-24_16k\Actor_17\03-01-07-02-02-01-17.wav,3,1,7,disgust,2,2,1,17
03-01-07-02-02-02-17.wav,C:/Users/kenis/OneDrive/Desktop/RAVDESS\data\raw\Audio_Speech_Actors_01-24_16k (1) - Copy\Audio_Speech_Actors_01-24_16k\Actor_17\03-01-07-02-02-02-17.wav,3,1,7,disgust,2,2,2,17
03-01-08-01-01-01-17.wav,C:/Users/kenis/OneDrive/Desktop/RAVDESS\data\raw\Audio_Speech_Actors_01-24_16k (1) - Copy\Audio_Speech_Actors_01-24_16k\Actor_17\03-01-08-01-01-01-17.wav,3,1,8,surprised,1,1,1,17
03-01-08-01-01-02-17.wav,C:/Users/kenis/OneDrive/Desktop/RAVDESS\data\raw\Audio_Speech_Actors_01-24_16k (1) - Copy\Audio_Speech_Actors_01-24_16k\Actor_17\03-01-08-01-01-02-17.wav,3,1,8,surprised,1,1,2,17
03-01-08-01-02-01-17.wav,C:/Users/kenis/OneDrive/Desktop/RAVDESS\data\raw\Audio_Speech_Actors_01-24_16k (1) - Copy\Audio_Speech_Actors_01-24_16k\Actor_17\03-01-08-01-02-01-17.wav,3,1,8,surprised,1,2,1,17
03-01-08-01-02-02-17.wav,C:/Users/kenis/OneDrive/Desktop/RAVDESS\data\raw\Audio_Speech_Actors_01-24_16k (1) - Copy\Audio_Speech_Actors_01-24_16k\Actor_17\03-01-08-01-02-02-17.wav,3,1,8,surprised,1,2,2,17
03-01-08-02-01-01-17.wav,C:/Users/kenis/OneDrive/Desktop/RAVDESS\data\raw\Audio_Speech_Actors_01-24_16k (1) - Copy\Audio_Speech_Actors_01-24_16k\Actor_17\03-01-08-02-01-01-17.wav,3,1,8,surprised,2,1,1,17
03-01-08-02-01-02-17.wav,C:/Users/kenis/OneDrive/Desktop/RAVDESS\data\raw\Audio_Speech_Actors_01-24_16k (1) - Copy\Audio_Speech_Actors_01-24_16k\Actor_17\03-01-08-02-01-02-17.wav,3,1,8,surprised,2,1,2,17
03-01-08-02-02-01-17.wav,C:/Users/kenis/OneDrive/Desktop/RAVDESS\data\raw\Audio_Speech_Actors_01-24_16k (1) - Copy\Audio_Speech_Actors_01-24_16k\Actor_17\03-01-08-02-02-01-17.wav,3,1,8,surprised,2,2,1,17
03-01-08-02-02-02-17.wav,C:/Users/kenis/OneDrive/Desktop/RAVDESS\data\raw\Audio_Speech_Actors_01-24_16k (1) - Copy\Audio_Speech_Actors_01-24_16k\Actor_17\03-01-08-02-02-02-17.wav,3,1,8,surprised,2,2,2,17
03-01-01-01-01-01-18.wav,C:/Users/kenis/OneDrive/Desktop/RAVDESS\data\raw\Audio_Speech_Actors_01-24_16k (1) - Copy\Audio_Speech_Actors_01-24_16k\Actor_18\03-01-01-01-01-01-18.wav,3,1,1,neutral,1,1,1,18
03-01-01-01-01-02-18.wav,C:/Users/kenis/OneDrive/Desktop/RAVDESS\data\raw\Audio_Speech_Actors_01-24_16k (1) - Copy\Audio_Speech_Actors_01-24_16k\Actor_18\03-01-01-01-01-02-18.wav,3,1,1,neutral,1,1,2,18
03-01-01-01-02-01-18.wav,C:/Users/kenis/OneDrive/Desktop/RAVDESS\data\raw\Audio_Speech_Actors_01-24_16k (1) - Copy\Audio_Speech_Actors_01-24_16k\Actor_18\03-01-01-01-02-01-18.wav,3,1,1,neutral,1,2,1,18
03-01-01-01-02-02-18.wav,C:/Users/kenis/OneDrive/Desktop/RAVDESS\data\raw\Audio_Speech_Actors_01-24_16k (1) - Copy\Audio_Speech_Actors_01-24_16k\Actor_18\03-01-01-01-02-02-18.wav,3,1,1,neutral,1,2,2,18
03-01-02-01-01-01-18.wav,C:/Users/kenis/OneDrive/Desktop/RAVDESS\data\raw\Audio_Speech_Actors_01-24_16k (1) - Copy\Audio_Speech_Actors_01-24_16k\Actor_18\03-01-02-01-01-01-18.wav,3,1,2,calm,1,1,1,18
03-01-02-01-01-02-18.wav,C:/Users/kenis/OneDrive/Desktop/RAVDESS\data\raw\Audio_Speech_Actors_01-24_16k (1) - Copy\Audio_Speech_Actors_01-24_16k\Actor_18\03-01-02-01-01-02-18.wav,3,1,2,calm,1,1,2,18
03-01-02-01-02-01-18.wav,C:/Users/kenis/OneDrive/Desktop/RAVDESS\data\raw\Audio_Speech_Actors_01-24_16k (1) - Copy\Audio_Speech_Actors_01-24_16k\Actor_18\03-01-02-01-02-01-18.wav,3,1,2,calm,1,2,1,18
03-01-02-01-02-02-18.wav,C:/Users/kenis/OneDrive/Desktop/RAVDESS\data\raw\Audio_Speech_Actors_01-24_16k (1) - Copy\Audio_Speech_Actors_01-24_16k\Actor_18\03-01-02-01-02-02-18.wav,3,1,2,calm,1,2,2,18
03-01-02-02-01-01-18.wav,C:/Users/kenis/OneDrive/Desktop/RAVDESS\data\raw\Audio_Speech_Actors_01-24_16k (1) - Copy\Audio_Speech_Actors_01-24_16k\Actor_18\03-01-02-02-01-01-18.wav,3,1,2,calm,2,1,1,18
03-01-02-02-01-02-18.wav,C:/Users/kenis/OneDrive/Desktop/RAVDESS\data\raw\Audio_Speech_Actors_01-24_16k (1) - Copy\Audio_Speech_Actors_01-24_16k\Actor_18\03-01-02-02-01-02-18.wav,3,1,2,calm,2,1,2,18
03-01-02-02-02-01-18.wav,C:/Users/kenis/OneDrive/Desktop/RAVDESS\data\raw\Audio_Speech_Actors_01-24_16k (1) - Copy\Audio_Speech_Actors_01-24_16k\Actor_18\03-01-02-02-02-01-18.wav,3,1,2,calm,2,2,1,18
03-01-02-02-02-02-18.wav,C:/Users/kenis/OneDrive/Desktop/RAVDESS\data\raw\Audio_Speech_Actors_01-24_16k (1) - Copy\Audio_Speech_Actors_01-24_16k\Actor_18\03-01-02-02-02-02-18.wav,3,1,2,calm,2,2,2,18
03-01-03-01-01-01-18.wav,C:/Users/kenis/OneDrive/Desktop/RAVDESS\data\raw\Audio_Speech_Actors_01-24_16k (1) - Copy\Audio_Speech_Actors_01-24_16k\Actor_18\03-01-03-01-01-01-18.wav,3,1,3,happy,1,1,1,18
03-01-03-01-01-02-18.wav,C:/Users/kenis/OneDrive/Desktop/RAVDESS\data\raw\Audio_Speech_Actors_01-24_16k (1) - Copy\Audio_Speech_Actors_01-24_16k\Actor_18\03-01-03-01-01-02-18.wav,3,1,3,happy,1,1,2,18
03-01-03-01-02-01-18.wav,C:/Users/kenis/OneDrive/Desktop/RAVDESS\data\raw\Audio_Speech_Actors_01-24_16k (1) - Copy\Audio_Speech_Actors_01-24_16k\Actor_18\03-01-03-01-02-01-18.wav,3,1,3,happy,1,2,1,18
03-01-03-01-02-02-18.wav,C:/Users/kenis/OneDrive/Desktop/RAVDESS\data\raw\Audio_Speech_Actors_01-24_16k (1) - Copy\Audio_Speech_Actors_01-24_16k\Actor_18\03-01-03-01-02-02-18.wav,3,1,3,happy,1,2,2,18
03-01-03-02-01-01-18.wav,C:/Users/kenis/OneDrive/Desktop/RAVDESS\data\raw\Audio_Speech_Actors_01-24_16k (1) - Copy\Audio_Speech_Actors_01-24_16k\Actor_18\03-01-03-02-01-01-18.wav,3,1,3,happy,2,1,1,18
03-01-03-02-01-02-18.wav,C:/Users/kenis/OneDrive/Desktop/RAVDESS\data\raw\Audio_Speech_Actors_01-24_16k (1) - Copy\Audio_Speech_Actors_01-24_16k\Actor_18\03-01-03-02-01-02-18.wav,3,1,3,happy,2,1,2,18
03-01-03-02-02-01-18.wav,C:/Users/kenis/OneDrive/Desktop/RAVDESS\data\raw\Audio_Speech_Actors_01-24_16k (1) - Copy\Audio_Speech_Actors_01-24_16k\Actor_18\03-01-03-02-02-01-18.wav,3,1,3,happy,2,2,1,18
03-01-03-02-02-02-18.wav,C:/Users/kenis/OneDrive/Desktop/RAVDESS\data\raw\Audio_Speech_Actors_01-24_16k (1) - Copy\Audio_Speech_Actors_01-24_16k\Actor_18\03-01-03-02-02-02-18.wav,3,1,3,happy,2,2,2,18
03-01-04-01-01-01-18.wav,C:/Users/kenis/OneDrive/Desktop/RAVDESS\data\raw\Audio_Speech_Actors_01-24_16k (1) - Copy\Audio_Speech_Actors_01-24_16k\Actor_18\03-01-04-01-01-01-18.wav,3,1,4,sad,1,1,1,18
03-01-04-01-01-02-18.wav,C:/Users/kenis/OneDrive/Desktop/RAVDESS\data\raw\Audio_Speech_Actors_01-24_16k (1) - Copy\Audio_Speech_Actors_01-24_16k\Actor_18\03-01-04-01-01-02-18.wav,3,1,4,sad,1,1,2,18
03-01-04-01-02-01-18.wav,C:/Users/kenis/OneDrive/Desktop/RAVDESS\data\raw\Audio_Speech_Actors_01-24_16k (1) - Copy\Audio_Speech_Actors_01-24_16k\Actor_18\03-01-04-01-02-01-18.wav,3,1,4,sad,1,2,1,18
03-01-04-01-02-02-18.wav,C:/Users/kenis/OneDrive/Desktop/RAVDESS\data\raw\Audio_Speech_Actors_01-24_16k (1) - Copy\Audio_Speech_Actors_01-24_16k\Actor_18\03-01-04-01-02-02-18.wav,3,1,4,sad,1,2,2,18
03-01-04-02-01-01-18.wav,C:/Users/kenis/OneDrive/Desktop/RAVDESS\data\raw\Audio_Speech_Actors_01-24_16k (1) - Copy\Audio_Speech_Actors_01-24_16k\Actor_18\03-01-04-02-01-01-18.wav,3,1,4,sad,2,1,1,18
03-01-04-02-01-02-18.wav,C:/Users/kenis/OneDrive/Desktop/RAVDESS\data\raw\Audio_Speech_Actors_01-24_16k (1) - Copy\Audio_Speech_Actors_01-24_16k\Actor_18\03-01-04-02-01-02-18.wav,3,1,4,sad,2,1,2,18
03-01-04-02-02-01-18.wav,C:/Users/kenis/OneDrive/Desktop/RAVDESS\data\raw\Audio_Speech_Actors_01-24_16k (1) - Copy\Audio_Speech_Actors_01-24_16k\Actor_18\03-01-04-02-02-01-18.wav,3,1,4,sad,2,2,1,18
03-01-04-02-02-02-18.wav,C:/Users/kenis/OneDrive/Desktop/RAVDESS\data\raw\Audio_Speech_Actors_01-24_16k (1) - Copy\Audio_Speech_Actors_01-24_16k\Actor_18\03-01-04-02-02-02-18.wav,3,1,4,sad,2,2,2,18
03-01-05-01-01-01-18.wav,C:/Users/kenis/OneDrive/Desktop/RAVDESS\data\raw\Audio_Speech_Actors_01-24_16k (1) - Copy\Audio_Speech_Actors_01-24_16k\Actor_18\03-01-05-01-01-01-18.wav,3,1,5,angry,1,1,1,18
03-01-05-01-01-02-18.wav,C:/Users/kenis/OneDrive/Desktop/RAVDESS\data\raw\Audio_Speech_Actors_01-24_16k (1) - Copy\Audio_Speech_Actors_01-24_16k\Actor_18\03-01-05-01-01-02-18.wav,3,1,5,angry,1,1,2,18
03-01-05-01-02-01-18.wav,C:/Users/kenis/OneDrive/Desktop/RAVDESS\data\raw\Audio_Speech_Actors_01-24_16k (1) - Copy\Audio_Speech_Actors_01-24_16k\Actor_18\03-01-05-01-02-01-18.wav,3,1,5,angry,1,2,1,18
03-01-05-01-02-02-18.wav,C:/Users/kenis/OneDrive/Desktop/RAVDESS\data\raw\Audio_Speech_Actors_01-24_16k (1) - Copy\Audio_Speech_Actors_01-24_16k\Actor_18\03-01-05-01-02-02-18.wav,3,1,5,angry,1,2,2,18
03-01-05-02-01-01-18.wav,C:/Users/kenis/OneDrive/Desktop/RAVDESS\data\raw\Audio_Speech_Actors_01-24_16k (1) - Copy\Audio_Speech_Actors_01-24_16k\Actor_18\03-01-05-02-01-01-18.wav,3,1,5,angry,2,1,1,18
03-01-05-02-01-02-18.wav,C:/Users/kenis/OneDrive/Desktop/RAVDESS\data\raw\Audio_Speech_Actors_01-24_16k (1) - Copy\Audio_Speech_Actors_01-24_16k\Actor_18\03-01-05-02-01-02-18.wav,3,1,5,angry,2,1,2,18
03-01-05-02-02-01-18.wav,C:/Users/kenis/OneDrive/Desktop/RAVDESS\data\raw\Audio_Speech_Actors_01-24_16k (1) - Copy\Audio_Speech_Actors_01-24_16k\Actor_18\03-01-05-02-02-01-18.wav,3,1,5,angry,2,2,1,18
03-01-05-02-02-02-18.wav,C:/Users/kenis/OneDrive/Desktop/RAVDESS\data\raw\Audio_Speech_Actors_01-24_16k (1) - Copy\Audio_Speech_Actors_01-24_16k\Actor_18\03-01-05-02-02-02-18.wav,3,1,5,angry,2,2,2,18
03-01-06-01-01-01-18.wav,C:/Users/kenis/OneDrive/Desktop/RAVDESS\data\raw\Audio_Speech_Actors_01-24_16k (1) - Copy\Audio_Speech_Actors_01-24_16k\Actor_18\03-01-06-01-01-01-18.wav,3,1,6,fearful,1,1,1,18
03-01-06-01-01-02-18.wav,C:/Users/kenis/OneDrive/Desktop/RAVDESS\data\raw\Audio_Speech_Actors_01-24_16k (1) - Copy\Audio_Speech_Actors_01-24_16k\Actor_18\03-01-06-01-01-02-18.wav,3,1,6,fearful,1,1,2,18
03-01-06-01-02-01-18.wav,C:/Users/kenis/OneDrive/Desktop/RAVDESS\data\raw\Audio_Speech_Actors_01-24_16k (1) - Copy\Audio_Speech_Actors_01-24_16k\Actor_18\03-01-06-01-02-01-18.wav,3,1,6,fearful,1,2,1,18
03-01-06-01-02-02-18.wav,C:/Users/kenis/OneDrive/Desktop/RAVDESS\data\raw\Audio_Speech_Actors_01-24_16k (1) - Copy\Audio_Speech_Actors_01-24_16k\Actor_18\03-01-06-01-02-02-18.wav,3,1,6,fearful,1,2,2,18
03-01-06-02-01-01-18.wav,C:/Users/kenis/OneDrive/Desktop/RAVDESS\data\raw\Audio_Speech_Actors_01-24_16k (1) - Copy\Audio_Speech_Actors_01-24_16k\Actor_18\03-01-06-02-01-01-18.wav,3,1,6,fearful,2,1,1,18
03-01-06-02-01-02-18.wav,C:/Users/kenis/OneDrive/Desktop/RAVDESS\data\raw\Audio_Speech_Actors_01-24_16k (1) - Copy\Audio_Speech_Actors_01-24_16k\Actor_18\03-01-06-02-01-02-18.wav,3,1,6,fearful,2,1,2,18
03-01-06-02-02-01-18.wav,C:/Users/kenis/OneDrive/Desktop/RAVDESS\data\raw\Audio_Speech_Actors_01-24_16k (1) - Copy\Audio_Speech_Actors_01-24_16k\Actor_18\03-01-06-02-02-01-18.wav,3,1,6,fearful,2,2,1,18
03-01-06-02-02-02-18.wav,C:/Users/kenis/OneDrive/Desktop/RAVDESS\data\raw\Audio_Speech_Actors_01-24_16k (1) - Copy\Audio_Speech_Actors_01-24_16k\Actor_18\03-01-06-02-02-02-18.wav,3,1,6,fearful,2,2,2,18
03-01-07-01-01-01-18.wav,C:/Users/kenis/OneDrive/Desktop/RAVDESS\data\raw\Audio_Speech_Actors_01-24_16k (1) - Copy\Audio_Speech_Actors_01-24_16k\Actor_18\03-01-07-01-01-01-18.wav,3,1,7,disgust,1,1,1,18
03-01-07-01-01-02-18.wav,C:/Users/kenis/OneDrive/Desktop/RAVDESS\data\raw\Audio_Speech_Actors_01-24_16k (1) - Copy\Audio_Speech_Actors_01-24_16k\Actor_18\03-01-07-01-01-02-18.wav,3,1,7,disgust,1,1,2,18
03-01-07-01-02-01-18.wav,C:/Users/kenis/OneDrive/Desktop/RAVDESS\data\raw\Audio_Speech_Actors_01-24_16k (1) - Copy\Audio_Speech_Actors_01-24_16k\Actor_18\03-01-07-01-02-01-18.wav,3,1,7,disgust,1,2,1,18
03-01-07-01-02-02-18.wav,C:/Users/kenis/OneDrive/Desktop/RAVDESS\data\raw\Audio_Speech_Actors_01-24_16k (1) - Copy\Audio_Speech_Actors_01-24_16k\Actor_18\03-01-07-01-02-02-18.wav,3,1,7,disgust,1,2,2,18
03-01-07-02-01-01-18.wav,C:/Users/kenis/OneDrive/Desktop/RAVDESS\data\raw\Audio_Speech_Actors_01-24_16k (1) - Copy\Audio_Speech_Actors_01-24_16k\Actor_18\03-01-07-02-01-01-18.wav,3,1,7,disgust,2,1,1,18
03-01-07-02-01-02-18.wav,C:/Users/kenis/OneDrive/Desktop/RAVDESS\data\raw\Audio_Speech_Actors_01-24_16k (1) - Copy\Audio_Speech_Actors_01-24_16k\Actor_18\03-01-07-02-01-02-18.wav,3,1,7,disgust,2,1,2,18
03-01-07-02-02-01-18.wav,C:/Users/kenis/OneDrive/Desktop/RAVDESS\data\raw\Audio_Speech_Actors_01-24_16k (1) - Copy\Audio_Speech_Actors_01-24_16k\Actor_18\03-01-07-02-02-01-18.wav,3,1,7,disgust,2,2,1,18
03-01-07-02-02-02-18.wav,C:/Users/kenis/OneDrive/Desktop/RAVDESS\data\raw\Audio_Speech_Actors_01-24_16k (1) - Copy\Audio_Speech_Actors_01-24_16k\Actor_18\03-01-07-02-02-02-18.wav,3,1,7,disgust,2,2,2,18
03-01-08-01-01-01-18.wav,C:/Users/kenis/OneDrive/Desktop/RAVDESS\data\raw\Audio_Speech_Actors_01-24_16k (1) - Copy\Audio_Speech_Actors_01-24_16k\Actor_18\03-01-08-01-01-01-18.wav,3,1,8,surprised,1,1,1,18
03-01-08-01-01-02-18.wav,C:/Users/kenis/OneDrive/Desktop/RAVDESS\data\raw\Audio_Speech_Actors_01-24_16k (1) - Copy\Audio_Speech_Actors_01-24_16k\Actor_18\03-01-08-01-01-02-18.wav,3,1,8,surprised,1,1,2,18
03-01-08-01-02-01-18.wav,C:/Users/kenis/OneDrive/Desktop/RAVDESS\data\raw\Audio_Speech_Actors_01-24_16k (1) - Copy\Audio_Speech_Actors_01-24_16k\Actor_18\03-01-08-01-02-01-18.wav,3,1,8,surprised,1,2,1,18
03-01-08-01-02-02-18.wav,C:/Users/kenis/OneDrive/Desktop/RAVDESS\data\raw\Audio_Speech_Actors_01-24_16k (1) - Copy\Audio_Speech_Actors_01-24_16k\Actor_18\03-01-08-01-02-02-18.wav,3,1,8,surprised,1,2,2,18
03-01-08-02-01-01-18.wav,C:/Users/kenis/OneDrive/Desktop/RAVDESS\data\raw\Audio_Speech_Actors_01-24_16k (1) - Copy\Audio_Speech_Actors_01-24_16k\Actor_18\03-01-08-02-01-01-18.wav,3,1,8,surprised,2,1,1,18
03-01-08-02-01-02-18.wav,C:/Users/kenis/OneDrive/Desktop/RAVDESS\data\raw\Audio_Speech_Actors_01-24_16k (1) - Copy\Audio_Speech_Actors_01-24_16k\Actor_18\03-01-08-02-01-02-18.wav,3,1,8,surprised,2,1,2,18
03-01-08-02-02-01-18.wav,C:/Users/kenis/OneDrive/Desktop/RAVDESS\data\raw\Audio_Speech_Actors_01-24_16k (1) - Copy\Audio_Speech_Actors_01-24_16k\Actor_18\03-01-08-02-02-01-18.wav,3,1,8,surprised,2,2,1,18
03-01-08-02-02-02-18.wav,C:/Users/kenis/OneDrive/Desktop/RAVDESS\data\raw\Audio_Speech_Actors_01-24_16k (1) - Copy\Audio_Speech_Actors_01-24_16k\Actor_18\03-01-08-02-02-02-18.wav,3,1,8,surprised,2,2,2,18
03-01-01-01-01-01-19.wav,C:/Users/kenis/OneDrive/Desktop/RAVDESS\data\raw\Audio_Speech_Actors_01-24_16k (1) - Copy\Audio_Speech_Actors_01-24_16k\Actor_19\03-01-01-01-01-01-19.wav,3,1,1,neutral,1,1,1,19
03-01-01-01-01-02-19.wav,C:/Users/kenis/OneDrive/Desktop/RAVDESS\data\raw\Audio_Speech_Actors_01-24_16k (1) - Copy\Audio_Speech_Actors_01-24_16k\Actor_19\03-01-01-01-01-02-19.wav,3,1,1,neutral,1,1,2,19
03-01-01-01-02-01-19.wav,C:/Users/kenis/OneDrive/Desktop/RAVDESS\data\raw\Audio_Speech_Actors_01-24_16k (1) - Copy\Audio_Speech_Actors_01-24_16k\Actor_19\03-01-01-01-02-01-19.wav,3,1,1,neutral,1,2,1,19
03-01-01-01-02-02-19.wav,C:/Users/kenis/OneDrive/Desktop/RAVDESS\data\raw\Audio_Speech_Actors_01-24_16k (1) - Copy\Audio_Speech_Actors_01-24_16k\Actor_19\03-01-01-01-02-02-19.wav,3,1,1,neutral,1,2,2,19
03-01-02-01-01-01-19.wav,C:/Users/kenis/OneDrive/Desktop/RAVDESS\data\raw\Audio_Speech_Actors_01-24_16k (1) - Copy\Audio_Speech_Actors_01-24_16k\Actor_19\03-01-02-01-01-01-19.wav,3,1,2,calm,1,1,1,19
03-01-02-01-01-02-19.wav,C:/Users/kenis/OneDrive/Desktop/RAVDESS\data\raw\Audio_Speech_Actors_01-24_16k (1) - Copy\Audio_Speech_Actors_01-24_16k\Actor_19\03-01-02-01-01-02-19.wav,3,1,2,calm,1,1,2,19
03-01-02-01-02-01-19.wav,C:/Users/kenis/OneDrive/Desktop/RAVDESS\data\raw\Audio_Speech_Actors_01-24_16k (1) - Copy\Audio_Speech_Actors_01-24_16k\Actor_19\03-01-02-01-02-01-19.wav,3,1,2,calm,1,2,1,19
03-01-02-01-02-02-19.wav,C:/Users/kenis/OneDrive/Desktop/RAVDESS\data\raw\Audio_Speech_Actors_01-24_16k (1) - Copy\Audio_Speech_Actors_01-24_16k\Actor_19\03-01-02-01-02-02-19.wav,3,1,2,calm,1,2,2,19
03-01-02-02-01-01-19.wav,C:/Users/kenis/OneDrive/Desktop/RAVDESS\data\raw\Audio_Speech_Actors_01-24_16k (1) - Copy\Audio_Speech_Actors_01-24_16k\Actor_19\03-01-02-02-01-01-19.wav,3,1,2,calm,2,1,1,19
03-01-02-02-01-02-19.wav,C:/Users/kenis/OneDrive/Desktop/RAVDESS\data\raw\Audio_Speech_Actors_01-24_16k (1) - Copy\Audio_Speech_Actors_01-24_16k\Actor_19\03-01-02-02-01-02-19.wav,3,1,2,calm,2,1,2,19
03-01-02-02-02-01-19.wav,C:/Users/kenis/OneDrive/Desktop/RAVDESS\data\raw\Audio_Speech_Actors_01-24_16k (1) - Copy\Audio_Speech_Actors_01-24_16k\Actor_19\03-01-02-02-02-01-19.wav,3,1,2,calm,2,2,1,19
03-01-02-02-02-02-19.wav,C:/Users/kenis/OneDrive/Desktop/RAVDESS\data\raw\Audio_Speech_Actors_01-24_16k (1) - Copy\Audio_Speech_Actors_01-24_16k\Actor_19\03-01-02-02-02-02-19.wav,3,1,2,calm,2,2,2,19
03-01-03-01-01-01-19.wav,C:/Users/kenis/OneDrive/Desktop/RAVDESS\data\raw\Audio_Speech_Actors_01-24_16k (1) - Copy\Audio_Speech_Actors_01-24_16k\Actor_19\03-01-03-01-01-01-19.wav,3,1,3,happy,1,1,1,19
03-01-03-01-01-02-19.wav,C:/Users/kenis/OneDrive/Desktop/RAVDESS\data\raw\Audio_Speech_Actors_01-24_16k (1) - Copy\Audio_Speech_Actors_01-24_16k\Actor_19\03-01-03-01-01-02-19.wav,3,1,3,happy,1,1,2,19
03-01-03-01-02-01-19.wav,C:/Users/kenis/OneDrive/Desktop/RAVDESS\data\raw\Audio_Speech_Actors_01-24_16k (1) - Copy\Audio_Speech_Actors_01-24_16k\Actor_19\03-01-03-01-02-01-19.wav,3,1,3,happy,1,2,1,19
03-01-03-01-02-02-19.wav,C:/Users/kenis/OneDrive/Desktop/RAVDESS\data\raw\Audio_Speech_Actors_01-24_16k (1) - Copy\Audio_Speech_Actors_01-24_16k\Actor_19\03-01-03-01-02-02-19.wav,3,1,3,happy,1,2,2,19
03-01-03-02-01-01-19.wav,C:/Users/kenis/OneDrive/Desktop/RAVDESS\data\raw\Audio_Speech_Actors_01-24_16k (1) - Copy\Audio_Speech_Actors_01-24_16k\Actor_19\03-01-03-02-01-01-19.wav,3,1,3,happy,2,1,1,19
03-01-03-02-01-02-19.wav,C:/Users/kenis/OneDrive/Desktop/RAVDESS\data\raw\Audio_Speech_Actors_01-24_16k (1) - Copy\Audio_Speech_Actors_01-24_16k\Actor_19\03-01-03-02-01-02-19.wav,3,1,3,happy,2,1,2,19
03-01-03-02-02-01-19.wav,C:/Users/kenis/OneDrive/Desktop/RAVDESS\data\raw\Audio_Speech_Actors_01-24_16k (1) - Copy\Audio_Speech_Actors_01-24_16k\Actor_19\03-01-03-02-02-01-19.wav,3,1,3,happy,2,2,1,19
03-01-03-02-02-02-19.wav,C:/Users/kenis/OneDrive/Desktop/RAVDESS\data\raw\Audio_Speech_Actors_01-24_16k (1) - Copy\Audio_Speech_Actors_01-24_16k\Actor_19\03-01-03-02-02-02-19.wav,3,1,3,happy,2,2,2,19
03-01-04-01-01-01-19.wav,C:/Users/kenis/OneDrive/Desktop/RAVDESS\data\raw\Audio_Speech_Actors_01-24_16k (1) - Copy\Audio_Speech_Actors_01-24_16k\Actor_19\03-01-04-01-01-01-19.wav,3,1,4,sad,1,1,1,19
03-01-04-01-01-02-19.wav,C:/Users/kenis/OneDrive/Desktop/RAVDESS\data\raw\Audio_Speech_Actors_01-24_16k (1) - Copy\Audio_Speech_Actors_01-24_16k\Actor_19\03-01-04-01-01-02-19.wav,3,1,4,sad,1,1,2,19
03-01-04-01-02-01-19.wav,C:/Users/kenis/OneDrive/Desktop/RAVDESS\data\raw\Audio_Speech_Actors_01-24_16k (1) - Copy\Audio_Speech_Actors_01-24_16k\Actor_19\03-01-04-01-02-01-19.wav,3,1,4,sad,1,2,1,19
03-01-04-01-02-02-19.wav,C:/Users/kenis/OneDrive/Desktop/RAVDESS\data\raw\Audio_Speech_Actors_01-24_16k (1) - Copy\Audio_Speech_Actors_01-24_16k\Actor_19\03-01-04-01-02-02-19.wav,3,1,4,sad,1,2,2,19
03-01-04-02-01-01-19.wav,C:/Users/kenis/OneDrive/Desktop/RAVDESS\data\raw\Audio_Speech_Actors_01-24_16k (1) - Copy\Audio_Speech_Actors_01-24_16k\Actor_19\03-01-04-02-01-01-19.wav,3,1,4,sad,2,1,1,19
03-01-04-02-01-02-19.wav,C:/Users/kenis/OneDrive/Desktop/RAVDESS\data\raw\Audio_Speech_Actors_01-24_16k (1) - Copy\Audio_Speech_Actors_01-24_16k\Actor_19\03-01-04-02-01-02-19.wav,3,1,4,sad,2,1,2,19
03-01-04-02-02-01-19.wav,C:/Users/kenis/OneDrive/Desktop/RAVDESS\data\raw\Audio_Speech_Actors_01-24_16k (1) - Copy\Audio_Speech_Actors_01-24_16k\Actor_19\03-01-04-02-02-01-19.wav,3,1,4,sad,2,2,1,19
03-01-04-02-02-02-19.wav,C:/Users/kenis/OneDrive/Desktop/RAVDESS\data\raw\Audio_Speech_Actors_01-24_16k (1) - Copy\Audio_Speech_Actors_01-24_16k\Actor_19\03-01-04-02-02-02-19.wav,3,1,4,sad,2,2,2,19
03-01-05-01-01-01-19.wav,C:/Users/kenis/OneDrive/Desktop/RAVDESS\data\raw\Audio_Speech_Actors_01-24_16k (1) - Copy\Audio_Speech_Actors_01-24_16k\Actor_19\03-01-05-01-01-01-19.wav,3,1,5,angry,1,1,1,19
03-01-05-01-01-02-19.wav,C:/Users/kenis/OneDrive/Desktop/RAVDESS\data\raw\Audio_Speech_Actors_01-24_16k (1) - Copy\Audio_Speech_Actors_01-24_16k\Actor_19\03-01-05-01-01-02-19.wav,3,1,5,angry,1,1,2,19
03-01-05-01-02-01-19.wav,C:/Users/kenis/OneDrive/Desktop/RAVDESS\data\raw\Audio_Speech_Actors_01-24_16k (1) - Copy\Audio_Speech_Actors_01-24_16k\Actor_19\03-01-05-01-02-01-19.wav,3,1,5,angry,1,2,1,19
03-01-05-01-02-02-19.wav,C:/Users/kenis/OneDrive/Desktop/RAVDESS\data\raw\Audio_Speech_Actors_01-24_16k (1) - Copy\Audio_Speech_Actors_01-24_16k\Actor_19\03-01-05-01-02-02-19.wav,3,1,5,angry,1,2,2,19
03-01-05-02-01-01-19.wav,C:/Users/kenis/OneDrive/Desktop/RAVDESS\data\raw\Audio_Speech_Actors_01-24_16k (1) - Copy\Audio_Speech_Actors_01-24_16k\Actor_19\03-01-05-02-01-01-19.wav,3,1,5,angry,2,1,1,19
03-01-05-02-01-02-19.wav,C:/Users/kenis/OneDrive/Desktop/RAVDESS\data\raw\Audio_Speech_Actors_01-24_16k (1) - Copy\Audio_Speech_Actors_01-24_16k\Actor_19\03-01-05-02-01-02-19.wav,3,1,5,angry,2,1,2,19
03-01-05-02-02-01-19.wav,C:/Users/kenis/OneDrive/Desktop/RAVDESS\data\raw\Audio_Speech_Actors_01-24_16k (1) - Copy\Audio_Speech_Actors_01-24_16k\Actor_19\03-01-05-02-02-01-19.wav,3,1,5,angry,2,2,1,19
03-01-05-02-02-02-19.wav,C:/Users/kenis/OneDrive/Desktop/RAVDESS\data\raw\Audio_Speech_Actors_01-24_16k (1) - Copy\Audio_Speech_Actors_01-24_16k\Actor_19\03-01-05-02-02-02-19.wav,3,1,5,angry,2,2,2,19
03-01-06-01-01-01-19.wav,C:/Users/kenis/OneDrive/Desktop/RAVDESS\data\raw\Audio_Speech_Actors_01-24_16k (1) - Copy\Audio_Speech_Actors_01-24_16k\Actor_19\03-01-06-01-01-01-19.wav,3,1,6,fearful,1,1,1,19
03-01-06-01-01-02-19.wav,C:/Users/kenis/OneDrive/Desktop/RAVDESS\data\raw\Audio_Speech_Actors_01-24_16k (1) - Copy\Audio_Speech_Actors_01-24_16k\Actor_19\03-01-06-01-01-02-19.wav,3,1,6,fearful,1,1,2,19
03-01-06-01-02-01-19.wav,C:/Users/kenis/OneDrive/Desktop/RAVDESS\data\raw\Audio_Speech_Actors_01-24_16k (1) - Copy\Audio_Speech_Actors_01-24_16k\Actor_19\03-01-06-01-02-01-19.wav,3,1,6,fearful,1,2,1,19
03-01-06-01-02-02-19.wav,C:/Users/kenis/OneDrive/Desktop/RAVDESS\data\raw\Audio_Speech_Actors_01-24_16k (1) - Copy\Audio_Speech_Actors_01-24_16k\Actor_19\03-01-06-01-02-02-19.wav,3,1,6,fearful,1,2,2,19
03-01-06-02-01-01-19.wav,C:/Users/kenis/OneDrive/Desktop/RAVDESS\data\raw\Audio_Speech_Actors_01-24_16k (1) - Copy\Audio_Speech_Actors_01-24_16k\Actor_19\03-01-06-02-01-01-19.wav,3,1,6,fearful,2,1,1,19
03-01-06-02-01-02-19.wav,C:/Users/kenis/OneDrive/Desktop/RAVDESS\data\raw\Audio_Speech_Actors_01-24_16k (1) - Copy\Audio_Speech_Actors_01-24_16k\Actor_19\03-01-06-02-01-02-19.wav,3,1,6,fearful,2,1,2,19
03-01-06-02-02-01-19.wav,C:/Users/kenis/OneDrive/Desktop/RAVDESS\data\raw\Audio_Speech_Actors_01-24_16k (1) - Copy\Audio_Speech_Actors_01-24_16k\Actor_19\03-01-06-02-02-01-19.wav,3,1,6,fearful,2,2,1,19
03-01-06-02-02-02-19.wav,C:/Users/kenis/OneDrive/Desktop/RAVDESS\data\raw\Audio_Speech_Actors_01-24_16k (1) - Copy\Audio_Speech_Actors_01-24_16k\Actor_19\03-01-06-02-02-02-19.wav,3,1,6,fearful,2,2,2,19
03-01-07-01-01-01-19.wav,C:/Users/kenis/OneDrive/Desktop/RAVDESS\data\raw\Audio_Speech_Actors_01-24_16k (1) - Copy\Audio_Speech_Actors_01-24_16k\Actor_19\03-01-07-01-01-01-19.wav,3,1,7,disgust,1,1,1,19
03-01-07-01-01-02-19.wav,C:/Users/kenis/OneDrive/Desktop/RAVDESS\data\raw\Audio_Speech_Actors_01-24_16k (1) - Copy\Audio_Speech_Actors_01-24_16k\Actor_19\03-01-07-01-01-02-19.wav,3,1,7,disgust,1,1,2,19
03-01-07-01-02-01-19.wav,C:/Users/kenis/OneDrive/Desktop/RAVDESS\data\raw\Audio_Speech_Actors_01-24_16k (1) - Copy\Audio_Speech_Actors_01-24_16k\Actor_19\03-01-07-01-02-01-19.wav,3,1,7,disgust,1,2,1,19
03-01-07-01-02-02-19.wav,C:/Users/kenis/OneDrive/Desktop/RAVDESS\data\raw\Audio_Speech_Actors_01-24_16k (1) - Copy\Audio_Speech_Actors_01-24_16k\Actor_19\03-01-07-01-02-02-19.wav,3,1,7,disgust,1,2,2,19
03-01-07-02-01-01-19.wav,C:/Users/kenis/OneDrive/Desktop/RAVDESS\data\raw\Audio_Speech_Actors_01-24_16k (1) - Copy\Audio_Speech_Actors_01-24_16k\Actor_19\03-01-07-02-01-01-19.wav,3,1,7,disgust,2,1,1,19
03-01-07-02-01-02-19.wav,C:/Users/kenis/OneDrive/Desktop/RAVDESS\data\raw\Audio_Speech_Actors_01-24_16k (1) - Copy\Audio_Speech_Actors_01-24_16k\Actor_19\03-01-07-02-01-02-19.wav,3,1,7,disgust,2,1,2,19
03-01-07-02-02-01-19.wav,C:/Users/kenis/OneDrive/Desktop/RAVDESS\data\raw\Audio_Speech_Actors_01-24_16k (1) - Copy\Audio_Speech_Actors_01-24_16k\Actor_19\03-01-07-02-02-01-19.wav,3,1,7,disgust,2,2,1,19
03-01-07-02-02-02-19.wav,C:/Users/kenis/OneDrive/Desktop/RAVDESS\data\raw\Audio_Speech_Actors_01-24_16k (1) - Copy\Audio_Speech_Actors_01-24_16k\Actor_19\03-01-07-02-02-02-19.wav,3,1,7,disgust,2,2,2,19
03-01-08-01-01-01-19.wav,C:/Users/kenis/OneDrive/Desktop/RAVDESS\data\raw\Audio_Speech_Actors_01-24_16k (1) - Copy\Audio_Speech_Actors_01-24_16k\Actor_19\03-01-08-01-01-01-19.wav,3,1,8,surprised,1,1,1,19
03-01-08-01-01-02-19.wav,C:/Users/kenis/OneDrive/Desktop/RAVDESS\data\raw\Audio_Speech_Actors_01-24_16k (1) - Copy\Audio_Speech_Actors_01-24_16k\Actor_19\03-01-08-01-01-02-19.wav,3,1,8,surprised,1,1,2,19
03-01-08-01-02-01-19.wav,C:/Users/kenis/OneDrive/Desktop/RAVDESS\data\raw\Audio_Speech_Actors_01-24_16k (1) - Copy\Audio_Speech_Actors_01-24_16k\Actor_19\03-01-08-01-02-01-19.wav,3,1,8,surprised,1,2,1,19
03-01-08-01-02-02-19.wav,C:/Users/kenis/OneDrive/Desktop/RAVDESS\data\raw\Audio_Speech_Actors_01-24_16k (1) - Copy\Audio_Speech_Actors_01-24_16k\Actor_19\03-01-08-01-02-02-19.wav,3,1,8,surprised,1,2,2,19
03-01-08-02-01-01-19.wav,C:/Users/kenis/OneDrive/Desktop/RAVDESS\data\raw\Audio_Speech_Actors_01-24_16k (1) - Copy\Audio_Speech_Actors_01-24_16k\Actor_19\03-01-08-02-01-01-19.wav,3,1,8,surprised,2,1,1,19
03-01-08-02-01-02-19.wav,C:/Users/kenis/OneDrive/Desktop/RAVDESS\data\raw\Audio_Speech_Actors_01-24_16k (1) - Copy\Audio_Speech_Actors_01-24_16k\Actor_19\03-01-08-02-01-02-19.wav,3,1,8,surprised,2,1,2,19
03-01-08-02-02-01-19.wav,C:/Users/kenis/OneDrive/Desktop/RAVDESS\data\raw\Audio_Speech_Actors_01-24_16k (1) - Copy\Audio_Speech_Actors_01-24_16k\Actor_19\03-01-08-02-02-01-19.wav,3,1,8,surprised,2,2,1,19
03-01-08-02-02-02-19.wav,C:/Users/kenis/OneDrive/Desktop/RAVDESS\data\raw\Audio_Speech_Actors_01-24_16k (1) - Copy\Audio_Speech_Actors_01-24_16k\Actor_19\03-01-08-02-02-02-19.wav,3,1,8,surprised,2,2,2,19
03-01-01-01-01-01-20.wav,C:/Users/kenis/OneDrive/Desktop/RAVDESS\data\raw\Audio_Speech_Actors_01-24_16k (1) - Copy\Audio_Speech_Actors_01-24_16k\Actor_20\03-01-01-01-01-01-20.wav,3,1,1,neutral,1,1,1,20
03-01-01-01-01-02-20.wav,C:/Users/kenis/OneDrive/Desktop/RAVDESS\data\raw\Audio_Speech_Actors_01-24_16k (1) - Copy\Audio_Speech_Actors_01-24_16k\Actor_20\03-01-01-01-01-02-20.wav,3,1,1,neutral,1,1,2,20
03-01-01-01-02-01-20.wav,C:/Users/kenis/OneDrive/Desktop/RAVDESS\data\raw\Audio_Speech_Actors_01-24_16k (1) - Copy\Audio_Speech_Actors_01-24_16k\Actor_20\03-01-01-01-02-01-20.wav,3,1,1,neutral,1,2,1,20
03-01-01-01-02-02-20.wav,C:/Users/kenis/OneDrive/Desktop/RAVDESS\data\raw\Audio_Speech_Actors_01-24_16k (1) - Copy\Audio_Speech_Actors_01-24_16k\Actor_20\03-01-01-01-02-02-20.wav,3,1,1,neutral,1,2,2,20
03-01-02-01-01-01-20.wav,C:/Users/kenis/OneDrive/Desktop/RAVDESS\data\raw\Audio_Speech_Actors_01-24_16k (1) - Copy\Audio_Speech_Actors_01-24_16k\Actor_20\03-01-02-01-01-01-20.wav,3,1,2,calm,1,1,1,20
03-01-02-01-01-02-20.wav,C:/Users/kenis/OneDrive/Desktop/RAVDESS\data\raw\Audio_Speech_Actors_01-24_16k (1) - Copy\Audio_Speech_Actors_01-24_16k\Actor_20\03-01-02-01-01-02-20.wav,3,1,2,calm,1,1,2,20
03-01-02-01-02-01-20.wav,C:/Users/kenis/OneDrive/Desktop/RAVDESS\data\raw\Audio_Speech_Actors_01-24_16k (1) - Copy\Audio_Speech_Actors_01-24_16k\Actor_20\03-01-02-01-02-01-20.wav,3,1,2,calm,1,2,1,20
03-01-02-01-02-02-20.wav,C:/Users/kenis/OneDrive/Desktop/RAVDESS\data\raw\Audio_Speech_Actors_01-24_16k (1) - Copy\Audio_Speech_Actors_01-24_16k\Actor_20\03-01-02-01-02-02-20.wav,3,1,2,calm,1,2,2,20
03-01-02-02-01-01-20.wav,C:/Users/kenis/OneDrive/Desktop/RAVDESS\data\raw\Audio_Speech_Actors_01-24_16k (1) - Copy\Audio_Speech_Actors_01-24_16k\Actor_20\03-01-02-02-01-01-20.wav,3,1,2,calm,2,1,1,20
03-01-02-02-01-02-20.wav,C:/Users/kenis/OneDrive/Desktop/RAVDESS\data\raw\Audio_Speech_Actors_01-24_16k (1) - Copy\Audio_Speech_Actors_01-24_16k\Actor_20\03-01-02-02-01-02-20.wav,3,1,2,calm,2,1,2,20
03-01-02-02-02-01-20.wav,C:/Users/kenis/OneDrive/Desktop/RAVDESS\data\raw\Audio_Speech_Actors_01-24_16k (1) - Copy\Audio_Speech_Actors_01-24_16k\Actor_20\03-01-02-02-02-01-20.wav,3,1,2,calm,2,2,1,20
03-01-02-02-02-02-20.wav,C:/Users/kenis/OneDrive/Desktop/RAVDESS\data\raw\Audio_Speech_Actors_01-24_16k (1) - Copy\Audio_Speech_Actors_01-24_16k\Actor_20\03-01-02-02-02-02-20.wav,3,1,2,calm,2,2,2,20
03-01-03-01-01-01-20.wav,C:/Users/kenis/OneDrive/Desktop/RAVDESS\data\raw\Audio_Speech_Actors_01-24_16k (1) - Copy\Audio_Speech_Actors_01-24_16k\Actor_20\03-01-03-01-01-01-20.wav,3,1,3,happy,1,1,1,20
03-01-03-01-01-02-20.wav,C:/Users/kenis/OneDrive/Desktop/RAVDESS\data\raw\Audio_Speech_Actors_01-24_16k (1) - Copy\Audio_Speech_Actors_01-24_16k\Actor_20\03-01-03-01-01-02-20.wav,3,1,3,happy,1,1,2,20
03-01-03-01-02-01-20.wav,C:/Users/kenis/OneDrive/Desktop/RAVDESS\data\raw\Audio_Speech_Actors_01-24_16k (1) - Copy\Audio_Speech_Actors_01-24_16k\Actor_20\03-01-03-01-02-01-20.wav,3,1,3,happy,1,2,1,20
03-01-03-01-02-02-20.wav,C:/Users/kenis/OneDrive/Desktop/RAVDESS\data\raw\Audio_Speech_Actors_01-24_16k (1) - Copy\Audio_Speech_Actors_01-24_16k\Actor_20\03-01-03-01-02-02-20.wav,3,1,3,happy,1,2,2,20
03-01-03-02-01-01-20.wav,C:/Users/kenis/OneDrive/Desktop/RAVDESS\data\raw\Audio_Speech_Actors_01-24_16k (1) - Copy\Audio_Speech_Actors_01-24_16k\Actor_20\03-01-03-02-01-01-20.wav,3,1,3,happy,2,1,1,20
03-01-03-02-01-02-20.wav,C:/Users/kenis/OneDrive/Desktop/RAVDESS\data\raw\Audio_Speech_Actors_01-24_16k (1) - Copy\Audio_Speech_Actors_01-24_16k\Actor_20\03-01-03-02-01-02-20.wav,3,1,3,happy,2,1,2,20
03-01-03-02-02-01-20.wav,C:/Users/kenis/OneDrive/Desktop/RAVDESS\data\raw\Audio_Speech_Actors_01-24_16k (1) - Copy\Audio_Speech_Actors_01-24_16k\Actor_20\03-01-03-02-02-01-20.wav,3,1,3,happy,2,2,1,20
03-01-03-02-02-02-20.wav,C:/Users/kenis/OneDrive/Desktop/RAVDESS\data\raw\Audio_Speech_Actors_01-24_16k (1) - Copy\Audio_Speech_Actors_01-24_16k\Actor_20\03-01-03-02-02-02-20.wav,3,1,3,happy,2,2,2,20
03-01-04-01-01-01-20.wav,C:/Users/kenis/OneDrive/Desktop/RAVDESS\data\raw\Audio_Speech_Actors_01-24_16k (1) - Copy\Audio_Speech_Actors_01-24_16k\Actor_20\03-01-04-01-01-01-20.wav,3,1,4,sad,1,1,1,20
03-01-04-01-01-02-20.wav,C:/Users/kenis/OneDrive/Desktop/RAVDESS\data\raw\Audio_Speech_Actors_01-24_16k (1) - Copy\Audio_Speech_Actors_01-24_16k\Actor_20\03-01-04-01-01-02-20.wav,3,1,4,sad,1,1,2,20
03-01-04-01-02-01-20.wav,C:/Users/kenis/OneDrive/Desktop/RAVDESS\data\raw\Audio_Speech_Actors_01-24_16k (1) - Copy\Audio_Speech_Actors_01-24_16k\Actor_20\03-01-04-01-02-01-20.wav,3,1,4,sad,1,2,1,20
03-01-04-01-02-02-20.wav,C:/Users/kenis/OneDrive/Desktop/RAVDESS\data\raw\Audio_Speech_Actors_01-24_16k (1) - Copy\Audio_Speech_Actors_01-24_16k\Actor_20\03-01-04-01-02-02-20.wav,3,1,4,sad,1,2,2,20
03-01-04-02-01-01-20.wav,C:/Users/kenis/OneDrive/Desktop/RAVDESS\data\raw\Audio_Speech_Actors_01-24_16k (1) - Copy\Audio_Speech_Actors_01-24_16k\Actor_20\03-01-04-02-01-01-20.wav,3,1,4,sad,2,1,1,20
03-01-04-02-01-02-20.wav,C:/Users/kenis/OneDrive/Desktop/RAVDESS\data\raw\Audio_Speech_Actors_01-24_16k (1) - Copy\Audio_Speech_Actors_01-24_16k\Actor_20\03-01-04-02-01-02-20.wav,3,1,4,sad,2,1,2,20
03-01-04-02-02-01-20.wav,C:/Users/kenis/OneDrive/Desktop/RAVDESS\data\raw\Audio_Speech_Actors_01-24_16k (1) - Copy\Audio_Speech_Actors_01-24_16k\Actor_20\03-01-04-02-02-01-20.wav,3,1,4,sad,2,2,1,20
03-01-04-02-02-02-20.wav,C:/Users/kenis/OneDrive/Desktop/RAVDESS\data\raw\Audio_Speech_Actors_01-24_16k (1) - Copy\Audio_Speech_Actors_01-24_16k\Actor_20\03-01-04-02-02-02-20.wav,3,1,4,sad,2,2,2,20
03-01-05-01-01-01-20.wav,C:/Users/kenis/OneDrive/Desktop/RAVDESS\data\raw\Audio_Speech_Actors_01-24_16k (1) - Copy\Audio_Speech_Actors_01-24_16k\Actor_20\03-01-05-01-01-01-20.wav,3,1,5,angry,1,1,1,20
03-01-05-01-01-02-20.wav,C:/Users/kenis/OneDrive/Desktop/RAVDESS\data\raw\Audio_Speech_Actors_01-24_16k (1) - Copy\Audio_Speech_Actors_01-24_16k\Actor_20\03-01-05-01-01-02-20.wav,3,1,5,angry,1,1,2,20
03-01-05-01-02-01-20.wav,C:/Users/kenis/OneDrive/Desktop/RAVDESS\data\raw\Audio_Speech_Actors_01-24_16k (1) - Copy\Audio_Speech_Actors_01-24_16k\Actor_20\03-01-05-01-02-01-20.wav,3,1,5,angry,1,2,1,20
03-01-05-01-02-02-20.wav,C:/Users/kenis/OneDrive/Desktop/RAVDESS\data\raw\Audio_Speech_Actors_01-24_16k (1) - Copy\Audio_Speech_Actors_01-24_16k\Actor_20\03-01-05-01-02-02-20.wav,3,1,5,angry,1,2,2,20
03-01-05-02-01-01-20.wav,C:/Users/kenis/OneDrive/Desktop/RAVDESS\data\raw\Audio_Speech_Actors_01-24_16k (1) - Copy\Audio_Speech_Actors_01-24_16k\Actor_20\03-01-05-02-01-01-20.wav,3,1,5,angry,2,1,1,20
03-01-05-02-01-02-20.wav,C:/Users/kenis/OneDrive/Desktop/RAVDESS\data\raw\Audio_Speech_Actors_01-24_16k (1) - Copy\Audio_Speech_Actors_01-24_16k\Actor_20\03-01-05-02-01-02-20.wav,3,1,5,angry,2,1,2,20
03-01-05-02-02-01-20.wav,C:/Users/kenis/OneDrive/Desktop/RAVDESS\data\raw\Audio_Speech_Actors_01-24_16k (1) - Copy\Audio_Speech_Actors_01-24_16k\Actor_20\03-01-05-02-02-01-20.wav,3,1,5,angry,2,2,1,20
03-01-05-02-02-02-20.wav,C:/Users/kenis/OneDrive/Desktop/RAVDESS\data\raw\Audio_Speech_Actors_01-24_16k (1) - Copy\Audio_Speech_Actors_01-24_16k\Actor_20\03-01-05-02-02-02-20.wav,3,1,5,angry,2,2,2,20
03-01-06-01-01-01-20.wav,C:/Users/kenis/OneDrive/Desktop/RAVDESS\data\raw\Audio_Speech_Actors_01-24_16k (1) - Copy\Audio_Speech_Actors_01-24_16k\Actor_20\03-01-06-01-01-01-20.wav,3,1,6,fearful,1,1,1,20
03-01-06-01-01-02-20.wav,C:/Users/kenis/OneDrive/Desktop/RAVDESS\data\raw\Audio_Speech_Actors_01-24_16k (1) - Copy\Audio_Speech_Actors_01-24_16k\Actor_20\03-01-06-01-01-02-20.wav,3,1,6,fearful,1,1,2,20
03-01-06-01-02-01-20.wav,C:/Users/kenis/OneDrive/Desktop/RAVDESS\data\raw\Audio_Speech_Actors_01-24_16k (1) - Copy\Audio_Speech_Actors_01-24_16k\Actor_20\03-01-06-01-02-01-20.wav,3,1,6,fearful,1,2,1,20
03-01-06-01-02-02-20.wav,C:/Users/kenis/OneDrive/Desktop/RAVDESS\data\raw\Audio_Speech_Actors_01-24_16k (1) - Copy\Audio_Speech_Actors_01-24_16k\Actor_20\03-01-06-01-02-02-20.wav,3,1,6,fearful,1,2,2,20
03-01-06-02-01-01-20.wav,C:/Users/kenis/OneDrive/Desktop/RAVDESS\data\raw\Audio_Speech_Actors_01-24_16k (1) - Copy\Audio_Speech_Actors_01-24_16k\Actor_20\03-01-06-02-01-01-20.wav,3,1,6,fearful,2,1,1,20
03-01-06-02-01-02-20.wav,C:/Users/kenis/OneDrive/Desktop/RAVDESS\data\raw\Audio_Speech_Actors_01-24_16k (1) - Copy\Audio_Speech_Actors_01-24_16k\Actor_20\03-01-06-02-01-02-20.wav,3,1,6,fearful,2,1,2,20
03-01-06-02-02-01-20.wav,C:/Users/kenis/OneDrive/Desktop/RAVDESS\data\raw\Audio_Speech_Actors_01-24_16k (1) - Copy\Audio_Speech_Actors_01-24_16k\Actor_20\03-01-06-02-02-01-20.wav,3,1,6,fearful,2,2,1,20
03-01-06-02-02-02-20.wav,C:/Users/kenis/OneDrive/Desktop/RAVDESS\data\raw\Audio_Speech_Actors_01-24_16k (1) - Copy\Audio_Speech_Actors_01-24_16k\Actor_20\03-01-06-02-02-02-20.wav,3,1,6,fearful,2,2,2,20
03-01-07-01-01-01-20.wav,C:/Users/kenis/OneDrive/Desktop/RAVDESS\data\raw\Audio_Speech_Actors_01-24_16k (1) - Copy\Audio_Speech_Actors_01-24_16k\Actor_20\03-01-07-01-01-01-20.wav,3,1,7,disgust,1,1,1,20
03-01-07-01-01-02-20.wav,C:/Users/kenis/OneDrive/Desktop/RAVDESS\data\raw\Audio_Speech_Actors_01-24_16k (1) - Copy\Audio_Speech_Actors_01-24_16k\Actor_20\03-01-07-01-01-02-20.wav,3,1,7,disgust,1,1,2,20
03-01-07-01-02-01-20.wav,C:/Users/kenis/OneDrive/Desktop/RAVDESS\data\raw\Audio_Speech_Actors_01-24_16k (1) - Copy\Audio_Speech_Actors_01-24_16k\Actor_20\03-01-07-01-02-01-20.wav,3,1,7,disgust,1,2,1,20
03-01-07-01-02-02-20.wav,C:/Users/kenis/OneDrive/Desktop/RAVDESS\data\raw\Audio_Speech_Actors_01-24_16k (1) - Copy\Audio_Speech_Actors_01-24_16k\Actor_20\03-01-07-01-02-02-20.wav,3,1,7,disgust,1,2,2,20
03-01-07-02-01-01-20.wav,C:/Users/kenis/OneDrive/Desktop/RAVDESS\data\raw\Audio_Speech_Actors_01-24_16k (1) - Copy\Audio_Speech_Actors_01-24_16k\Actor_20\03-01-07-02-01-01-20.wav,3,1,7,disgust,2,1,1,20
03-01-07-02-01-02-20.wav,C:/Users/kenis/OneDrive/Desktop/RAVDESS\data\raw\Audio_Speech_Actors_01-24_16k (1) - Copy\Audio_Speech_Actors_01-24_16k\Actor_20\03-01-07-02-01-02-20.wav,3,1,7,disgust,2,1,2,20
03-01-07-02-02-01-20.wav,C:/Users/kenis/OneDrive/Desktop/RAVDESS\data\raw\Audio_Speech_Actors_01-24_16k (1) - Copy\Audio_Speech_Actors_01-24_16k\Actor_20\03-01-07-02-02-01-20.wav,3,1,7,disgust,2,2,1,20
03-01-07-02-02-02-20.wav,C:/Users/kenis/OneDrive/Desktop/RAVDESS\data\raw\Audio_Speech_Actors_01-24_16k (1) - Copy\Audio_Speech_Actors_01-24_16k\Actor_20\03-01-07-02-02-02-20.wav,3,1,7,disgust,2,2,2,20
03-01-08-01-01-01-20.wav,C:/Users/kenis/OneDrive/Desktop/RAVDESS\data\raw\Audio_Speech_Actors_01-24_16k (1) - Copy\Audio_Speech_Actors_01-24_16k\Actor_20\03-01-08-01-01-01-20.wav,3,1,8,surprised,1,1,1,20
03-01-08-01-01-02-20.wav,C:/Users/kenis/OneDrive/Desktop/RAVDESS\data\raw\Audio_Speech_Actors_01-24_16k (1) - Copy\Audio_Speech_Actors_01-24_16k\Actor_20\03-01-08-01-01-02-20.wav,3,1,8,surprised,1,1,2,20
03-01-08-01-02-01-20.wav,C:/Users/kenis/OneDrive/Desktop/RAVDESS\data\raw\Audio_Speech_Actors_01-24_16k (1) - Copy\Audio_Speech_Actors_01-24_16k\Actor_20\03-01-08-01-02-01-20.wav,3,1,8,surprised,1,2,1,20
03-01-08-01-02-02-20.wav,C:/Users/kenis/OneDrive/Desktop/RAVDESS\data\raw\Audio_Speech_Actors_01-24_16k (1) - Copy\Audio_Speech_Actors_01-24_16k\Actor_20\03-01-08-01-02-02-20.wav,3,1,8,surprised,1,2,2,20
03-01-08-02-01-01-20.wav,C:/Users/kenis/OneDrive/Desktop/RAVDESS\data\raw\Audio_Speech_Actors_01-24_16k (1) - Copy\Audio_Speech_Actors_01-24_16k\Actor_20\03-01-08-02-01-01-20.wav,3,1,8,surprised,2,1,1,20
03-01-08-02-01-02-20.wav,C:/Users/kenis/OneDrive/Desktop/RAVDESS\data\raw\Audio_Speech_Actors_01-24_16k (1) - Copy\Audio_Speech_Actors_01-24_16k\Actor_20\03-01-08-02-01-02-20.wav,3,1,8,surprised,2,1,2,20
03-01-08-02-02-01-20.wav,C:/Users/kenis/OneDrive/Desktop/RAVDESS\data\raw\Audio_Speech_Actors_01-24_16k (1) - Copy\Audio_Speech_Actors_01-24_16k\Actor_20\03-01-08-02-02-01-20.wav,3,1,8,surprised,2,2,1,20
03-01-08-02-02-02-20.wav,C:/Users/kenis/OneDrive/Desktop/RAVDESS\data\raw\Audio_Speech_Actors_01-24_16k (1) - Copy\Audio_Speech_Actors_01-24_16k\Actor_20\03-01-08-02-02-02-20.wav,3,1,8,surprised,2,2,2,20
03-01-01-01-01-01-21.wav,C:/Users/kenis/OneDrive/Desktop/RAVDESS\data\raw\Audio_Speech_Actors_01-24_16k (1) - Copy\Audio_Speech_Actors_01-24_16k\Actor_21\03-01-01-01-01-01-21.wav,3,1,1,neutral,1,1,1,21
03-01-01-01-01-02-21.wav,C:/Users/kenis/OneDrive/Desktop/RAVDESS\data\raw\Audio_Speech_Actors_01-24_16k (1) - Copy\Audio_Speech_Actors_01-24_16k\Actor_21\03-01-01-01-01-02-21.wav,3,1,1,neutral,1,1,2,21
03-01-01-01-02-01-21.wav,C:/Users/kenis/OneDrive/Desktop/RAVDESS\data\raw\Audio_Speech_Actors_01-24_16k (1) - Copy\Audio_Speech_Actors_01-24_16k\Actor_21\03-01-01-01-02-01-21.wav,3,1,1,neutral,1,2,1,21
03-01-01-01-02-02-21.wav,C:/Users/kenis/OneDrive/Desktop/RAVDESS\data\raw\Audio_Speech_Actors_01-24_16k (1) - Copy\Audio_Speech_Actors_01-24_16k\Actor_21\03-01-01-01-02-02-21.wav,3,1,1,neutral,1,2,2,21
03-01-02-01-01-01-21.wav,C:/Users/kenis/OneDrive/Desktop/RAVDESS\data\raw\Audio_Speech_Actors_01-24_16k (1) - Copy\Audio_Speech_Actors_01-24_16k\Actor_21\03-01-02-01-01-01-21.wav,3,1,2,calm,1,1,1,21
03-01-02-01-01-02-21.wav,C:/Users/kenis/OneDrive/Desktop/RAVDESS\data\raw\Audio_Speech_Actors_01-24_16k (1) - Copy\Audio_Speech_Actors_01-24_16k\Actor_21\03-01-02-01-01-02-21.wav,3,1,2,calm,1,1,2,21
03-01-02-01-02-01-21.wav,C:/Users/kenis/OneDrive/Desktop/RAVDESS\data\raw\Audio_Speech_Actors_01-24_16k (1) - Copy\Audio_Speech_Actors_01-24_16k\Actor_21\03-01-02-01-02-01-21.wav,3,1,2,calm,1,2,1,21
03-01-02-01-02-02-21.wav,C:/Users/kenis/OneDrive/Desktop/RAVDESS\data\raw\Audio_Speech_Actors_01-24_16k (1) - Copy\Audio_Speech_Actors_01-24_16k\Actor_21\03-01-02-01-02-02-21.wav,3,1,2,calm,1,2,2,21
03-01-02-02-01-01-21.wav,C:/Users/kenis/OneDrive/Desktop/RAVDESS\data\raw\Audio_Speech_Actors_01-24_16k (1) - Copy\Audio_Speech_Actors_01-24_16k\Actor_21\03-01-02-02-01-01-21.wav,3,1,2,calm,2,1,1,21
03-01-02-02-01-02-21.wav,C:/Users/kenis/OneDrive/Desktop/RAVDESS\data\raw\Audio_Speech_Actors_01-24_16k (1) - Copy\Audio_Speech_Actors_01-24_16k\Actor_21\03-01-02-02-01-02-21.wav,3,1,2,calm,2,1,2,21
03-01-02-02-02-01-21.wav,C:/Users/kenis/OneDrive/Desktop/RAVDESS\data\raw\Audio_Speech_Actors_01-24_16k (1) - Copy\Audio_Speech_Actors_01-24_16k\Actor_21\03-01-02-02-02-01-21.wav,3,1,2,calm,2,2,1,21
03-01-02-02-02-02-21.wav,C:/Users/kenis/OneDrive/Desktop/RAVDESS\data\raw\Audio_Speech_Actors_01-24_16k (1) - Copy\Audio_Speech_Actors_01-24_16k\Actor_21\03-01-02-02-02-02-21.wav,3,1,2,calm,2,2,2,21
03-01-03-01-01-01-21.wav,C:/Users/kenis/OneDrive/Desktop/RAVDESS\data\raw\Audio_Speech_Actors_01-24_16k (1) - Copy\Audio_Speech_Actors_01-24_16k\Actor_21\03-01-03-01-01-01-21.wav,3,1,3,happy,1,1,1,21
03-01-03-01-01-02-21.wav,C:/Users/kenis/OneDrive/Desktop/RAVDESS\data\raw\Audio_Speech_Actors_01-24_16k (1) - Copy\Audio_Speech_Actors_01-24_16k\Actor_21\03-01-03-01-01-02-21.wav,3,1,3,happy,1,1,2,21
03-01-03-01-02-01-21.wav,C:/Users/kenis/OneDrive/Desktop/RAVDESS\data\raw\Audio_Speech_Actors_01-24_16k (1) - Copy\Audio_Speech_Actors_01-24_16k\Actor_21\03-01-03-01-02-01-21.wav,3,1,3,happy,1,2,1,21
03-01-03-01-02-02-21.wav,C:/Users/kenis/OneDrive/Desktop/RAVDESS\data\raw\Audio_Speech_Actors_01-24_16k (1) - Copy\Audio_Speech_Actors_01-24_16k\Actor_21\03-01-03-01-02-02-21.wav,3,1,3,happy,1,2,2,21
03-01-03-02-01-01-21.wav,C:/Users/kenis/OneDrive/Desktop/RAVDESS\data\raw\Audio_Speech_Actors_01-24_16k (1) - Copy\Audio_Speech_Actors_01-24_16k\Actor_21\03-01-03-02-01-01-21.wav,3,1,3,happy,2,1,1,21
03-01-03-02-01-02-21.wav,C:/Users/kenis/OneDrive/Desktop/RAVDESS\data\raw\Audio_Speech_Actors_01-24_16k (1) - Copy\Audio_Speech_Actors_01-24_16k\Actor_21\03-01-03-02-01-02-21.wav,3,1,3,happy,2,1,2,21
03-01-03-02-02-01-21.wav,C:/Users/kenis/OneDrive/Desktop/RAVDESS\data\raw\Audio_Speech_Actors_01-24_16k (1) - Copy\Audio_Speech_Actors_01-24_16k\Actor_21\03-01-03-02-02-01-21.wav,3,1,3,happy,2,2,1,21
03-01-03-02-02-02-21.wav,C:/Users/kenis/OneDrive/Desktop/RAVDESS\data\raw\Audio_Speech_Actors_01-24_16k (1) - Copy\Audio_Speech_Actors_01-24_16k\Actor_21\03-01-03-02-02-02-21.wav,3,1,3,happy,2,2,2,21
03-01-04-01-01-01-21.wav,C:/Users/kenis/OneDrive/Desktop/RAVDESS\data\raw\Audio_Speech_Actors_01-24_16k (1) - Copy\Audio_Speech_Actors_01-24_16k\Actor_21\03-01-04-01-01-01-21.wav,3,1,4,sad,1,1,1,21
03-01-04-01-01-02-21.wav,C:/Users/kenis/OneDrive/Desktop/RAVDESS\data\raw\Audio_Speech_Actors_01-24_16k (1) - Copy\Audio_Speech_Actors_01-24_16k\Actor_21\03-01-04-01-01-02-21.wav,3,1,4,sad,1,1,2,21
03-01-04-01-02-01-21.wav,C:/Users/kenis/OneDrive/Desktop/RAVDESS\data\raw\Audio_Speech_Actors_01-24_16k (1) - Copy\Audio_Speech_Actors_01-24_16k\Actor_21\03-01-04-01-02-01-21.wav,3,1,4,sad,1,2,1,21
03-01-04-01-02-02-21.wav,C:/Users/kenis/OneDrive/Desktop/RAVDESS\data\raw\Audio_Speech_Actors_01-24_16k (1) - Copy\Audio_Speech_Actors_01-24_16k\Actor_21\03-01-04-01-02-02-21.wav,3,1,4,sad,1,2,2,21
03-01-04-02-01-01-21.wav,C:/Users/kenis/OneDrive/Desktop/RAVDESS\data\raw\Audio_Speech_Actors_01-24_16k (1) - Copy\Audio_Speech_Actors_01-24_16k\Actor_21\03-01-04-02-01-01-21.wav,3,1,4,sad,2,1,1,21
03-01-04-02-01-02-21.wav,C:/Users/kenis/OneDrive/Desktop/RAVDESS\data\raw\Audio_Speech_Actors_01-24_16k (1) - Copy\Audio_Speech_Actors_01-24_16k\Actor_21\03-01-04-02-01-02-21.wav,3,1,4,sad,2,1,2,21
03-01-04-02-02-01-21.wav,C:/Users/kenis/OneDrive/Desktop/RAVDESS\data\raw\Audio_Speech_Actors_01-24_16k (1) - Copy\Audio_Speech_Actors_01-24_16k\Actor_21\03-01-04-02-02-01-21.wav,3,1,4,sad,2,2,1,21
03-01-04-02-02-02-21.wav,C:/Users/kenis/OneDrive/Desktop/RAVDESS\data\raw\Audio_Speech_Actors_01-24_16k (1) - Copy\Audio_Speech_Actors_01-24_16k\Actor_21\03-01-04-02-02-02-21.wav,3,1,4,sad,2,2,2,21
03-01-05-01-01-01-21.wav,C:/Users/kenis/OneDrive/Desktop/RAVDESS\data\raw\Audio_Speech_Actors_01-24_16k (1) - Copy\Audio_Speech_Actors_01-24_16k\Actor_21\03-01-05-01-01-01-21.wav,3,1,5,angry,1,1,1,21
03-01-05-01-01-02-21.wav,C:/Users/kenis/OneDrive/Desktop/RAVDESS\data\raw\Audio_Speech_Actors_01-24_16k (1) - Copy\Audio_Speech_Actors_01-24_16k\Actor_21\03-01-05-01-01-02-21.wav,3,1,5,angry,1,1,2,21
03-01-05-01-02-01-21.wav,C:/Users/kenis/OneDrive/Desktop/RAVDESS\data\raw\Audio_Speech_Actors_01-24_16k (1) - Copy\Audio_Speech_Actors_01-24_16k\Actor_21\03-01-05-01-02-01-21.wav,3,1,5,angry,1,2,1,21
03-01-05-01-02-02-21.wav,C:/Users/kenis/OneDrive/Desktop/RAVDESS\data\raw\Audio_Speech_Actors_01-24_16k (1) - Copy\Audio_Speech_Actors_01-24_16k\Actor_21\03-01-05-01-02-02-21.wav,3,1,5,angry,1,2,2,21
03-01-05-02-01-01-21.wav,C:/Users/kenis/OneDrive/Desktop/RAVDESS\data\raw\Audio_Speech_Actors_01-24_16k (1) - Copy\Audio_Speech_Actors_01-24_16k\Actor_21\03-01-05-02-01-01-21.wav,3,1,5,angry,2,1,1,21
03-01-05-02-01-02-21.wav,C:/Users/kenis/OneDrive/Desktop/RAVDESS\data\raw\Audio_Speech_Actors_01-24_16k (1) - Copy\Audio_Speech_Actors_01-24_16k\Actor_21\03-01-05-02-01-02-21.wav,3,1,5,angry,2,1,2,21
03-01-05-02-02-01-21.wav,C:/Users/kenis/OneDrive/Desktop/RAVDESS\data\raw\Audio_Speech_Actors_01-24_16k (1) - Copy\Audio_Speech_Actors_01-24_16k\Actor_21\03-01-05-02-02-01-21.wav,3,1,5,angry,2,2,1,21
03-01-05-02-02-02-21.wav,C:/Users/kenis/OneDrive/Desktop/RAVDESS\data\raw\Audio_Speech_Actors_01-24_16k (1) - Copy\Audio_Speech_Actors_01-24_16k\Actor_21\03-01-05-02-02-02-21.wav,3,1,5,angry,2,2,2,21
03-01-06-01-01-01-21.wav,C:/Users/kenis/OneDrive/Desktop/RAVDESS\data\raw\Audio_Speech_Actors_01-24_16k (1) - Copy\Audio_Speech_Actors_01-24_16k\Actor_21\03-01-06-01-01-01-21.wav,3,1,6,fearful,1,1,1,21
03-01-06-01-01-02-21.wav,C:/Users/kenis/OneDrive/Desktop/RAVDESS\data\raw\Audio_Speech_Actors_01-24_16k (1) - Copy\Audio_Speech_Actors_01-24_16k\Actor_21\03-01-06-01-01-02-21.wav,3,1,6,fearful,1,1,2,21
03-01-06-01-02-01-21.wav,C:/Users/kenis/OneDrive/Desktop/RAVDESS\data\raw\Audio_Speech_Actors_01-24_16k (1) - Copy\Audio_Speech_Actors_01-24_16k\Actor_21\03-01-06-01-02-01-21.wav,3,1,6,fearful,1,2,1,21
03-01-06-01-02-02-21.wav,C:/Users/kenis/OneDrive/Desktop/RAVDESS\data\raw\Audio_Speech_Actors_01-24_16k (1) - Copy\Audio_Speech_Actors_01-24_16k\Actor_21\03-01-06-01-02-02-21.wav,3,1,6,fearful,1,2,2,21
03-01-06-02-01-01-21.wav,C:/Users/kenis/OneDrive/Desktop/RAVDESS\data\raw\Audio_Speech_Actors_01-24_16k (1) - Copy\Audio_Speech_Actors_01-24_16k\Actor_21\03-01-06-02-01-01-21.wav,3,1,6,fearful,2,1,1,21
03-01-06-02-01-02-21.wav,C:/Users/kenis/OneDrive/Desktop/RAVDESS\data\raw\Audio_Speech_Actors_01-24_16k (1) - Copy\Audio_Speech_Actors_01-24_16k\Actor_21\03-01-06-02-01-02-21.wav,3,1,6,fearful,2,1,2,21
03-01-06-02-02-01-21.wav,C:/Users/kenis/OneDrive/Desktop/RAVDESS\data\raw\Audio_Speech_Actors_01-24_16k (1) - Copy\Audio_Speech_Actors_01-24_16k\Actor_21\03-01-06-02-02-01-21.wav,3,1,6,fearful,2,2,1,21
03-01-06-02-02-02-21.wav,C:/Users/kenis/OneDrive/Desktop/RAVDESS\data\raw\Audio_Speech_Actors_01-24_16k (1) - Copy\Audio_Speech_Actors_01-24_16k\Actor_21\03-01-06-02-02-02-21.wav,3,1,6,fearful,2,2,2,21
03-01-07-01-01-01-21.wav,C:/Users/kenis/OneDrive/Desktop/RAVDESS\data\raw\Audio_Speech_Actors_01-24_16k (1) - Copy\Audio_Speech_Actors_01-24_16k\Actor_21\03-01-07-01-01-01-21.wav,3,1,7,disgust,1,1,1,21
03-01-07-01-01-02-21.wav,C:/Users/kenis/OneDrive/Desktop/RAVDESS\data\raw\Audio_Speech_Actors_01-24_16k (1) - Copy\Audio_Speech_Actors_01-24_16k\Actor_21\03-01-07-01-01-02-21.wav,3,1,7,disgust,1,1,2,21
03-01-07-01-02-01-21.wav,C:/Users/kenis/OneDrive/Desktop/RAVDESS\data\raw\Audio_Speech_Actors_01-24_16k (1) - Copy\Audio_Speech_Actors_01-24_16k\Actor_21\03-01-07-01-02-01-21.wav,3,1,7,disgust,1,2,1,21
03-01-07-01-02-02-21.wav,C:/Users/kenis/OneDrive/Desktop/RAVDESS\data\raw\Audio_Speech_Actors_01-24_16k (1) - Copy\Audio_Speech_Actors_01-24_16k\Actor_21\03-01-07-01-02-02-21.wav,3,1,7,disgust,1,2,2,21
03-01-07-02-01-01-21.wav,C:/Users/kenis/OneDrive/Desktop/RAVDESS\data\raw\Audio_Speech_Actors_01-24_16k (1) - Copy\Audio_Speech_Actors_01-24_16k\Actor_21\03-01-07-02-01-01-21.wav,3,1,7,disgust,2,1,1,21
03-01-07-02-01-02-21.wav,C:/Users/kenis/OneDrive/Desktop/RAVDESS\data\raw\Audio_Speech_Actors_01-24_16k (1) - Copy\Audio_Speech_Actors_01-24_16k\Actor_21\03-01-07-02-01-02-21.wav,3,1,7,disgust,2,1,2,21
03-01-07-02-02-01-21.wav,C:/Users/kenis/OneDrive/Desktop/RAVDESS\data\raw\Audio_Speech_Actors_01-24_16k (1) - Copy\Audio_Speech_Actors_01-24_16k\Actor_21\03-01-07-02-02-01-21.wav,3,1,7,disgust,2,2,1,21
03-01-07-02-02-02-21.wav,C:/Users/kenis/OneDrive/Desktop/RAVDESS\data\raw\Audio_Speech_Actors_01-24_16k (1) - Copy\Audio_Speech_Actors_01-24_16k\Actor_21\03-01-07-02-02-02-21.wav,3,1,7,disgust,2,2,2,21
03-01-08-01-01-01-21.wav,C:/Users/kenis/OneDrive/Desktop/RAVDESS\data\raw\Audio_Speech_Actors_01-24_16k (1) - Copy\Audio_Speech_Actors_01-24_16k\Actor_21\03-01-08-01-01-01-21.wav,3,1,8,surprised,1,1,1,21
03-01-08-01-01-02-21.wav,C:/Users/kenis/OneDrive/Desktop/RAVDESS\data\raw\Audio_Speech_Actors_01-24_16k (1) - Copy\Audio_Speech_Actors_01-24_16k\Actor_21\03-01-08-01-01-02-21.wav,3,1,8,surprised,1,1,2,21
03-01-08-01-02-01-21.wav,C:/Users/kenis/OneDrive/Desktop/RAVDESS\data\raw\Audio_Speech_Actors_01-24_16k (1) - Copy\Audio_Speech_Actors_01-24_16k\Actor_21\03-01-08-01-02-01-21.wav,3,1,8,surprised,1,2,1,21
03-01-08-01-02-02-21.wav,C:/Users/kenis/OneDrive/Desktop/RAVDESS\data\raw\Audio_Speech_Actors_01-24_16k (1) - Copy\Audio_Speech_Actors_01-24_16k\Actor_21\03-01-08-01-02-02-21.wav,3,1,8,surprised,1,2,2,21
03-01-08-02-01-01-21.wav,C:/Users/kenis/OneDrive/Desktop/RAVDESS\data\raw\Audio_Speech_Actors_01-24_16k (1) - Copy\Audio_Speech_Actors_01-24_16k\Actor_21\03-01-08-02-01-01-21.wav,3,1,8,surprised,2,1,1,21
03-01-08-02-01-02-21.wav,C:/Users/kenis/OneDrive/Desktop/RAVDESS\data\raw\Audio_Speech_Actors_01-24_16k (1) - Copy\Audio_Speech_Actors_01-24_16k\Actor_21\03-01-08-02-01-02-21.wav,3,1,8,surprised,2,1,2,21
03-01-08-02-02-01-21.wav,C:/Users/kenis/OneDrive/Desktop/RAVDESS\data\raw\Audio_Speech_Actors_01-24_16k (1) - Copy\Audio_Speech_Actors_01-24_16k\Actor_21\03-01-08-02-02-01-21.wav,3,1,8,surprised,2,2,1,21
03-01-08-02-02-02-21.wav,C:/Users/kenis/OneDrive/Desktop/RAVDESS\data\raw\Audio_Speech_Actors_01-24_16k (1) - Copy\Audio_Speech_Actors_01-24_16k\Actor_21\03-01-08-02-02-02-21.wav,3,1,8,surprised,2,2,2,21
03-01-01-01-01-01-22.wav,C:/Users/kenis/OneDrive/Desktop/RAVDESS\data\raw\Audio_Speech_Actors_01-24_16k (1) - Copy\Audio_Speech_Actors_01-24_16k\Actor_22\03-01-01-01-01-01-22.wav,3,1,1,neutral,1,1,1,22
03-01-01-01-01-02-22.wav,C:/Users/kenis/OneDrive/Desktop/RAVDESS\data\raw\Audio_Speech_Actors_01-24_16k (1) - Copy\Audio_Speech_Actors_01-24_16k\Actor_22\03-01-01-01-01-02-22.wav,3,1,1,neutral,1,1,2,22
03-01-01-01-02-01-22.wav,C:/Users/kenis/OneDrive/Desktop/RAVDESS\data\raw\Audio_Speech_Actors_01-24_16k (1) - Copy\Audio_Speech_Actors_01-24_16k\Actor_22\03-01-01-01-02-01-22.wav,3,1,1,neutral,1,2,1,22
03-01-01-01-02-02-22.wav,C:/Users/kenis/OneDrive/Desktop/RAVDESS\data\raw\Audio_Speech_Actors_01-24_16k (1) - Copy\Audio_Speech_Actors_01-24_16k\Actor_22\03-01-01-01-02-02-22.wav,3,1,1,neutral,1,2,2,22
03-01-02-01-01-01-22.wav,C:/Users/kenis/OneDrive/Desktop/RAVDESS\data\raw\Audio_Speech_Actors_01-24_16k (1) - Copy\Audio_Speech_Actors_01-24_16k\Actor_22\03-01-02-01-01-01-22.wav,3,1,2,calm,1,1,1,22
03-01-02-01-01-02-22.wav,C:/Users/kenis/OneDrive/Desktop/RAVDESS\data\raw\Audio_Speech_Actors_01-24_16k (1) - Copy\Audio_Speech_Actors_01-24_16k\Actor_22\03-01-02-01-01-02-22.wav,3,1,2,calm,1,1,2,22
03-01-02-01-02-01-22.wav,C:/Users/kenis/OneDrive/Desktop/RAVDESS\data\raw\Audio_Speech_Actors_01-24_16k (1) - Copy\Audio_Speech_Actors_01-24_16k\Actor_22\03-01-02-01-02-01-22.wav,3,1,2,calm,1,2,1,22
03-01-02-01-02-02-22.wav,C:/Users/kenis/OneDrive/Desktop/RAVDESS\data\raw\Audio_Speech_Actors_01-24_16k (1) - Copy\Audio_Speech_Actors_01-24_16k\Actor_22\03-01-02-01-02-02-22.wav,3,1,2,calm,1,2,2,22
03-01-02-02-01-01-22.wav,C:/Users/kenis/OneDrive/Desktop/RAVDESS\data\raw\Audio_Speech_Actors_01-24_16k (1) - Copy\Audio_Speech_Actors_01-24_16k\Actor_22\03-01-02-02-01-01-22.wav,3,1,2,calm,2,1,1,22
03-01-02-02-01-02-22.wav,C:/Users/kenis/OneDrive/Desktop/RAVDESS\data\raw\Audio_Speech_Actors_01-24_16k (1) - Copy\Audio_Speech_Actors_01-24_16k\Actor_22\03-01-02-02-01-02-22.wav,3,1,2,calm,2,1,2,22
03-01-02-02-02-01-22.wav,C:/Users/kenis/OneDrive/Desktop/RAVDESS\data\raw\Audio_Speech_Actors_01-24_16k (1) - Copy\Audio_Speech_Actors_01-24_16k\Actor_22\03-01-02-02-02-01-22.wav,3,1,2,calm,2,2,1,22
03-01-02-02-02-02-22.wav,C:/Users/kenis/OneDrive/Desktop/RAVDESS\data\raw\Audio_Speech_Actors_01-24_16k (1) - Copy\Audio_Speech_Actors_01-24_16k\Actor_22\03-01-02-02-02-02-22.wav,3,1,2,calm,2,2,2,22
03-01-03-01-01-01-22.wav,C:/Users/kenis/OneDrive/Desktop/RAVDESS\data\raw\Audio_Speech_Actors_01-24_16k (1) - Copy\Audio_Speech_Actors_01-24_16k\Actor_22\03-01-03-01-01-01-22.wav,3,1,3,happy,1,1,1,22
03-01-03-01-01-02-22.wav,C:/Users/kenis/OneDrive/Desktop/RAVDESS\data\raw\Audio_Speech_Actors_01-24_16k (1) - Copy\Audio_Speech_Actors_01-24_16k\Actor_22\03-01-03-01-01-02-22.wav,3,1,3,happy,1,1,2,22
03-01-03-01-02-01-22.wav,C:/Users/kenis/OneDrive/Desktop/RAVDESS\data\raw\Audio_Speech_Actors_01-24_16k (1) - Copy\Audio_Speech_Actors_01-24_16k\Actor_22\03-01-03-01-02-01-22.wav,3,1,3,happy,1,2,1,22
03-01-03-01-02-02-22.wav,C:/Users/kenis/OneDrive/Desktop/RAVDESS\data\raw\Audio_Speech_Actors_01-24_16k (1) - Copy\Audio_Speech_Actors_01-24_16k\Actor_22\03-01-03-01-02-02-22.wav,3,1,3,happy,1,2,2,22
03-01-03-02-01-01-22.wav,C:/Users/kenis/OneDrive/Desktop/RAVDESS\data\raw\Audio_Speech_Actors_01-24_16k (1) - Copy\Audio_Speech_Actors_01-24_16k\Actor_22\03-01-03-02-01-01-22.wav,3,1,3,happy,2,1,1,22
03-01-03-02-01-02-22.wav,C:/Users/kenis/OneDrive/Desktop/RAVDESS\data\raw\Audio_Speech_Actors_01-24_16k (1) - Copy\Audio_Speech_Actors_01-24_16k\Actor_22\03-01-03-02-01-02-22.wav,3,1,3,happy,2,1,2,22
03-01-03-02-02-01-22.wav,C:/Users/kenis/OneDrive/Desktop/RAVDESS\data\raw\Audio_Speech_Actors_01-24_16k (1) - Copy\Audio_Speech_Actors_01-24_16k\Actor_22\03-01-03-02-02-01-22.wav,3,1,3,happy,2,2,1,22
03-01-03-02-02-02-22.wav,C:/Users/kenis/OneDrive/Desktop/RAVDESS\data\raw\Audio_Speech_Actors_01-24_16k (1) - Copy\Audio_Speech_Actors_01-24_16k\Actor_22\03-01-03-02-02-02-22.wav,3,1,3,happy,2,2,2,22
03-01-04-01-01-01-22.wav,C:/Users/kenis/OneDrive/Desktop/RAVDESS\data\raw\Audio_Speech_Actors_01-24_16k (1) - Copy\Audio_Speech_Actors_01-24_16k\Actor_22\03-01-04-01-01-01-22.wav,3,1,4,sad,1,1,1,22
03-01-04-01-01-02-22.wav,C:/Users/kenis/OneDrive/Desktop/RAVDESS\data\raw\Audio_Speech_Actors_01-24_16k (1) - Copy\Audio_Speech_Actors_01-24_16k\Actor_22\03-01-04-01-01-02-22.wav,3,1,4,sad,1,1,2,22
03-01-04-01-02-01-22.wav,C:/Users/kenis/OneDrive/Desktop/RAVDESS\data\raw\Audio_Speech_Actors_01-24_16k (1) - Copy\Audio_Speech_Actors_01-24_16k\Actor_22\03-01-04-01-02-01-22.wav,3,1,4,sad,1,2,1,22
03-01-04-01-02-02-22.wav,C:/Users/kenis/OneDrive/Desktop/RAVDESS\data\raw\Audio_Speech_Actors_01-24_16k (1) - Copy\Audio_Speech_Actors_01-24_16k\Actor_22\03-01-04-01-02-02-22.wav,3,1,4,sad,1,2,2,22
03-01-04-02-01-01-22.wav,C:/Users/kenis/OneDrive/Desktop/RAVDESS\data\raw\Audio_Speech_Actors_01-24_16k (1) - Copy\Audio_Speech_Actors_01-24_16k\Actor_22\03-01-04-02-01-01-22.wav,3,1,4,sad,2,1,1,22
03-01-04-02-01-02-22.wav,C:/Users/kenis/OneDrive/Desktop/RAVDESS\data\raw\Audio_Speech_Actors_01-24_16k (1) - Copy\Audio_Speech_Actors_01-24_16k\Actor_22\03-01-04-02-01-02-22.wav,3,1,4,sad,2,1,2,22
03-01-04-02-02-01-22.wav,C:/Users/kenis/OneDrive/Desktop/RAVDESS\data\raw\Audio_Speech_Actors_01-24_16k (1) - Copy\Audio_Speech_Actors_01-24_16k\Actor_22\03-01-04-02-02-01-22.wav,3,1,4,sad,2,2,1,22
03-01-04-02-02-02-22.wav,C:/Users/kenis/OneDrive/Desktop/RAVDESS\data\raw\Audio_Speech_Actors_01-24_16k (1) - Copy\Audio_Speech_Actors_01-24_16k\Actor_22\03-01-04-02-02-02-22.wav,3,1,4,sad,2,2,2,22
03-01-05-01-01-01-22.wav,C:/Users/kenis/OneDrive/Desktop/RAVDESS\data\raw\Audio_Speech_Actors_01-24_16k (1) - Copy\Audio_Speech_Actors_01-24_16k\Actor_22\03-01-05-01-01-01-22.wav,3,1,5,angry,1,1,1,22
03-01-05-01-01-02-22.wav,C:/Users/kenis/OneDrive/Desktop/RAVDESS\data\raw\Audio_Speech_Actors_01-24_16k (1) - Copy\Audio_Speech_Actors_01-24_16k\Actor_22\03-01-05-01-01-02-22.wav,3,1,5,angry,1,1,2,22
03-01-05-01-02-01-22.wav,C:/Users/kenis/OneDrive/Desktop/RAVDESS\data\raw\Audio_Speech_Actors_01-24_16k (1) - Copy\Audio_Speech_Actors_01-24_16k\Actor_22\03-01-05-01-02-01-22.wav,3,1,5,angry,1,2,1,22
03-01-05-01-02-02-22.wav,C:/Users/kenis/OneDrive/Desktop/RAVDESS\data\raw\Audio_Speech_Actors_01-24_16k (1) - Copy\Audio_Speech_Actors_01-24_16k\Actor_22\03-01-05-01-02-02-22.wav,3,1,5,angry,1,2,2,22
03-01-05-02-01-01-22.wav,C:/Users/kenis/OneDrive/Desktop/RAVDESS\data\raw\Audio_Speech_Actors_01-24_16k (1) - Copy\Audio_Speech_Actors_01-24_16k\Actor_22\03-01-05-02-01-01-22.wav,3,1,5,angry,2,1,1,22
03-01-05-02-01-02-22.wav,C:/Users/kenis/OneDrive/Desktop/RAVDESS\data\raw\Audio_Speech_Actors_01-24_16k (1) - Copy\Audio_Speech_Actors_01-24_16k\Actor_22\03-01-05-02-01-02-22.wav,3,1,5,angry,2,1,2,22
03-01-05-02-02-01-22.wav,C:/Users/kenis/OneDrive/Desktop/RAVDESS\data\raw\Audio_Speech_Actors_01-24_16k (1) - Copy\Audio_Speech_Actors_01-24_16k\Actor_22\03-01-05-02-02-01-22.wav,3,1,5,angry,2,2,1,22
03-01-05-02-02-02-22.wav,C:/Users/kenis/OneDrive/Desktop/RAVDESS\data\raw\Audio_Speech_Actors_01-24_16k (1) - Copy\Audio_Speech_Actors_01-24_16k\Actor_22\03-01-05-02-02-02-22.wav,3,1,5,angry,2,2,2,22
03-01-06-01-01-01-22.wav,C:/Users/kenis/OneDrive/Desktop/RAVDESS\data\raw\Audio_Speech_Actors_01-24_16k (1) - Copy\Audio_Speech_Actors_01-24_16k\Actor_22\03-01-06-01-01-01-22.wav,3,1,6,fearful,1,1,1,22
03-01-06-01-01-02-22.wav,C:/Users/kenis/OneDrive/Desktop/RAVDESS\data\raw\Audio_Speech_Actors_01-24_16k (1) - Copy\Audio_Speech_Actors_01-24_16k\Actor_22\03-01-06-01-01-02-22.wav,3,1,6,fearful,1,1,2,22
03-01-06-01-02-01-22.wav,C:/Users/kenis/OneDrive/Desktop/RAVDESS\data\raw\Audio_Speech_Actors_01-24_16k (1) - Copy\Audio_Speech_Actors_01-24_16k\Actor_22\03-01-06-01-02-01-22.wav,3,1,6,fearful,1,2,1,22
03-01-06-01-02-02-22.wav,C:/Users/kenis/OneDrive/Desktop/RAVDESS\data\raw\Audio_Speech_Actors_01-24_16k (1) - Copy\Audio_Speech_Actors_01-24_16k\Actor_22\03-01-06-01-02-02-22.wav,3,1,6,fearful,1,2,2,22
03-01-06-02-01-01-22.wav,C:/Users/kenis/OneDrive/Desktop/RAVDESS\data\raw\Audio_Speech_Actors_01-24_16k (1) - Copy\Audio_Speech_Actors_01-24_16k\Actor_22\03-01-06-02-01-01-22.wav,3,1,6,fearful,2,1,1,22
03-01-06-02-01-02-22.wav,C:/Users/kenis/OneDrive/Desktop/RAVDESS\data\raw\Audio_Speech_Actors_01-24_16k (1) - Copy\Audio_Speech_Actors_01-24_16k\Actor_22\03-01-06-02-01-02-22.wav,3,1,6,fearful,2,1,2,22
03-01-06-02-02-01-22.wav,C:/Users/kenis/OneDrive/Desktop/RAVDESS\data\raw\Audio_Speech_Actors_01-24_16k (1) - Copy\Audio_Speech_Actors_01-24_16k\Actor_22\03-01-06-02-02-01-22.wav,3,1,6,fearful,2,2,1,22
03-01-06-02-02-02-22.wav,C:/Users/kenis/OneDrive/Desktop/RAVDESS\data\raw\Audio_Speech_Actors_01-24_16k (1) - Copy\Audio_Speech_Actors_01-24_16k\Actor_22\03-01-06-02-02-02-22.wav,3,1,6,fearful,2,2,2,22
03-01-07-01-01-01-22.wav,C:/Users/kenis/OneDrive/Desktop/RAVDESS\data\raw\Audio_Speech_Actors_01-24_16k (1) - Copy\Audio_Speech_Actors_01-24_16k\Actor_22\03-01-07-01-01-01-22.wav,3,1,7,disgust,1,1,1,22
03-01-07-01-01-02-22.wav,C:/Users/kenis/OneDrive/Desktop/RAVDESS\data\raw\Audio_Speech_Actors_01-24_16k (1) - Copy\Audio_Speech_Actors_01-24_16k\Actor_22\03-01-07-01-01-02-22.wav,3,1,7,disgust,1,1,2,22
03-01-07-01-02-01-22.wav,C:/Users/kenis/OneDrive/Desktop/RAVDESS\data\raw\Audio_Speech_Actors_01-24_16k (1) - Copy\Audio_Speech_Actors_01-24_16k\Actor_22\03-01-07-01-02-01-22.wav,3,1,7,disgust,1,2,1,22
03-01-07-01-02-02-22.wav,C:/Users/kenis/OneDrive/Desktop/RAVDESS\data\raw\Audio_Speech_Actors_01-24_16k (1) - Copy\Audio_Speech_Actors_01-24_16k\Actor_22\03-01-07-01-02-02-22.wav,3,1,7,disgust,1,2,2,22
03-01-07-02-01-01-22.wav,C:/Users/kenis/OneDrive/Desktop/RAVDESS\data\raw\Audio_Speech_Actors_01-24_16k (1) - Copy\Audio_Speech_Actors_01-24_16k\Actor_22\03-01-07-02-01-01-22.wav,3,1,7,disgust,2,1,1,22
03-01-07-02-01-02-22.wav,C:/Users/kenis/OneDrive/Desktop/RAVDESS\data\raw\Audio_Speech_Actors_01-24_16k (1) - Copy\Audio_Speech_Actors_01-24_16k\Actor_22\03-01-07-02-01-02-22.wav,3,1,7,disgust,2,1,2,22
03-01-07-02-02-01-22.wav,C:/Users/kenis/OneDrive/Desktop/RAVDESS\data\raw\Audio_Speech_Actors_01-24_16k (1) - Copy\Audio_Speech_Actors_01-24_16k\Actor_22\03-01-07-02-02-01-22.wav,3,1,7,disgust,2,2,1,22
03-01-07-02-02-02-22.wav,C:/Users/kenis/OneDrive/Desktop/RAVDESS\data\raw\Audio_Speech_Actors_01-24_16k (1) - Copy\Audio_Speech_Actors_01-24_16k\Actor_22\03-01-07-02-02-02-22.wav,3,1,7,disgust,2,2,2,22
03-01-08-01-01-01-22.wav,C:/Users/kenis/OneDrive/Desktop/RAVDESS\data\raw\Audio_Speech_Actors_01-24_16k (1) - Copy\Audio_Speech_Actors_01-24_16k\Actor_22\03-01-08-01-01-01-22.wav,3,1,8,surprised,1,1,1,22
03-01-08-01-01-02-22.wav,C:/Users/kenis/OneDrive/Desktop/RAVDESS\data\raw\Audio_Speech_Actors_01-24_16k (1) - Copy\Audio_Speech_Actors_01-24_16k\Actor_22\03-01-08-01-01-02-22.wav,3,1,8,surprised,1,1,2,22
03-01-08-01-02-01-22.wav,C:/Users/kenis/OneDrive/Desktop/RAVDESS\data\raw\Audio_Speech_Actors_01-24_16k (1) - Copy\Audio_Speech_Actors_01-24_16k\Actor_22\03-01-08-01-02-01-22.wav,3,1,8,surprised,1,2,1,22
03-01-08-01-02-02-22.wav,C:/Users/kenis/OneDrive/Desktop/RAVDESS\data\raw\Audio_Speech_Actors_01-24_16k (1) - Copy\Audio_Speech_Actors_01-24_16k\Actor_22\03-01-08-01-02-02-22.wav,3,1,8,surprised,1,2,2,22
03-01-08-02-01-01-22.wav,C:/Users/kenis/OneDrive/Desktop/RAVDESS\data\raw\Audio_Speech_Actors_01-24_16k (1) - Copy\Audio_Speech_Actors_01-24_16k\Actor_22\03-01-08-02-01-01-22.wav,3,1,8,surprised,2,1,1,22
03-01-08-02-01-02-22.wav,C:/Users/kenis/OneDrive/Desktop/RAVDESS\data\raw\Audio_Speech_Actors_01-24_16k (1) - Copy\Audio_Speech_Actors_01-24_16k\Actor_22\03-01-08-02-01-02-22.wav,3,1,8,surprised,2,1,2,22
03-01-08-02-02-01-22.wav,C:/Users/kenis/OneDrive/Desktop/RAVDESS\data\raw\Audio_Speech_Actors_01-24_16k (1) - Copy\Audio_Speech_Actors_01-24_16k\Actor_22\03-01-08-02-02-01-22.wav,3,1,8,surprised,2,2,1,22
03-01-08-02-02-02-22.wav,C:/Users/kenis/OneDrive/Desktop/RAVDESS\data\raw\Audio_Speech_Actors_01-24_16k (1) - Copy\Audio_Speech_Actors_01-24_16k\Actor_22\03-01-08-02-02-02-22.wav,3,1,8,surprised,2,2,2,22
03-01-01-01-01-01-23.wav,C:/Users/kenis/OneDrive/Desktop/RAVDESS\data\raw\Audio_Speech_Actors_01-24_16k (1) - Copy\Audio_Speech_Actors_01-24_16k\Actor_23\03-01-01-01-01-01-23.wav,3,1,1,neutral,1,1,1,23
03-01-01-01-01-02-23.wav,C:/Users/kenis/OneDrive/Desktop/RAVDESS\data\raw\Audio_Speech_Actors_01-24_16k (1) - Copy\Audio_Speech_Actors_01-24_16k\Actor_23\03-01-01-01-01-02-23.wav,3,1,1,neutral,1,1,2,23
03-01-01-01-02-01-23.wav,C:/Users/kenis/OneDrive/Desktop/RAVDESS\data\raw\Audio_Speech_Actors_01-24_16k (1) - Copy\Audio_Speech_Actors_01-24_16k\Actor_23\03-01-01-01-02-01-23.wav,3,1,1,neutral,1,2,1,23
03-01-01-01-02-02-23.wav,C:/Users/kenis/OneDrive/Desktop/RAVDESS\data\raw\Audio_Speech_Actors_01-24_16k (1) - Copy\Audio_Speech_Actors_01-24_16k\Actor_23\03-01-01-01-02-02-23.wav,3,1,1,neutral,1,2,2,23
03-01-02-01-01-01-23.wav,C:/Users/kenis/OneDrive/Desktop/RAVDESS\data\raw\Audio_Speech_Actors_01-24_16k (1) - Copy\Audio_Speech_Actors_01-24_16k\Actor_23\03-01-02-01-01-01-23.wav,3,1,2,calm,1,1,1,23
03-01-02-01-01-02-23.wav,C:/Users/kenis/OneDrive/Desktop/RAVDESS\data\raw\Audio_Speech_Actors_01-24_16k (1) - Copy\Audio_Speech_Actors_01-24_16k\Actor_23\03-01-02-01-01-02-23.wav,3,1,2,calm,1,1,2,23
03-01-02-01-02-01-23.wav,C:/Users/kenis/OneDrive/Desktop/RAVDESS\data\raw\Audio_Speech_Actors_01-24_16k (1) - Copy\Audio_Speech_Actors_01-24_16k\Actor_23\03-01-02-01-02-01-23.wav,3,1,2,calm,1,2,1,23
03-01-02-01-02-02-23.wav,C:/Users/kenis/OneDrive/Desktop/RAVDESS\data\raw\Audio_Speech_Actors_01-24_16k (1) - Copy\Audio_Speech_Actors_01-24_16k\Actor_23\03-01-02-01-02-02-23.wav,3,1,2,calm,1,2,2,23
03-01-02-02-01-01-23.wav,C:/Users/kenis/OneDrive/Desktop/RAVDESS\data\raw\Audio_Speech_Actors_01-24_16k (1) - Copy\Audio_Speech_Actors_01-24_16k\Actor_23\03-01-02-02-01-01-23.wav,3,1,2,calm,2,1,1,23
03-01-02-02-01-02-23.wav,C:/Users/kenis/OneDrive/Desktop/RAVDESS\data\raw\Audio_Speech_Actors_01-24_16k (1) - Copy\Audio_Speech_Actors_01-24_16k\Actor_23\03-01-02-02-01-02-23.wav,3,1,2,calm,2,1,2,23
03-01-02-02-02-01-23.wav,C:/Users/kenis/OneDrive/Desktop/RAVDESS\data\raw\Audio_Speech_Actors_01-24_16k (1) - Copy\Audio_Speech_Actors_01-24_16k\Actor_23\03-01-02-02-02-01-23.wav,3,1,2,calm,2,2,1,23
03-01-02-02-02-02-23.wav,C:/Users/kenis/OneDrive/Desktop/RAVDESS\data\raw\Audio_Speech_Actors_01-24_16k (1) - Copy\Audio_Speech_Actors_01-24_16k\Actor_23\03-01-02-02-02-02-23.wav,3,1,2,calm,2,2,2,23
03-01-03-01-01-01-23.wav,C:/Users/kenis/OneDrive/Desktop/RAVDESS\data\raw\Audio_Speech_Actors_01-24_16k (1) - Copy\Audio_Speech_Actors_01-24_16k\Actor_23\03-01-03-01-01-01-23.wav,3,1,3,happy,1,1,1,23
03-01-03-01-01-02-23.wav,C:/Users/kenis/OneDrive/Desktop/RAVDESS\data\raw\Audio_Speech_Actors_01-24_16k (1) - Copy\Audio_Speech_Actors_01-24_16k\Actor_23\03-01-03-01-01-02-23.wav,3,1,3,happy,1,1,2,23
03-01-03-01-02-01-23.wav,C:/Users/kenis/OneDrive/Desktop/RAVDESS\data\raw\Audio_Speech_Actors_01-24_16k (1) - Copy\Audio_Speech_Actors_01-24_16k\Actor_23\03-01-03-01-02-01-23.wav,3,1,3,happy,1,2,1,23
03-01-03-01-02-02-23.wav,C:/Users/kenis/OneDrive/Desktop/RAVDESS\data\raw\Audio_Speech_Actors_01-24_16k (1) - Copy\Audio_Speech_Actors_01-24_16k\Actor_23\03-01-03-01-02-02-23.wav,3,1,3,happy,1,2,2,23
03-01-03-02-01-01-23.wav,C:/Users/kenis/OneDrive/Desktop/RAVDESS\data\raw\Audio_Speech_Actors_01-24_16k (1) - Copy\Audio_Speech_Actors_01-24_16k\Actor_23\03-01-03-02-01-01-23.wav,3,1,3,happy,2,1,1,23
03-01-03-02-01-02-23.wav,C:/Users/kenis/OneDrive/Desktop/RAVDESS\data\raw\Audio_Speech_Actors_01-24_16k (1) - Copy\Audio_Speech_Actors_01-24_16k\Actor_23\03-01-03-02-01-02-23.wav,3,1,3,happy,2,1,2,23
03-01-03-02-02-01-23.wav,C:/Users/kenis/OneDrive/Desktop/RAVDESS\data\raw\Audio_Speech_Actors_01-24_16k (1) - Copy\Audio_Speech_Actors_01-24_16k\Actor_23\03-01-03-02-02-01-23.wav,3,1,3,happy,2,2,1,23
03-01-03-02-02-02-23.wav,C:/Users/kenis/OneDrive/Desktop/RAVDESS\data\raw\Audio_Speech_Actors_01-24_16k (1) - Copy\Audio_Speech_Actors_01-24_16k\Actor_23\03-01-03-02-02-02-23.wav,3,1,3,happy,2,2,2,23
03-01-04-01-01-01-23.wav,C:/Users/kenis/OneDrive/Desktop/RAVDESS\data\raw\Audio_Speech_Actors_01-24_16k (1) - Copy\Audio_Speech_Actors_01-24_16k\Actor_23\03-01-04-01-01-01-23.wav,3,1,4,sad,1,1,1,23
03-01-04-01-01-02-23.wav,C:/Users/kenis/OneDrive/Desktop/RAVDESS\data\raw\Audio_Speech_Actors_01-24_16k (1) - Copy\Audio_Speech_Actors_01-24_16k\Actor_23\03-01-04-01-01-02-23.wav,3,1,4,sad,1,1,2,23
03-01-04-01-02-01-23.wav,C:/Users/kenis/OneDrive/Desktop/RAVDESS\data\raw\Audio_Speech_Actors_01-24_16k (1) - Copy\Audio_Speech_Actors_01-24_16k\Actor_23\03-01-04-01-02-01-23.wav,3,1,4,sad,1,2,1,23
03-01-04-01-02-02-23.wav,C:/Users/kenis/OneDrive/Desktop/RAVDESS\data\raw\Audio_Speech_Actors_01-24_16k (1) - Copy\Audio_Speech_Actors_01-24_16k\Actor_23\03-01-04-01-02-02-23.wav,3,1,4,sad,1,2,2,23
03-01-04-02-01-01-23.wav,C:/Users/kenis/OneDrive/Desktop/RAVDESS\data\raw\Audio_Speech_Actors_01-24_16k (1) - Copy\Audio_Speech_Actors_01-24_16k\Actor_23\03-01-04-02-01-01-23.wav,3,1,4,sad,2,1,1,23
03-01-04-02-01-02-23.wav,C:/Users/kenis/OneDrive/Desktop/RAVDESS\data\raw\Audio_Speech_Actors_01-24_16k (1) - Copy\Audio_Speech_Actors_01-24_16k\Actor_23\03-01-04-02-01-02-23.wav,3,1,4,sad,2,1,2,23
03-01-04-02-02-01-23.wav,C:/Users/kenis/OneDrive/Desktop/RAVDESS\data\raw\Audio_Speech_Actors_01-24_16k (1) - Copy\Audio_Speech_Actors_01-24_16k\Actor_23\03-01-04-02-02-01-23.wav,3,1,4,sad,2,2,1,23
03-01-04-02-02-02-23.wav,C:/Users/kenis/OneDrive/Desktop/RAVDESS\data\raw\Audio_Speech_Actors_01-24_16k (1) - Copy\Audio_Speech_Actors_01-24_16k\Actor_23\03-01-04-02-02-02-23.wav,3,1,4,sad,2,2,2,23
03-01-05-01-01-01-23.wav,C:/Users/kenis/OneDrive/Desktop/RAVDESS\data\raw\Audio_Speech_Actors_01-24_16k (1) - Copy\Audio_Speech_Actors_01-24_16k\Actor_23\03-01-05-01-01-01-23.wav,3,1,5,angry,1,1,1,23
03-01-05-01-01-02-23.wav,C:/Users/kenis/OneDrive/Desktop/RAVDESS\data\raw\Audio_Speech_Actors_01-24_16k (1) - Copy\Audio_Speech_Actors_01-24_16k\Actor_23\03-01-05-01-01-02-23.wav,3,1,5,angry,1,1,2,23
03-01-05-01-02-01-23.wav,C:/Users/kenis/OneDrive/Desktop/RAVDESS\data\raw\Audio_Speech_Actors_01-24_16k (1) - Copy\Audio_Speech_Actors_01-24_16k\Actor_23\03-01-05-01-02-01-23.wav,3,1,5,angry,1,2,1,23
03-01-05-01-02-02-23.wav,C:/Users/kenis/OneDrive/Desktop/RAVDESS\data\raw\Audio_Speech_Actors_01-24_16k (1) - Copy\Audio_Speech_Actors_01-24_16k\Actor_23\03-01-05-01-02-02-23.wav,3,1,5,angry,1,2,2,23
03-01-05-02-01-01-23.wav,C:/Users/kenis/OneDrive/Desktop/RAVDESS\data\raw\Audio_Speech_Actors_01-24_16k (1) - Copy\Audio_Speech_Actors_01-24_16k\Actor_23\03-01-05-02-01-01-23.wav,3,1,5,angry,2,1,1,23
03-01-05-02-01-02-23.wav,C:/Users/kenis/OneDrive/Desktop/RAVDESS\data\raw\Audio_Speech_Actors_01-24_16k (1) - Copy\Audio_Speech_Actors_01-24_16k\Actor_23\03-01-05-02-01-02-23.wav,3,1,5,angry,2,1,2,23
03-01-05-02-02-01-23.wav,C:/Users/kenis/OneDrive/Desktop/RAVDESS\data\raw\Audio_Speech_Actors_01-24_16k (1) - Copy\Audio_Speech_Actors_01-24_16k\Actor_23\03-01-05-02-02-01-23.wav,3,1,5,angry,2,2,1,23
03-01-05-02-02-02-23.wav,C:/Users/kenis/OneDrive/Desktop/RAVDESS\data\raw\Audio_Speech_Actors_01-24_16k (1) - Copy\Audio_Speech_Actors_01-24_16k\Actor_23\03-01-05-02-02-02-23.wav,3,1,5,angry,2,2,2,23
03-01-06-01-01-01-23.wav,C:/Users/kenis/OneDrive/Desktop/RAVDESS\data\raw\Audio_Speech_Actors_01-24_16k (1) - Copy\Audio_Speech_Actors_01-24_16k\Actor_23\03-01-06-01-01-01-23.wav,3,1,6,fearful,1,1,1,23
03-01-06-01-01-02-23.wav,C:/Users/kenis/OneDrive/Desktop/RAVDESS\data\raw\Audio_Speech_Actors_01-24_16k (1) - Copy\Audio_Speech_Actors_01-24_16k\Actor_23\03-01-06-01-01-02-23.wav,3,1,6,fearful,1,1,2,23
03-01-06-01-02-01-23.wav,C:/Users/kenis/OneDrive/Desktop/RAVDESS\data\raw\Audio_Speech_Actors_01-24_16k (1) - Copy\Audio_Speech_Actors_01-24_16k\Actor_23\03-01-06-01-02-01-23.wav,3,1,6,fearful,1,2,1,23
03-01-06-01-02-02-23.wav,C:/Users/kenis/OneDrive/Desktop/RAVDESS\data\raw\Audio_Speech_Actors_01-24_16k (1) - Copy\Audio_Speech_Actors_01-24_16k\Actor_23\03-01-06-01-02-02-23.wav,3,1,6,fearful,1,2,2,23
03-01-06-02-01-01-23.wav,C:/Users/kenis/OneDrive/Desktop/RAVDESS\data\raw\Audio_Speech_Actors_01-24_16k (1) - Copy\Audio_Speech_Actors_01-24_16k\Actor_23\03-01-06-02-01-01-23.wav,3,1,6,fearful,2,1,1,23
03-01-06-02-01-02-23.wav,C:/Users/kenis/OneDrive/Desktop/RAVDESS\data\raw\Audio_Speech_Actors_01-24_16k (1) - Copy\Audio_Speech_Actors_01-24_16k\Actor_23\03-01-06-02-01-02-23.wav,3,1,6,fearful,2,1,2,23
03-01-06-02-02-01-23.wav,C:/Users/kenis/OneDrive/Desktop/RAVDESS\data\raw\Audio_Speech_Actors_01-24_16k (1) - Copy\Audio_Speech_Actors_01-24_16k\Actor_23\03-01-06-02-02-01-23.wav,3,1,6,fearful,2,2,1,23
03-01-06-02-02-02-23.wav,C:/Users/kenis/OneDrive/Desktop/RAVDESS\data\raw\Audio_Speech_Actors_01-24_16k (1) - Copy\Audio_Speech_Actors_01-24_16k\Actor_23\03-01-06-02-02-02-23.wav,3,1,6,fearful,2,2,2,23
03-01-07-01-01-01-23.wav,C:/Users/kenis/OneDrive/Desktop/RAVDESS\data\raw\Audio_Speech_Actors_01-24_16k (1) - Copy\Audio_Speech_Actors_01-24_16k\Actor_23\03-01-07-01-01-01-23.wav,3,1,7,disgust,1,1,1,23
03-01-07-01-01-02-23.wav,C:/Users/kenis/OneDrive/Desktop/RAVDESS\data\raw\Audio_Speech_Actors_01-24_16k (1) - Copy\Audio_Speech_Actors_01-24_16k\Actor_23\03-01-07-01-01-02-23.wav,3,1,7,disgust,1,1,2,23
03-01-07-01-02-01-23.wav,C:/Users/kenis/OneDrive/Desktop/RAVDESS\data\raw\Audio_Speech_Actors_01-24_16k (1) - Copy\Audio_Speech_Actors_01-24_16k\Actor_23\03-01-07-01-02-01-23.wav,3,1,7,disgust,1,2,1,23
03-01-07-01-02-02-23.wav,C:/Users/kenis/OneDrive/Desktop/RAVDESS\data\raw\Audio_Speech_Actors_01-24_16k (1) - Copy\Audio_Speech_Actors_01-24_16k\Actor_23\03-01-07-01-02-02-23.wav,3,1,7,disgust,1,2,2,23
03-01-07-02-01-01-23.wav,C:/Users/kenis/OneDrive/Desktop/RAVDESS\data\raw\Audio_Speech_Actors_01-24_16k (1) - Copy\Audio_Speech_Actors_01-24_16k\Actor_23\03-01-07-02-01-01-23.wav,3,1,7,disgust,2,1,1,23
03-01-07-02-01-02-23.wav,C:/Users/kenis/OneDrive/Desktop/RAVDESS\data\raw\Audio_Speech_Actors_01-24_16k (1) - Copy\Audio_Speech_Actors_01-24_16k\Actor_23\03-01-07-02-01-02-23.wav,3,1,7,disgust,2,1,2,23
03-01-07-02-02-01-23.wav,C:/Users/kenis/OneDrive/Desktop/RAVDESS\data\raw\Audio_Speech_Actors_01-24_16k (1) - Copy\Audio_Speech_Actors_01-24_16k\Actor_23\03-01-07-02-02-01-23.wav,3,1,7,disgust,2,2,1,23
03-01-07-02-02-02-23.wav,C:/Users/kenis/OneDrive/Desktop/RAVDESS\data\raw\Audio_Speech_Actors_01-24_16k (1) - Copy\Audio_Speech_Actors_01-24_16k\Actor_23\03-01-07-02-02-02-23.wav,3,1,7,disgust,2,2,2,23
03-01-08-01-01-01-23.wav,C:/Users/kenis/OneDrive/Desktop/RAVDESS\data\raw\Audio_Speech_Actors_01-24_16k (1) - Copy\Audio_Speech_Actors_01-24_16k\Actor_23\03-01-08-01-01-01-23.wav,3,1,8,surprised,1,1,1,23
03-01-08-01-01-02-23.wav,C:/Users/kenis/OneDrive/Desktop/RAVDESS\data\raw\Audio_Speech_Actors_01-24_16k (1) - Copy\Audio_Speech_Actors_01-24_16k\Actor_23\03-01-08-01-01-02-23.wav,3,1,8,surprised,1,1,2,23
03-01-08-01-02-01-23.wav,C:/Users/kenis/OneDrive/Desktop/RAVDESS\data\raw\Audio_Speech_Actors_01-24_16k (1) - Copy\Audio_Speech_Actors_01-24_16k\Actor_23\03-01-08-01-02-01-23.wav,3,1,8,surprised,1,2,1,23
03-01-08-01-02-02-23.wav,C:/Users/kenis/OneDrive/Desktop/RAVDESS\data\raw\Audio_Speech_Actors_01-24_16k (1) - Copy\Audio_Speech_Actors_01-24_16k\Actor_23\03-01-08-01-02-02-23.wav,3,1,8,surprised,1,2,2,23
03-01-08-02-01-01-23.wav,C:/Users/kenis/OneDrive/Desktop/RAVDESS\data\raw\Audio_Speech_Actors_01-24_16k (1) - Copy\Audio_Speech_Actors_01-24_16k\Actor_23\03-01-08-02-01-01-23.wav,3,1,8,surprised,2,1,1,23
03-01-08-02-01-02-23.wav,C:/Users/kenis/OneDrive/Desktop/RAVDESS\data\raw\Audio_Speech_Actors_01-24_16k (1) - Copy\Audio_Speech_Actors_01-24_16k\Actor_23\03-01-08-02-01-02-23.wav,3,1,8,surprised,2,1,2,23
03-01-08-02-02-01-23.wav,C:/Users/kenis/OneDrive/Desktop/RAVDESS\data\raw\Audio_Speech_Actors_01-24_16k (1) - Copy\Audio_Speech_Actors_01-24_16k\Actor_23\03-01-08-02-02-01-23.wav,3,1,8,surprised,2,2,1,23
03-01-08-02-02-02-23.wav,C:/Users/kenis/OneDrive/Desktop/RAVDESS\data\raw\Audio_Speech_Actors_01-24_16k (1) - Copy\Audio_Speech_Actors_01-24_16k\Actor_23\03-01-08-02-02-02-23.wav,3,1,8,surprised,2,2,2,23
03-01-01-01-01-01-24.wav,C:/Users/kenis/OneDrive/Desktop/RAVDESS\data\raw\Audio_Speech_Actors_01-24_16k (1) - Copy\Audio_Speech_Actors_01-24_16k\Actor_24\03-01-01-01-01-01-24.wav,3,1,1,neutral,1,1,1,24
03-01-01-01-01-02-24.wav,C:/Users/kenis/OneDrive/Desktop/RAVDESS\data\raw\Audio_Speech_Actors_01-24_16k (1) - Copy\Audio_Speech_Actors_01-24_16k\Actor_24\03-01-01-01-01-02-24.wav,3,1,1,neutral,1,1,2,24
03-01-01-01-02-01-24.wav,C:/Users/kenis/OneDrive/Desktop/RAVDESS\data\raw\Audio_Speech_Actors_01-24_16k (1) - Copy\Audio_Speech_Actors_01-24_16k\Actor_24\03-01-01-01-02-01-24.wav,3,1,1,neutral,1,2,1,24
03-01-01-01-02-02-24.wav,C:/Users/kenis/OneDrive/Desktop/RAVDESS\data\raw\Audio_Speech_Actors_01-24_16k (1) - Copy\Audio_Speech_Actors_01-24_16k\Actor_24\03-01-01-01-02-02-24.wav,3,1,1,neutral,1,2,2,24
03-01-02-01-01-01-24.wav,C:/Users/kenis/OneDrive/Desktop/RAVDESS\data\raw\Audio_Speech_Actors_01-24_16k (1) - Copy\Audio_Speech_Actors_01-24_16k\Actor_24\03-01-02-01-01-01-24.wav,3,1,2,calm,1,1,1,24
03-01-02-01-01-02-24.wav,C:/Users/kenis/OneDrive/Desktop/RAVDESS\data\raw\Audio_Speech_Actors_01-24_16k (1) - Copy\Audio_Speech_Actors_01-24_16k\Actor_24\03-01-02-01-01-02-24.wav,3,1,2,calm,1,1,2,24
03-01-02-01-02-01-24.wav,C:/Users/kenis/OneDrive/Desktop/RAVDESS\data\raw\Audio_Speech_Actors_01-24_16k (1) - Copy\Audio_Speech_Actors_01-24_16k\Actor_24\03-01-02-01-02-01-24.wav,3,1,2,calm,1,2,1,24
03-01-02-01-02-02-24.wav,C:/Users/kenis/OneDrive/Desktop/RAVDESS\data\raw\Audio_Speech_Actors_01-24_16k (1) - Copy\Audio_Speech_Actors_01-24_16k\Actor_24\03-01-02-01-02-02-24.wav,3,1,2,calm,1,2,2,24
03-01-02-02-01-01-24.wav,C:/Users/kenis/OneDrive/Desktop/RAVDESS\data\raw\Audio_Speech_Actors_01-24_16k (1) - Copy\Audio_Speech_Actors_01-24_16k\Actor_24\03-01-02-02-01-01-24.wav,3,1,2,calm,2,1,1,24
03-01-02-02-01-02-24.wav,C:/Users/kenis/OneDrive/Desktop/RAVDESS\data\raw\Audio_Speech_Actors_01-24_16k (1) - Copy\Audio_Speech_Actors_01-24_16k\Actor_24\03-01-02-02-01-02-24.wav,3,1,2,calm,2,1,2,24
03-01-02-02-02-01-24.wav,C:/Users/kenis/OneDrive/Desktop/RAVDESS\data\raw\Audio_Speech_Actors_01-24_16k (1) - Copy\Audio_Speech_Actors_01-24_16k\Actor_24\03-01-02-02-02-01-24.wav,3,1,2,calm,2,2,1,24
03-01-02-02-02-02-24.wav,C:/Users/kenis/OneDrive/Desktop/RAVDESS\data\raw\Audio_Speech_Actors_01-24_16k (1) - Copy\Audio_Speech_Actors_01-24_16k\Actor_24\03-01-02-02-02-02-24.wav,3,1,2,calm,2,2,2,24
03-01-03-01-01-01-24.wav,C:/Users/kenis/OneDrive/Desktop/RAVDESS\data\raw\Audio_Speech_Actors_01-24_16k (1) - Copy\Audio_Speech_Actors_01-24_16k\Actor_24\03-01-03-01-01-01-24.wav,3,1,3,happy,1,1,1,24
03-01-03-01-01-02-24.wav,C:/Users/kenis/OneDrive/Desktop/RAVDESS\data\raw\Audio_Speech_Actors_01-24_16k (1) - Copy\Audio_Speech_Actors_01-24_16k\Actor_24\03-01-03-01-01-02-24.wav,3,1,3,happy,1,1,2,24
03-01-03-01-02-01-24.wav,C:/Users/kenis/OneDrive/Desktop/RAVDESS\data\raw\Audio_Speech_Actors_01-24_16k (1) - Copy\Audio_Speech_Actors_01-24_16k\Actor_24\03-01-03-01-02-01-24.wav,3,1,3,happy,1,2,1,24
03-01-03-01-02-02-24.wav,C:/Users/kenis/OneDrive/Desktop/RAVDESS\data\raw\Audio_Speech_Actors_01-24_16k (1) - Copy\Audio_Speech_Actors_01-24_16k\Actor_24\03-01-03-01-02-02-24.wav,3,1,3,happy,1,2,2,24
03-01-03-02-01-01-24.wav,C:/Users/kenis/OneDrive/Desktop/RAVDESS\data\raw\Audio_Speech_Actors_01-24_16k (1) - Copy\Audio_Speech_Actors_01-24_16k\Actor_24\03-01-03-02-01-01-24.wav,3,1,3,happy,2,1,1,24
03-01-03-02-01-02-24.wav,C:/Users/kenis/OneDrive/Desktop/RAVDESS\data\raw\Audio_Speech_Actors_01-24_16k (1) - Copy\Audio_Speech_Actors_01-24_16k\Actor_24\03-01-03-02-01-02-24.wav,3,1,3,happy,2,1,2,24
03-01-03-02-02-01-24.wav,C:/Users/kenis/OneDrive/Desktop/RAVDESS\data\raw\Audio_Speech_Actors_01-24_16k (1) - Copy\Audio_Speech_Actors_01-24_16k\Actor_24\03-01-03-02-02-01-24.wav,3,1,3,happy,2,2,1,24
03-01-03-02-02-02-24.wav,C:/Users/kenis/OneDrive/Desktop/RAVDESS\data\raw\Audio_Speech_Actors_01-24_16k (1) - Copy\Audio_Speech_Actors_01-24_16k\Actor_24\03-01-03-02-02-02-24.wav,3,1,3,happy,2,2,2,24
03-01-04-01-01-01-24.wav,C:/Users/kenis/OneDrive/Desktop/RAVDESS\data\raw\Audio_Speech_Actors_01-24_16k (1) - Copy\Audio_Speech_Actors_01-24_16k\Actor_24\03-01-04-01-01-01-24.wav,3,1,4,sad,1,1,1,24
03-01-04-01-01-02-24.wav,C:/Users/kenis/OneDrive/Desktop/RAVDESS\data\raw\Audio_Speech_Actors_01-24_16k (1) - Copy\Audio_Speech_Actors_01-24_16k\Actor_24\03-01-04-01-01-02-24.wav,3,1,4,sad,1,1,2,24
03-01-04-01-02-01-24.wav,C:/Users/kenis/OneDrive/Desktop/RAVDESS\data\raw\Audio_Speech_Actors_01-24_16k (1) - Copy\Audio_Speech_Actors_01-24_16k\Actor_24\03-01-04-01-02-01-24.wav,3,1,4,sad,1,2,1,24
03-01-04-01-02-02-24.wav,C:/Users/kenis/OneDrive/Desktop/RAVDESS\data\raw\Audio_Speech_Actors_01-24_16k (1) - Copy\Audio_Speech_Actors_01-24_16k\Actor_24\03-01-04-01-02-02-24.wav,3,1,4,sad,1,2,2,24
03-01-04-02-01-01-24.wav,C:/Users/kenis/OneDrive/Desktop/RAVDESS\data\raw\Audio_Speech_Actors_01-24_16k (1) - Copy\Audio_Speech_Actors_01-24_16k\Actor_24\03-01-04-02-01-01-24.wav,3,1,4,sad,2,1,1,24
03-01-04-02-01-02-24.wav,C:/Users/kenis/OneDrive/Desktop/RAVDESS\data\raw\Audio_Speech_Actors_01-24_16k (1) - Copy\Audio_Speech_Actors_01-24_16k\Actor_24\03-01-04-02-01-02-24.wav,3,1,4,sad,2,1,2,24
03-01-04-02-02-01-24.wav,C:/Users/kenis/OneDrive/Desktop/RAVDESS\data\raw\Audio_Speech_Actors_01-24_16k (1) - Copy\Audio_Speech_Actors_01-24_16k\Actor_24\03-01-04-02-02-01-24.wav,3,1,4,sad,2,2,1,24
03-01-04-02-02-02-24.wav,C:/Users/kenis/OneDrive/Desktop/RAVDESS\data\raw\Audio_Speech_Actors_01-24_16k (1) - Copy\Audio_Speech_Actors_01-24_16k\Actor_24\03-01-04-02-02-02-24.wav,3,1,4,sad,2,2,2,24
03-01-05-01-01-01-24.wav,C:/Users/kenis/OneDrive/Desktop/RAVDESS\data\raw\Audio_Speech_Actors_01-24_16k (1) - Copy\Audio_Speech_Actors_01-24_16k\Actor_24\03-01-05-01-01-01-24.wav,3,1,5,angry,1,1,1,24
03-01-05-01-01-02-24.wav,C:/Users/kenis/OneDrive/Desktop/RAVDESS\data\raw\Audio_Speech_Actors_01-24_16k (1) - Copy\Audio_Speech_Actors_01-24_16k\Actor_24\03-01-05-01-01-02-24.wav,3,1,5,angry,1,1,2,24
03-01-05-01-02-01-24.wav,C:/Users/kenis/OneDrive/Desktop/RAVDESS\data\raw\Audio_Speech_Actors_01-24_16k (1) - Copy\Audio_Speech_Actors_01-24_16k\Actor_24\03-01-05-01-02-01-24.wav,3,1,5,angry,1,2,1,24
03-01-05-01-02-02-24.wav,C:/Users/kenis/OneDrive/Desktop/RAVDESS\data\raw\Audio_Speech_Actors_01-24_16k (1) - Copy\Audio_Speech_Actors_01-24_16k\Actor_24\03-01-05-01-02-02-24.wav,3,1,5,angry,1,2,2,24
03-01-05-02-01-01-24.wav,C:/Users/kenis/OneDrive/Desktop/RAVDESS\data\raw\Audio_Speech_Actors_01-24_16k (1) - Copy\Audio_Speech_Actors_01-24_16k\Actor_24\03-01-05-02-01-01-24.wav,3,1,5,angry,2,1,1,24
03-01-05-02-01-02-24.wav,C:/Users/kenis/OneDrive/Desktop/RAVDESS\data\raw\Audio_Speech_Actors_01-24_16k (1) - Copy\Audio_Speech_Actors_01-24_16k\Actor_24\03-01-05-02-01-02-24.wav,3,1,5,angry,2,1,2,24
03-01-05-02-02-01-24.wav,C:/Users/kenis/OneDrive/Desktop/RAVDESS\data\raw\Audio_Speech_Actors_01-24_16k (1) - Copy\Audio_Speech_Actors_01-24_16k\Actor_24\03-01-05-02-02-01-24.wav,3,1,5,angry,2,2,1,24
03-01-05-02-02-02-24.wav,C:/Users/kenis/OneDrive/Desktop/RAVDESS\data\raw\Audio_Speech_Actors_01-24_16k (1) - Copy\Audio_Speech_Actors_01-24_16k\Actor_24\03-01-05-02-02-02-24.wav,3,1,5,angry,2,2,2,24
03-01-06-01-01-01-24.wav,C:/Users/kenis/OneDrive/Desktop/RAVDESS\data\raw\Audio_Speech_Actors_01-24_16k (1) - Copy\Audio_Speech_Actors_01-24_16k\Actor_24\03-01-06-01-01-01-24.wav,3,1,6,fearful,1,1,1,24
03-01-06-01-01-02-24.wav,C:/Users/kenis/OneDrive/Desktop/RAVDESS\data\raw\Audio_Speech_Actors_01-24_16k (1) - Copy\Audio_Speech_Actors_01-24_16k\Actor_24\03-01-06-01-01-02-24.wav,3,1,6,fearful,1,1,2,24
03-01-06-01-02-01-24.wav,C:/Users/kenis/OneDrive/Desktop/RAVDESS\data\raw\Audio_Speech_Actors_01-24_16k (1) - Copy\Audio_Speech_Actors_01-24_16k\Actor_24\03-01-06-01-02-01-24.wav,3,1,6,fearful,1,2,1,24
03-01-06-01-02-02-24.wav,C:/Users/kenis/OneDrive/Desktop/RAVDESS\data\raw\Audio_Speech_Actors_01-24_16k (1) - Copy\Audio_Speech_Actors_01-24_16k\Actor_24\03-01-06-01-02-02-24.wav,3,1,6,fearful,1,2,2,24
03-01-06-02-01-01-24.wav,C:/Users/kenis/OneDrive/Desktop/RAVDESS\data\raw\Audio_Speech_Actors_01-24_16k (1) - Copy\Audio_Speech_Actors_01-24_16k\Actor_24\03-01-06-02-01-01-24.wav,3,1,6,fearful,2,1,1,24
03-01-06-02-01-02-24.wav,C:/Users/kenis/OneDrive/Desktop/RAVDESS\data\raw\Audio_Speech_Actors_01-24_16k (1) - Copy\Audio_Speech_Actors_01-24_16k\Actor_24\03-01-06-02-01-02-24.wav,3,1,6,fearful,2,1,2,24
03-01-06-02-02-01-24.wav,C:/Users/kenis/OneDrive/Desktop/RAVDESS\data\raw\Audio_Speech_Actors_01-24_16k (1) - Copy\Audio_Speech_Actors_01-24_16k\Actor_24\03-01-06-02-02-01-24.wav,3,1,6,fearful,2,2,1,24
03-01-06-02-02-02-24.wav,C:/Users/kenis/OneDrive/Desktop/RAVDESS\data\raw\Audio_Speech_Actors_01-24_16k (1) - Copy\Audio_Speech_Actors_01-24_16k\Actor_24\03-01-06-02-02-02-24.wav,3,1,6,fearful,2,2,2,24
03-01-07-01-01-01-24.wav,C:/Users/kenis/OneDrive/Desktop/RAVDESS\data\raw\Audio_Speech_Actors_01-24_16k (1) - Copy\Audio_Speech_Actors_01-24_16k\Actor_24\03-01-07-01-01-01-24.wav,3,1,7,disgust,1,1,1,24
03-01-07-01-01-02-24.wav,C:/Users/kenis/OneDrive/Desktop/RAVDESS\data\raw\Audio_Speech_Actors_01-24_16k (1) - Copy\Audio_Speech_Actors_01-24_16k\Actor_24\03-01-07-01-01-02-24.wav,3,1,7,disgust,1,1,2,24
03-01-07-01-02-01-24.wav,C:/Users/kenis/OneDrive/Desktop/RAVDESS\data\raw\Audio_Speech_Actors_01-24_16k (1) - Copy\Audio_Speech_Actors_01-24_16k\Actor_24\03-01-07-01-02-01-24.wav,3,1,7,disgust,1,2,1,24
03-01-07-01-02-02-24.wav,C:/Users/kenis/OneDrive/Desktop/RAVDESS\data\raw\Audio_Speech_Actors_01-24_16k (1) - Copy\Audio_Speech_Actors_01-24_16k\Actor_24\03-01-07-01-02-02-24.wav,3,1,7,disgust,1,2,2,24
03-01-07-02-01-01-24.wav,C:/Users/kenis/OneDrive/Desktop/RAVDESS\data\raw\Audio_Speech_Actors_01-24_16k (1) - Copy\Audio_Speech_Actors_01-24_16k\Actor_24\03-01-07-02-01-01-24.wav,3,1,7,disgust,2,1,1,24
03-01-07-02-01-02-24.wav,C:/Users/kenis/OneDrive/Desktop/RAVDESS\data\raw\Audio_Speech_Actors_01-24_16k (1) - Copy\Audio_Speech_Actors_01-24_16k\Actor_24\03-01-07-02-01-02-24.wav,3,1,7,disgust,2,1,2,24
03-01-07-02-02-01-24.wav,C:/Users/kenis/OneDrive/Desktop/RAVDESS\data\raw\Audio_Speech_Actors_01-24_16k (1) - Copy\Audio_Speech_Actors_01-24_16k\Actor_24\03-01-07-02-02-01-24.wav,3,1,7,disgust,2,2,1,24
03-01-07-02-02-02-24.wav,C:/Users/kenis/OneDrive/Desktop/RAVDESS\data\raw\Audio_Speech_Actors_01-24_16k (1) - Copy\Audio_Speech_Actors_01-24_16k\Actor_24\03-01-07-02-02-02-24.wav,3,1,7,disgust,2,2,2,24
03-01-08-01-01-01-24.wav,C:/Users/kenis/OneDrive/Desktop/RAVDESS\data\raw\Audio_Speech_Actors_01-24_16k (1) - Copy\Audio_Speech_Actors_01-24_16k\Actor_24\03-01-08-01-01-01-24.wav,3,1,8,surprised,1,1,1,24
03-01-08-01-01-02-24.wav,C:/Users/kenis/OneDrive/Desktop/RAVDESS\data\raw\Audio_Speech_Actors_01-24_16k (1) - Copy\Audio_Speech_Actors_01-24_16k\Actor_24\03-01-08-01-01-02-24.wav,3,1,8,surprised,1,1,2,24
03-01-08-01-02-01-24.wav,C:/Users/kenis/OneDrive/Desktop/RAVDESS\data\raw\Audio_Speech_Actors_01-24_16k (1) - Copy\Audio_Speech_Actors_01-24_16k\Actor_24\03-01-08-01-02-01-24.wav,3,1,8,surprised,1,2,1,24
03-01-08-01-02-02-24.wav,C:/Users/kenis/OneDrive/Desktop/RAVDESS\data\raw\Audio_Speech_Actors_01-24_16k (1) - Copy\Audio_Speech_Actors_01-24_16k\Actor_24\03-01-08-01-02-02-24.wav,3,1,8,surprised,1,2,2,24
03-01-08-02-01-01-24.wav,C:/Users/kenis/OneDrive/Desktop/RAVDESS\data\raw\Audio_Speech_Actors_01-24_16k (1) - Copy\Audio_Speech_Actors_01-24_16k\Actor_24\03-01-08-02-01-01-24.wav,3,1,8,surprised,2,1,1,24
03-01-08-02-01-02-24.wav,C:/Users/kenis/OneDrive/Desktop/RAVDESS\data\raw\Audio_Speech_Actors_01-24_16k (1) - Copy\Audio_Speech_Actors_01-24_16k\Actor_24\03-01-08-02-01-02-24.wav,3,1,8,surprised,2,1,2,24
03-01-08-02-02-01-24.wav,C:/Users/kenis/OneDrive/Desktop/RAVDESS\data\raw\Audio_Speech_Actors_01-24_16k (1) - Copy\Audio_Speech_Actors_01-24_16k\Actor_24\03-01-08-02-02-01-24.wav,3,1,8,surprised,2,2,1,24
03-01-08-02-02-02-24.wav,C:/Users/kenis/OneDrive/Desktop/RAVDESS\data\raw\Audio_Speech_Actors_01-24_16k (1) - Copy\Audio_Speech_Actors_01-24_16k\Actor_24\03-01-08-02-02-02-24.wav,3,1,8,surprised,2,2,2,24
